{"Time":{"0":124.152,"1":3498.099,"2":3689.75,"3":3842.166,"4":4009.673,"5":4218.674,"6":4477.498,"7":4655.908,"8":4912.609,"9":5173.38,"10":5417.477,"11":5766.058,"12":9441.519,"13":11846.141},"TimePos":{"0":67.574,"1":103.829,"2":55.095,"3":85.713,"4":93.717,"5":132.94,"6":69.686,"7":134.486,"8":123.501,"9":118.475,"10":165.225,"11":212.79,"12":507.85,"13":4277.929},"TimeNeg":{"0":-42.747,"1":-81.712,"2":-87.822,"3":-97.321,"4":-81.795,"5":-115.284,"6":-125.884,"7":-108.723,"8":-122.215,"9":-137.271,"10":-125.622,"11":-183.355,"12":-239.327,"13":-1896.771},"Rate":{"0":0.2151257,"1":0.1321765,"2":0.1715603,"3":0.1325259,"4":0.1393223,"5":0.09839735,"6":0.09291801,"7":0.1008285,"8":0.0981295,"9":0.07617216,"10":0.06263886,"11":0.0739572,"12":0.025035,"13":0.01391439},"RatePos":{"0":0.04849635,"1":0.02982312,"2":0.03859287,"3":0.03003787,"4":0.03153054,"5":0.02218475,"6":0.02430628,"7":0.02275003,"8":0.02241151,"9":0.01931376,"10":0.01648548,"11":0.01534499,"12":0.006649727,"13":0.00253395},"RateNeg":{"0":-0.04849635,"1":-0.02982312,"2":-0.03859287,"3":-0.03003787,"4":-0.03153054,"5":-0.02218475,"6":-0.02430628,"7":-0.02275003,"8":-0.02241151,"9":-0.01931376,"10":-0.01648548,"11":-0.01534499,"12":-0.006649727,"13":-0.00253395},"FracExp":{"0":1.0,"1":1.0,"2":1.0,"3":1.0,"4":1.0,"5":1.0,"6":1.0,"7":1.0,"8":1.0,"9":1.0,"10":1.0,"11":1.0,"12":1.0,"13":0.475902},"BGrate":{"0":0.001451794,"1":0.0009599526,"2":0.0008308363,"3":0.001459653,"4":0.001353075,"5":0.0006577451,"6":0.0009866178,"7":0.0007323352,"8":0.001691347,"9":0.0008705468,"10":0.0009696095,"11":0.0009741539,"12":0.0005583713,"13":0.0004936354},"BGerr":{"0":0.0005487264,"1":0.0002771144,"2":0.000293745,"3":0.0003440436,"4":0.0003382688,"5":0.0001983176,"6":0.0002736385,"7":0.000211407,"8":0.0003196345,"9":0.0002247742,"10":0.0002224437,"11":0.0001910473,"12":0.0000797673,"13":0.0000346464},"CorrFact":{"0":1.196226,"1":1.237227,"2":1.233264,"3":1.229256,"4":1.237327,"5":1.23128,"6":1.227254,"7":1.237138,"8":1.231184,"9":1.234723,"10":1.237829,"11":1.24069,"12":1.282716,"13":1.296004},"CtsInSrc":{"0":20.0,"1":20.0,"2":20.0,"3":20.0,"4":20.0,"5":20.0,"6":15.0,"7":20.0,"8":20.0,"9":16.0,"10":15.0,"11":24.0,"12":15.0,"13":33.0},"BGInSrc":{"0":0.160164,"1":0.178111,"2":0.11874,"3":0.267166,"4":0.237481,"5":0.163268,"6":0.192953,"7":0.178111,"8":0.415591,"9":0.222638,"10":0.282008,"11":0.385906,"12":0.417203,"13":1.450574},"Exposure":{"0":110.3212,"1":185.54102,"2":142.9167,"3":183.03378,"4":175.51186,"5":248.22386,"6":195.5703,"7":243.2091,"8":245.71624,"9":255.74526,"10":290.84742,"11":396.14506,"12":747.17762,"13":2938.55338},"Sigma":{"0":327.735333,"1":385.519141,"2":473.576804,"3":313.360847,"4":332.869369,"5":402.963121,"6":276.686707,"7":385.519141,"8":249.357805,"9":274.460768,"10":227.490502,"11":312.015471,"12":244.676328,"13":309.884349},"SNR":{"0":4.435916,"1":4.432016,"2":4.445389,"3":4.411958,"4":4.418644,"5":4.435359,"6":3.822798,"7":4.432016,"8":4.378532,"9":3.943933,"10":3.799639,"11":4.819632,"12":3.764816,"13":5.491188}}