{"Time":{"0":182.311,"1":207.583,"2":238.211,"3":285.274,"4":347.611,"5":428.872,"6":499.013,"7":576.254,"8":673.312,"9":758.756,"10":836.337,"11":921.299,"12":995.844,"13":1118.761,"14":1208.736,"15":1313.111,"16":1402.062,"17":1488.105,"18":1583.964,"19":1665.328,"20":1722.9,"21":1822.5,"22":1952.691,"23":2104.587,"24":5561.587,"25":5785.089,"26":5971.964,"27":6155.305,"28":6339.294,"29":6591.126,"30":6861.02,"31":7116.081,"32":7357.251,"33":7707.665,"34":11801.628,"35":13173.203,"36":18801.431},"TimePos":{"0":11.946,"1":14.255,"2":16.221,"3":34.348,"4":34.694,"5":36.175,"6":33.731,"7":36.725,"8":47.482,"9":34.75,"10":57.462,"11":30.168,"12":50.9,"13":48.335,"14":46.115,"15":52.062,"16":35.823,"17":42.551,"18":29.434,"19":28.304,"20":28.4,"21":51.658,"22":69.398,"23":98.017,"24":109.066,"25":111.222,"26":72.279,"27":87.017,"28":126.179,"29":125.078,"30":120.96,"31":99.08,"32":106.134,"33":252.152,"34":591.236,"35":543.509,"36":673.062},"TimeNeg":{"0":-13.127,"1":-13.326,"2":-16.374,"3":-30.842,"4":-27.989,"5":-46.566,"6":-33.966,"7":-43.509,"8":-60.333,"9":-37.962,"10":-42.831,"11":-27.501,"12":-44.378,"13":-72.016,"14":-41.641,"15":-58.259,"16":-36.889,"17":-50.219,"18":-53.307,"19":-51.93,"20":-29.269,"21":-71.2,"22":-78.534,"23":-82.498,"24":-111.578,"25":-114.436,"26":-75.653,"27":-111.061,"28":-96.972,"29":-125.653,"30":-144.815,"31":-134.1,"32":-142.09,"33":-244.279,"34":-662.421,"35":-780.338,"36":-1836.348},"Rate":{"0":1.812898,"1":1.665106,"2":1.484258,"3":0.7052078,"4":0.7369431,"5":0.5863176,"6":0.6844832,"7":0.5755025,"8":0.427954,"9":0.6632935,"10":0.4589914,"11":0.8057604,"12":0.4850236,"13":0.4033594,"14":0.5377694,"15":0.4482129,"16":0.6795422,"17":0.5337193,"18":0.61922,"19":0.5885836,"20":0.818427,"21":0.384018,"22":0.3172585,"23":0.4675362,"24":0.09749394,"25":0.123316,"26":0.1881976,"27":0.1383811,"28":0.1220427,"29":0.1088819,"30":0.09814291,"31":0.1183859,"32":0.1123278,"33":0.07126878,"34":0.02438084,"35":0.0268045,"36":0.0217104},"RatePos":{"0":0.4082918,"1":0.3727092,"2":0.3264288,"3":0.1581734,"4":0.1649538,"5":0.1286952,"6":0.1539977,"7":0.1292136,"8":0.09618404,"9":0.1454491,"10":0.1036914,"11":0.1809117,"12":0.1090106,"13":0.08853636,"14":0.120618,"15":0.09847781,"16":0.1495963,"17":0.11715,"18":0.1327569,"19":0.1322861,"20":0.1837557,"21":0.08684351,"22":0.0715985,"23":0.07850108,"24":0.02554295,"25":0.02783648,"26":0.04217394,"27":0.03126003,"28":0.02760964,"29":0.02457822,"30":0.02270602,"31":0.02686111,"32":0.02543047,"33":0.01448036,"34":0.006508484,"35":0.006475412,"36":0.005114586},"RateNeg":{"0":-0.4082918,"1":-0.3727092,"2":-0.3264288,"3":-0.1581734,"4":-0.1649538,"5":-0.1286952,"6":-0.1539977,"7":-0.1292136,"8":-0.09618404,"9":-0.1454491,"10":-0.1036914,"11":-0.1809117,"12":-0.1090106,"13":-0.08853636,"14":-0.120618,"15":-0.09847781,"16":-0.1495963,"17":-0.11715,"18":-0.1327569,"19":-0.1322861,"20":-0.1837557,"21":-0.08684351,"22":-0.0715985,"23":-0.07850108,"24":-0.02554295,"25":-0.02783648,"26":-0.04217394,"27":-0.03126003,"28":-0.02760964,"29":-0.02457822,"30":-0.02270602,"31":-0.02686111,"32":-0.02543047,"33":-0.01448036,"34":-0.006508484,"35":-0.006475412,"36":-0.005114586},"FracExp":{"0":1.0,"1":1.0,"2":1.0,"3":1.0,"4":1.0,"5":1.0,"6":1.0,"7":1.0,"8":1.0,"9":1.0,"10":1.0,"11":1.0,"12":1.0,"13":1.0,"14":1.0,"15":1.0,"16":1.0,"17":1.0,"18":1.0,"19":1.0,"20":1.0,"21":1.0,"22":1.0,"23":1.0,"24":1.0,"25":1.0,"26":1.0,"27":1.0,"28":1.0,"29":1.0,"30":1.0,"31":1.0,"32":1.0,"33":1.0,"34":1.0,"35":1.0,"36":0.444626},"BGrate":{"0":0.005639566,"1":0.0007324117,"2":0.004957856,"3":0.0009295977,"4":0.0003222606,"5":0.001464821,"6":0.001790336,"7":0.001007064,"8":0.000936804,"9":0.001389054,"10":0.002014129,"11":0.001401133,"12":0.001060068,"13":0.001007065,"14":0.0006905591,"15":0.001281719,"16":0.002500301,"17":0.001306464,"18":0.001464823,"19":0.001258833,"20":0.001401137,"21":0.00180861,"22":0.001228963,"23":0.001454747,"24":0.0009781439,"25":0.0008288859,"26":0.0002917851,"27":0.001016938,"28":0.001031629,"29":0.0007459969,"30":0.0005954984,"31":0.001234074,"32":0.0009853899,"33":0.0007825422,"34":0.0003910011,"35":0.0003296928,"36":0.000444073},"BGerr":{"0":0.002131555,"1":0.0007324117,"2":0.001752867,"3":0.0005367035,"4":0.0003222606,"5":0.0005980105,"6":0.0007309017,"7":0.000503532,"8":0.0004189515,"9":0.0006212038,"10":0.0006369236,"11":0.0007005667,"12":0.0004740768,"13":0.0004111327,"14":0.0003986945,"15":0.0004844444,"16":0.0008334337,"17":0.0005333617,"18":0.0005980117,"19":0.0005629671,"20":0.0007005684,"21":0.0005453163,"22":0.0004096544,"23":0.0004034742,"24":0.0002525557,"25":0.0002298916,"26":0.0001684622,"27":0.0002717881,"28":0.0002579073,"29":0.0002069023,"30":0.0001795495,"31":0.0002759473,"32":0.0002389921,"33":0.0001506003,"34":0.0000457632,"35":0.0000408934,"36":0.0000555091},"CorrFact":{"0":2.288935,"1":2.298539,"2":2.321655,"3":2.30562,"4":2.312022,"5":2.323543,"6":2.331019,"7":2.318114,"8":2.318695,"9":2.307744,"10":2.325158,"11":2.332765,"12":2.322333,"13":2.325074,"14":2.366796,"15":2.370614,"16":2.373449,"17":2.37147,"18":2.341768,"19":2.373206,"20":2.369431,"21":2.385492,"22":2.36815,"23":2.361591,"24":1.455031,"25":1.404501,"26":1.395031,"27":1.384458,"28":1.377556,"29":1.377894,"30":1.384374,"31":1.400413,"32":1.411384,"33":1.43754,"34":2.106519,"35":2.020383,"36":1.30905},"CtsInSrc":{"0":20.0,"1":20.0,"2":21.0,"3":20.0,"4":20.0,"5":21.0,"6":20.0,"7":20.0,"8":20.0,"9":21.0,"10":20.0,"11":20.0,"12":20.0,"13":21.0,"14":20.0,"15":21.0,"16":21.0,"17":21.0,"18":22.0,"19":20.0,"20":20.0,"21":20.0,"22":20.0,"23":36.0,"24":15.0,"25":20.0,"26":20.0,"27":20.0,"28":20.0,"29":20.0,"30":19.0,"31":20.0,"32":20.0,"33":25.0,"34":15.0,"35":18.0,"36":19.0},"BGInSrc":{"0":0.141402,"1":0.0202,"2":0.161602,"3":0.060601,"4":0.0202,"5":0.121201,"6":0.121201,"7":0.080801,"8":0.101001,"9":0.101001,"10":0.202002,"11":0.080801,"12":0.101001,"13":0.121201,"14":0.060601,"15":0.141402,"16":0.181802,"17":0.121201,"18":0.121201,"19":0.101001,"20":0.080801,"21":0.222203,"22":0.181802,"23":0.262603,"24":0.215821,"25":0.187045,"26":0.043164,"27":0.201433,"28":0.230209,"29":0.187045,"30":0.158269,"31":0.287762,"32":0.244598,"33":0.388479,"34":0.490181,"35":0.436463,"36":0.495474},"Exposure":{"0":25.073148,"1":27.58044,"2":32.59512,"3":65.19026,"4":62.68292,"5":82.74148,"6":67.69758,"7":80.23418,"8":107.81464,"9":72.71222,"10":100.29266,"11":57.66828,"12":95.27804,"13":120.35112,"14":87.75602,"15":110.32186,"16":72.7121,"17":92.77058,"18":82.74132,"19":80.234,"20":57.66814,"21":122.85826,"22":147.93132,"23":180.514612,"24":220.6438,"25":225.65858,"26":147.93176,"27":198.07824,"28":223.15142,"29":250.73188,"30":265.77572,"31":233.18038,"32":248.22416,"33":496.43136,"34":1253.6573,"35":1323.8471,"36":1115.7485},"Sigma":{"0":371.572087,"1":989.087336,"2":364.722744,"3":569.895139,"4":989.087336,"5":421.962046,"6":401.751973,"7":493.043668,"8":440.54445,"9":462.683475,"10":309.930829,"11":493.043668,"12":440.54445,"13":421.962046,"14":569.895139,"15":390.282979,"16":343.530568,"17":421.962046,"18":442.172119,"19":440.54445,"20":493.043668,"21":295.205939,"22":327.029112,"23":490.675924,"24":265.306779,"25":381.921712,"26":800.806944,"27":367.761709,"28":343.509579,"29":381.921712,"30":394.84008,"31":306.34988,"32":333.010706,"33":329.195095,"34":252.910352,"35":324.430262,"36":298.777105},"SNR":{"0":4.440201,"1":4.467573,"2":4.546958,"3":4.458449,"4":4.467573,"5":4.555862,"6":4.444762,"7":4.453887,"8":4.449324,"9":4.560314,"10":4.426515,"11":4.453887,"12":4.449324,"13":4.555862,"14":4.458449,"15":4.55141,"16":4.542506,"17":4.555862,"18":4.664316,"19":4.449324,"20":4.453887,"21":4.421954,"22":4.431077,"23":5.955794,"24":3.816863,"25":4.430013,"26":4.462415,"27":4.426773,"28":4.420294,"29":4.430013,"30":4.322331,"31":4.407334,"32":4.417054,"33":4.921754,"34":3.746008,"35":4.139428,"36":4.244801}}