{"Time":{"0":126.169,"1":222.215,"2":316.224,"3":417.141,"4":540.588,"5":588.352,"6":608.485,"7":628.362,"8":643.313,"9":657.902,"10":671.987,"11":683.846,"12":700.525,"13":714.327,"14":729.464,"15":741.26,"16":755.695,"17":772.825,"18":789.544,"19":808.712,"20":828.349,"21":849.942,"22":873.894,"23":906.701,"24":944.509,"25":1006.931,"26":1045.572,"27":1106.861,"28":1191.51,"29":1288.72,"30":1397.017,"31":1500.52,"32":1677.179,"33":5578.892,"34":6699.213,"35":7002.49,"36":7309.475,"37":12770.55,"38":28337.081,"39":49359.637,"40":62601.911,"41":69967.059,"42":142474.582,"43":162233.01},"TimePos":{"0":50.347,"1":37.042,"2":50.847,"3":60.253,"4":37.098,"5":6.886,"6":9.318,"7":6.993,"8":4.579,"9":7.541,"10":5.992,"11":6.67,"12":7.542,"13":6.277,"14":6.183,"15":6.924,"16":7.533,"17":7.955,"18":6.279,"19":9.677,"20":7.591,"21":13.579,"22":14.7,"23":16.996,"24":34.349,"25":17.059,"26":31.071,"27":34.973,"28":38.08,"29":48.685,"30":58.232,"31":67.559,"32":106.515,"33":135.028,"34":170.206,"35":135.213,"36":234.405,"37":4734.795,"38":7243.894,"39":4278.079,"40":2559.839,"41":957.411,"42":14306.7,"43":297.869},"TimeNeg":{"0":-44.932,"1":-45.7,"2":-56.967,"3":-50.07,"4":-63.194,"5":-10.665,"6":-13.248,"7":-10.558,"8":-7.958,"9":-10.011,"10":-6.545,"11":-5.867,"12":-10.009,"13":-6.26,"14":-8.861,"15":-5.613,"16":-7.511,"17":-9.597,"18":-8.765,"19":-12.889,"20":-9.96,"21":-14.001,"22":-10.373,"23":-18.107,"24":-20.812,"25":-28.073,"26":-21.582,"27":-30.217,"28":-49.676,"29":-59.13,"30":-59.612,"31":-45.271,"32":-109.101,"33":-160.834,"34":-188.341,"35":-133.071,"36":-171.772,"37":-1458.373,"38":-5607.037,"39":-8515.627,"40":-5215.479,"41":-1028.371,"42":-15209.788,"43":-296.361},"Rate":{"0":1.137506,"1":1.344853,"2":1.019875,"3":1.004675,"4":1.108545,"5":6.664628,"6":4.885516,"7":7.935549,"8":13.93057,"9":12.22983,"10":15.47382,"11":14.27192,"12":12.67782,"13":13.24802,"14":9.575033,"15":13.61286,"16":8.146094,"17":7.584529,"18":7.732939,"19":4.918891,"20":7.278425,"21":4.040914,"22":4.449251,"23":3.153812,"24":2.013406,"25":2.713804,"26":2.131648,"27":1.712144,"28":1.255046,"29":1.032321,"30":0.9355289,"31":0.98046,"32":0.6654519,"33":0.1083082,"34":0.05336957,"35":0.09568824,"36":0.0660059,"37":0.02774132,"38":0.01382531,"39":0.008122742,"40":0.01011481,"41":0.0169891,"42":0.005371574,"43":0.008708674},"RatePos":{"0":0.2583591,"1":0.3026736,"2":0.2319462,"3":0.2264072,"4":0.2494898,"5":1.454341,"6":1.108182,"7":1.598676,"8":2.510375,"9":1.990709,"10":2.627191,"11":2.539346,"12":2.022833,"13":2.435528,"14":1.889083,"15":2.455174,"16":1.744951,"17":1.556565,"18":1.693718,"19":1.105611,"20":1.522789,"21":0.9094508,"22":1.001351,"23":0.7116496,"24":0.4543199,"25":0.5833813,"26":0.477886,"27":0.3848359,"28":0.2835675,"29":0.2329407,"30":0.2122061,"31":0.2215271,"32":0.1326143,"33":0.02186284,"34":0.01404324,"35":0.02174398,"36":0.01465342,"37":0.006148875,"38":0.003262889,"39":0.001998905,"40":0.00204401,"41":0.003455755,"42":0.001419668,"43":0.005462796},"RateNeg":{"0":-0.2583591,"1":-0.3026736,"2":-0.2319462,"3":-0.2264072,"4":-0.2494898,"5":-1.454341,"6":-1.108182,"7":-1.598676,"8":-2.510375,"9":-1.990709,"10":-2.627191,"11":-2.539346,"12":-2.022833,"13":-2.435528,"14":-1.889083,"15":-2.455174,"16":-1.744951,"17":-1.556565,"18":-1.693718,"19":-1.105611,"20":-1.522789,"21":-0.9094508,"22":-1.001351,"23":-0.7116496,"24":-0.4543199,"25":-0.5833813,"26":-0.477886,"27":-0.3848359,"28":-0.2835675,"29":-0.2329407,"30":-0.2122061,"31":-0.2215271,"32":-0.1326143,"33":-0.02186284,"34":-0.01404324,"35":-0.02174398,"36":-0.01465342,"37":-0.006148875,"38":-0.003262889,"39":-0.001998905,"40":-0.00204401,"41":-0.003455755,"42":-0.001419668,"43":-0.003886422},"FracExp":{"0":1.0,"1":1.0,"2":1.0,"3":1.0,"4":1.0,"5":1.0,"6":1.0,"7":1.0,"8":1.0,"9":1.0,"10":1.0,"11":1.0,"12":1.0,"13":1.0,"14":1.0,"15":1.0,"16":1.0,"17":1.0,"18":1.0,"19":1.0,"20":1.0,"21":1.0,"22":1.0,"23":1.0,"24":1.0,"25":1.0,"26":1.0,"27":1.0,"28":1.0,"29":1.0,"30":1.0,"31":1.0,"32":1.0,"33":1.0,"34":1.0,"35":1.0,"36":1.0,"37":0.17368,"38":0.175011,"39":0.261632,"40":0.516918,"41":1.0,"42":0.139056,"43":1.0},"BGrate":{"0":0.00321367,"1":0.001541912,"2":0.003076652,"3":0.00138772,"4":0.001272077,"5":0.0,"6":0.01243808,"7":0.0101766,"8":0.008141308,"9":0.007269005,"10":0.01221194,"11":0.01628259,"12":0.02035321,"13":0.01628259,"14":0.01017661,"15":0.01017662,"16":0.006784394,"17":0.007269021,"18":0.005088309,"19":0.004522934,"20":0.004361408,"21":0.004625732,"22":0.005088309,"23":0.005088303,"24":0.003238014,"25":0.003957572,"26":0.0009692018,"27":0.001565633,"28":0.002326085,"29":0.001656659,"30":0.002381763,"31":0.001809177,"32":0.001893446,"33":0.0007727598,"34":0.0007794713,"35":0.001183775,"36":0.0008757197,"37":0.0003015428,"38":0.0002355388,"39":0.0002265309,"40":0.0001906017,"41":0.000467648,"42":0.0002103961,"43":0.000279824},"BGerr":{"0":0.0009277066,"1":0.0006895641,"2":0.0008533096,"3":0.0005665343,"4":0.00056889,"5":0.0,"6":0.003750222,"7":0.003846391,"8":0.004070654,"9":0.003250798,"10":0.004985505,"11":0.005756765,"12":0.005439625,"13":0.005756765,"14":0.004154582,"15":0.004551122,"16":0.003392197,"17":0.003250805,"18":0.002937737,"19":0.002261467,"20":0.00251806,"21":0.00206869,"22":0.002275561,"23":0.001923198,"24":0.001223854,"25":0.001495822,"26":0.0006853291,"27":0.0007828163,"28":0.0008223952,"29":0.0006261581,"30":0.0007181287,"31":0.0006396408,"32":0.0004733615,"33":0.0001821412,"34":0.0001661838,"35":0.0002367549,"36":0.0001654955,"37":0.000038929,"38":0.0000201973,"39":0.0000159783,"40":0.0000132477,"41":0.0000439926,"42":0.0000146235,"43":0.0000502579},"CorrFact":{"0":5.503224,"1":5.599481,"2":5.590604,"3":5.584644,"4":5.594643,"5":5.570125,"6":5.590763,"7":5.611251,"8":5.652213,"9":5.667684,"10":5.566896,"11":5.627187,"12":5.61292,"13":5.574097,"14":5.573055,"15":5.527878,"16":5.596396,"17":5.576214,"18":5.559968,"19":5.578432,"20":5.572694,"21":5.608305,"22":5.613658,"23":5.585217,"24":5.60312,"25":5.612788,"26":5.626317,"27":5.60939,"28":5.563687,"29":5.615121,"30":5.590782,"31":5.58827,"32":5.606569,"33":1.293599,"34":1.299918,"35":1.30429,"36":1.298669,"37":1.443216,"38":1.683452,"39":1.576918,"40":1.611062,"41":1.345625,"42":1.456575,"43":1.349754},"CtsInSrc":{"0":20.0,"1":20.0,"2":20.0,"3":20.0,"4":20.0,"5":21.0,"6":20.0,"7":25.0,"8":31.0,"9":38.0,"10":35.0,"11":32.0,"12":40.0,"13":30.0,"14":26.0,"15":31.0,"16":22.0,"17":24.0,"18":21.0,"19":20.0,"20":23.0,"21":20.0,"22":20.0,"23":20.0,"24":20.0,"25":22.0,"26":20.0,"27":20.0,"28":20.0,"29":20.0,"30":20.0,"31":20.0,"32":26.0,"33":25.0,"34":15.0,"35":20.0,"36":21.0,"37":21.0,"38":19.0,"39":18.0,"40":26.0,"41":26.0,"42":16.0,"43":4.0},"BGInSrc":{"0":0.306192,"1":0.12758,"2":0.331709,"3":0.153096,"4":0.12758,"5":0.0,"6":0.280676,"7":0.178612,"8":0.102064,"9":0.12758,"10":0.153096,"11":0.204128,"12":0.357225,"13":0.204128,"14":0.153096,"15":0.12758,"16":0.102064,"17":0.12758,"18":0.076548,"19":0.102064,"20":0.076548,"21":0.12758,"22":0.12758,"23":0.178612,"24":0.178612,"25":0.178612,"26":0.051032,"27":0.102064,"28":0.204128,"29":0.178612,"30":0.280676,"31":0.204128,"32":0.408257,"33":0.22863,"34":0.279477,"35":0.317587,"36":0.355698,"37":0.324349,"38":0.529738,"39":0.758255,"40":0.766067,"41":0.928647,"42":0.86356,"43":0.16628},"Exposure":{"0":95.278128,"1":82.74154,"2":107.81478,"3":110.32214,"4":100.29284,"5":17.55126,"6":22.5659,"7":17.55128,"8":12.53658,"9":17.55126,"10":12.5366,"11":12.5366,"12":17.55126,"13":12.5366,"14":15.04394,"15":12.5366,"16":15.04396,"17":17.55122,"18":15.04392,"19":22.56592,"20":17.55124,"21":27.58054,"22":25.0732,"23":35.10252,"24":55.16106,"25":45.13178,"26":52.65372,"27":65.19036,"28":87.75618,"29":107.81478,"30":117.84396,"31":112.82936,"32":215.615672,"33":295.8614,"34":358.54656,"35":268.2835,"36":406.17754,"37":1075.6317,"38":2249.0481,"39":3347.2455,"40":4019.2019,"41":1985.7816,"42":4104.4501,"43":594.2301},"Sigma":{"0":222.805448,"1":348.299212,"2":213.787201,"3":317.543977,"4":348.299212,