{"Time":{"0":117.994,"1":135.427,"2":153.223,"3":175.316,"4":210.097,"5":267.962,"6":372.195,"7":470.305,"8":573.095,"9":841.01,"10":7213.682},"TimePos":{"0":9.358,"1":6.969,"2":6.724,"3":12.213,"4":22.562,"5":42.425,"6":61.049,"7":45.682,"8":60.735,"9":221.568,"10":5326.072},"TimeNeg":{"0":-8.193,"1":-8.074,"2":-10.827,"3":-15.368,"4":-22.569,"5":-35.302,"6":-61.809,"7":-37.06,"8":-57.109,"9":-207.179,"10":-2894.439},"Rate":{"0":5.252398,"1":7.117417,"2":5.204865,"3":3.454617,"4":2.1559,"5":1.188279,"6":0.7471096,"7":0.2937436,"8":0.2071378,"9":0.09814638,"10":0.005240395},"RatePos":{"0":1.153426,"1":1.456044,"2":1.173146,"3":0.7576739,"4":0.4746378,"5":0.2674748,"6":0.1690697,"7":0.06614049,"8":0.04697433,"9":0.0171092,"10":0.001475255},"RateNeg":{"0":-1.153426,"1":-1.456044,"2":-1.173146,"3":-0.7576739,"4":-0.4746378,"5":-0.2674748,"6":-0.1690697,"7":-0.06614049,"8":-0.04697433,"9":-0.0171092,"10":-0.001475255},"FracExp":{"0":1.0,"1":1.0,"2":1.0,"3":1.0,"4":1.0,"5":1.0,"6":1.0,"7":0.999976,"8":1.0,"9":1.0,"10":0.449578},"BGrate":{"0":0.007433674,"1":0.003469064,"2":0.008920434,"3":0.003784421,"4":0.004047235,"5":0.001678575,"6":0.001911521,"7":0.001649395,"8":0.002341571,"9":0.002445662,"10":0.0003352405},"BGerr":{"0":0.00332444,"1":0.002452998,"2":0.003641752,"3":0.00189221,"4":0.001529711,"5":0.0007506818,"6":0.0006371736,"7":0.0007376317,"8":0.0007404697,"9":0.0003967388,"10":0.0000234142},"CorrFact":{"0":4.41726,"1":4.471115,"2":4.603619,"3":4.559809,"4":4.673954,"5":4.648379,"6":4.643967,"7":1.223557,"8":1.23757,"9":1.239417,"10":1.407398},"CtsInSrc":{"0":21.0,"1":24.0,"2":20.0,"3":21.0,"4":21.0,"5":20.0,"6":20.0,"7":20.0,"8":20.0,"9":35.0,"10":15.0},"BGInSrc":{"0":0.13047,"1":0.052188,"2":0.156564,"3":0.104376,"4":0.182658,"5":0.13047,"6":0.234846,"7":0.13647,"8":0.27594,"9":1.048571,"10":1.238968},"Exposure":{"0":17.551248,"1":15.04386,"2":17.5512,"3":27.5805,"4":45.13164,"5":77.72678,"6":122.85844,"7":82.739392,"8":117.84382,"9":428.74712,"10":3695.7602},"Sigma":{"0":357.672966,"1":648.947099,"2":310.455743,"3":400.390533,"4":301.5329,"5":340.53444,"6":252.486052,"7":325.46517,"8":226.038394,"9":199.596147,"10":159.025838},"SNR":{"0":4.553736,"1":4.888188,"2":4.436674,"3":4.559503,"4":4.542201,"5":4.442584,"6":4.418946,"7":4.441207,"8":4.409595,"9":5.736468,"10":3.552197}}