{"Time":{"0":239.061,"1":252.614,"2":265.54,"3":281.72,"4":300.898,"5":319.36,"6":338.881,"7":366.535,"8":395.544,"9":437.133,"10":475.306,"11":529.003,"12":849.851,"13":5258.065,"14":5439.658,"15":5668.117,"16":5851.9,"17":6038.272,"18":6249.925,"19":6472.405,"20":6696.082,"21":6920.314,"22":7148.417,"23":7356.181,"24":11075.94,"25":11335.375,"26":11622.679,"27":11893.803,"28":12221.104,"29":12493.269,"30":12904.011,"31":16973.74,"32":17453.087,"33":18348.054,"34":29188.359,"35":35093.312,"36":45696.881,"37":122872.388},"TimePos":{"0":6.862,"1":8.352,"2":7.963,"3":11.842,"4":7.707,"5":9.304,"6":9.841,"7":14.782,"8":25.891,"9":14.389,"10":23.855,"11":45.378,"12":869.646,"13":87.742,"14":114.256,"15":63.817,"16":88.14,"17":94.831,"18":91.285,"19":96.972,"20":81.402,"21":100.379,"22":87.906,"23":113.308,"24":108.129,"25":177.152,"26":118.014,"27":155.29,"28":118.838,"29":104.927,"30":318.492,"31":295.777,"32":99.757,"33":626.423,"34":1289.591,"35":1137.893,"36":1759.545,"37":79545.921},"TimeNeg":{"0":-5.675,"1":-6.692,"2":-4.574,"3":-8.217,"4":-7.337,"5":-10.755,"6":-10.218,"7":-17.813,"8":-14.226,"9":-15.698,"10":-23.784,"11":-29.842,"12":-275.47,"13":-102.813,"14":-93.851,"15":-114.202,"16":-119.967,"17":-98.232,"18":-116.822,"19":-131.194,"20":-126.706,"21":-142.831,"22":-127.724,"23":-119.859,"24":-132.573,"25":-151.306,"26":-110.152,"27":-153.11,"28":-172.011,"29":-153.327,"30":-305.815,"31":-305.979,"32":-183.57,"33":-795.21,"34":-1057.242,"35":-1168.823,"36":-4539.372,"37":-37202.045},"Rate":{"0":8.500526,"1":7.153052,"2":8.317481,"3":4.896719,"4":7.54999,"5":5.116701,"6":4.8634,"7":3.163222,"8":2.455181,"9":3.268695,"10":2.059929,"11":1.294262,"12":0.5882303,"13":0.09849595,"14":0.1201845,"15":0.1401156,"16":0.1195934,"17":0.1287561,"18":0.1255118,"19":0.1094292,"20":0.08920297,"21":0.08139386,"22":0.115613,"23":0.1391092,"24":0.09716286,"25":0.05625548,"26":0.09777827,"27":0.05988004,"28":0.0637031,"29":0.07166957,"30":0.05125743,"31":0.03536655,"32":0.07521448,"33":0.02160344,"34":0.0131791,"35":0.01000287,"36":0.0108778,"37":0.001606056},"RatePos":{"0":1.821928,"1":1.533123,"2":1.830193,"3":1.104553,"4":1.580262,"5":1.125888,"6":1.092243,"7":0.6950728,"8":0.552199,"9":0.7351681,"10":0.4626274,"11":0.2915202,"12":0.08590489,"13":0.02562498,"14":0.02706132,"15":0.03152913,"16":0.02692824,"17":0.02912045,"18":0.02760392,"19":0.02468653,"20":0.02332556,"21":0.02060773,"22":0.02598261,"23":0.02740088,"24":0.02270011,"25":0.01476243,"26":0.02327635,"27":0.01572711,"28":0.01667381,"29":0.01877507,"30":0.01022714,"31":0.009315705,"32":0.01956972,"33":0.004712664,"34":0.002892055,"35":0.00251675,"36":0.002536167,"37":0.0005538031},"RateNeg":{"0":-1.821928,"1":-1.533123,"2":-1.830193,"3":-1.104553,"4":-1.580262,"5":-1.125888,"6":-1.092243,"7":-0.6950728,"8":-0.552199,"9":-0.7351681,"10":-0.4626274,"11":-0.2915202,"12":-0.08590489,"13":-0.02562498,"14":-0.02706132,"15":-0.03152913,"16":-0.02692824,"17":-0.02912045,"18":-0.02760392,"19":-0.02468653,"20":-0.02332556,"21":-0.02060773,"22":-0.02598261,"23":-0.02740088,"24":-0.02270011,"25":-0.01476243,"26":-0.02327635,"27":-0.01572711,"28":-0.01667381,"29":-0.01877507,"30":-0.01022714,"31":-0.009315705,"32":-0.01956972,"33":-0.004712664,"34":-0.002892055,"35":-0.00251675,"36":-0.002536167,"37":-0.0004627596},"FracExp":{"0":1.0,"1":1.0,"2":1.0,"3":1.0,"4":1.0,"5":1.0,"6":1.0,"7":1.0,"8":1.0,"9":1.0,"10":1.0,"11":1.0,"12":0.275883,"13":1.0,"14":1.0,"15":1.0,"16":1.0,"17":1.0,"18":1.0,"19":1.0,"20":1.0,"21":1.0,"22":1.0,"23":1.0,"24":1.0,"25":1.0,"26":1.0,"27":1.0,"28":1.0,"29":1.0,"30":1.0,"31":1.0,"32":1.0,"33":1.0,"34":1.0,"35":1.0,"36":0.365014,"37":0.093078},"BGrate":{"0":0.009126714,"1":0.00760561,"2":0.01369008,"3":0.008556317,"4":0.005704215,"5":0.008556309,"6":0.004278154,"7":0.004387846,"8":0.002852104,"9":0.0038028,"10":0.001801329,"11":0.001901401,"12":0.003335841,"13":0.0005905482,"14":0.0006609077,"15":0.0007023729,"16":0.0006609073,"17":0.001165756,"18":0.0007810717,"19":0.0007672061,"20":0.000901236,"21":0.0008225712,"22":0.000463892,"23":0.000482625,"24":0.00141492,"25":0.0007296606,"26":0.0007739716,"27":0.0008180184,"28":0.0006939049,"29":0.0008303277,"30":0.0007071595,"31":0.0004910046,"32":0.0004029157,"33":0.0003495403,"34":0.001410111,"35":0.0004919453,"36":0.0003548646,"37":0.0001909197},"BGerr":{"0":0.004563357,"1":0.003802805,"2":0.005588952,"3":0.003493102,"4":0.00329333,"5":0.003493098,"6":0.002469994,"7":0.001962304,"8":0.001426052,"9":0.0019014,"10":0.001039998,"11":0.0008503324,"12":0.000534162,"13":0.0001968494,"14":0.0001992712,"15":0.0002221098,"16":0.0001992711,"17":0.0002747713,"18":0.0002166303,"19":0.0002050444,"20":0.0002326981,"21":0.0002056428,"22":0.0001640106,"23":0.000160875,"24":0.0002723014,"25":0.0001673956,"26":0.0002068526,"27":0.0001829145,"28":0.0001734762,"29":0.000201384,"30":0.0001195318,"31":0.0000740217,"32":0.0000977214,"33":0.0000406332,"34":0.0000699827,"35":0.0000333187,"36":0.0000332361,"37":0.0000071201},"CorrFact":{"0":4.869314,"1":4.916926,"2":5.006293,"3":4.953555,"4":4.956804,"5":4.927584,"6":4.898654,"7":4.943465,"8":4.953067,"9":4.945693,"10":4.927794,"11":4.902753,"12":3.875852,"13":1.260721,"14":1.25922,"15":1.255009,"16":1.253028,"17":1.257048,"18":1.253508,"19":1.259424,"20":1.253256,"21":1.252902,"22":1.252743,"23":1.252949,"24":1.253376,"25":1.25184,"26":1.251705,"27":1.252194,"28":1.252045,"29":1.251825,"30":1.252043,"31":1.44731,"32":1.431581,"33":1.428268,"34":1.305539,"35":1.368128,"36":1.303692,"37":1.463516},"CtsInSrc":{"0":22.0,"1":22.0,"2":21.0,"3":20.0,"4":23.0,"5":21.0,"6":20.0,"7":21.0,"8":20.0,"9":20.0,"10":20.0,"11":20.0,"12":49.0,"13":15.0,"14":20.0,"15":20.0,"16":20.0,"17":20.0,"18":21.0,"19":20.0,"20":15.0,"21":16.0,"22":20.0,"23":26.0,"24":19.0,"25":15.0,"26":18.0,"27":15.0,"28":15.0,"29":15.0,"30":26.0,"31":15.0,"32":15.0,"33":22.0,"34":27.0,"35":18.0,"36":20.0,"37":14.0},"BGInSrc":{"0":0.114418,"1":0.114418,"2":0.171627,"3":0.171627,"4":0.085814,"5":0.171627,"6":0.085814,"7":0.143023,"8":0.114418,"9":0.114418,"10":0.085814,"11":0.143023,"12":1.05385,"13":0.112532,"14":0.137539,"15":0.125036,"16":0.137539,"17":0.225065,"18":0.162547,"19":0.17505,"20":0.187554,"21":0.200057,"22":0.100029,"23":0.112532,"24":0.340574,"25":0.239663,"26":0.176594,"27":0.252277,"28":0.201822,"29":0.214435,"30":0.441485,"31":0.295465,"32":0.114157,"33":0.496918,"34":3.309296,"35":1.134778,"36":0.815903,"37":2.074656},"Exposure":{"0":12.536608,"1":15.0439,"2":12.5366,"3":20.05852,"4":15.04388,"5":20.05854,"6":20.05854,"7":32.59516,"8":40.11706,"9":30.08784,"10":47.63902,"11":75.21956,"12":315.917372,"13":190.55556,"14":208.10686,"15":178.01916,"16":208.10696,"17":193.06316,"18":208.10712,"19":228.16578,"20":208.10726,"21":243.20976,"22":215.6292,"23":233.16708,"24":240.70188,"25":328.45826,"26":228.16576,"27":308.40002,"28":290.84894,"29":258.2539,"30":624.30694,"31":601.75576,"32":283.32692,"33":1421.63332,"34":2346.8328,"35":2306.716,"36":2299.1941,"37":10866.6382},"Sigma":{"0":382.554742,"1":382.554742,"2":297.265977,"3":282.993812,"4":462.497406,"5":297.265977,"6":401.945738,"7":326.085776,"8":347.59522,"9":347.59522,"10":401.945738,"11":310.451402,"12":284.123545,"13":396.885362,"14":478.963267,"15":502.657141,"16":478.963267,"17":372.772894,"18":462.209075,"19":423.753776,"20":305.876886,"21":315.908289,"22":562.694875,"23":690.134627,"24":284.687851,"25":268.455313,"26":377.641069,"27":261.434266,"28":293.292395,"29":284.292882,"30":342.49492,"31":330.120018,"32":537.645327,"33":372.247463,"34":144.246535,"35":219.436759,"36":251.047234,"37":154.130776},"SNR":{"0":4.665675,"1":4.665675,"2":4.544592,"3":4.433215,"4":4.777683,"5":4.544592,"6":4.452674,"7":4.550922,"8":4.446188,"9":4.446188,"10":4.452674,"11":4.439701,"12":6.847461,"13":3.843747,"14":4.44119,"15":4.444003,"16":4.44119,"17":4.421499,"18":4.546885,"19":4.432751,"20":3.824258,"21":3.949677,"22":4.44963,"23":5.076813,"24":4.280282,"25":3.810719,"26":4.200757,"27":3.807442,