{"Time":{"0":113586.448,"1":114381.975,"2":118733.262,"3":119455.381,"4":120389.721,"5":128415.894},"TimePos":{"0":318.309,"1":330.128,"2":311.21,"3":454.115,"4":444.96,"5":2023.794},"TimeNeg":{"0":-326.071,"1":-477.219,"2":-468.564,"3":-410.908,"4":-480.224,"5":-4387.548},"Rate":{"0":0.02953841,"1":0.03610567,"2":0.0325965,"3":0.03011564,"4":0.02673777,"5":0.0249506},"RatePos":{"0":0.007797289,"1":0.007703327,"2":0.008615893,"3":0.007982413,"4":0.007167245,"5":0.006241652},"RateNeg":{"0":-0.007797289,"1":-0.007703327,"2":-0.008615893,"3":-0.007982413,"4":-0.007167245,"5":-0.006241652},"FracExp":{"0":1.0,"1":1.0,"2":1.0,"3":1.0,"4":1.0,"5":0.147434},"BGrate":{"0":0.0005071841,"1":0.0006440101,"2":0.0004439717,"3":0.0004473021,"4":0.0005943066,"5":0.0005459555},"BGerr":{"0":0.0000764609,"1":0.0000769739,"2":0.0000621685,"3":0.0000592466,"4":0.0000660341,"5":0.0000693364},"CorrFact":{"0":1.297194,"1":1.296696,"2":1.734561,"3":1.782701,"4":1.71191,"5":1.430763},"CtsInSrc":{"0":15.0,"1":23.0,"2":15.0,"3":15.0,"4":15.0,"5":17.0},"BGInSrc":{"0":0.326819,"1":0.51994,"2":0.346198,"3":0.386927,"4":0.549843,"5":0.516066},"Exposure":{"0":644.3798,"1":807.3469,"2":779.77422,"3":865.02354,"4":925.18474,"5":945.2521},"Sigma":{"0":297.812609,"1":361.737559,"2":302.281253,"3":285.134721,"4":236.524437,"5":251.508036},"SNR":{"0":3.788292,"1":4.687023,"2":3.783299,"3":3.772749,"4":3.73055,"5":3.997436}}