{"Time":{"0":26616.056,"1":26874.652,"2":27083.387,"3":27314.474,"4":27662.307,"5":27929.571,"6":28393.542,"7":28731.745,"8":30408.08,"9":92197.405,"10":96263.334,"11":96856.456,"12":97594.721},"TimePos":{"0":101.128,"1":78.22,"2":100.158,"3":192.516,"4":72.848,"5":286.989,"6":98.823,"7":146.748,"8":2264.396,"9":472.738,"10":339.118,"11":320.171,"12":459.453},"TimeNeg":{"0":-99.457,"1":-157.468,"2":-130.515,"3":-130.928,"4":-155.318,"5":-194.416,"6":-176.982,"7":-239.38,"8":-1529.587,"9":-374.73,"10":-337.858,"11":-254.004,"12":-418.094},"Rate":{"0":0.09816724,"1":0.07838852,"2":0.07910903,"3":0.0564029,"4":0.08017279,"5":0.0378542,"6":0.06680809,"7":0.04705971,"8":0.05832571,"9":0.03070184,"10":0.031024,"11":0.03657002,"12":0.02521669},"RatePos":{"0":0.02465374,"1":0.02049791,"2":0.02076779,"3":0.01477785,"4":0.02094394,"5":0.009927752,"6":0.01736752,"7":0.01237854,"8":0.01102417,"9":0.007207341,"10":0.008118252,"11":0.009536216,"12":0.006450007},"RateNeg":{"0":-0.02465374,"1":-0.02049791,"2":-0.02076779,"3":-0.01477785,"4":-0.02094394,"5":-0.009927752,"6":-0.01736752,"7":-0.01237854,"8":-0.01102417,"9":-0.007207341,"10":-0.008118252,"11":-0.009536216,"12":-0.006450007},"FracExp":{"0":1.0,"1":1.0,"2":1.0,"3":1.0,"4":1.0,"5":1.0,"6":1.0,"7":1.0,"8":0.165211,"9":1.0,"10":1.0,"11":1.0,"12":1.0},"BGrate":{"0":0.0003595723,"1":0.0007956494,"2":0.001063084,"3":0.0006689719,"4":0.0007586579,"5":0.0004794293,"6":0.0003661093,"7":0.0007098035,"8":0.0008072856,"9":0.0005078627,"10":0.0002933985,"11":0.0002562431,"12":0.0004107645},"BGerr":{"0":0.0001608056,"1":0.0002206734,"2":0.0002578357,"3":0.0001727278,"4":0.0002190057,"5":0.0001198573,"6":0.0001383763,"7":0.0001628401,"8":0.0001165216,"9":0.0000666856,"10":0.0000564646,"11":0.0000572977,"12":0.0000586806},"CorrFact":{"0":1.236255,"1":1.247274,"2":1.236774,"3":1.234012,"4":1.23375,"5":1.233866,"6":1.236727,"7":1.23395,"8":1.283043,"9":1.40115,"10":1.418955,"11":1.413708,"12":1.414928},"CtsInSrc":{"0":16.0,"1":15.0,"2":15.0,"3":15.0,"4":15.0,"5":15.0,"6":15.0,"7":15.0,"8":29.0,"9":19.0,"10":15.0,"11":15.0,"12":16.0},"BGInSrc":{"0":0.072125,"1":0.187525,"2":0.245225,"3":0.216375,"4":0.1731,"5":0.2308,"6":0.100975,"7":0.274075,"8":0.506013,"9":0.430397,"10":0.198624,"11":0.147129,"12":0.360465},"Exposure":{"0":200.58534,"1":235.68776,"2":230.67302,"3":323.44374,"4":228.16586,"5":481.40524,"6":275.80532,"7":386.12762,"8":626.8077,"9":847.4674,"10":676.97528,"11":574.17576,"12":877.54666},"Sigma":{"0":493.807235,"1":284.800383,"2":248.080568,"3":264.61833,"4":296.718312,"5":255.965596,"6":390.385287,"7":234.201893,"8":390.132672,"9":328.58469,"10":387.215928,"11":451.4695,"12":303.709788},"SNR":{"0":3.981839,"1":3.82422,"2":3.809217,"3":3.816719,"4":3.827971,"5":3.812968,"6":3.846725,"7":3.801717,"8":5.290714,"9":4.259801,"10":3.821513,"11":3.834857,"12":3.90956}}