{"Time":{"0":94.707,"1":126.635,"2":155.256,"3":192.696,"4":1745.519,"5":30708.181,"6":36021.168,"7":36291.159,"8":69758.742,"9":75120.401,"10":85606.191,"11":101129.555,"12":112716.198,"13":123456.239,"14":135686.897,"15":150283.702,"16":197820.351,"17":230785.874,"18":286839.407,"19":316482.486,"20":388021.429,"21":568473.269,"22":653117.47,"23":732465.6090000001,"24":866059.683,"25":1002292.251,"26":1111938.808,"27":1339413.7039999999,"28":1526987.794,"29":1786659.368,"30":1962122.926,"31":2037684.172,"32":2110034.4040000001,"33":2242922.6290000002,"34":2474696.1490000002,"35":2744861.3149999999,"36":2982356.9739999999,"37":3060760.0070000002,"38":3174984.9939999999,"39":3322207.6129999999,"40":3464187.7119999998},"TimePos":{"0":18.662,"1":14.315,"2":15.782,"3":23.473,"4":125.713,"5":5173.77,"6":126.557,"7":267.357,"8":206.498,"9":363.024,"10":7157.86,"11":3213.753,"12":3207.572,"13":4287.001,"14":3397.934,"15":12019.854,"16":10922.617,"17":19718.899,"18":9145.223,"19":36622.543,"20":45843.752,"21":35129.764,"22":19425.555,"23":39017.628,"24":79064.052,"25":58572.221,"26":75705.82,"27":73109.445,"28":198676.302,"29":106103.58,"30":46918.458,"31":35321.064,"32":43549.485,"33":84542.532,"34":66787.612,"35":177562.822,"36":39665.723,"37":41003.183,"38":54879.26,"39":45597.211,"40":233144.004},"TimeNeg":{"0":-18.947,"1":-13.266,"2":-14.306,"3":-21.658,"4":-86.185,"5":-386.426,"6":-139.217,"7":-143.434,"8":-392.261,"9":-266.308,"10":-5028.913,"11":-3330.833,"12":-3339.551,"13":-2499.4,"14":-2970.9,"15":-6058.391,"16":-18582.813,"17":-16949.401,"18":-15340.761,"19":-15886.881,"20":-17777.811,"21":-98433.371,"22":-39888.373,"23":-54804.538,"24":-79155.484,"25":-51941.922,"26":-47476.752,"27":-107241.546,"28":-109654.729,"29":-55674.492,"30":-63492.338,"31":-24489.407,"32":-33298.508,"33":-84296.871,"34":-84636.257,"35":-198637.357,"36":-55076.364,"37":-34471.97,"38":-68347.9,"39":-86451.653,"40":-91253.712},"Rate":{"0":2.090633,"1":2.863279,"2":2.652015,"3":2.14361,"4":0.2726743,"5":0.09494268,"6":0.07000468,"7":0.07534915,"8":0.03517769,"9":0.03837577,"10":0.01665255,"11":0.02015312,"12":0.02184345,"13":0.0149144,"14":0.01418472,"15":0.01341075,"16":0.008205659,"17":0.004737401,"18":0.005046554,"19":0.0041999,"20":0.003803464,"21":0.001773941,"22":0.0017759,"23":0.001674485,"24":0.0009776442,"25":0.001480922,"26":0.0009840676,"27":0.0008291964,"28":0.0007720297,"29":0.001131169,"30":0.001291206,"31":0.001522302,"32":0.00107868,"33":0.0008756233,"34":0.001234954,"35":0.0002878786,"36":0.001202799,"37":0.001137685,"38":0.0007882568,"39":0.0006882187,"40":0.000244744},"RatePos":{"0":0.4706939,"1":0.6446507,"2":0.5960614,"3":0.4419637,"4":0.0545004,"5":0.02292421,"6":0.01821842,"7":0.01624966,"8":0.009247997,"9":0.008916742,"10":0.00371538,"11":0.004288369,"12":0.004457113,"13":0.003715696,"14":0.003774047,"15":0.002766032,"16":0.002145931,"17":0.001233924,"18":0.001327772,"19":0.001121112,"20":0.001034767,"21":0.0004841355,"22":0.0004817921,"23":0.0004027654,"24":0.0002918205,"25":0.0003753145,"26":0.0002523622,"27":0.0002458756,"28":0.000226897,"29":0.0003221776,"30":0.0003517099,"31":0.0004134588,"32":0.0003085504,"33":0.0002280221,"34":0.0003334831,"35":0.000096587,"36":0.0003458546,"37":0.000327456,"38":0.0002338628,"39":0.0002010766,"40":0.0001359783},"RateNeg":{"0":-0.4706939,"1":-0.6446507,"2":-0.5960614,"3":-0.4419637,"4":-0.0545004,"5":-0.02292421,"6":-0.01821842,"7":-0.01624966,"8":-0.009247997,"9":-0.008916742,"10":-0.00371538,"11":-0.004288369,"12":-0.004457113,"13":-0.003715696,"14":-0.003774047,"15":-0.002766032,"16":-0.002145931,"17":-0.001233924,"18":-0.001327772,"19":-0.001121112,"20":-0.001034767,"21":-0.0004841355,"22":-0.0004817921,"23":-0.0004027654,"24":-0.0002918205,"25":-0.0003753145,"26":-0.0002523622,"27":-0.0002458756,"28":-0.000226897,"29":-0.0003221776,"30":-0.0003517099,"31":-0.0004134588,"32":-0.0003085504,"33":-0.0002280221,"34":-0.0003334831,"35":-0.000096587,"36":-0.0003458546,"37":-0.000327456,"38":-0.0002338628,"39":-0.0002010766,"40":-0.000107155},"FracExp":{"0":1.0,"1":1.0,"2":1.0,"3":1.0,"4":0.93477,"5":0.041486,"6":1.0,"7":0.885018,"8":0.917062,"9":1.0,"10":0.130439,"11":0.221055,"12":0.222118,"13":0.213917,"14":0.209439,"15":0.131202,"16":0.098999,"17":0.12985,"18":0.183803,"19":0.097743,"20":0.085913,"21":0.092323,"22":0.217023,"23":0.179478,"24":0.126395,"25":0.178324,"26":0.222107,"27":0.145029,"28":0.084978,"29":0.113309,"30":0.221298,"31":0.24553,"32":0.248126,"33":0.169738,"34":0.122795,"35":0.16524,"36":0.185093,"37":0.260945,"38":0.244042,"39":0.241105,"40":0.138374},"BGrate":{"0":0.003571781,"1":0.00487061,"2":0.003348548,"3":0.005208925,"4":0.002438748,"5":0.001845349,"6":0.0004406961,"7":0.0006846018,"8":0.0004856619,"9":0.0003799823,"10":0.0002887301,"11":0.0003179604,"12":0.0003396337,"13":0.0003091645,"14":0.0003310432,"15":0.0003184246,"16":0.0002406493,"17":0.0001347621,"18":0.0001767354,"19":0.0001974118,"20":0.0001396031,"21":0.0001088236,"22":0.0000974569,"23":0.0001155403,"24":0.0001011529,"25":0.0000638555,"26":0.0000731439,"27":0.0000740634,"28":0.0000694806,"29":0.0000764088,"30":0.0000761863,"31":0.0000865549,"32":0.0000765026,"33":0.0000595472,"34":0.0000930138,"35":0.0000555718,"36":0.0000871987,"37":0.0000783238,"38":0.0000646531,"39":0.0000547414,"40":0.0000495879},"BGerr":{"0":0.00178589,"1":0.002435305,"2":0.001933285,"3":0.001968789,"4":0.0005453207,"5":0.0003426726,"6":0.0001558096,"7":0.0001660403,"8":0.0000901851,"9":0.0000745207,"10":0.0000366688,"11":0.0000449664,"12":0.0000445961,"13":0.0000380555,"14":0.0000463553,"15":0.0000324991,"16":0.0000208669,"17":0.0000103358,"18":0.0000125284,"19":0.0000128233,"20":0.0000089008,"21":0.0000047005,"22":0.0000042333,"23":0.0000043985,"24":0.0000034215,"25":0.000002234,"26":0.0000021905,"27":0.0000022081,"28":0.0000022127,"29":0.0000028983,"30":0.0000024836,"31":0.0000038067,"32":0.0000029756,"33":0.0000019299,"34":0.0000034146,"35":0.0000011605,"36":0.000003384,"37":0.0000029029,"38":0.0000019267,"39":0.0000016498,"40":0.0000011443},"CorrFact":{"0":3.957987,"1":3.975225,"2":4.009854,"3":4.07084,"4":2.11665,"5":1.246169,"6":1.250125,"7":1.25942,"8":1.311043,"9":1.287313,"10":1.288707,"11":1.293512,"12":1.296228,"13":1.308162,"14":1.299644,"15":1.311998,"16":1.566887,"17":1.468679,"18":1.493795,"19":1.438316,"20":1.460244,"21":1.4923,"22":1.550321,"23":1.479799,"24":1.506586,"25":1.74327,"26":1.583861,"27":1.660334,"28":1.534819,"29":1.524726,"30":2.084017,"31":1.517789,"32":1.518936,"33":1.540126,"34":1.503744,"35":1.550006,"36":1.565774,"37":1.664994,"38":1.815672,"39":1.65279,"40":1.902687},"CtsInSrc":{"0":20.0,"1":20.0,"2":20.0,"3":24.0,"4":26.0,"5":18.0,"6":15.0,"7":22.0,"8":15.0,"9":19.0,"10":21.0,"11":23.0,"12":25.0,"13":17.0,"14":15.0,"15":25.0,"16":16.0,"17":16.0,"18":16.0,"19":16.0,"20":15.0,"21":16.0,"22":16.0,"23":21.0,"24":15.0,"25":18.0,"26":19.0,"27":15.0,"28":15.0,"29":15.0,"30":17.0,"31":16.0,"32":15.0,"33":18.0,"34":17.0,"35":15.0,"36":15.0,"37":15.0,"38":15.0,"39":15.0,"40":8.0},"BGInSrc":{"0":0.134334,"1":0.134334,"2":0.10075,"3":0.235084,"4":0.483059,"5":0.425669,"6":0.117126,"7":0.248892,"8":0.266676,"9":0.239135,"10":0.458974,"11":0.459997,"12":0.493907,"13":0.448822,"14":0.441573,"15":0.755273,"16":0.702938,"17":0.641651,"18":0.795416,"19":1.013205,"20":0.763058,"21":1.341893,"22":1.254512,"23":1.945587,"24":2.022879,"25":1.258425,"26":2.001192,"27":1.937214,"28":1.820482,"29":1.400639,"30":1.86151,"31":1.271081,"32":1.458754,"33":1.70653,"34":1.729511,"35":3.454536,"36":1.529121,"37":1.542574,"38":1.944283,"39":1.742841,"40":2.225911},"Exposure":{"0":37.609688,"1":27.58044,"2":30.08772,"3":45.130952,"4":198.0767,"5":230.6716,"6":265.77452,"7":363.55778,"8":549.0987,"9":629.3323,"10":1589.6282,"11":1446.7121,"12":1454.234,"13":1451.7267,"14":1333.8836,"15":2371.9058,"16":2921.0045,"17":4761.3627,"18":4500.6035,"19":5132.443099,"20":5465.913999,"21":12330.9014,"22":12872.4782,"23":16839.0268,"24":19998.224799,