{"Time":{"0":540.406,"1":561.908,"2":584.135,"3":610.577,"4":637.801,"5":663.176,"6":697.642,"7":724.23,"8":747.931,"9":773.055,"10":812.9,"11":858.478,"12":930.859,"13":1056.386,"14":1210.597,"15":1447.027,"16":1587.435,"17":1724.381,"18":1869.139,"19":2022.573,"20":2223.263,"21":5735.675,"22":5946.996,"23":6162.579,"24":9900.491,"25":28814.293,"26":29546.11,"27":34866.042,"28":37121.332,"29":65381.096,"30":74720.248},"TimePos":{"0":7.541,"1":11.113,"2":13.959,"3":12.59,"4":10.439,"5":12.645,"6":15.788,"7":9.259,"8":10.632,"9":20.609,"10":23.389,"11":20.435,"12":60.883,"13":48.186,"14":162.257,"15":66.236,"16":63.73,"17":69.7,"18":47.801,"19":104.98,"20":134.956,"21":111.496,"22":95.746,"23":223.66,"24":8306.453,"25":144.485,"26":601.125,"27":517.407,"28":3887.319,"29":5875.945,"30":48.274},"TimeNeg":{"0":-15.024,"1":-13.961,"2":-11.114,"3":-12.483,"4":-14.634,"5":-14.936,"6":-21.822,"7":-10.799,"8":-14.441,"9":-14.493,"10":-19.235,"11":-22.189,"12":-51.946,"13":-64.643,"14":-106.025,"15":-74.174,"16":-74.172,"17":-73.216,"18":-75.057,"19":-105.634,"20":-95.709,"21":-184.367,"22":-99.825,"23":-119.837,"24":-2460.279,"25":-146.364,"26":-587.333,"27":-457.939,"28":-1737.882,"29":-7467.077,"30":-144.788},"Rate":{"0":4.436743,"1":4.410055,"2":4.202688,"3":4.021661,"4":4.022007,"5":4.180931,"6":2.819961,"7":5.57507,"8":4.40684,"9":2.848603,"10":2.347986,"11":2.360561,"12":0.9207258,"13":0.8767773,"14":0.3581619,"15":0.1935251,"16":0.167724,"17":0.1659652,"18":0.2010154,"19":0.0824448,"20":0.1361189,"21":0.06111414,"22":0.09298849,"23":0.05975238,"24":0.0383061,"25":0.07192293,"26":0.01902378,"27":0.0203647,"28":0.02452807,"29":0.008686348,"30":0.02678881},"RatePos":{"0":0.999376,"1":0.9477688,"2":0.9248114,"3":0.903224,"4":0.9059567,"5":0.8773496,"6":0.6196708,"7":1.194948,"8":0.9407894,"9":0.6435387,"10":0.5320104,"11":0.5324985,"12":0.205486,"13":0.1998429,"14":0.08478453,"15":0.04430477,"16":0.03889822,"17":0.03746131,"18":0.04486399,"19":0.02216189,"20":0.02703876,"21":0.01646149,"22":0.02485184,"23":0.01505485,"24":0.007071681,"25":0.01887879,"26":0.004865382,"27":0.005528712,"28":0.00503729,"29":0.001823685,"30":0.01665643},"RateNeg":{"0":-0.999376,"1":-0.9477688,"2":-0.9248114,"3":-0.903224,"4":-0.9059567,"5":-0.8773496,"6":-0.6196708,"7":-1.194948,"8":-0.9407894,"9":-0.6435387,"10":-0.5320104,"11":-0.5324985,"12":-0.205486,"13":-0.1998429,"14":-0.08478453,"15":-0.04430477,"16":-0.03889822,"17":-0.03746131,"18":-0.04486399,"19":-0.02216189,"20":-0.02703876,"21":-0.01646149,"22":-0.02485184,"23":-0.01505485,"24":-0.007071681,"25":-0.01887879,"26":-0.004865382,"27":-0.005528712,"28":-0.00503729,"29":-0.001823685,"30":-0.01184996},"FracExp":{"0":1.0,"1":1.0,"2":1.0,"3":1.0,"4":1.0,"5":1.0,"6":1.0,"7":1.0,"8":1.0,"9":1.0,"10":1.0,"11":1.0,"12":1.0,"13":1.0,"14":1.0,"15":1.0,"16":1.0,"17":1.0,"18":1.0,"19":1.0,"20":1.0,"21":1.0,"22":1.0,"23":1.0,"24":0.095944,"25":1.0,"26":1.0,"27":1.0,"28":0.245594,"29":0.358534,"30":1.0},"BGrate":{"0":0.006374116,"1":0.006884026,"2":0.00688402,"3":0.003442013,"4":0.005736693,"5":0.005215178,"6":0.003824461,"7":0.005736685,"8":0.001147339,"9":0.005736692,"10":0.006074151,"11":0.00404943,"12":0.004079428,"13":0.003314537,"14":0.004074666,"15":0.003266729,"16":0.005121636,"17":0.001289199,"18":0.003749201,"19":0.002770242,"20":0.003594466,"21":0.002086088,"22":0.002582082,"23":0.001837638,"24":0.0008102484,"25":0.0008389367,"26":0.0007362887,"27":0.0007496466,"28":0.0008445105,"29":0.0004693424,"30":0.0006827636},"BGerr":{"0":0.002850591,"1":0.002810392,"2":0.00281039,"3":0.001987247,"4":0.002565527,"5":0.002332298,"6":0.001710351,"7":0.002868342,"8":0.001147339,"9":0.002168266,"10":0.002024717,"11":0.001653173,"12":0.001019857,"13":0.0009192873,"14":0.0006609981,"15":0.0008434658,"16":0.001067935,"17":0.0005263131,"18":0.0009680396,"19":0.0006355372,"20":0.0006917553,"21":0.0003144896,"22":0.0004303471,"23":0.0002739389,"24":0.0000806227,"25":0.0001557866,"26":0.000072199,"27":0.0000803706,"28":0.0000713742,"29":0.000021907,"30":0.0001609289},"CorrFact":{"0":5.042191,"1":5.065836,"2":5.05943,"3":5.063638,"4":5.078743,"5":5.045113,"6":5.085208,"7":5.109807,"8":5.029,"9":5.050491,"10":5.069692,"11":5.074662,"12":5.057743,"13":5.040548,"14":5.082207,"15":1.390527,"16":1.198809,"17":1.196987,"18":1.202392,"19":1.204451,"20":1.199723,"21":1.257156,"22":1.254624,"23":1.253898,"24":1.311888,"25":1.417641,"26":1.402111,"27":1.392029,"28":1.364536,"29":1.678666,"30":1.3371},"CtsInSrc":{"0":20.0,"1":22.0,"2":21.0,"3":20.0,"4":20.0,"5":23.0,"6":21.0,"7":22.0,"8":22.0,"9":20.0,"10":20.0,"11":20.0,"12":21.0,"13":20.0,"14":20.0,"15":20.0,"16":20.0,"17":20.0,"18":21.0,"19":15.0,"20":27.0,"21":15.0,"22":15.0,"23":17.0,"24":31.0,"25":15.0,"26":17.0,"27":15.0,"28":26.0,"29":27.0,"30":4.0},"BGInSrc":{"0":0.143837,"1":0.172604,"2":0.172604,"3":0.086302,"4":0.143837,"5":0.143837,"6":0.143837,"7":0.11507,"8":0.028767,"9":0.201372,"10":0.258906,"11":0.172604,"12":0.460278,"13":0.373976,"14":1.09316,"15":0.458679,"16":0.706284,"17":0.184248,"18":0.46062,"19":0.583452,"20":0.829116,"21":0.617197,"22":0.504979,"23":0.631224,"24":0.836993,"25":0.244004,"26":0.875048,"27":0.731165,"28":1.166705,"29":2.2453,"30":0.131816},"Exposure":{"0":22.56578,"1":25.07316,"2":25.07318,"3":25.07316,"4":25.07314,"5":27.58044,"6":37.60972,"7":20.05854,"8":25.07314,"9":35.1024,"10":42.6243,"11":42.62434,"12":112.82908,"13":112.829,"14":268.28222,"15":140.40934,"16":137.902,"17":142.91666,"18":122.85814,"19":210.61402,"20":230.66454,"21":295.86312,"22":195.57044,"23":343.49734,"24":1033.0076,"25":290.84892,"26":1188.45808,"27":975.34632,"28":1381.51568,"29":4783.9284,"30":193.0621},"Sigma":{"0":308.681085,"1":309.760464,"2":295.569102,"3":399.660268,"4":308.681085,"5":355.318658,"6":324.226943,"7":380.377539,"8":763.755079,"9":260.127203,"10":228.743963,"11":281.377741,"12":178.498371,"13":189.217082,"14":106.617091,"15":165.00246,"16":131.00882,"17":263.441083,"18":172.699178,"19":107.704303,"20":164.015572,"21":154.577542,"22":172.225236,"23":173.955893,"24":362.170965,"25":325.664842,"26":187.924367,"27":182.025714,"28":251.847411,"29":236.205254,"30":4.350767},"SNR":{"0":4.439514,"1":4.653091,"2":4.544373,"3":4.452562,"4":4.439514,"5":4.765411,"6":4.55074,"7":4.665532,"8":4.684194,"9":4.426467,"10":4.413421,"11":4.43299,"12":4.480722,"13":4.387333,"14":4.224378,"15":4.368041,"16":4.311869,"17":4.43031,"18":4.480551,"19":3.720116,"20":5.034216,"21":3.712553,"22":3.741715,"23":3.968978,"24":5.41683,"25":3.809721,"26":3.910029,"27":3.683443,"28":4.8693,"29":4.763075,"30":2.260666}}