{"Time":{"0":426.04,"1":446.531,"2":470.032,"3":498.585,"4":528.379,"5":560.016,"6":592.473,"7":632.77,"8":688.722,"9":761.715,"10":868.824,"11":1099.511,"12":4531.327,"13":4797.732,"14":5144.873,"15":5435.5,"16":5654.723,"17":5920.052,"18":6211.456,"19":6675.51,"20":10450.145,"21":11074.824,"22":11509.602,"23":12144.548,"24":16493.356,"25":17102.771,"26":17978.81,"27":22356.932,"28":23205.55,"29":23860.766,"30":39873.044,"31":46176.33,"32":58675.451,"33":99469.519,"34":164645.056,"35":371221.006,"36":627660.7709999999,"37":896805.902},"TimePos":{"0":7.925,"1":15.015,"2":16.586,"3":15.614,"4":13.401,"5":16.865,"6":19.51,"7":21.837,"8":36.091,"9":20.766,"10":89.168,"11":129.269,"12":109.007,"13":156.017,"14":167.422,"15":94.932,"16":108.889,"17":161.988,"18":108.778,"19":334.222,"20":292.616,"21":239.606,"22":205.998,"23":649.182,"24":332.036,"25":359.479,"26":596.673,"27":498.476,"28":229.047,"29":496.508,"30":1831.343,"31":1311.263,"32":11843.178,"33":34409.546,"34":33072.866,"35":137776.118,"36":73097.415,"37":191372.905},"TimeNeg":{"0":-7.119,"1":-12.566,"2":-8.487,"3":-11.966,"4":-14.18,"5":-18.237,"6":-15.592,"7":-20.787,"8":-34.114,"9":-36.902,"10":-86.344,"11":-141.519,"12":-104.115,"13":-157.398,"14":-191.124,"15":-123.205,"16":-124.291,"17":-156.44,"18":-129.416,"19":-355.275,"20":-241.442,"21":-332.062,"22":-195.172,"23":-428.948,"24":-502.9,"25":-277.379,"26":-516.56,"27":-582.177,"28":-350.142,"29":-426.168,"30":-4236.898,"31":-1163.442,"32":-7839.359,"33":-24259.637,"34":-25776.222,"35":-151110.641,"36":-113336.617,"37":-81409.104},"Rate":{"0":2.691148,"1":1.617419,"2":1.585204,"3":1.476873,"4":1.595172,"5":1.183379,"6":1.133015,"7":0.9342335,"8":0.5726683,"9":0.7346708,"10":0.2233864,"11":0.2425584,"12":0.09242185,"13":0.05855583,"14":0.05211481,"15":0.08610947,"16":0.08030506,"17":0.05835025,"18":0.0769861,"19":0.04051784,"20":0.03602372,"21":0.0334967,"22":0.04794452,"23":0.02473774,"24":0.02271495,"25":0.02978947,"26":0.02037789,"27":0.01742613,"28":0.03311335,"29":0.02047021,"30":0.01044226,"31":0.01120938,"32":0.004579919,"33":0.0024909,"34":0.002561155,"35":0.001095196,"36":0.0008563388,"37":0.0005246797},"RatePos":{"0":0.6039011,"1":0.3453918,"2":0.3576337,"3":0.3302388,"4":0.340641,"5":0.2604338,"6":0.2547052,"7":0.2107699,"8":0.1285084,"9":0.1611349,"10":0.05122214,"11":0.03994627,"12":0.02334755,"13":0.01538196,"14":0.01362032,"15":0.0224364,"16":0.02090282,"17":0.01537513,"18":0.02020272,"19":0.008646992,"20":0.009435118,"21":0.008738053,"22":0.01244986,"23":0.005482653,"24":0.005960716,"25":0.007797586,"26":0.004930008,"27":0.004613407,"28":0.008722261,"29":0.005415871,"30":0.002757025,"31":0.002907896,"32":0.001239163,"33":0.0006555217,"34":0.0006535765,"35":0.0002845966,"36":0.0001941986,"37":0.0001620149},"RateNeg":{"0":-0.6039011,"1":-0.3453918,"2":-0.3576337,"3":-0.3302388,"4":-0.340641,"5":-0.2604338,"6":-0.2547052,"7":-0.2107699,"8":-0.1285084,"9":-0.1611349,"10":-0.05122214,"11":-0.03994627,"12":-0.02334755,"13":-0.01538196,"14":-0.01362032,"15":-0.0224364,"16":-0.02090282,"17":-0.01537513,"18":-0.02020272,"19":-0.008646992,"20":-0.009435118,"21":-0.008738053,"22":-0.01244986,"23":-0.005482653,"24":-0.005960716,"25":-0.007797586,"26":-0.004930008,"27":-0.004613407,"28":-0.008722261,"29":-0.005415871,"30":-0.002757025,"31":-0.002907896,"32":-0.001239163,"33":-0.0006555217,"34":-0.0006535765,"35":-0.0002845966,"36":-0.0001941986,"37":-0.0001620149},"FracExp":{"0":1.0,"1":1.0,"2":1.0,"3":1.0,"4":1.0,"5":1.0,"6":1.0,"7":1.0,"8":1.0,"9":1.0,"10":1.0,"11":0.999994,"12":1.0,"13":1.0,"14":1.0,"15":1.0,"16":1.0,"17":1.0,"18":1.0,"19":1.0,"20":1.0,"21":1.0,"22":1.0,"23":1.0,"24":1.0,"25":1.0,"26":1.0,"27":1.0,"28":1.0,"29":1.0,"30":0.474748,"31":1.0,"32":0.291462,"33":0.155047,"34":0.159601,"35":0.079484,"36":0.212355,"37":0.147994},"BGrate":{"0":0.004635409,"1":0.0012642,"2":0.006953116,"3":0.0,"4":0.0012642,"5":0.004966516,"6":0.002979903,"7":0.004090067,"8":0.0009933019,"9":0.001813856,"10":0.002781245,"11":0.002065546,"12":0.0007727152,"13":0.0008120535,"14":0.0005010618,"15":0.0006176886,"16":0.0005136338,"17":0.0009403146,"18":0.001005642,"19":0.0007599597,"20":0.0003967446,"21":0.0002668632,"22":0.0002112669,"23":0.0002987256,"24":0.0002872552,"25":0.0003186604,"26":0.0004143159,"27":0.000341462,"28":0.0005096808,"29":0.0003899272,"30":0.0001147591,"31":0.0002341062,"32":0.0001193315,"33":0.0000879065,"34":0.0000896417,"35":0.0000728091,"36":0.0000887173,"37":0.0000754011},"BGerr":{"0":0.003277729,"1":0.0012642,"2":0.003109528,"3":0.0,"4":0.0012642,"5":0.002221094,"6":0.001720448,"7":0.001829134,"8":0.0007023705,"9":0.00104723,"10":0.000743319,"11":0.0005163866,"12":0.0002329824,"13":0.0001969519,"14":0.0001446441,"15":0.0002058962,"16":0.000181597,"17":0.0002102607,"18":0.0002514106,"19":0.0001284566,"20":0.0000793489,"21":0.0000629002,"22":0.0000668085,"23":0.0000484597,"24":0.0000563354,"25":0.0000679386,"26":0.0000585931,"27":0.0000539899,"28":0.0000900997,"29":0.0000624383,"30":0.0000103475,"31":0.000021926,"32":0.0000078514,"33":0.0000046788,"34":0.0000047311,"35":0.0000024742,"36":0.0000021081,"37":0.0000018239},"CorrFact":{"0":2.031341,"1":2.030903,"2":2.00477,"3":2.036634,"4":2.002969,"5":1.994617,"6":1.999027,"7":2.008555,"8":2.017229,"9":2.027575,"10":2.009385,"11":1.754288,"12":1.243873,"13":1.244601,"14":1.260805,"15":1.263591,"16":1.258417,"17":1.263922,"18":1.24235,"19":1.242967,"20":1.300962,"21":1.289716,"22":1.289547,"23":1.289805,"24":1.284913,"25":1.282123,"26":1.293439,"27":1.287103,"28":1.30426,"29":1.290103,"30":2.050731,"31":1.79888,"32":1.835337,"33":1.490651,"34":1.488747,"35":1.540144,"36":1.507613,"37":1.63486},"CtsInSrc":{"0":20.0,"1":22.0,"2":20.0,"3":20.0,"4":22.0,"5":21.0,"6":20.0,"7":20.0,"8":20.0,"9":21.0,"10":20.0,"11":38.0,"12":16.0,"13":15.0,"14":15.0,"15":15.0,"16":15.0,"17":15.0,"18":15.0,"19":23.0,"20":15.0,"21":15.0,"22":15.0,"23":21.0,"24":15.0,"25":15.0,"26":18.0,"27":15.0,"28":15.0,"29":15.0,"30":15.0,"31":16.0,"32":15.0,"33":16.0,"34":17.0,"35":18.0,"36":26.0,"37":16.0},"BGInSrc":{"0":0.069734,"1":0.034867,"2":0.174336,"3":0.0,"4":0.034867,"5":0.174336,"6":0.104601,"7":0.174336,"8":0.069734,"9":0.104601,"10":0.48814,"11":0.559324,"12":0.164683,"13":0.254509,"14":0.179654,"15":0.13474,"16":0.119769,"17":0.299423,"18":0.239538,"19":0.52399,"20":0.211885,"21":0.152557,"22":0.084754,"23":0.322065,"24":0.23984,"25":0.202941,"26":0.46123,"27":0.369002,"28":0.295202,"29":0.359777,"30":0.330608,"31":0.579344,"32":0.684569,"33":0.79964,"34":0.841946,"35":1.671833,"36":3.51234,"37":3.043944},"Exposure":{"0":15.043828,"1":27.5804,"2":25.07304,"3":27.58036,"4":27.5804,"5":35.10222,"6":35.1023,"7":42.62418,"8":70.20454,"9":57.668,"10":175.51136,"11":270.787272,"12":213.12198,"13":313.41464,"14":358.54608,"15":218.1363,"16":233.18004,"17":318.4284,"18":238.19436,"19":689.4972,"20":534.05862,"21":571.66788,"22":401.16998,"23":1078.12982,"24":834.93592,"25":636.85752,"26":1113.23286,"27":1080.65304,"28":579.18898,"29":922.67698,"30":2880.8877,"31":2474.7051,"32":5736.7024,"33":9096.4844,"34":9392.3458,"35":22961.8534,"36":39590.267,"37":40370.0373},"Sigma":{"0":404.186351,"1":629.966401,"2":254.288253,"3":1000.0,"4":629.966401,"5":267.114469,"6":329.439423,"7":254.288253,"8":404.186351,"9":345.997997,"10":149.560946,"11":267.75678,"12":318.915357,"13":238.879987,"14":285.767431,"15":330.975806,"16":351.406409,"17":219.565646,"18":246.481855,"19":253.764108,"20":348.965812,"21":412.910069,"22":556.506812,"23":395.781445,"24":313.802758,"25":341.992367,"26":268.884943,"27":250.76986,"28":281.783441,"29":254.124638,"30":492.097371,"31":284.19662,"32":317.828535,"33":357.146663,"34":363.623689,"35":287.411101,"36":269.43686,"37":175.957285},"SNR":{"0":4.456272,"1":4.682853,"2":4.43248,"3":4.472136,"4":4.682853,"5":4.543875,"6":4.448341,"7":4.43248,"8":4.456272,"9":4.559354,"10":4.361129,"11":6.072118,"12":3.958524,"13":3.806786,"14":3.826254,"15":3.837935,"16":3.841829,"17":3.795106,