{"Time":{"0":2428.678,"1":2551.057,"2":2681.979,"3":2790.433,"4":2942.82,"5":3070.879,"6":3214.874,"7":3330.497,"8":8465.415,"9":8774.944,"10":14294.516,"11":14698.035,"12":15406.381,"13":20312.124,"14":21178.239,"15":26455.88,"16":33494.17,"17":74023.114},"TimePos":{"0":69.296,"1":52.224,"2":36.638,"3":61.072,"4":64.138,"5":78.996,"6":47.83,"7":60.079,"8":86.022,"9":282.967,"10":175.152,"11":152.745,"12":537.578,"13":424.19,"14":495.799,"15":949.481,"16":4430.866,"17":9861.377},"TimeNeg":{"0":-73.078,"1":-53.083,"2":-78.699,"3":-71.816,"4":-91.315,"5":-63.921,"6":-64.999,"7":-67.793,"8":-137.128,"9":-223.506,"10":-203.452,"11":-228.367,"12":-555.601,"13":-548.649,"14":-441.925,"15":-1144.115,"16":-2311.367,"17":-8676.996},"Rate":{"0":0.3782337,"1":0.4128583,"2":0.3956683,"3":0.3591194,"4":0.2932692,"5":0.3111004,"6":0.3146869,"7":0.2493373,"8":0.08449349,"9":0.06198287,"10":0.05101611,"11":0.05046411,"12":0.01981576,"13":0.02127992,"14":0.02452595,"15":0.01483285,"16":0.008261655,"17":0.002535079},"RatePos":{"0":0.08367944,"1":0.09231791,"2":0.0873507,"3":0.07726139,"4":0.06453867,"5":0.07010516,"6":0.07075616,"7":0.04928297,"8":0.02213846,"9":0.01252423,"10":0.013281,"11":0.0131373,"12":0.004907924,"13":0.005598982,"14":0.006143213,"15":0.003270494,"16":0.001931341,"17":0.001037553},"RateNeg":{"0":-0.08367944,"1":-0.09231791,"2":-0.0873507,"3":-0.07726139,"4":-0.06453867,"5":-0.07010516,"6":-0.07075616,"7":-0.04928297,"8":-0.02213846,"9":-0.01252423,"10":-0.013281,"11":-0.0131373,"12":-0.004907924,"13":-0.005598982,"14":-0.006143213,"15":-0.003270494,"16":-0.001931341,"17":-0.0008290594},"FracExp":{"0":0.810093,"1":1.0,"2":1.0,"3":1.0,"4":1.0,"5":1.0,"6":0.999963,"7":1.0,"8":1.0,"9":1.0,"10":1.0,"11":1.0,"12":1.0,"13":1.0,"14":1.0,"15":1.0,"16":0.466337,"17":0.25251},"BGrate":{"0":0.002458592,"1":0.0,"2":0.002080341,"3":0.001477292,"4":0.00112253,"5":0.001068372,"6":0.0009666581,"7":0.00156655,"8":0.0009729359,"9":0.0005001175,"10":0.0003230446,"11":0.0003209188,"12":0.0003216577,"13":0.0002868804,"14":0.0005729247,"15":0.0005944389,"16":0.0004428857,"17":0.000159009},"BGerr":{"0":0.0006818908,"1":0.0,"2":0.0006272465,"3":0.0004924307,"4":0.0003968743,"5":0.0004038068,"6":0.0004323027,"7":0.0005221833,"8":0.0002293232,"9":0.0001091346,"10":0.0000807612,"11":0.0000802297,"12":0.0000474258,"13":0.0000453598,"14":0.0000652908,"15":0.0000475932,"16":0.0000319625,"17":0.0000106242},"CorrFact":{"0":2.105767,"1":2.173845,"2":2.198209,"3":2.188736,"4":2.189128,"5":2.240178,"6":1.784961,"7":1.235802,"8":1.275445,"9":1.268561,"10":1.298245,"11":1.292705,"12":1.301159,"13":1.406294,"14":1.397006,"15":1.427409,"16":1.324795,"17":1.437383},"CtsInSrc":{"0":21.0,"1":20.0,"2":21.0,"3":22.0,"4":21.0,"5":20.0,"6":20.0,"7":26.0,"8":15.0,"9":25.0,"10":15.0,"11":15.0,"12":17.0,"13":15.0,"14":17.0,"15":23.0,"16":21.0,"17":9.0},"BGInSrc":{"0":0.283564,"1":0.0,"2":0.239939,"3":0.196314,"4":0.174501,"5":0.152688,"6":0.109063,"7":0.200318,"8":0.217111,"9":0.253296,"10":0.122306,"11":0.122306,"12":0.35163,"13":0.279088,"14":0.537245,"15":1.244515,"16":1.392501,"17":0.744342},"Exposure":{"0":115.33606,"1":105.3071,"2":115.33638,"3":132.88758,"4":155.4534,"5":142.91692,"6":112.825,"7":127.87216,"8":223.15056,"9":506.47374,"10":378.60382,"11":381.1117,"12":1093.17918,"13":972.8388,"14":937.7238,"15":2093.5955,"16":3144.1542,"17":4681.1291},"Sigma":{"0":263.411735,"1":1000.0,"2":286.961769,"3":333.196498,"4":337.553162,"5":343.909701,"6":407.813872,"7":386.380643,"8":288.877256,"9":447.711244,"10":486.573144,"11":486.573144,"12":321.118494,"13":333.597597,"14":268.890435,"15":218.338869,"16":195.109027,"17":165.998226},"SNR":{"0":4.520031,"1":4.472136,"2":4.529652,"3":4.648109,"4":4.544085,"5":4.437624,"6":4.447484,"7":5.0593,"8":3.816592,"9":4.949038,"10":3.841284,"11":3.841284,"12":4.037504,"13":3.800676,"14":3.992364,"15":4.535354,"16":4.277679,"17":3.057778}}