{"Time":{"0":567.937},"TimePos":{"0":39621.815},"TimeNeg":{"0":-462.395},"Rate":{"0":0.001778678},"RatePos":{"0":0.0004647201},"RateNeg":{"0":-0.0004647201},"FracExp":{"0":0.287734},"BGrate":{"0":0.0001056062},"BGerr":{"0":0.0000042829},"CorrFact":{"0":1.29987},"CtsInSrc":{"0":17.0},"BGInSrc":{"0":1.218018},"Exposure":{"0":11533.58},"Sigma":{"0":319.491854},"SNR":{"0":3.827418}}