{"Time":{"0":316.844,"1":334.559,"2":353.895,"3":376.379,"4":390.182,"5":412.584,"6":438.928,"7":466.921,"8":503.544,"9":528.56,"10":554.77,"11":577.814,"12":620.866,"13":670.438,"14":699.819,"15":729.232,"16":783.079,"17":4205.781,"18":4400.926,"19":4578.657,"20":4783.263,"21":4987.036,"22":5195.22,"23":5416.645,"24":5616.565,"25":5880.112,"26":6085.46,"27":6393.885,"28":10243.758,"29":10800.765,"30":11231.73,"31":11945.677,"32":17378.439,"33":61224.236},"TimePos":{"0":9.423,"1":9.258,"2":12.488,"3":7.555,"4":8.797,"5":13.975,"6":10.197,"7":17.306,"8":13.278,"9":10.828,"10":9.691,"11":11.72,"12":31.35,"13":16.881,"14":10.066,"15":23.277,"16":37.126,"17":131.902,"18":69.644,"19":100.02,"20":80.955,"21":87.795,"22":100.254,"23":69.385,"24":135.239,"25":102.365,"26":130.197,"27":210.397,"28":272.218,"29":214.165,"30":274.633,"31":443.251,"32":6577.531,"33":60609.988},"TimeNeg":{"0":-5.621,"1":-8.293,"2":-10.077,"3":-9.996,"4":-6.247,"5":-13.606,"6":-12.369,"7":-17.796,"8":-19.317,"9":-11.738,"10":-15.382,"11":-13.353,"12":-31.332,"13":-18.221,"14":-12.5,"15":-19.347,"16":-30.57,"17":-204.77,"18":-63.243,"19":-108.087,"20":-104.586,"21":-122.818,"22":-120.389,"23":-121.171,"24":-130.536,"25":-128.308,"26":-102.983,"27":-178.228,"28":-455.158,"29":-284.789,"30":-216.8,"31":-439.314,"32":-1008.217,"33":-32324.939},"Rate":{"0":3.467067,"1":3.226303,"2":2.502339,"3":3.267151,"4":3.611055,"5":2.049287,"6":2.302032,"7":1.440498,"8":1.722674,"9":2.266288,"10":2.037788,"11":2.069148,"12":0.819806,"13":1.466442,"14":2.296195,"15":1.197524,"16":1.373676,"17":0.1281611,"18":0.1915683,"19":0.1230971,"20":0.1396148,"21":0.1173037,"22":0.1115125,"23":0.1289299,"24":0.06969705,"25":0.08064797,"26":0.07894552,"27":0.06498373,"28":0.02959391,"29":0.03769026,"30":0.03841955,"31":0.02101847,"32":0.01031078,"33":0.0008534971},"RatePos":{"0":0.7791232,"1":0.6951614,"2":0.5367264,"3":0.6965589,"4":0.79299,"5":0.4388879,"6":0.5199056,"7":0.3253312,"8":0.3711791,"9":0.5084382,"10":0.457934,"11":0.4665309,"12":0.1863945,"13":0.3322998,"14":0.5160036,"15":0.269109,"16":0.2306403,"17":0.02910323,"18":0.04220361,"19":0.02723929,"20":0.03069019,"21":0.02657573,"22":0.02524413,"23":0.02923238,"24":0.01829444,"25":0.0211689,"26":0.02072203,"27":0.01447609,"28":0.007856547,"29":0.009922629,"30":0.01009661,"31":0.005623802,"32":0.002292693,"33":0.000253661},"RateNeg":{"0":-0.7791232,"1":-0.6951614,"2":-0.5367264,"3":-0.6965589,"4":-0.79299,"5":-0.4388879,"6":-0.5199056,"7":-0.3253312,"8":-0.3711791,"9":-0.5084382,"10":-0.457934,"11":-0.4665309,"12":-0.1863945,"13":-0.3322998,"14":-0.5160036,"15":-0.269109,"16":-0.2306403,"17":-0.02910323,"18":-0.04220361,"19":-0.02723929,"20":-0.03069019,"21":-0.02657573,"22":-0.02524413,"23":-0.02923238,"24":-0.01829444,"25":-0.0211689,"26":-0.02072203,"27":-0.01447609,"28":-0.007856547,"29":-0.009922629,"30":-0.01009661,"31":-0.005623802,"32":-0.002292693,"33":-0.000253661},"FracExp":{"0":1.0,"1":1.0,"2":1.0,"3":1.0,"4":1.0,"5":1.0,"6":1.0,"7":1.0,"8":1.0,"9":1.0,"10":1.0,"11":1.0,"12":1.0,"13":1.0,"14":1.0,"15":1.0,"16":1.0,"17":0.558549,"18":1.0,"19":1.0,"20":1.0,"21":1.0,"22":1.0,"23":1.0,"24":1.0,"25":1.0,"26":1.0,"27":1.0,"28":0.868657,"29":1.0,"30":1.0,"31":1.0,"32":0.345071,"33":0.296123},"BGrate":{"0":0.006487272,"1":0.01297453,"2":0.005766462,"3":0.0,"4":0.008649689,"5":0.003538511,"6":0.008649693,"7":0.005560524,"8":0.006986281,"9":0.002883239,"10":0.00389236,"11":0.006487267,"12":0.005189818,"13":0.007414028,"14":0.00432485,"15":0.002289626,"16":0.003844403,"17":0.001616142,"18":0.001486545,"19":0.001387349,"20":0.0008189899,"21":0.001226534,"22":0.001101913,"23":0.001435386,"24":0.000914795,"25":0.001054003,"26":0.00104267,"27":0.001094824,"28":0.0006482278,"29":0.0005763559,"30":0.0005319792,"31":0.0005924365,"32":0.0003452744,"33":0.000179821},"BGerr":{"0":0.003745428,"1":0.00490391,"2":0.002883231,"3":0.0,"4":0.004324845,"5":0.00204296,"6":0.003531222,"7":0.002270074,"8":0.002640566,"9":0.002038758,"10":0.002247255,"11":0.002901194,"12":0.001641164,"13":0.002621255,"14":0.002496954,"15":0.001321916,"16":0.001359202,"17":0.0003613804,"18":0.0004122934,"19":0.0003182798,"20":0.0002589873,"21":0.0002974783,"22":0.0002754782,"23":0.0003383237,"24":0.0002286987,"25":0.0002635007,"26":0.0002606674,"27":0.0002069024,"28":0.0000945537,"29":0.0001003307,"30":0.0000971257,"31":0.0000764832,"32":0.0000264038,"33":0.0000036721},"CorrFact":{"0":2.62069,"1":2.600803,"2":2.581964,"3":2.606464,"4":2.602996,"5":2.580546,"6":2.622956,"7":2.553155,"8":2.578997,"9":2.565366,"10":2.567211,"11":2.615267,"12":2.611866,"13":2.607707,"14":2.603474,"15":2.564692,"16":2.601919,"17":1.223613,"18":1.223748,"19":1.236876,"20":1.242525,"21":1.251453,"22":1.245362,"23":1.245448,"24":1.255261,"25":1.260651,"26":1.247453,"27":1.227456,"28":1.281569,"29":1.27822,"30":1.281035,"31":1.281343,"32":1.279364,"33":1.560552},"CtsInSrc":{"0":20.0,"1":22.0,"2":22.0,"3":22.0,"4":21.0,"5":22.0,"6":20.0,"7":20.0,"8":22.0,"9":20.0,"10":20.0,"11":20.0,"12":20.0,"13":20.0,"14":20.0,"15":20.0,"16":36.0,"17":20.0,"18":21.0,"19":21.0,"20":21.0,"21":20.0,"22":20.0,"23":20.0,"24":15.0,"25":15.0,"26":15.0,"27":21.0,"28":15.0,"29":15.0,"30":15.0,"31":15.0,"32":22.0,"33":20.0},"BGInSrc":{"0":0.097594,"1":0.227718,"2":0.130125,"3":0.0,"4":0.130125,"5":0.097594,"6":0.195187,"7":0.195187,"8":0.227718,"9":0.065062,"10":0.097594,"11":0.162656,"12":0.325312,"13":0.260249,"14":0.097594,"15":0.097594,"16":0.260249,"17":0.303912,"18":0.197543,"19":0.288716,"20":0.151956,"21":0.258325,"22":0.243129,"23":0.273521,"24":0.243129,"25":0.243129,"26":0.243129,"27":0.425477,"28":0.409577,"29":0.287575,"30":0.261432,"31":0.522864,"32":0.903797,"33":4.948695},"Exposure":{"0":15.043848,"1":17.55118,"2":22.56578,"3":17.55114,"4":15.04386,"5":27.5804,"6":22.56578,"7":35.10228,"8":32.59506,"9":22.56572,"10":25.0731,"11":25.0731,"12":62.6827,"13":35.1023,"14":22.56576,"15":42.62422,"16":67.695672,"17":188.0477,"18":132.88714,"19":208.10638,"20":185.54066,"21":210.6138,"22":220.6431,"23":190.5555,"24":265.77482,"25":230.67248,"26":233.17974,"27":388.62538,"28":631.84072,"29":498.9541,"30":491.43262,"31":882.56526,"32":2617.6212,"33":27520.124797},"Sigma":{"0":353.219898,"1":252.961904,"2":336.137145,"3":1000.0,"4":320.767275,"5":388.715092,"6":248.53944,"7":248.53944,"8":252.961904,"9":433.311365,"10":353.219898,"11":272.708529,"12":191.252911,"13":214.534362,"14":353.219898,"15":353.219898,"16":388.424593,"17":289.832685,"18":379.686662,"19":312.688995,"20":433.858085,"21":315.095292,"22":325.042793,"23":305.981879,"24":242.782095,"25":242.782095,"26":242.782095,"27":255.878118,"28":244.22019,"29":293.893438,"30":308.785761,"31":214.471522,"32":305.232817,"33":148.938868},"SNR":{"0":4.44996,"1":4.641085,"2":4.662225,"3":4.690416,"4":4.553721,"5":4.669272,"6":4.427788,"7":4.427788,"8":4.641085,"9":4.457352,"10":4.44996,"11":4.435178,"12":4.398231,"13":4.413008,"14":4.44996,"15":4.44996,"16":5.955925,"17":4.403671,"18":4.539144,"19":4.519101,"20":4.549166,"21":4.41394,"22":4.417363,"23":4.410517,"24":3.809738,"25":3.809738,"26":3.809738,"27":4.489038,"28":3.766783,"29":3.798414,"30":3.805193,"31":3.737413,"32":4.497237,"33":3.364715}}