{"Time":{"0":5428.062,"1":10962.208,"2":16738.994,"3":29569.234,"4":141899.431,"5":272531.091},"TimePos":{"0":1122.155,"1":1299.373,"2":1278.627,"3":32368.443,"4":58339.504,"5":88506.085},"TimeNeg":{"0":-1361.746,"1":-1105.128,"2":-980.454,"3":-8225.674,"4":-34210.209,"5":-67351.89},"Rate":{"0":0.0186072,"1":0.01498291,"2":0.01402377,"3":0.01079711,"4":0.003759218,"5":0.001584469},"RatePos":{"0":0.005160431,"1":0.002959955,"2":0.002900903,"3":0.001710336,"4":0.0009629129,"5":0.0006187173},"RateNeg":{"0":-0.005160431,"1":-0.002959955,"2":-0.002900903,"3":-0.001710336,"4":-0.0009629129,"5":-0.0005001837},"FracExp":{"0":0.978128,"1":1.0,"2":0.998889,"3":0.135389,"4":0.068324,"5":0.054037},"BGrate":{"0":0.0008754098,"1":0.0002892207,"2":0.0003658734,"3":0.0001974809,"4":0.0001426517,"5":0.0001112269},"BGerr":{"0":0.0000492456,"1":0.0000286371,"2":0.0000348847,"3":0.0000133445,"4":0.0000083624,"5":0.0000061136},"CorrFact":{"0":3.039547,"1":1.369588,"2":1.309056,"3":1.45036,"4":1.476652,"5":1.472407},"CtsInSrc":{"0":17.0,"1":27.0,"2":25.0,"3":42.0,"4":17.0,"5":10.0},"BGInSrc":{"0":2.126873,"1":0.695431,"2":0.825619,"3":1.085355,"4":0.902045,"5":0.936755},"Exposure":{"0":2429.5737,"1":2404.5007,"2":2256.57,"3":5496.0016,"4":6323.4106,"5":8422.0207},"Sigma":{"0":124.309516,"1":382.011963,"2":307.094526,"3":557.864835,"4":304.430967,"5":176.02391},"SNR":{"0":3.605745,"1":5.061872,"2":4.834277,"3":6.312863,"4":3.904006,"5":3.167774}}