{"Time":{"0":291.65,"1":321.683,"2":350.619,"3":377.701,"4":409.707,"5":479.97,"6":617.11,"7":755.636,"8":875.47,"9":1024.538,"10":1284.957,"11":1498.299,"12":6439.383,"13":7778.102,"14":14785.122},"TimePos":{"0":15.416,"1":15.471,"2":11.608,"3":14.614,"4":27.74,"5":45.233,"6":78.59,"7":60.415,"8":63.439,"9":135.014,"10":90.224,"11":107.55,"12":1018.974,"13":221.283,"14":21907.421},"TimeNeg":{"0":-9.657,"1":-14.617,"2":-13.465,"3":-15.474,"4":-17.392,"5":-42.523,"6":-91.908,"7":-59.936,"8":-59.419,"9":-85.629,"10":-125.405,"11":-123.119,"12":-956.46,"13":-319.745,"14":-3535.786},"Rate":{"0":2.922525,"1":2.501621,"2":3.012784,"3":2.361568,"4":1.560044,"5":0.8057296,"6":0.3536505,"7":0.2016106,"8":0.1960737,"9":0.1078177,"10":0.08401017,"11":0.0813545,"12":0.02578852,"13":0.02834454,"14":0.006227501},"RatePos":{"0":0.6383339,"1":0.5464006,"2":0.6580481,"3":0.5290836,"4":0.349849,"5":0.1808646,"6":0.07760488,"7":0.0454529,"8":0.04411376,"9":0.02463715,"10":0.02196048,"11":0.02106455,"12":0.00682777,"13":0.01000305,"14":0.001430979},"RateNeg":{"0":-0.6383339,"1":-0.5464006,"2":-0.6580481,"3":-0.5290836,"4":-0.349849,"5":-0.1808646,"6":-0.07760488,"7":-0.0454529,"8":-0.04411376,"9":-0.02463715,"10":-0.02196048,"11":-0.02106455,"12":-0.00682777,"13":-0.01000305,"14":-0.001430979},"FracExp":{"0":1.0,"1":1.0,"2":1.0,"3":1.0,"4":1.0,"5":1.0,"6":0.999989,"7":1.0,"8":1.0,"9":1.0,"10":1.0,"11":1.0,"12":0.366811,"13":0.950033,"14":0.173045},"BGrate":{"0":0.0007623271,"1":0.0006352734,"2":0.0007623267,"3":0.001270547,"4":0.001270546,"5":0.0008712315,"6":0.000679164,"7":0.001344373,"8":0.0009877035,"9":0.0019249,"10":0.0008441422,"11":0.002367303,"12":0.0005090203,"13":0.007807934,"14":0.0002394815},"BGerr":{"0":0.0007623271,"1":0.0006352734,"2":0.0007623267,"3":0.0008984122,"4":0.00073355,"5":0.0004356158,"6":0.0002772675,"7":0.0004753078,"8":0.0004032283,"9":0.0004200476,"10":0.0002813807,"11":0.0004555876,"12":0.0001061381,"13":0.0003571266,"14":0.0000168917},"CorrFact":{"0":3.492556,"1":3.587462,"2":3.600421,"3":3.559516,"4":3.530489,"5":3.548946,"6":2.887145,"7":1.223096,"8":1.211815,"9":1.21527,"10":1.222501,"11":1.214316,"12":1.277182,"13":1.326046,"14":1.374666},"CtsInSrc":{"0":21.0,"1":21.0,"2":21.0,"3":20.0,"4":20.0,"5":20.0,"6":21.0,"7":20.0,"8":20.0,"9":20.0,"10":15.0,"11":16.0,"12":15.0,"13":15.0,"14":21.0},"BGInSrc":{"0":0.019114,"1":0.019114,"2":0.019114,"3":0.038228,"4":0.057342,"5":0.076456,"6":0.115794,"7":0.161797,"8":0.121347,"9":0.424716,"10":0.182021,"11":0.546063,"12":0.368842,"13":4.013238,"14":1.054394},"Exposure":{"0":25.073148,"1":30.08774,"2":25.07316,"3":30.08774,"4":45.13164,"5":87.75596,"6":170.495292,"7":120.3509,"8":122.85814,"9":220.64316,"10":215.6285,"11":230.66902,"12":724.61132,"13":513.99488,"14":4402.8188},"Sigma":{"0":1097.674608,"1":1097.674608,"2":1097.674608,"3":738.471754,"4":602.382312,"5":521.178385,"6":441.780488,"7":346.799181,"8":401.265698,"9":211.212269,"10":244.224053,"11":147.054379,"12":190.240234,"13":59.85339,"14":268.189923},"SNR":{"0":4.578365,"1":4.578365,"2":4.578365,"3":4.463506,"4":4.459192,"5":4.454877,"6":4.557065,"7":4.435594,"8":4.444729,"9":4.376227,"10":3.825516,"11":3.862151,"12":3.777004,"13":2.833589,"14":4.351915}}