{"Time":{"0":4105.375,"1":4206.796,"2":4322.023,"3":4455.753,"4":4637.441,"5":4788.486,"6":4900.303,"7":5025.408,"8":5140.371,"9":5274.035,"10":5372.454,"11":5483.125,"12":5664.337,"13":5821.033,"14":5961.456,"15":6102.631,"16":6396.096,"17":9992.425,"18":10197.665,"19":10439.004,"20":10663.891,"21":10926.316,"22":11233.888,"23":11470.287,"24":11752.818,"25":12115.725,"26":15801.649,"27":16165.728,"28":16575.012,"29":16883.901,"30":17202.644,"31":17810.316,"32":21792.751,"33":22308.434,"34":23246.802,"35":27796.908,"36":28513.951,"37":29316.619,"38":33476.146,"39":34084.27,"40":34961.455,"41":39585.834,"42":40672.256,"43":45900.526,"44":51212.023,"45":52324.057,"46":56541.592,"47":57728.05,"48":63255.252,"49":68683.217,"50":80509.475,"51":86008.841,"52":91905.944,"53":141269.278,"54":172016.114,"55":235696.567,"56":335148.562},"TimePos":{"0":45.727,"1":39.583,"2":62.259,"3":73.952,"4":100.372,"5":52.127,"6":75.704,"7":58.414,"8":58.787,"9":37.952,"10":47.348,"11":84.608,"12":83.923,"13":55.1,"14":62.609,"15":104.468,"16":229.714,"17":100.238,"18":115.642,"19":104.975,"20":98.224,"21":154.228,"22":137.504,"23":141.808,"24":160.154,"25":311.233,"26":148.667,"27":225.875,"28":195.195,"29":137.037,"30":204.42,"31":394.074,"32":270.678,"33":258.964,"34":531.618,"35":328.543,"36":331.098,"37":443.588,"38":310.516,"39":294.118,"40":570.284,"41":550.699,"42":627.66,"43":1181.485,"44":477.257,"45":541.142,"46":468.795,"47":912.078,"48":1149.35,"49":4871.453,"50":1250.713,"51":1518.374,"52":6127.228,"53":3196.025,"54":24439.584,"55":35909.762,"56":69897.669},"TimeNeg":{"0":-49.551,"1":-55.694,"2":-75.643,"3":-71.472,"4":-107.735,"5":-50.673,"6":-59.691,"7":-49.4,"8":-56.55,"9":-74.877,"10":-60.466,"11":-63.324,"12":-96.603,"13":-72.773,"14":-85.323,"15":-78.566,"16":-188.997,"17":-105.362,"18":-105.002,"19":-125.697,"20":-119.912,"21":-164.201,"22":-153.344,"23":-98.894,"24":-140.724,"25":-202.753,"26":-107.079,"27":-215.411,"28":-183.409,"29":-113.694,"30":-181.707,"31":-403.252,"32":-348.628,"33":-245.005,"34":-679.404,"35":-436.187,"36":-388.501,"37":-471.57,"38":-399.052,"39":-297.608,"40":-583.068,"41":-487.328,"42":-535.722,"43":-832.396,"44":-447.942,"45":-634.777,"46":-431.329,"47":-717.663,"48":-1337.684,"49":-986.904,"50":-1349.357,"51":-1011.491,"52":-1131.795,"53":-4151.093,"54":-23313.957,"55":-11919.961,"56":-52357.838},"Rate":{"0":0.4460989,"1":0.4421688,"2":0.3085974,"3":0.2902919,"4":0.2028744,"5":0.3819535,"6":0.1894261,"7":0.2385631,"8":0.2120062,"9":0.218114,"10":0.22965,"11":0.1641162,"12":0.1414324,"13":0.2012293,"14":0.1657118,"15":0.1319977,"16":0.1072751,"17":0.09067225,"18":0.1134251,"19":0.1088007,"20":0.08640392,"21":0.05801707,"22":0.06404305,"23":0.09797413,"24":0.06130739,"25":0.06516168,"26":0.07615,"27":0.0464335,"28":0.05124707,"29":0.1028948,"30":0.05028784,"31":0.04018729,"32":0.03183049,"33":0.03856943,"34":0.0277825,"35":0.02511566,"36":0.02660606,"37":0.0291804,"38":0.02774825,"39":0.03371712,"40":0.02619478,"41":0.01870379,"42":0.01877018,"43":0.01532073,"44":0.02391337,"45":0.01740707,"46":0.02379001,"47":0.02007254,"48":0.01543973,"49":0.01054194,"50":0.01178106,"51":0.008512967,"52":0.008963831,"53":0.007659796,"54":0.003958896,"55":0.002640054,"56":0.003076649},"RatePos":{"0":0.1005193,"1":0.09963376,"2":0.06938343,"3":0.06577334,"4":0.04611967,"5":0.0860715,"6":0.04178001,"7":0.0522252,"8":0.04751203,"9":0.04888084,"10":0.05146613,"11":0.03698632,"12":0.03119449,"13":0.04424085,"14":0.03722036,"15":0.02984854,"16":0.01800469,"17":0.02355187,"18":0.02547653,"19":0.02447447,"20":0.02260129,"21":0.01516068,"22":0.01670177,"23":0.02261873,"24":0.01608517,"25":0.01270161,"26":0.01971845,"27":0.01210724,"28":0.01335461,"29":0.02315755,"30":0.01311984,"31":0.008295469,"32":0.008322272,"33":0.01011902,"34":0.005542752,"35":0.006583086,"36":0.006956171,"37":0.006494614,"38":0.007296408,"39":0.008789547,"40":0.005578864,"41":0.004942512,"42":0.004692319,"43":0.003451062,"44":0.006097444,"45":0.00463826,"46":0.006249852,"47":0.004295753,"48":0.003298645,"49":0.002416846,"50":0.002500751,"51":0.002287882,"52":0.002146469,"53":0.002030127,"54":0.000956761,"55":0.0007231399,"56":0.0005523622},"RateNeg":{"0":-0.1005193,"1":-0.09963376,"2":-0.06938343,"3":-0.06577334,"4":-0.04611967,"5":-0.0860715,"6":-0.04178001,"7":-0.0522252,"8":-0.04751203,"9":-0.04888084,"10":-0.05146613,"11":-0.03698632,"12":-0.03119449,"13":-0.04424085,"14":-0.03722036,"15":-0.02984854,"16":-0.01800469,"17":-0.02355187,"18":-0.02547653,"19":-0.02447447,"20":-0.02260129,"21":-0.01516068,"22":-0.01670177,"23":-0.02261873,"24":-0.01608517,"25":-0.01270161,"26":-0.01971845,"27":-0.01210724,"28":-0.01335461,"29":-0.02315755,"30":-0.01311984,"31":-0.008295469,"32":-0.008322272,"33":-0.01011902,"34":-0.005542752,"35":-0.006583086,"36":-0.006956171,"37":-0.006494614,"38":-0.007296408,"39":-0.008789547,"40":-0.005578864,"41":-0.004942512,"42":-0.004692319,"43":-0.003451062,"44":-0.006097444,"45":-0.00463826,"46":-0.006249852,"47":-0.004295753,"48":-0.003298645,"49":-0.002416846,"50":-0.002500751,"51":-0.002287882,"52":-0.002146469,"53":-0.002030127,"54":-0.000956761,"55":-0.0007231399,"56":-0.0005523622},"FracExp":{"0":1.0,"1":1.0,"2":1.0,"3":1.0,"4":1.0,"5":0.999965,"6":1.0,"7":1.0,"8":1.0,"9":1.0,"10":1.0,"11":1.0,"12":1.0,"13":1.0,"14":1.0,"15":1.0,"16":1.0,"17":1.0,"18":1.0,"19":1.0,"20":1.0,"21":1.0,"22":1.0,"23":1.0,"24":1.0,"25":1.0,"26":1.0,"27":0.948859,"28":1.0,"29":1.0,"30":1.0,"31":0.968541,"32":1.0,"33":1.0,"34":1.0,"35":1.0,"36":1.0,"37":1.0,"38":1.0,"39":1.0,"40":1.0,"41":1.0,"42":1.0,"43":0.972352,"44":1.0,"45":1.0,"46":1.0,"47":1.0,"48":0.988994,"49":0.439115,"50":1.0,"51":1.0,"52":0.386162,"53":0.432039,"54":0.164498,"55":0.168325,"56":0.132917},"BGrate":{"0":0.001587993,"1":0.001587993,"2":0.0007836851,"3":0.00178356,"4":0.001557929,"5":0.001485117,"6":0.001629969,"7":0.0006140808,"8":0.0003826881,"9":0.0003911922,"10":0.0004093871,"11":0.001044284,"12":0.001222475,"13":0.001208093,"14":0.0005967334,"15":0.001205728,"16":0.003004288,"17":0.0004317278,"18":0.0004022919,"19":0.000513068,"20":0.000881651,"21":0.0005575066,"22":0.0005086445,"23":0.0004916894,"24":0.0007867029,"25":0.0006619991,"26":0.0001676509,"27":0.0003481536,"28":0.0003623924,"29":0.0005130113,"30":0.000399749,"31":0.0003442325,"32":0.0003004764,"33":0.0004699443,"34":0.0003631987,"35":0.0002916728,"36":0.0002583046,"37":0.0004468373,"38":0.0003805735,"39":0.0002408593,"40":0.0004162443,"41":0.0003296293,"42":0.0004338147,"43":0.0003336298,"44":0.0003365428,"45":0.0003939523,"46":0.0002850369,"47":0.000361161,"48":0.0002241733,"49":0.0003921743,"50":0.0003528278,"51":0.0002322995,"52":0.0002835871,"53":0.0001217344,"54":0.0001225099,"55":0.0001067426,"56":0.0001258196},"BGerr":{"0":0.000600205,"1":0.0006002051,"2":0.0003504746,"3":0.0005148693,"4":0.0004022555,"5":0.0005613214,"6":0.0005154413,"7":0.0003545397,"8":0.0002706014,"9":0.0002766147,"10":0.0002894804,"11":0.0003947024,"12":0.0003865805,"13":0.0004566161,"14":0.0002983667,"15":0.0003812847,"16":0.0003979277,"17":0.0001762521,"18":0.000164235,"19":0.0001813969,"20":0.000244526,"21":0.0001609383,"22":0.0001608475,"23":0.0001738385,"24":0.0001966757,"25":0.0001380363,"26":0.0000749758,"27":0.0000844396,"28":0.0000905981,"29":0.0001324589,"30":0.0000942217,"31":0.000061826,"32":0.0000640618,"33":0.0000888111,"34":0.0000503666,"35":0.0000532519,"36":0.0000516609,"37":0.0000602515,"38":0.0000634289,"39":0.0000552569,"40":0.0000520305,"41":0.000052119,"42":0.0000564779,"43":0.0000380206,"44":0.0000525592,"45":0.0000504404,"46":0.0000488834,"47":0.0000408934,"48":0.0000192938,"49":0.0000286786,"50":0.0000327592,"51":0.0000209457,"52":0.0000227051,"53":0.000010845,"54":0.0000067645,"55":0.000005876,"56":0.0000048938},"CorrFact":{"0":2.141367,"1":2.122502,"2":2.139373,"3":2.138505,"4":2.145762,"5":1.978268,"6":1.234271,"7":1.228662,"8":1.225306,"9":1.233202,"10":1.240718,"11":1.223347,"12":1.228738,"13":1.234405,"14":1.231134,