{"Time":{"0":36857.746,"1":43521.402,"2":126007.484,"3":270782.289,"4":329059.998},"TimePos":{"0":480.172,"1":4473.993,"2":1968.741,"3":47283.611,"4":524.937},"TimeNeg":{"0":-467.588,"1":-1371.24,"2":-3295.137,"3":-61651.922,"4":-648.479},"Rate":{"0":0.03301019,"1":0.02085035,"2":0.01062348,"3":0.003839624,"4":0.005965424},"RatePos":{"0":0.006750962,"1":0.005179137,"2":0.002736795,"3":0.001006573,"4":0.003276501},"RateNeg":{"0":-0.006750962,"1":-0.005179137,"2":-0.002736795,"3":-0.001006573,"4":-0.00242003},"FracExp":{"0":1.0,"1":0.176298,"2":0.377247,"3":0.05425,"4":1.0},"BGrate":{"0":0.0005794937,"1":0.0003876164,"2":0.0004995319,"3":0.0002149182,"4":0.000177381},"BGerr":{"0":0.0000718773,"1":0.0000559476,"2":0.0000420682,"3":0.0000114067,"4":0.0000218341},"CorrFact":{"0":1.279539,"1":1.294311,"2":1.317832,"3":1.442543,"4":1.460752},"CtsInSrc":{"0":25.0,"1":17.0,"2":17.0,"3":17.0,"4":5.0},"BGInSrc":{"0":0.549221,"1":0.399439,"2":0.991961,"3":1.270103,"4":0.208142},"Exposure":{"0":947.7594,"1":1030.5003,"2":1985.7816,"3":5909.7061,"4":1173.4164},"Sigma":{"0":358.924087,"1":287.934144,"2":191.625352,"3":233.346317,"4":4.651022},"SNR":{"0":4.889702,"1":4.025834,"2":3.881723,"3":3.814551,"4":2.465021}}