{"Time":{"0":100.652,"1":122.611,"2":140.384,"3":156.368,"4":178.532,"5":224.445},"TimePos":{"0":11.317,"1":9.416,"2":6.687,"3":10.762,"4":13.671,"5":724.963},"TimeNeg":{"0":-13.756,"1":-10.643,"2":-8.357,"3":-9.296,"4":-11.402,"5":-32.242},"Rate":{"0":2.622817,"1":3.416924,"2":4.365067,"3":3.057024,"4":2.464465,"5":0.08392246},"RatePos":{"0":0.5875546,"1":0.7284907,"2":0.9541982,"3":0.6854525,"4":0.5525875,"5":0.01734711},"RateNeg":{"0":-0.5875546,"1":-0.7284907,"2":-0.9541982,"3":-0.6854525,"4":-0.5525875,"5":-0.01734711},"FracExp":{"0":1.0,"1":1.0,"2":1.0,"3":1.0,"4":1.0,"5":0.999998},"BGrate":{"0":0.001446234,"1":0.0,"2":0.002410384,"3":0.002711685,"4":0.002169348,"5":0.001061221},"BGerr":{"0":0.001022642,"1":0.0,"2":0.001704399,"3":0.001565592,"4":0.001252473,"5":0.0001618346},"CorrFact":{"0":3.294099,"1":3.115396,"2":3.132455,"3":3.074346,"4":3.098036,"5":2.62627},"CtsInSrc":{"0":20.0,"1":22.0,"2":21.0,"3":20.0,"4":20.0,"5":25.0},"BGInSrc":{"0":0.036262,"1":0.0,"2":0.036262,"3":0.054393,"4":0.054393,"5":0.80356},"Exposure":{"0":25.073248,"1":20.0586,"2":15.04398,"3":20.05862,"4":25.07328,"5":757.203472},"Sigma":{"0":778.588223,"1":1000.0,"2":817.588345,"3":635.137272,"4":635.137272,"5":197.45466},"SNR":{"0":4.463954,"1":4.690416,"2":4.574591,"3":4.459863,"4":4.459863,"5":4.837835}}