{"Time":{"0":74198.947,"1":99237.411,"2":302076.354},"TimePos":{"0":9149.927,"1":17775.9,"2":9813.064},"TimeNeg":{"0":-3802.155,"1":-6639.761,"2":-8403.151},"Rate":{"0":0.01071241,"1":0.01399296,"2":0.001794309},"RatePos":{"0":0.002073971,"1":0.003158446,"2":0.0009582242},"RateNeg":{"0":-0.002073971,"1":-0.003158446,"2":-0.0007267658},"FracExp":{"0":0.261337,"1":0.080511,"2":0.23633},"BGrate":{"0":0.0003488606,"1":0.0003538263,"2":0.0001583444},"BGerr":{"0":0.0000265234,"1":0.0000338904,"2":0.0000096187},"CorrFact":{"0":1.303417,"1":1.354691,"2":1.452531},"CtsInSrc":{"0":29.0,"1":21.0,"2":6.0},"BGInSrc":{"0":1.180843,"1":0.695525,"2":0.681678},"Exposure":{"0":3384.855,"1":1965.7232,"2":4305.0341},"Sigma":{"0":309.866798,"1":304.784242,"2":3.900562},"SNR":{"0":5.16517,"1":4.430332,"2":2.468895}}