{"Time":{"0":986.302},"TimePos":{"0":156936.23},"TimeNeg":{"0":-913.983},"Rate":{"0":0.0004651081},"RatePos":{"0":0.0001465365},"RateNeg":{"0":-0.0001465365},"FracExp":{"0":0.301845},"BGrate":{"0":0.0000567898},"BGerr":{"0":0.0000011795},"CorrFact":{"0":1.802531},"CtsInSrc":{"0":15.0},"BGInSrc":{"0":2.70582},"Exposure":{"0":47646.221898},"Sigma":{"0":218.754663},"SNR":{"0":3.174009}}