{"Time":{"0":254.647,"1":261.446,"2":270.838,"3":280.906,"4":292.891,"5":310.136,"6":329.57,"7":357.588,"8":396.916,"9":458.165,"10":532.935,"11":618.198,"12":707.092,"13":794.32,"14":871.358,"15":974.794,"16":1081.692,"17":1208.024,"18":1303.549,"19":1403.973,"20":1497.035,"21":1583.516,"22":5026.826,"23":5174.228,"24":5284.816,"25":5430.381,"26":5613.938,"27":5755.69,"28":5899.257,"29":6073.976,"30":6249.238,"31":6483.586,"32":10812.22,"33":11022.877,"34":11357.837,"35":11588.463,"36":11801.472,"37":12093.027,"38":16596.721,"39":17161.726,"40":17504.368,"41":17865.269,"42":22576.349,"43":24765.889,"44":95966.561,"45":176420.17,"46":290401.226,"47":433921.162},"TimePos":{"0":3.286,"1":4.009,"2":4.647,"3":4.608,"4":7.667,"5":7.973,"6":11.105,"7":13.174,"8":18.978,"9":35.455,"10":38.412,"11":53.441,"12":47.289,"13":27.758,"14":45.998,"15":47.87,"16":63.83,"17":50.327,"18":60.11,"19":42.427,"20":34.614,"21":63.468,"22":101.878,"23":57.275,"24":51.994,"25":109.522,"26":68.882,"27":60.016,"28":86.947,"29":97.769,"30":57.902,"31":164.54,"32":101.525,"33":134.077,"34":142.62,"35":92.52,"36":87.618,"37":222.297,"38":347.511,"39":226.302,"40":101.796,"41":207.248,"42":313.661,"43":5204.273,"44":20022.397,"45":13805.242,"46":65542.579,"47":8364.999},"TimeNeg":{"0":-6.743,"1":-3.513,"2":-5.383,"3":-5.422,"4":-7.377,"5":-9.578,"6":-11.461,"7":-16.913,"8":-26.154,"9":-42.272,"10":-39.315,"11":-46.851,"12":-35.453,"13":-39.939,"14":-49.28,"15":-57.438,"16":-59.029,"17":-62.502,"18":-45.198,"19":-40.315,"20":-50.635,"21":-51.867,"22":-93.692,"23":-45.524,"24":-53.313,"25":-93.571,"26":-74.035,"27":-72.871,"28":-83.55,"29":-87.772,"30":-77.493,"31":-176.446,"32":-136.669,"33":-109.132,"34":-200.882,"35":-88.006,"36":-120.489,"37":-203.937,"38":-241.206,"39":-217.493,"40":-116.34,"41":-259.105,"42":-428.504,"43":-1875.879,"44":-10857.092,"45":-16832.929,"46":-56049.879,"47":-4546.006},"Rate":{"0":5.570397,"1":5.892976,"2":5.540955,"3":5.126111,"4":3.121911,"5":2.57782,"6":1.857512,"7":1.468224,"8":0.9443058,"9":0.544424,"10":0.546721,"11":0.4195973,"12":0.5073803,"13":0.6546208,"14":0.4371278,"15":0.4370662,"16":0.3400411,"17":0.3694376,"18":0.3964381,"19":0.4628618,"20":0.2782253,"21":0.2976761,"22":0.0926997,"23":0.2381694,"24":0.2304346,"25":0.1187494,"26":0.1703673,"27":0.1925667,"28":0.1427562,"29":0.1289574,"30":0.1792327,"31":0.1311055,"32":0.07807348,"33":0.0766271,"34":0.05395104,"35":0.138318,"36":0.08948357,"37":0.07886198,"38":0.05551117,"39":0.04346404,"40":0.08884089,"41":0.05591149,"42":0.02984778,"43":0.02766216,"44":0.007173693,"45":0.004883077,"46":0.002930783,"47":0.003180943},"RatePos":{"0":1.103048,"1":1.291075,"2":1.091334,"3":1.047575,"4":0.6681239,"5":0.5640183,"6":0.416509,"7":0.3216689,"8":0.2126294,"9":0.1232774,"10":0.1229333,"11":0.09461303,"12":0.114728,"13":0.143419,"14":0.09912094,"15":0.09401353,"16":0.07699766,"17":0.08341954,"18":0.08901708,"19":0.1019575,"20":0.06346712,"21":0.05648663,"22":0.02416552,"23":0.05352992,"24":0.05184474,"25":0.02691078,"26":0.03836986,"27":0.04251823,"28":0.03205232,"29":0.02940685,"30":0.04049157,"31":0.02180664,"32":0.02037889,"33":0.01998455,"34":0.01415382,"35":0.03108401,"36":0.02325937,"37":0.0153329,"38":0.01448306,"39":0.01135692,"40":0.02310974,"41":0.01263315,"42":0.00763166,"43":0.005594473,"44":0.001489749,"45":0.001190803,"46":0.0007526111,"47":0.00176202},"RateNeg":{"0":-1.103048,"1":-1.291075,"2":-1.091334,"3":-1.047575,"4":-0.6681239,"5":-0.5640183,"6":-0.416509,"7":-0.3216689,"8":-0.2126294,"9":-0.1232774,"10":-0.1229333,"11":-0.09461303,"12":-0.114728,"13":-0.143419,"14":-0.09912094,"15":-0.09401353,"16":-0.07699766,"17":-0.08341954,"18":-0.08901708,"19":-0.1019575,"20":-0.06346712,"21":-0.05648663,"22":-0.02416552,"23":-0.05352992,"24":-0.05184474,"25":-0.02691078,"26":-0.03836986,"27":-0.04251823,"28":-0.03205232,"29":-0.02940685,"30":-0.04049157,"31":-0.02180664,"32":-0.02037889,"33":-0.01998455,"34":-0.01415382,"35":-0.03108401,"36":-0.02325937,"37":-0.0153329,"38":-0.01448306,"39":-0.01135692,"40":-0.02310974,"41":-0.01263315,"42":-0.00763166,"43":-0.005594473,"44":-0.001489749,"45":-0.001190803,"46":-0.0007526111,"47":-0.001336405},"FracExp":{"0":1.0,"1":1.0,"2":1.0,"3":1.0,"4":1.0,"5":1.0,"6":1.0,"7":1.0,"8":1.0,"9":1.0,"10":1.0,"11":1.0,"12":1.0,"13":1.0,"14":1.0,"15":1.0,"16":1.0,"17":1.0,"18":1.0,"19":0.999921,"20":1.0,"21":1.0,"22":1.0,"23":1.0,"24":1.0,"25":1.0,"26":1.0,"27":1.0,"28":1.0,"29":1.0,"30":1.0,"31":1.0,"32":1.0,"33":1.0,"34":1.0,"35":1.0,"36":1.0,"37":1.0,"38":0.596249,"39":1.0,"40":1.0,"41":1.0,"42":1.0,"43":0.179898,"44":0.151512,"45":0.172592,"46":0.075409,"47":0.3515},"BGrate":{"0":0.02458634,"1":0.01092728,"2":0.01092726,"3":0.002731815,"4":0.005463623,"5":0.003122069,"6":0.002428279,"7":0.002731813,"8":0.003035349,"9":0.003172428,"10":0.001409968,"11":0.001639087,"12":0.002649029,"13":0.001214138,"14":0.00287559,"15":0.001821207,"16":0.002007044,"17":0.001699792,"18":0.0007805167,"19":0.002339804,"20":0.004573239,"21":0.005311845,"22":0.0007245272,"23":0.0009845497,"24":0.001153329,"25":0.001295715,"26":0.000991458,"27":0.001827917,"28":0.0004748998,"29":0.002072873,"30":0.001495054,"31":0.001246642,"32":0.0006769319,"33":0.000611976,"34":0.0006860533,"35":0.0005496447,"36":0.0004768001,"37":0.0006401874,"38":0.0004413739,"39":0.0003989796,"40":0.0005073228,"41":0.0004429599,"42":0.0004774978,"43":0.0006159197,"44":0.000308391,"45":0.0002125064,"46":0.0001610365,"47":0.0001922663},"BGerr":{"0":0.008195445,"1":0.006308865,"2":0.00546363,"3":0.002731815,"4":0.003154424,"5":0.002207636,"6":0.001717053,"7":0.001577213,"8":0.001357449,"9":0.001057476,"10":0.0007049841,"11":0.0006691545,"12":0.0009365733,"13":0.000700983,"14":0.0009093414,"15":0.0006883514,"16":0.0006690146,"17":0.0006424611,"18":0.0004506315,"19":0.0008843628,"20":0.00122225,"21":0.001132489,"22":0.0002738455,"23":0.000440304,"24":0.0004708446,"25":0.0003593668,"26":0.0003747359,"27":0.0005276742,"28":0.0002374499,"29":0.0004755496,"30":0.0004727775,"31":0.0002720395,"32":0.0001877471,"33":0.0001766623,"34":0.0001573914,"35":0.0001943287,"36":0.0001685743,"37":0.0001364884,"38":0.0000963157,"39":0.0000814414,"40":0.0001309902,"41":0.0000837116,"42":0.0000728177,"43":0.000063192,"44":0.0000183644,"45":0.0000120891,"46":0.0000070755,"47":0.0000101474},"CorrFact":{"0":2.169299,"1":2.119079,"2":2.146415,"3":2.144573,"4":2.142808,"5":2.160105,"6":2.10157,"7":2.111863,"8":2.145598,"9":2.142225,"10":2.136447,"11":2.121561,"12":2.122325,"13":2.118586,"14":2.111355,"15":2.1105,"16":2.114921,"17":2.104347,"18":2.096005,"19":1.840531,"20":1.209495,"21":1.209429,"22":1.220146,"23":1.230414,"24":1.220732,"25":1.221931,"26":1.226104,"27":1.232818,"28":1.221924,"29":1.219802,"30":1.225766,"31":1.222291,"32":1.25325,"33":1.25488,"34":1.255206,"35":1.254729,"36":1.249745,"37":1.257663,"38":1.3126,"39":1.301302,"40":1.301566,"41":1.317333,"42":1.415859,"43":1.397291,"44":1.36673,"45":1.444439,"46":1.626353,"47":2.815642},"CtsInSrc":{"0":26.0,"1":21.0,"2":26.0,"3":24.0,"4":22.0,"5":21.0,"6":20.0,"7":21.0,"8":20.0,"9":20.0,"10":20.0,"11":20.0,"12":20.0,"13":21.0,"14":20.0,"15":22.0,"16":20.0,"17":20.0,"18":20.0,"19":21.0,"20":20.0,"21":29.0,"22":15.0,"23":20.0,"24":20.0,"25":20.0,"26":20.0,"27":21.0,"28":20.0,"29":20.0,"30":20.0,"31":37.0,"32":15.0,"33":15.0,"34":15.0,"35":20.0,"36":15.0,"37":27.0,"38":15.0,"39":15.0,"40":15.0,"41":20.0,"42":16.0,"43":26.0,"44":26.0,"45":19.0,"46":18.0,"47":6.0},"BGInSrc":{"0":0.246582,"1":0.082194,"2":0.109592,"3":0.027398,"4":0.082194,"5":0.054796,"6":0.054796,"7":0.082194,"8":0.13699,"9":0.246582,"10":0.109592,"11":0.164388,"12":0.219184,"13":0.082194,"14":0.27398,"15":0.191786,"16":0.246582,"17":0.191786,"18":0.082194,"19":0.193584,"20":0.389863,"21":0.612642,"22":0.141696,"23":0.101211,"24":0.121454,"25":0.26315,"26":0.141696,"27":0.242907,"28":0.080969,"29":0.384603,"30":0.202423,"31":0.425088,"32":0.161241,"33":0.148838,"34":0.235661,"35":0.099226,"36":0.099226,