{"Time":{"0":391.852,"1":416.198,"2":438.525,"3":459.954,"4":487.35,"5":516.089,"6":550.404,"7":588.713,"8":616.774,"9":669.653,"10":731.175,"11":771.476,"12":841.591,"13":940.93,"14":1052.452,"15":1195.253,"16":1367.838,"17":1548.946,"18":5487.81,"19":7417.774,"20":21943.454,"21":40606.266,"22":93158.055},"TimePos":{"0":9.713,"1":12.948,"2":10.68,"3":11.816,"4":14.508,"5":13.349,"6":16.644,"7":13.438,"8":12.958,"9":40.313,"10":18.907,"11":28.754,"12":28.843,"13":59.885,"14":41.134,"15":83.875,"16":76.773,"17":71.177,"18":562.651,"19":4126.364,"20":7421.193,"21":10881.158,"22":131120.165},"TimeNeg":{"0":-12.853,"1":-14.632,"2":-9.379,"3":-10.75,"4":-15.58,"5":-14.231,"6":-20.965,"7":-21.665,"8":-14.623,"9":-39.922,"10":-21.21,"11":-21.393,"12":-41.362,"13":-70.496,"14":-51.637,"15":-101.667,"16":-88.71,"17":-104.335,"18":-427.738,"19":-1367.313,"20":-5120.166,"21":-7026.148,"22":-1352.975},"Rate":{"0":2.950225,"1":2.90868,"2":3.352855,"3":2.995826,"4":2.251677,"5":2.423343,"6":1.778943,"7":2.124309,"8":2.43883,"9":0.8327362,"10":1.687753,"11":1.352443,"12":0.9573931,"13":0.5377835,"14":0.7245228,"15":0.3569651,"16":0.4232687,"17":0.3613211,"18":0.02000345,"19":0.02176186,"20":0.005753075,"21":0.006256991,"22":0.0006847736},"RatePos":{"0":0.6627594,"1":0.6006848,"2":0.7520428,"3":0.6730034,"4":0.5050494,"5":0.5435539,"6":0.4008774,"7":0.4541787,"8":0.5495802,"9":0.1879459,"10":0.3803281,"11":0.302883,"12":0.2167558,"13":0.1194608,"14":0.1637776,"15":0.08094411,"16":0.09346382,"17":0.06905862,"18":0.005299933,"19":0.004306036,"20":0.001555103,"21":0.001146373,"22":0.0004155693},"RateNeg":{"0":-0.6627594,"1":-0.6006848,"2":-0.7520428,"3":-0.6730034,"4":-0.5050494,"5":-0.5435539,"6":-0.4008774,"7":-0.4541787,"8":-0.5495802,"9":-0.1879459,"10":-0.3803281,"11":-0.302883,"12":-0.2167558,"13":-0.1194608,"14":-0.1637776,"15":-0.08094411,"16":-0.09346382,"17":-0.06905862,"18":-0.005299933,"19":-0.004306036,"20":-0.001555103,"21":-0.001146373,"22":-0.0003069403},"FracExp":{"0":1.0,"1":1.0,"2":1.0,"3":1.0,"4":1.0,"5":1.0,"6":1.0,"7":1.0,"8":1.0,"9":1.0,"10":1.0,"11":1.0,"12":1.0,"13":1.0,"14":1.0,"15":1.0,"16":1.0,"17":0.99994,"18":1.0,"19":0.376527,"20":0.377254,"21":0.396384,"22":0.067361},"BGrate":{"0":0.004042784,"1":0.0099232,"2":0.003032086,"3":0.004042785,"4":0.002021391,"5":0.002205154,"6":0.004042783,"7":0.001732621,"8":0.005512889,"9":0.002274064,"10":0.003790109,"11":0.000606417,"12":0.003465241,"13":0.002798848,"14":0.002294551,"15":0.001475068,"16":0.001470102,"17":0.001764257,"18":0.0003845752,"19":0.0003564793,"20":0.0001418169,"21":0.0001581312,"22":0.0000742857},"BGerr":{"0":0.002334102,"1":0.003307733,"2":0.002144008,"3":0.002334103,"4":0.001429339,"5":0.001559279,"6":0.001807987,"7":0.001225148,"8":0.002465439,"9":0.0009283829,"10":0.001694988,"11":0.000606417,"12":0.001225148,"13":0.0008079579,"14":0.0008672586,"15":0.0004916894,"16":0.0005197595,"17":0.0005579072,"18":0.0000538513,"19":0.0000330983,"20":0.0000096494,"21":0.0000091297,"22":0.0000038777},"CorrFact":{"0":3.343976,"1":3.381179,"2":3.372933,"3":3.395662,"4":3.39774,"5":3.352049,"6":3.370914,"7":3.398876,"8":3.388975,"9":3.371459,"10":3.411325,"11":3.396175,"12":3.402072,"13":3.397933,"14":3.396888,"15":3.357546,"16":3.374517,"17":2.290052,"18":1.355157,"19":1.714025,"20":1.899597,"21":1.438364,"22":1.408938},"CtsInSrc":{"0":20.0,"1":24.0,"2":20.0,"3":20.0,"4":20.0,"5":20.0,"6":20.0,"7":22.0,"8":20.0,"9":20.0,"10":20.0,"11":20.0,"12":20.0,"13":21.0,"14":20.0,"15":20.0,"16":21.0,"17":28.0,"18":15.0,"19":27.0,"20":15.0,"21":32.0,"22":5.0},"BGInSrc":{"0":0.091229,"1":0.273687,"2":0.060819,"3":0.091229,"4":0.060819,"5":0.060819,"6":0.152048,"7":0.060819,"8":0.152048,"9":0.182458,"10":0.152048,"11":0.03041,"12":0.243277,"13":0.364916,"14":0.212868,"15":0.273687,"16":0.243277,"17":0.30963,"18":0.380879,"19":0.737383,"20":0.670975,"21":1.122442,"22":0.662887},"Exposure":{"0":22.565888,"1":27.58052,"2":20.05858,"3":22.56588,"4":30.08786,"5":27.58054,"6":37.60982,"7":35.1025,"8":27.58052,"9":80.23432,"10":40.11714,"11":50.14646,"12":70.20502,"13":130.38078,"14":92.77096,"15":185.54194,"16":165.48332,"17":175.501452,"18":990.38928,"19":2068.51672,"20":4731.2751,"21":7098.1663,"22":8923.4807},"Sigma":{"0":377.982901,"1":260.074236,"2":463.639727,"3":377.982901,"4":463.639727,"5":463.639727,"6":291.889869,"7":510.145121,"8":291.889869,"9":266.049528,"10":291.889869,"11":656.68559,"12":229.698543,"13":195.886248,"14":245.936036,"15":216.22853,"16":241.324892,"17":282.804367,"18":274.106382,"19":383.595659,"20":313.86093,"21":476.474681,"22":3.367033},"SNR":{"0":4.451428,"1":4.842274,"2":4.45833,"3":4.451428,"4":4.45833,"5":4.45833,"6":4.437624,"7":4.677252,"8":4.437624,"9":4.430723,"10":4.437624,"11":4.465233,"12":4.416921,"13":4.501755,"14":4.423821,"15":4.41002,"16":4.528691,"17":5.232092,"18":3.774283,"19":5.053804,"20":3.699481,"21":5.458075,"22":2.230967}}