{"Time":{"0":45169.613,"1":47583.215},"TimePos":{"0":1275.388,"1":4386.386},"TimeNeg":{"0":-3309.922,"1":-1138.214},"Rate":{"0":0.01656389,"1":0.01219088},"RatePos":{"0":0.004457061,"1":0.00302537},"RateNeg":{"0":-0.004457061,"1":-0.00302537},"FracExp":{"0":0.245519,"1":0.334481},"BGrate":{"0":0.0005368385,"1":0.0004875678},"BGerr":{"0":0.0000624062,"1":0.0000437849},"CorrFact":{"0":1.295346,"1":1.317456},"CtsInSrc":{"0":15.0,"1":18.0},"BGInSrc":{"0":0.604363,"1":0.900965},"Exposure":{"0":1125.78162,"1":1847.87618},"Sigma":{"0":204.903314,"1":211.336531},"SNR":{"0":3.716326,"1":4.029549}}