{"Time":{"0":272.003,"1":286.771,"2":304.943,"3":329.243,"4":358.687,"5":434.102},"TimePos":{"0":5.28,"1":8.062,"2":9.949,"3":15.736,"4":13.873,"5":161.607},"TimeNeg":{"0":-4.75,"1":-9.489,"2":-10.11,"3":-14.352,"4":-13.708,"5":-61.543},"Rate":{"0":4.071043,"1":2.356341,"2":2.051197,"3":1.548946,"4":1.522323,"5":0.2261993},"RatePos":{"0":0.9133646,"1":0.5286602,"2":0.460972,"3":0.333273,"4":0.341543,"5":0.04205427},"RateNeg":{"0":-0.9133646,"1":-0.5286602,"2":-0.460972,"3":-0.333273,"4":-0.341543,"5":-0.04205427},"FracExp":{"0":1.0,"1":1.0,"2":1.0,"3":1.0,"4":1.0,"5":0.999999},"BGrate":{"0":0.006555687,"1":0.00374609,"2":0.00491675,"3":0.006555675,"4":0.002383876,"5":0.002378389},"BGerr":{"0":0.004635571,"1":0.002648885,"2":0.002838687,"3":0.002676343,"4":0.001685655,"5":0.0005945972},"CorrFact":{"0":2.048196,"1":2.074646,"2":2.067385,"3":2.137532,"4":2.106236,"5":1.712845},"CtsInSrc":{"0":20.0,"1":20.0,"2":20.0,"3":22.0,"4":20.0,"5":30.0},"BGInSrc":{"0":0.065748,"1":0.065748,"2":0.098622,"3":0.197245,"4":0.065748,"5":0.530736},"Exposure":{"0":10.029188,"1":17.55116,"2":20.05844,"3":30.08762,"4":27.58038,"5":223.149512},"Sigma":{"0":428.776473,"1":428.776473,"2":349.517174,"3":270.75829,"4":428.776473,"5":222.100967},"SNR":{"0":4.457193,"1":4.457193,"2":4.449723,"3":4.647678,"4":4.457193,"5":5.378749}}