{"Time":{"0":11230.114,"1":11788.698,"2":12700.558,"3":17100.148,"4":17659.671,"5":18137.779,"6":18771.201,"7":22844.774,"8":23333.376,"9":24246.868,"10":28759.915,"11":29859.596,"12":35232.773,"13":40390.635,"14":41517.089,"15":46874.618,"16":53776.638,"17":58337.125,"18":64384.368,"19":70232.249,"20":79091.764,"21":104574.273,"22":127780.517,"23":161902.529,"24":196482.838,"25":240309.921,"26":281846.994,"27":321048.246,"28":360878.542,"29":391910.406,"30":453141.147,"31":583029.8689999999,"32":755926.828},"TimePos":{"0":235.483,"1":226.0,"2":575.308,"3":365.637,"4":252.414,"5":182.999,"6":291.731,"7":188.069,"8":273.641,"9":601.258,"10":396.394,"11":773.509,"12":1184.647,"13":518.68,"14":685.988,"15":1113.594,"16":3932.455,"17":1219.847,"18":959.001,"19":895.566,"20":3605.879,"21":6621.354,"22":12635.004,"23":13191.931,"24":30691.486,"25":10024.968,"26":14746.771,"27":16046.354,"28":10895.097,"29":26124.85,"30":51353.691,"31":94744.69,"32":106060.924},"TimeNeg":{"0":-443.508,"1":-323.101,"2":-685.861,"3":-523.353,"4":-193.887,"5":-225.693,"6":-450.423,"7":-412.926,"8":-300.533,"9":-639.85,"10":-542.858,"11":-703.287,"12":-1228.725,"13":-604.33,"14":-607.774,"15":-1306.785,"16":-2406.609,"17":-628.032,"18":-896.401,"19":-666.482,"20":-3524.92,"21":-6702.086,"22":-12571.605,"23":-11638.144,"24":-17342.405,"25":-9504.642,"26":-26886.827,"27":-20946.36,"28":-19330.616,"29":-16628.683,"30":-30880.737,"31":-73867.431,"32":-55952.446},"Rate":{"0":0.05339091,"1":0.05544831,"2":0.03992784,"3":0.03049138,"4":0.04584459,"5":0.05044891,"6":0.03864456,"7":0.03581004,"8":0.03375792,"9":0.01736515,"10":0.02226245,"11":0.01629319,"12":0.01642775,"13":0.02060208,"14":0.01758146,"15":0.01387294,"16":0.007807741,"17":0.01066369,"18":0.01387118,"19":0.01385178,"20":0.008812198,"21":0.005503744,"22":0.003804314,"23":0.003611927,"24":0.002076134,"25":0.0038645,"26":0.001798207,"27":0.001906991,"28":0.002120059,"29":0.001779325,"30":0.0009668403,"31":0.0006050267,"32":0.0006904478},"RatePos":{"0":0.01404964,"1":0.01455004,"2":0.00815606,"3":0.008069789,"4":0.01205093,"5":0.0131646,"6":0.008554958,"7":0.00936762,"8":0.008876445,"9":0.00437041,"10":0.005894753,"11":0.003875205,"12":0.003227597,"13":0.00547363,"14":0.004529048,"15":0.003077095,"16":0.002099409,"17":0.002828195,"18":0.003217106,"19":0.003473066,"20":0.00222531,"21":0.001251949,"22":0.0008740768,"23":0.0009313286,"24":0.000576735,"25":0.0009803206,"26":0.0004959418,"27":0.0005311655,"28":0.0005256969,"29":0.0005063788,"30":0.0002861562,"31":0.0001833637,"32":0.0003603215},"RateNeg":{"0":-0.01404964,"1":-0.01455004,"2":-0.00815606,"3":-0.008069789,"4":-0.01205093,"5":-0.0131646,"6":-0.008554958,"7":-0.00936762,"8":-0.008876445,"9":-0.00437041,"10":-0.005894753,"11":-0.003875205,"12":-0.003227597,"13":-0.00547363,"14":-0.004529048,"15":-0.003077095,"16":-0.002099409,"17":-0.002828195,"18":-0.003217106,"19":-0.003473066,"20":-0.00222531,"21":-0.001251949,"22":-0.0008740768,"23":-0.0009313286,"24":-0.000576735,"25":-0.0009803206,"26":-0.0004959418,"27":-0.0005311655,"28":-0.0005256969,"29":-0.0005063788,"30":-0.0002861562,"31":-0.0001833637,"32":-0.0002792462},"FracExp":{"0":0.841935,"1":1.0,"2":1.0,"3":0.750227,"4":1.0,"5":1.0,"6":1.0,"7":0.905309,"8":1.0,"9":1.0,"10":0.9183,"11":1.0,"12":0.983857,"13":0.922093,"14":1.0,"15":0.92507,"16":0.437458,"17":1.0,"18":1.0,"19":1.0,"20":0.347396,"21":0.406296,"22":0.313629,"23":0.263251,"24":0.269136,"25":0.331489,"26":0.31587,"27":0.348651,"28":0.403149,"29":0.282085,"30":0.249741,"31":0.208183,"32":0.123745},"BGrate":{"0":0.0004913689,"1":0.0004363318,"2":0.0004127036,"3":0.0005466849,"4":0.0005941488,"5":0.0003852397,"6":0.0004019591,"7":0.0003561218,"8":0.0004695091,"9":0.0004955085,"10":0.0004308487,"11":0.0004540371,"12":0.0002322112,"13":0.0004064361,"14":0.0003635808,"15":0.0003796807,"16":0.0002145436,"17":0.0002142674,"18":0.0003851754,"19":0.0003541083,"20":0.0002707268,"21":0.0001575378,"22":0.0001332334,"23":0.0001541849,"24":0.0000817668,"25":0.0001151245,"26":0.0001136633,"27":0.0000848368,"28":0.0001164675,"29":0.0001152064,"30":0.0000931188,"31":0.0000632247,"32":0.0000594592},"BGerr":{"0":0.0000842691,"1":0.0000810248,"2":0.0000519958,"3":0.0000824158,"4":0.0001050317,"5":0.00008838,"6":0.0000669932,"7":0.0000742565,"8":0.0000829983,"9":0.0000579949,"10":0.0000635252,"11":0.000049837,"12":0.0000223445,"13":0.0000569124,"14":0.0000481574,"15":0.000037411,"16":0.0000191894,"17":0.0000245782,"18":0.0000415345,"19":0.000046101,"20":0.0000254678,"21":0.0000105495,"22":0.0000073678,"23":0.0000092641,"24":0.0000035187,"25":0.0000074005,"26":0.0000048778,"27":0.0000036441,"28":0.000005378,"29":0.0000049577,"30":0.0000031996,"31":0.0000016211,"32":0.0000020751},"CorrFact":{"0":2.073615,"1":2.062728,"2":2.057057,"3":1.389511,"4":1.388582,"5":1.389119,"6":1.385406,"7":1.315914,"8":1.315845,"9":1.31535,"10":1.312633,"11":1.312733,"12":1.474793,"13":1.463315,"14":1.4647,"15":1.468649,"16":1.503045,"17":1.349296,"18":1.334516,"19":1.315578,"20":1.336837,"21":1.478776,"22":1.50777,"23":1.476315,"24":1.924952,"25":1.539136,"26":1.630297,"27":1.768722,"28":1.469441,"29":1.576629,"30":1.517184,"31":1.66171,"32":2.383325},"CtsInSrc":{"0":15.0,"1":15.0,"2":25.0,"3":15.0,"4":15.0,"5":15.0,"6":21.0,"7":15.0,"8":15.0,"9":17.0,"10":15.0,"11":19.0,"12":27.0,"13":15.0,"14":16.0,"15":22.0,"16":15.0,"17":15.0,"18":20.0,"19":17.0,"20":17.0,"21":21.0,"22":21.0,"23":17.0,"24":15.0,"25":17.0,"26":16.0,"27":15.0,"28":19.0,"29":15.0,"30":15.0,"31":15.0,"32":7.0},"BGInSrc":{"0":0.280899,"1":0.23959,"2":0.520489,"3":0.364608,"4":0.26517,"5":0.157444,"6":0.298316,"7":0.193761,"8":0.26958,"9":0.61498,"10":0.371614,"11":0.67052,"12":0.551365,"13":0.420873,"14":0.470387,"15":0.850112,"16":0.594945,"17":0.39594,"18":0.714655,"19":0.553134,"20":0.670648,"21":0.852793,"22":1.053279,"23":1.007834,"24":1.057051,"25":0.745299,"26":1.494762,"27":1.094186,"28":1.419212,"29":1.389402,"30":1.912409,"31":2.219325,"32":1.192061},"Exposure":{"0":571.66564,"1":549.10076,"2":1261.1686,"3":666.94376,"4":446.30156,"5":408.6921,"6":742.15448,"7":544.08582,"8":574.1747,"9":1241.10878,"10":862.515168,"11":1476.795732,"12":2374.4131,"13":1035.5197,"14":1293.762,"15":2239.0189,"16":2773.0752,"17":1847.8787,"18":1855.402,"19":1562.0479,"20":2477.2124,"21":5413.2607,"22":7905.5169,"23":6536.5311,"24":12927.638799,"25":6473.8486,"26":13150.7885,"27":12897.5512,"28":12185.478,"29":12060.112999,"30":20537.2943,"31":35102.199998,"32":20048.370799},"Sigma":{"0":305.542032,"1":331.763456,"2":373.303098,"3":266.259049,"4":314.33773,"5":410.92091,"6":416.371302,"7":366.473643,"8":309.102157,"9":227.639409,"10":266.983151,"11":249.044779,"12":498.512118,"13":247.380804,"14":249.254356,"15":252.493629,"16":270.702825,"17":321.551792,"18":250.253465,"19":228.390884,"20":258.829434,"21":352.795946,"22":342.453892,"23":264.093751,"24":306.517658,"25":339.278566,"26":226.127104,"27":295.872573,"28":268.273246,"29":227.638773,"30":199.168481,"31":224.593642,"32":3.617171},"SNR":{"0":3.800162,"1":3.81087,"2":4.895481,"3":3.778461,"4":3.804238,"5":3.832165,"6":4.517212,"7":3.822747,"8":3.80309,"9":3.973346,"10":3.776655,"11":4.204472,"12":5.089777,"13":3.763879,"14":3.881932,"15":4.508452,"16":3.719018,"17":3.770493,"18":4.311694,"19":3.988343,"20":3.959986,"21":4.39614,"22":4.35238,"23":3.878252,"24":3.599806,"25":3.942078,"26":3.625843,"27":3.590201,"28":4.032854,"29":3.513823,"30":3.378715,"31":3.2996,"32":2.472542}}