{"Time":{"0":156.202,"1":193.859,"2":286.681,"3":408.841,"4":578.878,"5":927.17,"6":12310.898},"TimePos":{"0":12.82,"1":30.325,"2":52.839,"3":71.088,"4":124.202,"5":335.036,"6":39863.42},"TimeNeg":{"0":-17.267,"1":-24.836,"2":-62.497,"3":-69.321,"4":-98.949,"5":-224.09,"6":-7627.365},"Rate":{"0":1.497357,"1":0.7595973,"2":0.3627791,"3":0.2168772,"4":0.1031765,"5":0.04188699,"6":0.003383048},"RatePos":{"0":0.3284677,"1":0.1730819,"2":0.08416915,"3":0.05092776,"4":0.02458554,"5":0.01024363,"6":0.0009290177},"RateNeg":{"0":-0.3284677,"1":-0.1730819,"2":-0.08416915,"3":-0.05092776,"4":-0.02458554,"5":-0.01024363,"6":-0.0009290177},"FracExp":{"0":1.0,"1":1.0,"2":1.0,"3":0.999994,"4":1.0,"5":1.0,"6":0.215828},"BGrate":{"0":0.003610907,"1":0.006696602,"2":0.006217043,"3":0.006733186,"4":0.005464521,"5":0.004996291,"6":0.0007872099},"BGerr":{"0":0.001614847,"1":0.001624164,"2":0.001082248,"3":0.001026801,"4":0.0007368358,"5":0.000445105,"6":0.0000158685},"CorrFact":{"0":2.156492,"1":2.134419,"2":2.169874,"3":1.598112,"4":1.225941,"5":1.21939,"6":1.831667},"CtsInSrc":{"0":21.0,"1":20.0,"2":20.0,"3":20.0,"4":20.0,"5":22.0,"6":27.0},"BGInSrc":{"0":0.108644,"1":0.369389,"2":0.71705,"3":0.945396,"4":1.219411,"5":2.79356,"6":8.068777},"Exposure":{"0":30.08772,"1":55.16074,"2":115.33622,"3":140.40842,"4":223.1506,"5":559.1267,"6":10249.8424},"Sigma":{"0":429.977779,"1":219.115817,"2":154.483067,"3":132.166192,"4":114.219544,"5":77.174561,"6":116.392973},"SNR":{"0":4.558611,"1":4.388657,"2":4.31012,"3":4.258527,"4":4.196632,"5":4.089075,"6":3.641532}}