{"Time":{"0":461.868,"1":478.356,"2":499.16,"3":521.711,"4":548.586,"5":595.427,"6":657.688,"7":732.783,"8":806.024,"9":841.114,"10":862.096,"11":880.292,"12":898.978,"13":926.4,"14":952.861,"15":981.954,"16":995.703,"17":1006.721,"18":5515.649,"19":11468.273,"20":17044.076,"21":28795.282,"22":47560.124,"23":76583.978,"24":154176.901,"25":645083.411},"TimePos":{"0":7.355,"1":8.419,"2":10.18,"3":10.195,"4":18.422,"5":31.757,"6":27.164,"7":39.825,"8":21.745,"9":9.221,"10":8.297,"11":7.652,"12":11.533,"13":11.691,"14":15.317,"15":6.282,"16":5.07,"17":6.586,"18":1277.631,"19":1103.603,"20":1307.776,"21":6892.244,"22":5263.465,"23":33558.373,"24":71466.353,"25":446538.583},"TimeNeg":{"0":-5.181,"1":-9.132,"2":-12.386,"3":-12.371,"4":-16.68,"5":-28.419,"6":-30.504,"7":-47.931,"8":-33.416,"9":-13.345,"10":-11.761,"11":-9.899,"12":-11.033,"13":-15.89,"14":-14.77,"15":-13.776,"16":-7.466,"17":-5.948,"18":-1193.034,"19":-1366.272,"20":-1160.303,"21":-6967.488,"22":-6920.944,"23":-18752.46,"24":-38927.738,"25":-270334.024},"Rate":{"0":2.619689,"1":3.262122,"2":2.766949,"3":2.524062,"4":1.686186,"5":0.9977202,"6":1.042371,"7":0.6463268,"8":1.03076,"9":3.040984,"10":3.555379,"11":3.639168,"12":2.819608,"13":2.091018,"14":2.072965,"15":2.984608,"16":5.65571,"17":7.248805,"18":0.01570733,"19":0.01369926,"20":0.01295503,"21":0.006250399,"22":0.005486709,"23":0.003364834,"24":0.002082452,"25":0.0001895203},"RatePos":{"0":0.5733689,"1":0.7317186,"2":0.5915957,"3":0.5670545,"4":0.3696053,"5":0.2186964,"6":0.2284836,"7":0.1454317,"8":0.2319341,"9":0.6231717,"10":0.7146478,"11":0.7791926,"12":0.5895305,"13":0.4697672,"14":0.4444821,"15":0.6522652,"16":1.133976,"17":1.28897,"18":0.003308006,"19":0.002901625,"20":0.002951447,"21":0.00153174,"22":0.001226552,"23":0.00091337,"24":0.0005080172,"25":0.0000808801},"RateNeg":{"0":-0.5733689,"1":-0.7317186,"2":-0.5915957,"3":-0.5670545,"4":-0.3696053,"5":-0.2186964,"6":-0.2284836,"7":-0.1454317,"8":-0.2319341,"9":-0.6231717,"10":-0.7146478,"11":-0.7791926,"12":-0.5895305,"13":-0.4697672,"14":-0.4444821,"15":-0.6522652,"16":-1.133976,"17":-1.28897,"18":-0.003308006,"19":-0.002901625,"20":-0.002951447,"21":-0.00153174,"22":-0.001226552,"23":-0.00091337,"24":-0.0005080172,"25":-0.0000676198},"FracExp":{"0":1.0,"1":1.0,"2":1.0,"3":1.0,"4":1.0,"5":1.0,"6":1.0,"7":1.0,"8":1.0,"9":1.0,"10":1.0,"11":1.0,"12":1.0,"13":1.0,"14":1.0,"15":1.0,"16":1.0,"17":1.0,"18":0.939722,"19":0.962365,"20":0.978303,"21":0.332866,"22":0.437693,"23":0.123422,"24":0.114379,"25":0.112646},"BGrate":{"0":0.004908559,"1":0.003506105,"2":0.002726976,"3":0.004090454,"4":0.002629577,"5":0.001533922,"6":0.001600614,"7":0.001402444,"8":0.00223116,"9":0.004090468,"10":0.006135688,"11":0.005259157,"12":0.002726974,"13":0.003346746,"14":0.004090466,"15":0.001533919,"16":0.004908559,"17":0.01472871,"18":0.0003168627,"19":0.0001501719,"20":0.0001529413,"21":0.0001487579,"22":0.0001905807,"23":0.0001132286,"24":0.0000895631,"25":0.0000540803},"BGerr":{"0":0.003470876,"1":0.002479191,"2":0.001928264,"3":0.002361625,"4":0.001518187,"5":0.0008856103,"6":0.0009241152,"7":0.0007012218,"8":0.00111558,"9":0.002361633,"10":0.003067844,"11":0.003036376,"12":0.001928262,"13":0.001932245,"14":0.002045233,"15":0.001533919,"16":0.003470876,"17":0.00601297,"18":0.0000316863,"19":0.0000168957,"20":0.0000167875,"21":0.0000110267,"22":0.0000124321,"23":0.0000070357,"24":0.0000040256,"25":0.0000009607},"CorrFact":{"0":1.568493,"1":2.871543,"2":2.846068,"3":2.861083,"4":2.830977,"5":2.871589,"6":2.875096,"7":2.853509,"8":2.860484,"9":2.870294,"10":2.866736,"11":2.915495,"12":2.7738,"13":2.896924,"14":2.850982,"15":2.854987,"16":2.84312,"17":2.855732,"18":1.567564,"19":1.438059,"20":1.593437,"21":1.665488,"22":1.394457,"23":1.522491,"24":1.471513,"25":1.588732},"CtsInSrc":{"0":21.0,"1":20.0,"2":22.0,"3":20.0,"4":21.0,"5":21.0,"6":21.0,"7":20.0,"8":20.0,"9":24.0,"10":25.0,"11":22.0,"12":23.0,"13":20.0,"14":22.0,"15":21.0,"16":25.0,"17":32.0,"18":24.0,"19":23.0,"20":20.0,"21":18.0,"22":22.0,"23":15.0,"24":19.0,"25":14.0},"BGInSrc":{"0":0.061536,"1":0.061536,"2":0.061536,"3":0.092305,"4":0.092305,"5":0.092305,"6":0.092305,"7":0.123073,"8":0.123073,"9":0.092305,"10":0.123073,"11":0.092305,"12":0.061536,"13":0.092305,"14":0.123073,"15":0.030768,"16":0.061536,"17":0.184609,"18":0.735673,"19":0.356947,"20":0.369281,"21":0.686285,"22":1.016372,"23":0.731038,"24":1.130891,"25":4.367125},"Exposure":{"0":12.53654,"1":17.5512,"2":22.56578,"3":22.56584,"4":35.10242,"5":60.1755,"6":57.66818,"7":87.7559,"8":55.16086,"9":22.56576,"10":20.0585,"11":17.5512,"12":22.5658,"13":27.58038,"14":30.0877,"15":20.05854,"16":12.53654,"17":12.53396,"18":2321.739736,"19":2376.9204,"20":2414.5299,"21":4613.432,"22":5333.0271,"23":6456.2975,"24":12626.7628,"25":80752.611095},"Sigma":{"0":481.202725,"1":458.220966,"2":504.184484,"3":373.558502,"4":392.32303,"5":392.32303,"6":392.32303,"7":323.011152,"8":323.011152,"9":448.616612,"10":404.263941,"11":411.087557,"12":527.166243,"13":373.558502,"14":355.512268,"15":681.52342,"16":573.129761,"17":422.143302,"18":316.232037,"19":563.825981,"20":484.3039,"21":340.346815,"22":316.491259,"23":314.125061,"24":351.547945,"25":3.686791},"SNR":{"0":4.568941,"1":4.458165,"2":4.677095,"3":4.45118,"4":4.562125,"5":4.562125,"6":4.562125,"7":4.444195,"8":4.444195,"9":4.879849,"10":4.975009,"11":4.670435,"12":4.782803,"13":4.45118,"14":4.663775,"15":4.575758,"16":4.987504,"17":5.623721,"18":4.748276,"19":4.721237,"20":4.389382,"21":4.080589,"22":4.473278,"23":3.683977,"24":4.099176,"25":2.802735}}