{"Time":{"0":122.978,"1":152.19,"2":180.096,"3":214.866,"4":256.357,"5":329.685,"6":412.985,"7":534.881,"8":658.417,"9":4682.433,"10":5038.911,"11":5566.968,"12":6148.347,"13":10769.16,"14":16635.111,"15":22386.081,"16":28679.276,"17":37407.279,"18":47535.395,"19":62489.188,"20":87576.237,"21":134666.684},"TimePos":{"0":12.041,"1":15.424,"2":15.099,"3":20.446,"4":19.072,"5":36.007,"6":52.999,"7":53.961,"8":94.872,"9":172.053,"10":191.67,"11":182.625,"12":393.552,"13":1495.818,"14":1409.714,"15":1425.218,"16":958.055,"17":3827.46,"18":5295.779,"19":7696.881,"20":11480.548,"21":44840.758},"TimeNeg":{"0":-8.017,"1":-17.171,"2":-12.481,"3":-19.671,"4":-21.045,"5":-54.256,"6":-47.293,"7":-68.897,"8":-69.576,"9":-341.944,"10":-184.425,"11":-336.387,"12":-398.753,"13":-1007.464,"14":-1087.507,"15":-1048.59,"16":-1559.275,"17":-4496.257,"18":-3055.308,"19":-6437.124,"20":-14154.152,"21":-32331.94},"Rate":{"0":2.797513,"1":1.714566,"2":2.023387,"3":1.37865,"4":1.363938,"5":0.6147357,"6":0.5420044,"7":0.4463423,"8":0.3609637,"9":0.0380439,"10":0.052737,"11":0.03799084,"12":0.02464918,"13":0.01291322,"14":0.01058726,"15":0.009894681,"16":0.008685467,"17":0.008023348,"18":0.005077664,"19":0.00380112,"20":0.001911705,"21":0.000975193},"RatePos":{"0":0.6272607,"1":0.3840897,"2":0.4541012,"3":0.309122,"4":0.3055435,"5":0.1384702,"6":0.1221997,"7":0.1005393,"8":0.07545443,"9":0.009915552,"10":0.01379568,"11":0.009953882,"12":0.006482171,"13":0.002774034,"14":0.00254253,"15":0.002458087,"16":0.002265093,"17":0.001544239,"18":0.001233037,"19":0.0009061031,"20":0.0005261929,"21":0.0002828284},"RateNeg":{"0":-0.6272607,"1":-0.3840897,"2":-0.4541012,"3":-0.309122,"4":-0.3055435,"5":-0.1384702,"6":-0.1221997,"7":-0.1005393,"8":-0.07545443,"9":-0.009915552,"10":-0.01379568,"11":-0.009953882,"12":-0.006482171,"13":-0.002774034,"14":-0.00254253,"15":-0.002458087,"16":-0.002265093,"17":-0.001544239,"18":-0.001233037,"19":-0.0009061031,"20":-0.0005261929,"21":-0.0002828284},"FracExp":{"0":1.0,"1":1.0,"2":1.0,"3":1.0,"4":1.0,"5":1.0,"6":1.0,"7":1.0,"8":0.838568,"9":1.0,"10":1.0,"11":1.0,"12":1.0,"13":0.950523,"14":0.958854,"15":0.979079,"16":0.980079,"17":0.604556,"18":0.60978,"19":0.523315,"20":0.448943,"21":0.285323},"BGrate":{"0":0.002706037,"1":0.001110168,"2":0.002624035,"3":0.001353018,"4":0.0009020118,"5":0.001603577,"6":0.001623621,"7":0.001178138,"8":0.004052694,"9":0.0002716656,"10":0.0005156616,"11":0.0004185077,"12":0.0003426876,"13":0.0005001959,"14":0.0003537476,"15":0.0003796165,"16":0.0002676393,"17":0.0002023731,"18":0.0002057628,"19":0.0001672981,"20":0.0001273788,"21":0.0001001836},"BGerr":{"0":0.001562331,"1":0.0007850074,"2":0.001312018,"3":0.0007811651,"4":0.0006378187,"5":0.00056695,"6":0.0005412069,"7":0.0004165346,"8":0.0007399174,"9":0.0000640322,"10":0.0001031323,"11":0.0000790905,"12":0.0000579248,"13":0.0000427346,"14":0.0000285058,"15":0.0000293756,"16":0.000024432,"17":0.0000131456,"18":0.0000133376,"19":0.0000085485,"20":0.0000053353,"21":0.0000031216},"CorrFact":{"0":2.813318,"1":2.799373,"2":2.800417,"3":2.772879,"4":2.740802,"5":2.794616,"6":2.74025,"7":2.76182,"8":2.1235,"9":1.31588,"10":1.339596,"11":1.333828,"12":1.325979,"13":1.347054,"14":1.396515,"15":1.403083,"16":1.396941,"17":1.4429,"18":1.440332,"19":1.498468,"20":1.513745,"21":1.556677},"CtsInSrc":{"0":20.0,"1":20.0,"2":20.0,"3":20.0,"4":20.0,"5":20.0,"6":20.0,"7":20.0,"8":24.0,"9":15.0,"10":15.0,"11":15.0,"12":15.0,"13":24.0,"14":19.0,"15":18.0,"16":16.0,"17":29.0,"18":19.0,"19":20.0,"20":16.0,"21":16.0},"BGInSrc":{"0":0.054279,"1":0.036186,"2":0.072372,"3":0.054279,"4":0.036186,"5":0.144743,"6":0.162836,"7":0.144743,"8":0.558871,"9":0.139635,"10":0.193938,"11":0.21721,"12":0.271513,"13":1.19018,"14":0.847039,"15":0.919451,"16":0.660315,"17":1.018372,"18":1.047811,"19":1.237426,"20":1.465939,"21":2.205953},"Exposure":{"0":20.058408,"1":32.59494,"2":27.58032,"3":40.11684,"4":40.11684,"5":90.26288,"6":100.29214,"7":122.85784,"8":137.900992,"9":513.99704,"10":376.09538,"11":519.01198,"12":792.305,"13":2379.4277,"14":2394.4715,"15":2422.0518,"16":2467.183199,"17":5032.1511,"18":5092.3263,"19":7396.535,"20":11508.506999,"21":22019.108599},"Sigma":{"0":636.473269,"1":780.224479,"2":550.70202,"3":636.473269,"4":780.224479,"5":387.990919,"6":365.468013,"7":387.990919,"8":229.735403,"9":451.513194,"10":381.721649,"11":360.126108,"12":320.923368,"13":224.320773,"14":265.952879,"15":240.066507,"16":254.481255,"17":423.000215,"18":264.315555,"19":296.737521,"20":236.705512,"21":200.684638},"SNR":{"0":4.459889,"1":4.463971,"2":4.455807,"3":4.459889,"4":4.463971,"5":4.43948,"6":4.435398,"7":4.43948,"8":4.783863,"9":3.836791,"10":3.822717,"11":3.816685,"12":3.802612,"13":4.655032,"14":4.164064,"15":4.025358,"16":3.834486,"17":5.195666,"18":4.118015,"19":4.19502,"20":3.633087,"21":3.448003}}