{"Time":{"0":152.167,"1":171.426,"2":191.276,"3":221.43,"4":248.776,"5":279.97,"6":317.225,"7":371.497,"8":427.928,"9":482.021,"10":558.984,"11":709.617,"12":854.516,"13":979.882,"14":4678.992},"TimePos":{"0":11.124,"1":6.909,"2":12.131,"3":14.573,"4":14.807,"5":21.222,"6":16.562,"7":29.988,"8":23.703,"9":24.77,"10":63.144,"11":83.007,"12":53.444,"13":121.14,"14":161.22},"TimeNeg":{"0":-13.949,"1":-8.135,"2":-12.942,"3":-18.022,"4":-12.773,"5":-16.387,"6":-16.033,"7":-37.71,"8":-26.443,"9":-30.391,"10":-52.192,"11":-87.49,"12":-61.892,"13":-71.922,"14":-282.572},"Rate":{"0":2.512649,"1":3.710703,"2":2.299967,"3":1.711937,"4":2.012896,"5":1.560068,"6":1.733326,"7":0.821554,"8":1.120808,"9":1.103242,"10":0.4759943,"11":0.2237452,"12":0.2620511,"13":0.1764553,"14":0.02091256},"RatePos":{"0":0.5384788,"1":0.8108384,"2":0.5039382,"3":0.383345,"4":0.4507371,"5":0.342752,"6":0.3897971,"7":0.1855491,"8":0.2509766,"9":0.2364326,"10":0.1075039,"11":0.05017342,"12":0.05910633,"13":0.03778537,"14":0.01565712},"RateNeg":{"0":-0.5384788,"1":-0.8108384,"2":-0.5039382,"3":-0.383345,"4":-0.4507371,"5":-0.342752,"6":-0.3897971,"7":-0.1855491,"8":-0.2509766,"9":-0.2364326,"10":-0.1075039,"11":-0.05017342,"12":-0.05910633,"13":-0.03778537,"14":-0.01053271},"FracExp":{"0":1.0,"1":1.0,"2":1.0,"3":1.0,"4":1.0,"5":1.0,"6":1.0,"7":1.0,"8":1.0,"9":1.0,"10":1.0,"11":0.999995,"12":1.0,"13":1.0,"14":1.0},"BGrate":{"0":0.004467936,"1":0.001861646,"2":0.003350961,"3":0.0008592212,"4":0.001015445,"5":0.003723286,"6":0.003436885,"7":0.002895891,"8":0.0005584938,"9":0.002030885,"10":0.001699762,"11":0.0003285274,"12":0.001475294,"13":0.003084719,"14":0.0002856834},"BGerr":{"0":0.002233968,"1":0.001861646,"2":0.001934678,"3":0.0008592212,"4":0.001015445,"5":0.001665104,"6":0.001718442,"7":0.001094544,"8":0.0005584938,"9":0.001015443,"10":0.0006424497,"11":0.000232304,"12":0.0006022864,"13":0.000673141,"14":0.0000655403},"CorrFact":{"0":2.878289,"1":2.661795,"2":2.757086,"3":2.793936,"4":2.779704,"5":2.812733,"6":2.840794,"7":2.808375,"8":2.814145,"9":2.780321,"10":2.772138,"11":1.912737,"12":1.524163,"13":1.520535,"14":3.230361},"CtsInSrc":{"0":22.0,"1":21.0,"2":21.0,"3":20.0,"4":20.0,"5":21.0,"6":20.0,"7":20.0,"8":20.0,"9":22.0,"10":20.0,"11":20.0,"12":20.0,"13":23.0,"14":3.0},"BGInSrc":{"0":0.112025,"1":0.028006,"2":0.084019,"3":0.028006,"4":0.028006,"5":0.140031,"6":0.112025,"7":0.196044,"8":0.028006,"9":0.112025,"10":0.196044,"11":0.056013,"12":0.170155,"13":0.595541,"14":0.126784},"Exposure":{"0":25.073108,"1":15.04382,"2":25.07304,"3":32.59494,"4":27.58028,"5":37.6096,"6":32.59494,"7":67.69724,"8":50.14606,"9":55.1607,"10":115.33604,"11":170.495752,"12":115.33602,"13":193.06166,"14":443.7921},"Sigma":{"0":390.769291,"1":748.832283,"2":431.18382,"3":713.125984,"4":713.125984,"5":333.099124,"6":355.062992,"7":267.2685,"8":713.125984,"9":390.769291,"10":267.2685,"11":503.549113,"12":285.463966,"13":172.398072,"14":3.559542},"SNR":{"0":4.666199,"1":4.576379,"2":4.563986,"3":4.465786,"4":4.465786,"5":4.551593,"6":4.446738,"7":4.427692,"8":4.465786,"9":4.666199,"10":4.427692,"11":4.459436,"12":4.433553,"13":4.669938,"14":1.985487}}