{"Time":{"0":189.625,"1":211.591,"2":234.846,"3":262.835,"4":296.235,"5":331.953,"6":368.729,"7":422.805,"8":466.996,"9":518.942,"10":570.226,"11":624.328,"12":713.272,"13":797.311,"14":886.907,"15":985.505,"16":1082.565,"17":1192.177,"18":4933.088,"19":5129.765,"20":5314.837,"21":5459.812,"22":5614.482,"23":5749.096,"24":5935.039,"25":6114.718,"26":6312.958,"27":6915.518,"28":10683.528,"29":10932.179,"30":11168.863,"31":11384.273,"32":11651.098,"33":11892.21,"34":12207.448,"35":12612.032,"36":16530.102,"37":16860.269,"38":17256.898,"39":17592.685,"40":17881.48,"41":18298.082,"42":22191.18,"43":22703.324,"44":27970.53,"45":29157.019,"46":34047.784,"47":73200.435,"48":114957.744,"49":180627.108},"TimePos":{"0":10.455,"1":11.056,"2":10.366,"3":14.973,"4":16.675,"5":16.06,"6":29.43,"7":25.5,"8":18.919,"9":19.626,"10":23.503,"11":42.113,"12":40.926,"13":39.628,"14":60.354,"15":36.976,"16":45.222,"17":73.506,"18":82.006,"19":92.613,"20":57.98,"21":73.473,"22":59.212,"23":92.588,"24":104.723,"25":60.439,"26":140.503,"27":86.585,"28":115.157,"29":127.267,"30":91.168,"31":146.548,"32":125.44,"33":120.015,"34":140.759,"35":124.794,"36":138.405,"37":169.292,"38":198.907,"39":93.794,"40":151.01,"41":170.665,"42":286.883,"43":185.931,"44":448.774,"45":781.705,"46":735.078,"47":24330.382,"48":752.576,"49":9242.964},"TimeNeg":{"0":-17.125,"1":-11.51,"2":-12.2,"3":-17.622,"4":-18.428,"5":-19.043,"6":-20.716,"7":-24.647,"8":-18.691,"9":-33.028,"10":-31.658,"11":-30.599,"12":-46.83,"13":-43.114,"14":-49.968,"15":-38.244,"16":-60.085,"17":-64.39,"18":-84.977,"19":-114.67,"20":-92.459,"21":-86.995,"22":-81.198,"23":-75.402,"24":-93.355,"25":-74.956,"26":-137.802,"27":-88.926,"28":-135.574,"29":-133.494,"30":-109.417,"31":-124.242,"32":-120.277,"33":-115.673,"34":-195.222,"35":-263.825,"36":-164.98,"37":-191.762,"38":-227.337,"39":-136.879,"40":-195.0,"41":-265.592,"42":-239.654,"43":-225.262,"44":-290.152,"45":-737.715,"46":-566.211,"47":-21323.513,"48":-676.585,"49":-8840.58},"Rate":{"0":2.723691,"1":3.392201,"2":3.485845,"3":2.085618,"4":1.969412,"5":1.932034,"6":1.340707,"7":1.40405,"8":1.801515,"9":1.255767,"10":1.205677,"11":0.9133123,"12":0.7574605,"13":0.7916997,"14":0.5927184,"15":0.875206,"16":0.6616879,"17":0.946102,"18":0.2250181,"19":0.1388771,"20":0.1674916,"21":0.1581173,"22":0.1792726,"23":0.1510752,"24":0.129116,"25":0.1888012,"26":0.1397811,"27":0.1477485,"28":0.07911235,"29":0.07570455,"30":0.1319588,"31":0.0973092,"32":0.1079458,"33":0.1129844,"34":0.05856145,"35":0.0510043,"36":0.06834413,"37":0.05737725,"38":0.04858566,"39":0.09019433,"40":0.0595883,"41":0.05690379,"42":0.03776628,"43":0.04909117,"44":0.02794333,"45":0.01539408,"46":0.02881655,"47":0.008489588,"48":0.01396398,"49":0.002466196},"RatePos":{"0":0.5829403,"1":0.7116969,"2":0.7277435,"3":0.4683445,"4":0.4403739,"5":0.4338558,"6":0.3006413,"7":0.3072162,"8":0.4034013,"9":0.2827968,"10":0.2722918,"11":0.2062637,"12":0.1720482,"13":0.1785437,"14":0.1338604,"15":0.1968149,"16":0.1455679,"17":0.1522703,"18":0.05059743,"19":0.03143914,"20":0.03787419,"21":0.03567405,"22":0.04044707,"23":0.03397068,"24":0.02903294,"25":0.04254905,"26":0.02539749,"27":0.03248397,"28":0.02070439,"29":0.01992862,"30":0.02978508,"31":0.02207621,"32":0.02432971,"33":0.02542852,"34":0.01538579,"35":0.01336124,"36":0.01779567,"37":0.01494008,"38":0.01266981,"39":0.02345009,"40":0.01550037,"41":0.01352358,"42":0.009954137,"43":0.01277658,"44":0.00820558,"45":0.003967982,"46":0.005463496,"47":0.001893846,"48":0.003636045,"49":0.001018417},"RateNeg":{"0":-0.5829403,"1":-0.7116969,"2":-0.7277435,"3":-0.4683445,"4":-0.4403739,"5":-0.4338558,"6":-0.3006413,"7":-0.3072162,"8":-0.4034013,"9":-0.2827968,"10":-0.2722918,"11":-0.2062637,"12":-0.1720482,"13":-0.1785437,"14":-0.1338604,"15":-0.1968149,"16":-0.1455679,"17":-0.1522703,"18":-0.05059743,"19":-0.03143914,"20":-0.03787419,"21":-0.03567405,"22":-0.04044707,"23":-0.03397068,"24":-0.02903294,"25":-0.04254905,"26":-0.02539749,"27":-0.03248397,"28":-0.02070439,"29":-0.01992862,"30":-0.02978508,"31":-0.02207621,"32":-0.02432971,"33":-0.02542852,"34":-0.01538579,"35":-0.01336124,"36":-0.01779567,"37":-0.01494008,"38":-0.01266981,"39":-0.02345009,"40":-0.01550037,"41":-0.01352358,"42":-0.009954137,"43":-0.01277658,"44":-0.00820558,"45":-0.003967982,"46":-0.005463496,"47":-0.001893846,"48":-0.003636045,"49":-0.0008132268},"FracExp":{"0":1.0,"1":1.0,"2":1.0,"3":1.0,"4":1.0,"5":1.0,"6":1.0,"7":1.0,"8":1.0,"9":1.0,"10":1.0,"11":1.0,"12":1.0,"13":1.0,"14":1.0,"15":1.0,"16":1.0,"17":1.0,"18":0.675689,"19":0.870913,"20":1.0,"21":1.0,"22":1.0,"23":1.0,"24":1.0,"25":1.0,"26":1.0,"27":1.0,"28":1.0,"29":1.0,"30":1.0,"31":1.0,"32":1.0,"33":1.0,"34":1.0,"35":1.0,"36":1.0,"37":1.0,"38":1.0,"39":1.0,"40":1.0,"41":1.0,"42":1.0,"43":1.0,"44":0.963664,"45":1.0,"46":1.0,"47":0.072988,"48":1.0,"49":0.268705},"BGrate":{"0":0.003033178,"1":0.006178686,"2":0.001235737,"3":0.002566533,"4":0.0,"5":0.002383208,"6":0.001112163,"7":0.001112164,"8":0.0007414425,"9":0.002648007,"10":0.003538701,"11":0.002684533,"12":0.003495368,"13":0.002022115,"14":0.001769349,"15":0.001482883,"16":0.001588804,"17":0.001415552,"18":0.0009767277,"19":0.001343,"20":0.001465087,"21":0.001098816,"22":0.001255789,"23":0.0006560089,"24":0.0005563617,"25":0.00113951,"26":0.001267133,"27":0.0008838861,"28":0.0007967037,"29":0.001094373,"30":0.0009247444,"31":0.001053839,"32":0.0006387553,"33":0.0005448569,"34":0.0007644252,"35":0.0005507364,"36":0.0004132674,"37":0.0003472593,"38":0.0003460575,"39":0.0004476175,"40":0.0003197265,"41":0.000338115,"42":0.0005783592,"43":0.0002880088,"44":0.002535617,"45":0.0003159946,"46":0.0004566489,"47":0.0002914978,"48":0.0004448197,"49":0.0001676484},"BGerr":{"0":0.001751206,"1":0.002763192,"2":0.001235737,"3":0.001481788,"4":0.0,"5":0.001375946,"6":0.0007864181,"7":0.0007864188,"8":0.0007414425,"9":0.001184225,"10":0.001337503,"11":0.001014658,"12":0.001053893,"13":0.000825525,"14":0.0006687511,"15":0.0007414417,"16":0.0006486263,"17":0.0005350285,"18":0.0004368059,"19":0.0004049297,"20":0.0004633013,"21":0.00038849,"22":0.0004439884,"23":0.0002933761,"24":0.0002488125,"25":0.0004306945,"26":0.0003167833,"27":0.0003340776,"28":0.000212928,"29":0.0002447091,"30":0.0002564779,"31":0.0002356456,"32":0.000192592,"33":0.000181619,"34":0.0001801767,"35":0.0001421995,"36":0.0001002321,"37":0.0000842228,"38":0.0000773808,"39":0.0001196308,"40":0.000082553,"41":0.0000756048,"42":0.0000963932,"43":0.0000769736,"44":0.0001551773,"45":0.0000375017,"46":0.0000534467,"47":0.0000231173,"48":0.0000510243,"49":0.0000108899},"CorrFact":{"0":3.427605,"1":3.348467,"2":3.424196,"3":3.413321,"4":3.456552,"5":3.405194,"6":3.370977,"7":3.361685,"8":3.392454,"9":3.329244,"10":3.35809,"11":3.353171,"12":3.375358,"13":3.302949,"14":3.301718,"15":3.31009,"16":3.344772,"17":3.362035,"18":1.276458,"19":1.268929,"20":1.2739,"21":1.279922,"22":1.269774,"23":1.275987,"24":1.285836,"25":1.288074,"26":1.269335,"27":1.244023,"28":1.340244,"29":1.341574,"30":1.335838,"31":1.33659,"32":1.336697,"33":1.340058,"34":1.334553,"35":1.340546,"36":1.393959,"37":1.392726,"38":1.394336,"39":1.396644,"40":1.384759,"41":1.390544,"42":1.353161,"43":1.35644,"44":1.508043,"45":1.507105,"46":1.320107,"47":1.34526,"48":1.298907,"49":1.464094},"CtsInSrc":{"0":22.0,"1":23.0,"2":23.0,"3":20.0,"4":20.0,"5":20.0,"6":20.0,"7":21.0,"8":20.0,"9":20.0,"10":20.0,"11":20.0,"12":20.0,"13":20.0,"14":20.0,"15":20.0,"16":21.0,"17":39.0,"18":20.0,"19":20.0,"20":20.0,"21":20.0,"22":20.0,"23":20.0,"24":20.0,"25":20.0,"26":31.0,"27":21.0,"28":15.0,"29":15.0,"30":20.0,"31":20.0,"32":20.0,"33":20.0,"34":15.0,"35":15.0,"36":15.0,"37":15.0,"38":15.0,"39":15.0,"40":15.0,"41":18.0,"42":15.0,"43":15.0,"44":15.0,"45":16.0,"46":29.0,"47":22.0,"48":16.0,"49":9.0},"BGInSrc":{"0":0.083656,"1":0.139427,"2":0.027885,"3":0.083656,"4":0.0,"5":0.083656,"6":0.055771,"7":0.055771,"8":0.027885,"9":0.139427,"10":0.195198,"11":0.195198,"12":0.30674,"13":0.167313,"14":0.195198,