{"Time":{"0":518.996,"1":1011.866,"2":1800.232,"3":12622.269,"4":18617.413,"5":27062.071},"TimePos":{"0":224.104,"1":255.081,"2":452.978,"3":1198.38,"4":992.902,"5":4117.367},"TimeNeg":{"0":-139.793,"1":-268.766,"2":-533.285,"3":-1185.744,"4":-1408.275,"5":-4166.579},"Rate":{"0":0.585451,"1":0.4474834,"2":0.1704923,"3":0.04626417,"4":0.05048134,"5":0.03029128},"RatePos":{"0":0.1482082,"1":0.1029048,"2":0.03064562,"3":0.009881606,"4":0.01047432,"5":0.006167477},"RateNeg":{"0":-0.1482082,"1":-0.1029048,"2":-0.03064562,"3":-0.009881606,"4":-0.01047432,"5":-0.006167477},"FracExp":{"0":0.089572,"1":0.201026,"2":0.259307,"3":0.247141,"4":0.237032,"5":0.123792},"BGrate":{"0":0.006015108,"1":0.005169393,"2":0.002035641,"3":0.002659184,"4":0.002465864,"5":0.002451149},"BGerr":{"0":0.002455657,"1":0.001253762,"2":0.0005089101,"3":0.0003838201,"4":0.0003760408,"5":0.0002793344},"CorrFact":{"0":1.207466,"1":2.422073,"2":1.385112,"3":1.16329,"4":1.168124,"5":1.172802},"CtsInSrc":{"0":16.0,"1":20.0,"2":32.0,"3":25.0,"4":26.0,"5":29.0},"BGInSrc":{"0":0.196062,"1":0.544371,"2":0.520604,"3":1.566832,"4":1.403464,"5":2.513618},"Exposure":{"0":32.5949,"1":105.3066,"2":255.7446,"3":589.215501,"4":569.157101,"5":1025.485701},"Sigma":{"0":197.445793,"1":147.3583,"2":241.868218,"3":103.616553,"4":114.922964,"5":92.463142},"SNR":{"0":3.950194,"1":4.348516,"2":5.563351,"3":4.681847,"4":4.819534,"5":4.911454}}