{"Time":{"0":3524.906,"1":3665.727,"2":3772.241,"3":3864.646,"4":3982.203,"5":4108.621,"6":4280.956,"7":4438.255,"8":4589.038,"9":4707.909,"10":4891.431,"11":5069.002,"12":5226.09,"13":5419.154,"14":9582.035,"15":9863.422,"16":9982.998,"17":10121.509,"18":10291.733,"19":10462.02,"20":10611.862,"21":10770.837,"22":10895.59,"23":11034.411,"24":11194.896,"25":15716.721,"26":15938.367,"27":16150.403,"28":16424.832,"29":16615.137,"30":16846.783,"31":22294.567,"32":22590.024,"33":27649.214,"34":27878.035,"35":28090.495,"36":28364.433,"37":32095.929,"38":33643.401,"39":34018.701,"40":37853.884,"41":39717.599,"42":73606.381,"43":74197.732,"44":78191.051,"45":78731.157,"46":79586.416,"47":84693.45,"48":262041.653,"49":305177.211,"50":409184.06,"51":496453.769,"52":759963.376,"53":1047617.825},"TimePos":{"0":72.299,"1":56.844,"2":48.116,"3":40.96,"4":53.783,"5":62.761,"6":88.505,"7":64.094,"8":58.736,"9":75.26,"10":117.397,"11":72.714,"12":53.529,"13":131.255,"14":79.621,"15":54.224,"16":75.058,"17":92.001,"18":94.783,"19":52.37,"20":103.113,"21":59.475,"22":50.059,"23":81.735,"24":96.749,"25":121.72,"26":90.63,"27":129.326,"28":85.571,"29":68.271,"30":185.131,"31":99.326,"32":182.469,"33":103.116,"34":109.984,"35":133.212,"36":150.115,"37":1437.729,"38":178.599,"39":237.059,"40":396.797,"41":279.287,"42":288.101,"43":243.335,"44":339.241,"45":285.555,"46":596.18,"47":575.95,"48":36190.695,"49":3674.034,"50":26806.927,"51":8417.011,"52":134127.302,"53":8114.152},"TimeNeg":{"0":-80.647,"1":-68.522,"2":-49.67,"3":-44.289,"4":-76.598,"5":-72.634,"6":-109.574,"7":-68.794,"8":-86.689,"9":-60.135,"10":-108.262,"11":-60.174,"12":-84.373,"13":-139.535,"14":-63.295,"15":-71.142,"16":-65.352,"17":-63.453,"18":-78.223,"19":-75.504,"20":-97.473,"21":-55.862,"22":-65.278,"23":-88.763,"24":-78.749,"25":-86.388,"26":-99.927,"27":-121.406,"28":-145.102,"29":-104.734,"30":-163.375,"31":-128.84,"32":-196.132,"33":-115.021,"34":-125.704,"35":-102.476,"36":-140.726,"37":-253.775,"38":-109.743,"39":-196.701,"40":-270.145,"41":-317.45,"42":-584.446,"43":-303.249,"44":-387.882,"45":-200.866,"46":-569.704,"47":-607.495,"48":-38991.099,"49":-3387.23,"50":-30844.809,"51":-15623.793,"52":-94744.874,"53":-5368.095},"Rate":{"0":0.1579029,"1":0.1935661,"2":0.2500964,"3":0.2875179,"4":0.1876756,"5":0.180832,"6":0.122243,"7":0.1827871,"8":0.1671669,"9":0.1814053,"10":0.1082571,"11":0.1952506,"12":0.1782826,"13":0.2175678,"14":0.1961647,"15":0.1915169,"16":0.169635,"17":0.1542777,"18":0.1387436,"19":0.1872161,"20":0.1194036,"21":0.207847,"22":0.2053378,"23":0.139285,"24":0.1355003,"25":0.09560631,"26":0.09777902,"27":0.07431675,"28":0.08044491,"29":0.1441528,"30":0.09664806,"31":0.08142598,"32":0.1245935,"33":0.08460366,"34":0.07735395,"35":0.07803351,"36":0.0628149,"37":0.0679509,"38":0.08642611,"39":0.08229805,"40":0.05288179,"41":0.03241912,"42":0.02176732,"43":0.03520897,"44":0.0263211,"45":0.0397329,"46":0.02735755,"47":0.02764811,"48":0.007461919,"49":0.008850319,"50":0.004905681,"51":0.003936587,"52":0.002691649,"53":0.001779865},"RatePos":{"0":0.03575369,"1":0.04367855,"2":0.05637026,"3":0.06465719,"4":0.04234935,"5":0.04071199,"6":0.02764756,"7":0.04134075,"8":0.03772152,"9":0.04084105,"10":0.02462544,"11":0.04288479,"12":0.04022979,"13":0.03609725,"14":0.0413086,"15":0.04301906,"16":0.03823415,"17":0.0346937,"18":0.03127152,"19":0.04191019,"20":0.02697395,"21":0.04668716,"22":0.04654644,"23":0.03153731,"24":0.0305405,"25":0.0240804,"26":0.02552442,"27":0.01939979,"28":0.02104161,"29":0.03245043,"30":0.01875467,"31":0.02134003,"32":0.02037047,"33":0.02201497,"34":0.02032667,"35":0.02032515,"36":0.01647374,"37":0.01770552,"38":0.01951225,"39":0.01543918,"40":0.0102876,"41":0.008504009,"42":0.00584267,"43":0.009325816,"44":0.006984244,"45":0.01046292,"46":0.005604514,"47":0.005649725,"48":0.001855262,"49":0.002185935,"50":0.001277155,"51":0.001131122,"52":0.0007142601,"53":0.00108995},"RateNeg":{"0":-0.03575369,"1":-0.04367855,"2":-0.05637026,"3":-0.06465719,"4":-0.04234935,"5":-0.04071199,"6":-0.02764756,"7":-0.04134075,"8":-0.03772152,"9":-0.04084105,"10":-0.02462544,"11":-0.04288479,"12":-0.04022979,"13":-0.03609725,"14":-0.0413086,"15":-0.04301906,"16":-0.03823415,"17":-0.0346937,"18":-0.03127152,"19":-0.04191019,"20":-0.02697395,"21":-0.04668716,"22":-0.04654644,"23":-0.03153731,"24":-0.0305405,"25":-0.0240804,"26":-0.02552442,"27":-0.01939979,"28":-0.02104161,"29":-0.03245043,"30":-0.01875467,"31":-0.02134003,"32":-0.02037047,"33":-0.02201497,"34":-0.02032667,"35":-0.02032515,"36":-0.01647374,"37":-0.01770552,"38":-0.01951225,"39":-0.01543918,"40":-0.0102876,"41":-0.008504009,"42":-0.00584267,"43":-0.009325816,"44":-0.006984244,"45":-0.01046292,"46":-0.005604514,"47":-0.005649725,"48":-0.001855262,"49":-0.002185935,"50":-0.001277155,"51":-0.001131122,"52":-0.0007142601,"53":-0.0008050389},"FracExp":{"0":1.0,"1":1.0,"2":1.0,"3":1.0,"4":1.0,"5":1.0,"6":1.0,"7":1.0,"8":1.0,"9":1.0,"10":1.0,"11":1.0,"12":1.0,"13":0.999933,"14":1.0,"15":1.0,"16":1.0,"17":1.0,"18":1.0,"19":1.0,"20":1.0,"21":1.0,"22":1.0,"23":1.0,"24":1.0,"25":1.0,"26":1.0,"27":1.0,"28":1.0,"29":1.0,"30":1.0,"31":1.0,"32":1.0,"33":1.0,"34":1.0,"35":1.0,"36":1.0,"37":0.171946,"38":1.0,"39":1.0,"40":1.0,"41":1.0,"42":1.0,"43":1.0,"44":1.0,"45":1.0,"46":1.0,"47":1.0,"48":0.059596,"49":0.377093,"50":0.086285,"51":0.201391,"52":0.037915,"53":0.367292},"BGrate":{"0":0.001611598,"1":0.001429924,"2":0.001604081,"3":0.001314269,"4":0.001374927,"5":0.0009930022,"6":0.001131268,"7":0.001686229,"8":0.001232691,"9":0.0009930014,"10":0.001489502,"11":0.001011738,"12":0.00129993,"13":0.001233051,"14":0.001562276,"15":0.0007136181,"16":0.001115027,"17":0.000719372,"18":0.0009049489,"19":0.0001749061,"20":0.001003524,"21":0.0007756707,"22":0.002327014,"23":0.001442977,"24":0.0008920933,"25":0.0005667771,"26":0.0008510975,"27":0.0006468341,"28":0.0008309135,"29":0.0007669974,"30":0.0006345885,"31":0.0009663,"32":0.0007764626,"33":0.0005284559,"34":0.001100481,"35":0.0005502406,"36":0.0007927088,"37":0.000466055,"38":0.0006592244,"39":0.0006741849,"40":0.000433014,"41":0.0003927789,"42":0.0006516703,"43":0.0006884346,"44":0.0005534751,"45":0.0005985147,"46":0.0005067589,"47":0.000447263,"48":0.0002085136,"49":0.000308139,"50":0.0003419911,"51":0.0003135873,"52":0.0001682906,"53":0.0001417722},"BGerr":{"0":0.0004859149,"1":0.0005055547,"2":0.0006062857,"3":0.0005877588,"4":0.0004861099,"5":0.0004053915,"6":0.0003577383,"7":0.0005332324,"8":0.0004358221,"9":0.0004053911,"10":0.0003845878,"11":0.0004130402,"12":0.0004595947,"13":0.0003183724,"14":0.000494035,"15":0.0003568091,"16":0.0004214406,"17":0.000321713,"18":0.0003420385,"19":0.0001749061,"20":0.0003345079,"21":0.0003878353,"22":0.0006717511,"23":0.0004350739,"24":0.0003371796,"25":0.000200386,"26":0.0002566156,"27":0.0001950278,"28":0.0002304539,"29":0.0002556658,"30":0.00016385,"31":0.0002494976,"32":0.0001736223,"33":0.0001868374,"34":0.0002593858,"35":0.0001834135,"36":0.0001981772,"37":0.0001165138,"38":0.000182836,"39":0.0001507523,"40":0.0000742613,"41":0.0000742282,"42":0.0000790266,"43":0.0001026258,"44":0.0000807326,"45":0.0001026444,"46":0.0000610066,"47":0.0000559079,"48":0.0000134315,"49":0.0000248306,"50":0.0000145167,"51":0.0000162588,"52":0.000007474,"53":0.0000083832},"CorrFact":{"0":1.222601,"1":1.224304,"2":1.232456,"3":1.232433,"4":1.23453,"5":1.232476,"6":1.224404,"7":1.228274,"8":1.226505,"9":1.236384,"10":1.242339,"11":1.243508,"12":1.240401,"13":1.606695,"14":1.230866,"15":1.20588,"16":1.200319,"17":1.205898,"18":1.209639,"19":1.19834,"20":1.20971,"21":1.204007,"22":1.200257,"23":1.202179,"24":1.198386,"25":1.252761,"26":1.255739,"27":1.255819,"28":1.253114,"29":1.255288,"30":1.257798,"31":1.257053,"32":1.251025,"33":1.239875,"34":1.236815,"35":1.236799,"36":1.236953,"37":1.329568,"38":1.257972,"39":1.243491,"40":1.320385,"41":1.310186,"42":1.31609,"43":1.315992,"44":1.311087,"45":1.313962,"46":1.306711,"47":1.337111,"48":1.959098,"49":1.371763,"50":1.497243,