{"Time":{"0":127721.291,"1":133400.47,"2":139468.812,"3":144999.383,"4":150506.456,"5":156664.939,"6":162103.275,"7":168676.924,"8":318307.633,"9":347695.505,"10":369013.323},"TimePos":{"0":1175.013,"1":1276.861,"2":4424.262,"3":1142.739,"4":1518.945,"5":1143.665,"6":1486.739,"7":5015.856,"8":12872.295,"9":6585.165,"10":8428.55},"TimeNeg":{"0":-1264.59,"1":-1162.742,"2":-1449.483,"3":-1106.31,"4":-920.658,"5":-1295.938,"6":-950.357,"7":-1742.894,"8":-22989.508,"9":-6174.556,"10":-10158.583},"Rate":{"0":0.01560827,"1":0.01414715,"2":0.009087734,"3":0.0119256,"4":0.01250634,"5":0.007882598,"6":0.008382517,"7":0.009843057,"8":0.005281167,"9":0.006955707,"10":0.002612154},"RatePos":{"0":0.003004816,"1":0.002912965,"2":0.002449586,"3":0.002796011,"4":0.00281942,"5":0.00219077,"6":0.002288201,"7":0.002076763,"8":0.0009938766,"9":0.00166197,"10":0.001053464},"RateNeg":{"0":-0.003004816,"1":-0.002912965,"2":-0.002449586,"3":-0.002796011,"4":-0.00281942,"5":-0.00219077,"6":-0.002288201,"7":-0.002076763,"8":-0.0009938766,"9":-0.00166197,"10":-0.0008412128},"FracExp":{"0":1.0,"1":1.0,"2":0.38674,"3":1.0,"4":1.0,"5":1.0,"6":1.0,"7":0.505633,"8":0.218416,"9":0.288071,"10":0.264798},"BGrate":{"0":0.0004194946,"1":0.0005048138,"2":0.0002774083,"3":0.0004105103,"4":0.0002751122,"5":0.0004353844,"6":0.0003323766,"7":0.0002279941,"8":0.0001802421,"9":0.0002055452,"10":0.0001256845},"BGerr":{"0":0.0000363748,"1":0.0000397849,"2":0.0000240544,"3":0.0000295492,"4":0.000023006,"5":0.0000299023,"6":0.0000254175,"7":0.0000166726,"8":0.0000096759,"9":0.0000153632,"10":0.0000085916},"CorrFact":{"0":1.361066,"1":1.393443,"2":1.436608,"3":1.405965,"4":1.500848,"5":1.379727,"6":1.439679,"7":1.448619,"8":1.398069,"9":1.401361,"10":1.534015},"CtsInSrc":{"0":29.0,"1":26.0,"2":15.0,"3":20.0,"4":21.0,"5":15.0,"6":15.0,"7":24.0,"8":31.0,"9":19.0,"10":9.0},"BGInSrc":{"0":1.0234,"1":1.231545,"2":0.630164,"3":0.923257,"4":0.671165,"5":1.062165,"6":0.810033,"7":0.779159,"8":1.411801,"9":0.755523,"10":0.618598},"Exposure":{"0":2439.6029,"1":2439.6029,"2":2271.6138,"3":2249.0481,"4":2439.6029,"5":2439.6029,"6":2437.0956,"7":3417.4499,"8":7832.8052,"9":3675.7018,"10":4921.8299},"Sigma":{"0":315.264656,"1":255.188755,"2":262.980603,"3":287.051656,"4":362.202547,"5":191.060656,"6":229.074341,"7":407.542526,"8":390.399927,"9":323.080129,"10":198.205258},"SNR":{"0":5.194419,"1":4.856614,"2":3.709906,"3":4.265218,"4":4.435783,"5":3.598095,"6":3.663365,"7":4.739614,"8":5.313705,"9":4.185219,"10":3.105224}}