{"Time":{"0":174.303,"1":187.688,"2":205.511,"3":223.672,"4":253.896,"5":279.55,"6":306.364,"7":332.276,"8":368.211,"9":404.846,"10":444.878,"11":479.242,"12":516.551,"13":564.307,"14":599.798,"15":634.197,"16":677.602,"17":716.34,"18":756.265,"19":818.29,"20":896.266,"21":967.123,"22":1035.291,"23":1101.594,"24":1186.668,"25":1293.754,"26":4667.456,"27":4796.552,"28":4949.939,"29":5081.876,"30":5186.057,"31":5292.882,"32":5436.572,"33":5578.458,"34":5726.738,"35":5890.398,"36":6047.343,"37":6247.054,"38":6445.009,"39":6651.595,"40":6814.297,"41":7003.423,"42":10778.721,"43":11327.69,"44":12331.359,"45":16443.39,"46":17068.175,"47":17993.185,"48":22482.98,"49":23877.433,"50":34335.75,"51":67230.578,"52":126970.528,"53":288677.308,"54":453769.621},"TimePos":{"0":5.8,"1":9.966,"2":9.695,"3":9.085,"4":13.963,"5":10.874,"6":14.148,"7":13.31,"8":17.492,"9":23.481,"10":16.044,"11":19.289,"12":24.605,"13":24.488,"14":11.562,"15":22.295,"16":19.007,"17":20.387,"18":25.593,"19":31.265,"20":38.539,"21":30.364,"22":29.894,"23":41.317,"24":36.478,"25":69.794,"26":37.684,"27":76.579,"28":66.109,"29":49.508,"30":58.156,"31":54.131,"32":70.909,"33":74.447,"34":61.562,"35":90.965,"36":104.518,"37":75.305,"38":72.92,"39":86.978,"40":102.296,"41":136.306,"42":230.671,"43":316.052,"44":583.578,"45":193.448,"46":373.511,"47":694.622,"48":766.231,"49":585.302,"50":7140.828,"51":13971.462,"52":23110.614,"53":41162.858,"54":101012.33},"TimeNeg":{"0":-6.736,"1":-7.585,"2":-7.857,"3":-8.466,"4":-21.139,"5":-11.691,"6":-15.939,"7":-11.764,"8":-22.625,"9":-19.144,"10":-16.551,"11":-18.321,"12":-18.019,"13":-23.151,"14":-11.003,"15":-22.836,"16":-21.11,"17":-19.73,"18":-19.539,"19":-36.432,"20":-46.71,"21":-32.319,"22":-37.804,"23":-36.41,"24":-43.756,"25":-70.609,"26":-55.086,"27":-91.411,"28":-76.808,"29":-65.829,"30":-54.673,"31":-48.669,"32":-89.559,"33":-70.977,"34":-73.833,"35":-102.098,"36":-65.979,"37":-95.193,"38":-122.65,"39":-133.666,"40":-75.724,"41":-86.83,"42":-283.328,"43":-318.298,"44":-687.618,"45":-260.376,"46":-431.337,"47":-551.499,"48":-547.603,"49":-628.222,"50":-6699.147,"51":-15649.324,"52":-23305.043,"53":-87394.036,"54":-33302.866},"Rate":{"0":5.310242,"1":3.687966,"2":3.985635,"3":3.786331,"4":1.880836,"5":3.085565,"6":2.19991,"7":2.8714,"8":1.791465,"9":1.546961,"10":2.128743,"11":1.838598,"12":1.532485,"13":1.373203,"14":3.052931,"15":1.53949,"16":1.636414,"17":1.630122,"18":1.524704,"19":1.065589,"20":0.7567784,"21":1.052592,"22":0.9742708,"23":0.8406776,"24":0.8478605,"25":0.740725,"26":0.262919,"27":0.1461674,"28":0.1716549,"29":0.2117597,"30":0.2188125,"31":0.2424143,"32":0.1536641,"33":0.16908,"34":0.181906,"35":0.09522172,"36":0.1433506,"37":0.1457823,"38":0.1253077,"39":0.0824965,"40":0.1388786,"41":0.1086614,"42":0.05271633,"43":0.04121166,"44":0.03160953,"45":0.04261285,"46":0.0238,"47":0.02250701,"48":0.01570671,"49":0.01827278,"50":0.008211127,"51":0.005099828,"52":0.005125981,"53":0.002296981,"54":0.0004799014},"RatePos":{"0":1.191234,"1":0.8273126,"2":0.8737474,"3":0.8507497,"4":0.4239732,"5":0.6753922,"6":0.4935005,"7":0.6157818,"8":0.3853178,"9":0.3459109,"10":0.4666718,"11":0.4018299,"12":0.3448904,"13":0.3090435,"14":0.6672251,"15":0.3369755,"16":0.3665022,"17":0.3662716,"18":0.3363193,"19":0.2305511,"20":0.1722644,"21":0.236889,"22":0.2189086,"23":0.1885872,"24":0.1870212,"25":0.1321369,"26":0.05897386,"27":0.03299178,"28":0.03882584,"29":0.04764723,"30":0.04933705,"31":0.05443116,"32":0.03472019,"33":0.03812353,"34":0.0410155,"35":0.02489577,"36":0.03242382,"37":0.03283615,"38":0.02852215,"39":0.02181287,"40":0.03137943,"41":0.02478547,"42":0.01377918,"43":0.01084449,"44":0.006788821,"45":0.01118981,"46":0.00631153,"47":0.004934985,"48":0.004269613,"49":0.004750992,"50":0.00139606,"51":0.001302901,"52":0.001318161,"53":0.0005648477,"54":0.0002724567},"RateNeg":{"0":-1.191234,"1":-0.8273126,"2":-0.8737474,"3":-0.8507497,"4":-0.4239732,"5":-0.6753922,"6":-0.4935005,"7":-0.6157818,"8":-0.3853178,"9":-0.3459109,"10":-0.4666718,"11":-0.4018299,"12":-0.3448904,"13":-0.3090435,"14":-0.6672251,"15":-0.3369755,"16":-0.3665022,"17":-0.3662716,"18":-0.3363193,"19":-0.2305511,"20":-0.1722644,"21":-0.236889,"22":-0.2189086,"23":-0.1885872,"24":-0.1870212,"25":-0.1321369,"26":-0.05897386,"27":-0.03299178,"28":-0.03882584,"29":-0.04764723,"30":-0.04933705,"31":-0.05443116,"32":-0.03472019,"33":-0.03812353,"34":-0.0410155,"35":-0.02489577,"36":-0.03242382,"37":-0.03283615,"38":-0.02852215,"39":-0.02181287,"40":-0.03137943,"41":-0.02478547,"42":-0.01377918,"43":-0.01084449,"44":-0.006788821,"45":-0.01118981,"46":-0.00631153,"47":-0.004934985,"48":-0.004269613,"49":-0.004750992,"50":-0.00139606,"51":-0.001302901,"52":-0.001318161,"53":-0.0005648477,"54":-0.0002111314},"FracExp":{"0":1.0,"1":1.0,"2":1.0,"3":1.0,"4":1.0,"5":1.0,"6":1.0,"7":1.0,"8":1.0,"9":1.0,"10":1.0,"11":1.0,"12":1.0,"13":1.0,"14":1.0,"15":1.0,"16":1.0,"17":1.0,"18":1.0,"19":1.0,"20":1.0,"21":1.0,"22":1.0,"23":1.0,"24":1.0,"25":1.0,"26":1.0,"27":1.0,"28":1.0,"29":1.0,"30":1.0,"31":1.0,"32":1.0,"33":1.0,"34":1.0,"35":1.0,"36":1.0,"37":1.0,"38":1.0,"39":1.0,"40":1.0,"41":1.0,"42":1.0,"43":1.0,"44":1.0,"45":1.0,"46":1.0,"47":1.0,"48":1.0,"49":1.0,"50":0.452547,"51":0.163707,"52":0.096261,"53":0.092466,"54":0.131716},"BGrate":{"0":0.005046517,"1":0.003604671,"2":0.005406981,"3":0.005406987,"4":0.004505825,"5":0.002803621,"6":0.002102717,"7":0.00504652,"8":0.004731119,"9":0.0,"10":0.002911452,"11":0.0008410867,"12":0.002968543,"13":0.002656062,"14":0.001401813,"15":0.001401809,"16":0.0007885186,"17":0.002365557,"18":0.004906332,"19":0.0046727,"20":0.004081741,"21":0.002018607,"22":0.00140181,"23":0.0008139535,"24":0.002759813,"25":0.002027709,"26":0.0006635793,"27":0.001099362,"28":0.001579395,"29":0.001067497,"30":0.001454958,"31":0.0007984527,"32":0.001278771,"33":0.001128846,"34":0.001212464,"35":0.0009565869,"36":0.001323903,"37":0.0008424834,"38":0.00178372,"39":0.001581023,"40":0.001152692,"41":0.001747292,"42":0.0003542291,"43":0.0004424944,"44":0.0005251766,"45":0.0005509693,"46":0.0004895416,"47":0.0004864411,"48":0.0005706075,"49":0.0005054513,"50":0.0002776657,"51":0.0001773067,"52":0.0002158733,"53":0.000198679,"54":0.0000940084},"BGerr":{"0":0.003568426,"1":0.002548887,"2":0.003121722,"3":0.003121726,"4":0.002015066,"5":0.001982459,"6":0.001486846,"7":0.00252326,"8":0.001931471,"9":0.0,"10":0.001680928,"11":0.0008410867,"12":0.001484272,"13":0.001328031,"14":0.001401813,"15":0.0009912288,"16":0.0007885186,"17":0.001365755,"18":0.001854419,"19":0.001477638,"20":0.001230691,"21":0.001009303,"22":0.0008093352,"23":0.0005755521,"24":0.001043111,"25":0.000675903,"26":0.0003831177,"27":0.0003664541,"28":0.0004762056,"29":0.0004358037,"30":0.0005144052,"31":0.0003992264,"32":0.0004043829,"33":0.0003991074,"34":0.0004286708,"35":0.0003188623,"36":0.0003991719,"37":0.0003184288,"38":0.0004326155,"39":0.0003834545,"40":0.0003645134,"41":0.0004008562,"42":0.0000723067,"43":0.0000727456,"44":0.000055984,"45":0.0000959114,"46":0.0000678872,"47":0.0000543858,"48":0.0000573482,"49":0.0000561612,"50":0.0000146751,"51":0.0000116408,"52":0.0000138483,"53":0.0000069255,"54":0.0000029803},"CorrFact":{"0":3.339174,"1":3.246667,"2":3.346201,"3":3.33857,"4":3.327401,"5":3.325652,"6":3.320018,"7":3.291428,"8":3.295159,"9":3.296906,"10":3.31912,"11":3.297782,"12":3.286848,"13":3.291724,"14":3.285509,"15":3.318558,"16":3.287601,"17":3.285367,"18":3.311702,"19":3.326822,"20":3.282833,"21":3.319977,"22":3.313507,"23":3.277527,"24":3.273916,"25":3.279181,"26":1.223322,"27":1.239175,"28":1.240621,"29":1.228744,"30":1.244637,"31":1.251142,"32":1.24569,"33":1.239591,"34":1.241649,"35":1.240865,"36":1.235995,"37":1.251767,"38":1.247077,"39":1.242384,"40":1.248971,"41":1.236417,"42":1.828605,"43":1.776077,"44":1.799265,"45":1.311103,"46":1.311475,"47":1.31096,"48":1.448109,"49":1.441152,"50":1.418283,"51":1.532177,"52":1.428266,"53":1.464967,"54":1.590815},"CtsInSrc":{"0":20.0,"1":20.0,"2":21.0,"3":20.0,