{"Time":{"0":495.734,"1":4145.246,"2":4887.627,"3":14136.639,"4":57061.384},"TimePos":{"0":146.611,"1":257.758,"2":390.423,"3":2905.7,"4":51004.89},"TimeNeg":{"0":-89.075,"1":-236.182,"2":-484.623,"3":-3349.773,"4":-28399.525},"Rate":{"0":0.09831535,"1":0.03911349,"2":0.04249909,"3":0.01047692,"4":0.005225861},"RatePos":{"0":0.02334737,"1":0.01023291,"2":0.008000134,"3":0.002633317,"4":0.0009761392},"RateNeg":{"0":-0.02334737,"1":-0.01023291,"2":-0.008000134,"3":-0.002633317,"4":-0.0009761392},"FracExp":{"0":1.0,"1":1.0,"2":1.0,"3":0.337889,"4":0.11238},"BGrate":{"0":0.0005661447,"1":0.0003956941,"2":0.0004467175,"3":0.0002810898,"4":0.0001919243},"BGerr":{"0":0.0001790307,"1":0.0000791388,"2":0.0000631754,"3":0.000027832,"4":0.0000086526},"CorrFact":{"0":1.296923,"1":1.304985,"2":1.299889,"3":1.349797,"4":1.539681},"CtsInSrc":{"0":18.0,"1":15.0,"2":29.0,"3":17.0,"4":32.0},"BGInSrc":{"0":0.133433,"1":0.195449,"2":0.390898,"3":0.594126,"4":1.712633},"Exposure":{"0":235.6862,"1":493.93996,"2":875.04584,"3":2113.6539,"4":8923.4807},"Sigma":{"0":423.427926,"1":378.731534,"2":517.517994,"3":278.882041,"4":392.265173},"SNR":{"0":4.210982,"1":3.822324,"2":5.312297,"3":3.978604,"4":5.353602}}