{"Time":{"0":284.945,"1":298.888,"2":312.497,"3":327.383,"4":345.364,"5":382.046,"6":422.354,"7":468.7,"8":562.255,"9":694.762,"10":922.318,"11":1116.428,"12":4708.786,"13":5006.049,"14":5272.532,"15":5523.681,"16":5882.803,"17":6225.695,"18":6670.004,"19":10792.144,"20":11459.461,"21":12283.372,"22":18620.642,"23":204290.464,"24":244266.936,"25":263501.537,"26":286087.242,"27":309936.111,"28":403545.213,"29":729070.637,"30":1198628.04},"TimePos":{"0":5.604,"1":6.705,"2":5.633,"3":8.297,"4":15.39,"5":16.317,"6":21.141,"7":32.463,"8":71.796,"9":99.756,"10":50.219,"11":136.927,"12":142.638,"13":108.642,"14":95.398,"15":167.692,"16":139.534,"17":142.65,"18":367.784,"19":302.442,"20":206.791,"21":541.249,"22":3954.101,"23":27425.051,"24":5626.392,"25":9551.921,"26":4307.564,"27":26720.837,"28":65469.821,"29":172543.375,"30":183472.712},"TimeNeg":{"0":-9.44,"1":-8.339,"2":-6.904,"3":-9.254,"4":-9.683,"5":-21.292,"6":-23.991,"7":-25.205,"8":-61.092,"9":-60.711,"10":-127.8,"11":-143.891,"12":-150.717,"13":-154.626,"14":-157.84,"15":-155.751,"16":-191.43,"17":-203.358,"18":-301.659,"19":-512.432,"20":-364.875,"21":-617.121,"22":-2575.961,"23":-14139.715,"24":-7421.576,"25":-9316.312,"26":-8351.369,"27":-15250.96,"28":-62600.928,"29":-156338.676,"30":-37158.055},"Rate":{"0":2.785589,"1":4.779508,"2":5.336265,"3":3.939742,"4":2.361,"5":1.595214,"6":1.268131,"7":0.9924078,"8":0.4328461,"9":0.3560871,"10":0.1695427,"11":0.1028097,"12":0.06918282,"13":0.07728519,"14":0.07982509,"15":0.06172938,"16":0.06065964,"17":0.05793027,"18":0.04875469,"19":0.03847904,"20":0.05450393,"21":0.03282911,"22":0.02265613,"23":0.005222764,"24":0.007506407,"25":0.0043905,"26":0.00554706,"27":0.003426825,"28":0.002032121,"29":0.000710798,"30":0.0005658401},"RatePos":{"0":0.5955364,"1":0.957066,"2":1.112688,"3":0.805217,"4":0.5295463,"5":0.3501326,"6":0.2870545,"7":0.2232672,"8":0.09767854,"9":0.08072823,"10":0.03838504,"11":0.02188196,"12":0.01800526,"13":0.0200784,"14":0.02092316,"15":0.01616564,"16":0.01582909,"17":0.01522497,"18":0.01009611,"19":0.01012436,"20":0.0142164,"21":0.007863612,"22":0.008747008,"23":0.001243423,"24":0.001739662,"25":0.001115728,"26":0.00144534,"27":0.0008275167,"28":0.0004659086,"29":0.0002143697,"30":0.0003486677},"RateNeg":{"0":-0.5955364,"1":-0.957066,"2":-1.112688,"3":-0.805217,"4":-0.5295463,"5":-0.3501326,"6":-0.2870545,"7":-0.2232672,"8":-0.09767854,"9":-0.08072823,"10":-0.03838504,"11":-0.02188196,"12":-0.01800526,"13":-0.0200784,"14":-0.02092316,"15":-0.01616564,"16":-0.01582909,"17":-0.01522497,"18":-0.01009611,"19":-0.01012436,"20":-0.0142164,"21":-0.007863612,"22":-0.008747008,"23":-0.001243423,"24":-0.001739662,"25":-0.001115728,"26":-0.00144534,"27":-0.0008275167,"28":-0.0004659086,"29":-0.0002143697,"30":-0.0002572964},"FracExp":{"0":1.0,"1":1.0,"2":1.0,"3":1.0,"4":1.0,"5":1.0,"6":1.0,"7":1.0,"8":1.0,"9":1.0,"10":0.999988,"11":1.0,"12":1.0,"13":1.0,"14":1.0,"15":1.0,"16":1.0,"17":1.0,"18":1.0,"19":1.0,"20":1.0,"21":1.0,"22":0.143218,"23":0.12903,"24":0.277287,"25":0.278792,"26":0.306606,"27":0.180946,"28":0.1223,"29":0.082694,"30":0.053901},"BGrate":{"0":0.003984055,"1":0.00199202,"2":0.0,"3":0.001707445,"4":0.002390427,"5":0.003187238,"6":0.005312057,"7":0.002078633,"8":0.001353072,"9":0.001680771,"10":0.001367219,"11":0.001639692,"12":0.0004016089,"13":0.000348061,"14":0.0008787682,"15":0.0006475561,"16":0.0004746298,"17":0.0007566569,"18":0.0005084108,"19":0.0003425817,"20":0.0002639619,"21":0.000247508,"22":0.006013996,"23":0.0001287159,"24":0.0001939363,"25":0.0001471159,"26":0.0001667354,"27":0.0001248305,"28":0.0001328191,"29":0.0000792931,"30":0.0000611116},"BGerr":{"0":0.002817153,"1":0.00199202,"2":0.0,"3":0.001707445,"4":0.001690287,"5":0.001593619,"6":0.001878096,"7":0.001039317,"8":0.0005523895,"9":0.0005602569,"10":0.0004833848,"11":0.0004233666,"12":0.0001338696,"13":0.0001315547,"14":0.0002131326,"15":0.000161889,"16":0.0001370138,"17":0.0001691936,"18":0.0000997076,"19":0.0000563201,"20":0.0000590237,"21":0.0000401511,"22":0.000229783,"23":0.0000082742,"24":0.0000162748,"25":0.0000098961,"26":0.0000133069,"27":0.0000070112,"28":0.0000042341,"29":0.0000022609,"30":0.0000028189},"CorrFact":{"0":1.910017,"1":2.879545,"2":2.908621,"3":2.884736,"4":2.968776,"5":2.873325,"6":2.896357,"7":2.878768,"8":2.90208,"9":2.896078,"10":1.527662,"11":1.280893,"12":1.363721,"13":1.364784,"14":1.367947,"15":1.349911,"16":1.352577,"17":1.360026,"18":1.3795,"19":2.130013,"20":2.098309,"21":2.146876,"22":2.042155,"23":1.529807,"24":1.407294,"25":1.423348,"26":1.402333,"27":1.441694,"28":1.521504,"29":1.505148,"30":1.574781},"CtsInSrc":{"0":22.0,"1":25.0,"2":23.0,"3":24.0,"4":20.0,"5":21.0,"6":20.0,"7":20.0,"8":20.0,"9":20.0,"10":20.0,"11":23.0,"12":15.0,"13":15.0,"14":15.0,"15":15.0,"16":15.0,"17":15.0,"18":24.0,"19":15.0,"20":15.0,"21":18.0,"22":16.0,"23":19.0,"24":20.0,"25":17.0,"26":16.0,"27":19.0,"28":23.0,"29":15.0,"30":5.0},"BGInSrc":{"0":0.059935,"1":0.029968,"2":0.0,"3":0.029968,"4":0.059935,"5":0.119871,"6":0.239742,"7":0.119871,"8":0.179806,"9":0.269709,"10":0.243388,"11":0.460454,"12":0.117814,"13":0.091633,"14":0.222538,"15":0.209447,"16":0.157086,"17":0.261809,"18":0.340352,"19":0.279161,"20":0.150898,"21":0.286706,"22":5.624427,"23":0.690318,"24":0.701668,"25":0.773876,"26":0.64715,"27":0.948039,"28":2.080359,"29":2.156509,"30":0.726747},"Exposure":{"0":15.04382,"1":15.04388,"2":12.53654,"3":17.5512,"4":25.0731,"5":37.60962,"6":45.1316,"7":57.6681,"8":132.88738,"9":160.46768,"10":178.0167,"11":280.81738,"12":293.35542,"13":263.26778,"14":253.2384,"15":323.44286,"16":330.96438,"17":346.00788,"18":669.44298,"19":814.87426,"20":571.66522,"21":1158.37002,"22":935.222898,"23":5363.1147,"24":3618.0339,"25":5260.3154,"26":3881.3004,"27":7594.6117,"28":15663.103098,"29":27196.6831,"30":11892.1239},"Sigma":{"0":517.689562,"1":833.231363,"2":1000.0,"3":799.862109,"4":470.49831,"5":348.377173,"6":233.127835,"7":331.692545,"8":270.009333,"9":219.461697,"10":229.593035,"11":189.585261,"12":378.957484,"13":430.453327,"14":273.791786,"15":282.468113,"16":327.320783,"17":251.752734,"18":354.459504,"19":320.758864,"20":440.080539,"21":380.850475,"22":48.281312,"23":412.609379,"24":327.74203,"25":311.701856,"26":297.258157,"27":339.021804,"28":315.437584,"29":208.873938,"30":3.252817},"SNR":{"0":4.677447,"1":4.993917,"2":4.795832,"3":4.892771,"4":4.458534,"5":4.556028,"6":4.417735,"7":4.444933,"8":4.431333,"9":4.410936,"10":4.416895,"11":4.698377,"12":3.842366,"13":3.84917,"14":3.815154,"15":3.818555,"16":3.832161,"17":3.80495,"18":4.829057,"19":3.800637,"20":3.833876,"21":4.174813,"22":2.590158,"23":4.200311,"24":4.314864,"25":3.935099,"26":3.837893,"27":4.141095,"28":4.36163,"29":3.315757,"30":2.199177}}