{"Time":{"0":24391.626,"1":27831.982,"2":28091.564,"3":28651.132,"4":33649.0,"5":34260.746,"6":39688.752,"7":40362.076},"TimePos":{"0":115.306,"1":144.084,"2":187.889,"3":317.823,"4":128.92,"5":647.965,"6":348.042,"7":487.077},"TimeNeg":{"0":-112.858,"1":-91.604,"2":-115.497,"3":-371.68,"4":-169.451,"5":-482.826,"6":-431.734,"7":-325.282},"Rate":{"0":0.1093433,"1":0.08952984,"2":0.09210121,"3":0.0589333,"4":0.06440646,"5":0.03035324,"6":0.02502189,"7":0.02392212},"RatePos":{"0":0.02481461,"1":0.02343325,"2":0.02097723,"3":0.01119407,"4":0.0168475,"5":0.005949163,"6":0.006613689,"7":0.006343037},"RateNeg":{"0":-0.02481461,"1":-0.02343325,"2":-0.02097723,"3":-0.01119407,"4":-0.0168475,"5":-0.005949163,"6":-0.006613689,"7":-0.006343037},"FracExp":{"0":1.0,"1":1.0,"2":1.0,"3":1.0,"4":1.0,"5":1.0,"6":1.0,"7":1.0},"BGrate":{"0":0.001279112,"1":0.0008546015,"2":0.001195029,"3":0.0009347926,"4":0.0006475028,"5":0.000430543,"6":0.000443535,"7":0.0004825106},"BGerr":{"0":0.000286018,"1":0.0002206572,"2":0.0002299834,"3":0.0001349257,"4":0.0001295006,"5":0.0000542433,"6":0.0000661183,"7":0.000067565},"CorrFact":{"0":1.265884,"1":1.425888,"2":1.422905,"3":1.433046,"4":1.29785,"5":1.294571,"6":1.331464,"7":1.330321},"CtsInSrc":{"0":20.0,"1":15.0,"2":20.0,"3":29.0,"4":15.0,"5":27.0,"6":15.0,"7":15.0},"BGInSrc":{"0":0.291848,"1":0.201419,"2":0.362555,"3":0.644542,"4":0.193196,"5":0.486854,"6":0.345858,"7":0.391972},"Exposure":{"0":228.1643,"1":235.68812,"2":303.386,"3":689.50288,"4":298.37082,"5":1130.79018,"6":779.77574,"7":812.35976},"Sigma":{"0":301.998508,"1":284.553757,"2":281.444646,"3":304.793665,"4":383.206897,"5":432.247991,"6":284.229444,"7":266.146905},"SNR":{"0":4.406408,"1":3.820633,"2":4.390532,"3":5.264691,"4":3.82291,"5":5.102102,"6":3.783348,"7":3.771398}}