{"Time":{"0":124.587,"1":135.474,"2":150.928,"3":221.453,"4":481.02,"5":671.844,"6":805.207,"7":926.28,"8":1038.074,"9":5185.251,"10":5583.949,"11":6066.422,"12":11219.094,"13":20266.524,"14":31053.937,"15":90579.833},"TimePos":{"0":5.477,"1":4.62,"2":16.746,"3":101.674,"4":102.869,"5":62.484,"6":49.473,"7":46.244,"8":59.815,"9":193.344,"10":143.163,"11":591.51,"12":616.843,"13":3022.94,"14":10431.261,"15":17910.266},"TimeNeg":{"0":-7.06,"1":-5.41,"2":-10.835,"3":-53.78,"4":-157.892,"5":-87.955,"6":-70.879,"7":-71.6,"8":-65.55,"9":-172.724,"10":-205.354,"11":-339.31,"12":-604.212,"13":-3038.867,"14":-3352.919,"15":-11530.063},"Rate":{"0":11.73584,"1":9.454851,"2":3.459764,"3":0.5787818,"4":0.3347824,"5":0.3559439,"6":0.3242647,"7":0.366762,"8":0.3989322,"9":0.1056379,"10":0.08615166,"11":0.07524291,"12":0.03346772,"13":0.01480335,"14":0.007665874,"15":0.003473006},"RatePos":{"0":2.052787,"1":2.071018,"2":0.756407,"3":0.1316318,"4":0.07778104,"5":0.08093279,"6":0.07406557,"7":0.08402291,"8":0.07866896,"9":0.02400333,"10":0.02266976,"11":0.01451331,"12":0.009449718,"13":0.003518236,"14":0.002582494,"15":0.0009455202},"RateNeg":{"0":-2.052787,"1":-2.071018,"2":-0.756407,"3":-0.1316318,"4":-0.07778104,"5":-0.08093279,"6":-0.07406557,"7":-0.08402291,"8":-0.07866896,"9":-0.02400333,"10":-0.02266976,"11":-0.01451331,"12":-0.009449718,"13":-0.003518236,"14":-0.002582494,"15":-0.0009455202},"FracExp":{"0":1.0,"1":1.0,"2":1.0,"3":1.0,"4":1.0,"5":0.999971,"6":0.999992,"7":1.0,"8":0.99998,"9":1.0,"10":1.0,"11":0.883511,"12":1.0,"13":0.368124,"14":0.309225,"15":0.229265},"BGrate":{"0":0.01249694,"1":0.007810585,"2":0.001420104,"3":0.00214161,"4":0.002853862,"5":0.002181364,"6":0.003459911,"7":0.004024387,"8":0.00513438,"9":0.0008642575,"10":0.0008030367,"11":0.003891436,"12":0.001047701,"13":0.001769492,"14":0.0009660339,"15":0.0002744892},"BGerr":{"0":0.004418337,"1":0.003905293,"2":0.001004165,"3":0.0005194166,"4":0.0004629576,"5":0.0005453411,"6":0.0007736596,"7":0.0008391427,"8":0.0009221619,"9":0.0001694948,"10":0.0001674447,"11":0.0002399562,"12":0.0000756113,"13":0.0000798561,"14":0.0000360772,"15":0.0000114172},"CorrFact":{"0":4.479664,"1":4.53239,"2":4.5524,"3":4.574842,"4":4.533605,"5":2.721981,"6":1.992761,"7":2.213526,"8":1.897513,"9":1.964611,"10":2.039747,"11":2.076495,"12":2.978415,"13":1.56919,"14":2.749881,"15":1.547576},"CtsInSrc":{"0":33.0,"1":21.0,"2":21.0,"3":20.0,"4":20.0,"5":20.0,"6":20.0,"7":20.0,"8":27.0,"9":20.0,"10":15.0,"11":33.0,"12":15.0,"13":25.0,"14":16.0,"15":17.0},"BGInSrc":{"0":0.156669,"1":0.078334,"2":0.039167,"3":0.332921,"4":0.744177,"5":0.328153,"6":0.416402,"7":0.474251,"8":0.643663,"9":0.316377,"10":0.279872,"11":3.200276,"12":1.279301,"13":3.948616,"14":4.117633,"15":1.852707},"Exposure":{"0":12.536568,"1":10.02926,"2":27.58052,"3":155.45372,"4":260.76126,"5":150.434911,"6":120.35052,"7":117.84418,"8":125.36336,"9":366.06812,"10":348.51716,"11":822.38962,"12":1221.0551,"13":2231.497,"14":4262.41,"15":6749.6516},"Sigma":{"0":592.938599,"1":534.162969,"2":756.834729,"3":243.569506,"4":159.506289,"5":239.788445,"6":210.326779,"7":197.453012,"8":227.985502,"9":317.239041,"10":252.241147,"11":151.008929,"12":148.612059,"13":118.134418,"14":77.270721,"15":196.558715},"SNR":{"0":5.717024,"1":4.565315,"2":4.573945,"3":4.396976,"4":4.304165,"5":4.398019,"6":4.378077,"7":4.365023,"8":5.071025,"9":4.400968,"10":3.800289,"11":5.184408,"12":3.541663,"13":4.207605,"14":2.968399,"15":3.673117}}