{"Time":{"0":59032.809,"1":446282.79},"TimePos":{"0":11038.11,"1":8797.408},"TimeNeg":{"0":-5644.812,"1":-9451.418},"Rate":{"0":0.03325353,"1":0.003840649},"RatePos":{"0":0.007262977,"1":0.001267153},"RateNeg":{"0":-0.007262977,"1":-0.001051766},"FracExp":{"0":0.058463,"1":0.259814},"BGrate":{"0":0.0005358941,"1":0.0001995987},"BGerr":{"0":0.0000697675,"1":0.0000124265},"CorrFact":{"0":1.510127,"1":1.510676},"CtsInSrc":{"0":22.0,"1":13.0},"BGInSrc":{"0":0.522679,"1":0.946358},"Exposure":{"0":975.3397,"1":4741.3043},"Sigma":{"0":315.62486,"1":204.584454},"SNR":{"0":4.578498,"1":3.651621}}