{"Time":{"0":166.236,"1":323.98,"2":5035.421,"3":5293.898,"4":5546.127,"5":5837.115,"6":6047.614,"7":9781.7,"8":10200.094,"9":10730.754,"10":11435.856,"11":16000.211,"12":21856.651,"13":30259.424,"14":55910.225,"15":153196.866},"TimePos":{"0":38.27,"1":133.764,"2":120.009,"3":114.771,"4":173.449,"5":88.061,"6":153.359,"7":150.279,"8":238.363,"9":244.269,"10":509.481,"11":710.656,"12":734.837,"13":3565.854,"14":12861.175,"15":184395.496},"TimeNeg":{"0":-19.398,"1":-119.474,"2":-105.649,"3":-138.468,"4":-137.458,"5":-117.539,"6":-122.439,"7":-185.702,"8":-268.116,"9":-292.296,"10":-460.833,"11":-801.246,"12":-912.459,"13":-3575.859,"14":-5851.819,"15":-74339.301},"Rate":{"0":1.734066,"1":0.530631,"2":0.08201693,"3":0.0725797,"4":0.05919444,"5":0.08988363,"6":0.0715391,"7":0.05861525,"8":0.03892095,"9":0.03705984,"10":0.0286136,"11":0.02174622,"12":0.0137504,"13":0.009108008,"14":0.007394735,"15":0.001110715},"RatePos":{"0":0.3719274,"1":0.09335388,"2":0.02142698,"3":0.01901769,"4":0.01552575,"5":0.0235285,"6":0.01818347,"7":0.01534849,"8":0.01020305,"9":0.009737228,"10":0.00640742,"11":0.005151543,"12":0.003364833,"13":0.002108714,"14":0.001892151,"15":0.0004902816},"RateNeg":{"0":-0.3719274,"1":-0.09335388,"2":-0.02142698,"3":-0.01901769,"4":-0.01552575,"5":-0.0235285,"6":-0.01818347,"7":-0.01534849,"8":-0.01020305,"9":-0.009737228,"10":-0.00640742,"11":-0.005151543,"12":-0.003364833,"13":-0.002108714,"14":-0.001892151,"15":-0.000391761},"FracExp":{"0":1.0,"1":0.999996,"2":1.0,"3":1.0,"4":1.0,"5":1.0,"6":1.0,"7":1.0,"8":1.0,"9":1.0,"10":1.0,"11":1.0,"12":1.0,"13":0.44622,"14":0.266366,"15":0.05107},"BGrate":{"0":0.002259639,"1":0.001359146,"2":0.0007709664,"3":0.0008587502,"4":0.0007460974,"5":0.0009872145,"6":0.0009462107,"7":0.000620199,"8":0.0004443328,"9":0.0004815535,"10":0.0005497602,"11":0.0003953076,"12":0.000400749,"13":0.000214109,"14":0.000177554,"15":0.0001018208},"BGerr":{"0":0.0008540632,"1":0.0003203537,"2":0.0002225588,"3":0.0002217284,"4":0.0001865243,"5":0.0002638442,"6":0.000223024,"7":0.0001240398,"8":0.0000855119,"9":0.0000864896,"10":0.00006872,"11":0.0000436544,"12":0.000041781,"13":0.0000176594,"14":0.0000110114,"15":0.0000040217},"CorrFact":{"0":4.572558,"1":4.1149,"2":1.248333,"3":1.243359,"4":1.246202,"5":1.248902,"6":1.253591,"7":1.331403,"8":1.334193,"9":1.348906,"10":1.356563,"11":1.786629,"12":1.306297,"13":1.50252,"14":2.28726,"15":1.917231},"CtsInSrc":{"0":22.0,"1":33.0,"2":15.0,"3":15.0,"4":15.0,"5":15.0,"6":16.0,"7":15.0,"8":15.0,"9":15.0,"10":21.0,"11":19.0,"12":18.0,"13":20.0,"14":17.0,"15":9.0},"BGInSrc":{"0":0.130309,"1":0.344186,"2":0.173975,"3":0.217469,"4":0.231967,"5":0.202971,"6":0.260963,"7":0.208375,"8":0.225045,"9":0.258385,"10":0.53344,"11":0.597666,"12":0.660152,"13":0.682318,"14":0.88502,"15":1.345406},"Exposure":{"0":57.6682,"1":253.237,"2":225.65842,"3":253.23874,"4":310.9068,"5":205.5996,"6":275.79754,"7":335.98106,"8":506.47872,"9":536.56586,"10":970.31446,"11":1511.9019,"12":1647.2961,"13":3186.7783,"14":4984.5124,"15":13213.471},"Sigma":{"0":444.033988,"1":402.534991,"2":295.208157,"3":263.267606,"4":254.657763,"5":272.775123,"6":255.879896,"7":354.927807,"8":341.144542,"9":317.656948,"10":306.936832,"11":278.818159,"12":251.938836,"13":343.26285,"14":293.60496,"15":4.332367},"SNR":{"0":4.662377,"1":5.684081,"2":3.827741,"3":3.816432,"4":3.812662,"5":3.820202,"6":3.934294,"7":3.81896,"8":3.814638,"9":3.805995,"10":4.465697,"11":4.221301,"12":4.086504,"13":4.319223,"14":3.908111,"15":2.835185}}