{"Time":{"0":206.441,"1":232.746,"2":258.821,"3":295.233,"4":350.683,"5":571.688},"TimePos":{"0":10.881,"1":12.156,"2":16.169,"3":19.874,"4":62.21,"5":347.679},"TimeNeg":{"0":-9.177,"1":-15.424,"2":-13.918,"3":-20.243,"4":-35.576,"5":-158.796},"Rate":{"0":3.852809,"1":3.344175,"2":2.554024,"3":2.023396,"4":0.7866744,"5":0.1031724},"RatePos":{"0":0.8641181,"1":0.6837716,"2":0.5739795,"3":0.44409,"4":0.1775103,"5":0.0199281},"RateNeg":{"0":-0.8641181,"1":-0.6837716,"2":-0.5739795,"3":-0.44409,"4":-0.1775103,"5":-0.0199281},"FracExp":{"0":1.0,"1":1.0,"2":1.0,"3":1.0,"4":1.0,"5":0.999997},"BGrate":{"0":0.002974863,"1":0.001442357,"2":0.003305408,"3":0.002974859,"4":0.001830686,"5":0.001181902},"BGerr":{"0":0.001717538,"1":0.0010199,"2":0.001478223,"3":0.001214481,"4":0.0006102287,"5":0.0002194737},"CorrFact":{"0":3.875644,"1":3.84946,"2":3.861439,"3":3.88746,"4":3.880992,"5":1.906987},"CtsInSrc":{"0":20.0,"1":24.0,"2":20.0,"3":21.0,"4":20.0,"5":28.0},"BGInSrc":{"0":0.059671,"1":0.039781,"2":0.099452,"3":0.119343,"4":0.179014,"5":0.598602},"Exposure":{"0":20.058508,"1":27.58046,"2":30.08772,"3":40.11706,"4":97.78516,"5":506.473492},"Sigma":{"0":578.798483,"1":851.787939,"2":447.44095,"3":428.572441,"4":332.16946,"5":246.509393},"SNR":{"0":4.458661,"1":4.890779,"2":4.449678,"3":4.556275,"4":4.431713,"5":5.177235}}