{"Time":{"0":209.842,"1":238.492,"2":285.039,"3":352.548,"4":484.333,"5":645.725,"6":779.093,"7":4376.561,"8":4743.604,"9":5048.498,"10":60343.161,"11":68251.186,"12":86418.858,"13":476687.342,"14":788024.299},"TimePos":{"0":13.926,"1":22.886,"2":31.5,"3":46.733,"4":100.489,"5":61.955,"6":84.04,"7":272.005,"8":140.65,"9":126.6,"10":3551.729,"11":785.604,"12":468.973,"13":137527.367,"14":221948.817},"TimeNeg":{"0":-13.655,"1":-14.724,"2":-23.661,"3":-36.009,"4":-85.053,"5":-60.904,"6":-71.413,"7":-235.805,"8":-95.038,"9":-164.244,"10":-2990.99,"11":-1064.784,"12":-513.888,"13":-71140.567,"14":-146004.527},"Rate":{"0":1.606363,"1":1.198272,"2":0.8340625,"3":0.5525048,"4":0.2444529,"5":0.3134748,"6":0.2053879,"7":0.06952144,"8":0.1061537,"9":0.07772826,"10":0.0147126,"11":0.01700221,"12":0.02055902,"13":0.002838164,"14":0.0007346741},"RatePos":{"0":0.3598803,"1":0.2679417,"2":0.1866801,"3":0.124136,"4":0.05518781,"5":0.0707087,"6":0.04127112,"7":0.01820378,"8":0.02391986,"9":0.01846353,"10":0.003460514,"11":0.003675132,"12":0.00541489,"13":0.0007697225,"14":0.0002867551},"RateNeg":{"0":-0.3598803,"1":-0.2679417,"2":-0.1866801,"3":-0.124136,"4":-0.05518781,"5":-0.0707087,"6":-0.04127112,"7":-0.01820378,"8":-0.02391986,"9":-0.01846353,"10":-0.003460514,"11":-0.003675132,"12":-0.00541489,"13":-0.0007697225,"14":-0.0002340953},"FracExp":{"0":1.0,"1":1.0,"2":1.0,"3":1.0,"4":1.0,"5":0.999978,"6":1.0,"7":0.528311,"8":1.0,"9":1.0,"10":0.266721,"11":1.0,"12":1.0,"13":0.036672,"14":0.054207},"BGrate":{"0":0.001370711,"1":0.0,"2":0.0003426772,"3":0.001142258,"4":0.00101877,"5":0.001399416,"6":0.0007469886,"7":0.0007730966,"8":0.0006453396,"9":0.0004754148,"10":0.0002670168,"11":0.0004376467,"12":0.0002991416,"13":0.000163198,"14":0.0000772696},"BGerr":{"0":0.0009692393,"1":0.0,"2":0.0003426772,"3":0.0005108331,"4":0.0003221635,"5":0.000466472,"6":0.0003049568,"7":0.0001996127,"8":0.0001945772,"9":0.0001503394,"10":0.0000356816,"11":0.0000446671,"12":0.0000505642,"13":0.0000089032,"14":0.0000026676},"CorrFact":{"0":2.219403,"1":2.253335,"2":2.30256,"3":2.296604,"4":2.289444,"5":1.942304,"6":1.283081,"7":1.260855,"8":1.260545,"9":1.265657,"10":1.385272,"11":1.417775,"12":1.374044,"13":1.472319,"14":1.549159},"CtsInSrc":{"0":20.0,"1":20.0,"2":20.0,"3":20.0,"4":20.0,"5":20.0,"6":25.0,"7":15.0,"8":20.0,"9":18.0,"10":19.0,"11":23.0,"12":15.0,"13":16.0,"14":11.0},"BGInSrc":{"0":0.037805,"1":0.0,"2":0.018902,"3":0.094512,"4":0.189024,"5":0.171926,"6":0.116121,"7":0.207408,"8":0.152099,"9":0.138272,"10":0.465966,"11":0.809816,"12":0.294015,"13":1.248837,"14":1.541186},"Exposure":{"0":27.58042,"1":37.60974,"2":55.16094,"3":82.7414,"4":185.54128,"5":122.85562,"6":155.4524,"7":268.28158,"8":235.68814,"9":290.84438,"10":1745.0808,"11":1850.3874,"12":982.8616,"13":7652.2796,"14":19945.5715},"Sigma":{"0":746.752014,"1":1000.0,"2":1057.066826,"3":470.945801,"4":331.427831,"5":345.987142,"6":524.906905,"7":276.226479,"8":432.797647,"9":408.498179,"10":297.652707,"11":268.478921,"12":295.909492,"13":216.516124,"14":4.915898},"SNR":{"0":4.463603,"1":4.472136,"2":4.467869,"3":4.450804,"4":4.429473,"5":4.433328,"6":4.976552,"7":3.819066,"8":4.437892,"9":4.209826,"10":4.251565,"11":4.626286,"12":3.796756,"13":3.687256,"14":3.138354}}