{"Time":{"0":875265.38,"1":918620.346,"2":1478788.054,"3":1516414.348},"TimePos":{"0":15035.181,"1":23835.657,"2":8287.006,"3":23521.443},"TimeNeg":{"0":-14313.562,"1":-22988.732,"2":-16107.998,"3":-25129.354},"Rate":{"0":0.003298903,"1":0.003003567,"2":0.004096028,"3":0.002153857},"RatePos":{"0":0.0008504955,"1":0.0007788319,"2":0.001069427,"3":0.0005550699},"RateNeg":{"0":-0.0008504955,"1":-0.0007788319,"2":-0.001069427,"3":-0.0005550699},"FracExp":{"0":0.260651,"1":0.178472,"2":0.265273,"3":0.252839},"BGrate":{"0":0.0001314965,"1":0.0001313636,"2":0.0001048744,"3":0.0000813063},"BGerr":{"0":0.0000070693,"1":0.0000066604,"2":0.0000065419,"3":0.0000034297},"CorrFact":{"0":1.577825,"1":1.578415,"2":1.730059,"3":1.655901},"CtsInSrc":{"0":17.0,"1":17.0,"2":16.0,"3":17.0},"BGInSrc":{"0":1.005918,"1":1.097783,"2":0.678678,"3":1.000133},"Exposure":{"0":7649.7723,"1":8356.8309,"2":6471.3413,"3":12300.8138},"Sigma":{"0":295.75672,"1":285.703646,"2":361.908523,"3":379.250984},"SNR":{"0":3.878801,"1":3.856503,"2":3.830116,"3":3.880335}}