{"Time":{"0":112.194,"1":140.226,"2":169.54,"3":238.836},"TimePos":{"0":7.375,"1":14.445,"2":15.219,"3":1590.713},"TimeNeg":{"0":-10.176,"1":-20.657,"2":-14.869,"3":-54.077},"Rate":{"0":5.671577,"1":2.469706,"2":2.781132,"3":0.06164035},"RatePos":{"0":1.188917,"1":0.5573464,"2":0.6237841,"3":0.01242792},"RateNeg":{"0":-1.188917,"1":-0.5573464,"2":-0.6237841,"3":-0.01242792},"FracExp":{"0":1.0,"1":1.0,"2":1.0,"3":0.999999},"BGrate":{"0":0.006887203,"1":0.005165407,"2":0.002008767,"3":0.00105655},"BGerr":{"0":0.002811689,"1":0.001721802,"2":0.001159762,"3":0.0001166764},"CorrFact":{"0":4.350824,"1":4.374285,"2":4.19659,"3":3.860504},"CtsInSrc":{"0":23.0,"1":20.0,"2":20.0,"3":28.0},"BGInSrc":{"0":0.120879,"1":0.181318,"2":0.060439,"3":1.7378},"Exposure":{"0":17.551208,"1":35.10238,"2":30.0878,"3":1644.788312},"Sigma":{"0":463.623108,"1":327.910159,"2":571.421157,"3":136.847904},"SNR":{"0":4.770374,"1":4.431187,"2":4.458486,"3":4.959828}}