{"Time":{"0":8432.152,"1":49225.545,"2":54574.046},"TimePos":{"0":5731.893,"1":4435.397,"2":708.321},"TimeNeg":{"0":-385.84,"1":-1586.249,"2":-913.104},"Rate":{"0":0.03614779,"1":0.01320047,"2":0.0151001},"RatePos":{"0":0.00748306,"1":0.003483037,"2":0.003711793},"RateNeg":{"0":-0.00748306,"1":-0.003483037,"2":-0.003711793},"FracExp":{"0":0.146723,"1":0.239836,"2":0.949462},"BGrate":{"0":0.0003719775,"1":0.0002218956,"2":0.0004796942},"BGerr":{"0":0.0000506197,"1":0.0000342392,"2":0.0000403975},"CorrFact":{"0":1.371021,"1":1.298691,"2":1.346714},"CtsInSrc":{"0":24.0,"1":15.0,"2":18.0},"BGInSrc":{"0":0.333892,"1":0.320463,"2":0.73848},"Exposure":{"0":897.6134,"1":1444.20546,"2":1539.48154},"Sigma":{"0":520.856063,"1":296.865191,"2":277.555366},"SNR":{"0":4.830616,"1":3.789931,"2":4.068142}}