{"Time":{"0":161.091,"1":262.287,"2":372.734,"3":493.389,"4":683.982,"5":890.357,"6":1054.466,"7":1339.719,"8":1563.794,"9":1855.579,"10":5682.156,"11":6942.489,"12":13608.948,"13":62421.388},"TimePos":{"0":23.91,"1":60.616,"2":52.969,"3":95.288,"4":80.208,"5":86.955,"6":123.431,"7":126.52,"8":110.552,"9":172.288,"10":284.97,"11":827.384,"12":5637.813,"13":18776.88},"TimeNeg":{"0":-18.715,"1":-77.286,"2":-49.831,"3":-67.687,"4":-95.304,"5":-126.167,"6":-77.154,"7":-161.822,"8":-97.555,"9":-181.233,"10":-138.765,"11":-975.362,"12":-2052.036,"13":-3881.14},"Rate":{"0":2.196473,"1":0.4093774,"2":0.2341866,"3":0.14835,"4":0.1367747,"5":0.1122996,"6":0.08978693,"7":0.06245773,"8":0.08587848,"9":0.06648437,"10":0.04576532,"11":0.01740075,"12":0.00878372,"13":0.001845903},"RatePos":{"0":0.4802,"1":0.09274843,"2":0.05280926,"3":0.03352401,"4":0.03097395,"5":0.0255127,"6":0.02341229,"7":0.0162861,"8":0.02261691,"9":0.01533308,"10":0.01200893,"11":0.003598208,"12":0.001934753,"13":0.001101432},"RateNeg":{"0":-0.4802,"1":-0.09274843,"2":-0.05280926,"3":-0.03352401,"4":-0.03097395,"5":-0.0255127,"6":-0.02341229,"7":-0.0162861,"8":-0.02261691,"9":-0.01533308,"10":-0.01200893,"11":-0.003598208,"12":-0.001934753,"13":-0.0008135195},"FracExp":{"0":1.0,"1":0.999995,"2":1.0,"3":1.0,"4":1.0,"5":1.0,"6":1.0,"7":1.0,"8":1.0,"9":1.0,"10":1.0,"11":1.0,"12":0.428108,"13":0.209366},"BGrate":{"0":0.0009045937,"1":0.001871961,"2":0.001617363,"3":0.001275229,"4":0.001420969,"5":0.001462762,"6":0.0007252859,"7":0.0005045466,"8":0.001398141,"9":0.00170488,"10":0.0005647909,"11":0.0004531952,"12":0.0003717324,"13":0.0001241804},"BGerr":{"0":0.0006396444,"1":0.0005191884,"2":0.0005718243,"3":0.0004032628,"4":0.0004101985,"5":0.0003776835,"6":0.0002741323,"7":0.0001907007,"8":0.0003736689,"9":0.0003165882,"10":0.000104879,"11":0.0000455478,"12":0.0000253519,"13":0.0000072671},"CorrFact":{"0":4.466446,"1":2.859598,"2":1.213809,"3":1.221564,"4":1.215436,"5":1.215623,"6":1.212422,"7":1.212369,"8":1.215031,"9":1.211694,"10":1.313788,"11":1.297157,"12":1.327905,"13":1.985177},"CtsInSrc":{"0":21.0,"1":20.0,"2":20.0,"3":20.0,"4":20.0,"5":20.0,"6":15.0,"7":15.0,"8":15.0,"9":20.0,"10":15.0,"11":25.0,"12":23.0,"13":5.0},"BGInSrc":{"0":0.038558,"1":0.258146,"2":0.166265,"3":0.207831,"4":0.249397,"5":0.311746,"6":0.145482,"7":0.145482,"8":0.290963,"9":0.60271,"10":0.239322,"11":0.816996,"12":1.223775,"13":0.589088},"Exposure":{"0":42.624308,"1":137.901532,"2":102.7999,"3":162.97544,"4":175.51202,"5":213.12184,"6":200.58532,"7":288.34144,"8":208.10734,"9":353.52046,"10":423.735768,"11":1802.746632,"12":3292.0849,"13":4743.8116},"Sigma":{"0":768.821016,"1":275.736229,"2":337.403207,"3":301.150147,"4":274.333865,"5":244.597071,"6":270.146436,"7":270.146436,"8":189.151548,"9":173.313244,"10":332.141004,"11":294.515284,"12":260.915786,"13":3.51077},"SNR":{"0":4.574081,"1":4.413847,"2":4.434575,"3":4.425186,"4":4.415797,"5":4.401714,"6":3.835034,"7":3.835034,"8":3.797092,"9":4.336008,"10":3.81094,"11":4.835949,"12":4.539969,"13":2.269033}}