{"Time":{"0":201.375,"1":230.104,"2":277.008,"3":336.614,"4":578.961},"TimePos":{"0":14.223,"1":18.089,"2":16.317,"3":41.959,"4":1787.901},"TimeNeg":{"0":-15.865,"1":-14.506,"2":-28.815,"3":-43.29,"4":-200.388},"Rate":{"0":3.166613,"1":3.127144,"2":2.350175,"3":1.062893,"4":0.01081885},"RatePos":{"0":0.6940239,"1":0.6683708,"2":0.4931724,"3":0.2398562,"4":0.003182387},"RateNeg":{"0":-0.6940239,"1":-0.6683708,"2":-0.4931724,"3":-0.2398562,"4":-0.003182387},"FracExp":{"0":1.0,"1":1.0,"2":1.0,"3":1.0,"4":1.0},"BGrate":{"0":0.003002389,"1":0.001662863,"2":0.003202549,"3":0.002119335,"4":0.0009145005},"BGerr":{"0":0.001342709,"1":0.0009600543,"2":0.001132272,"3":0.0006701925,"4":0.0000933358},"CorrFact":{"0":4.556565,"1":4.644597,"2":4.640781,"3":4.571804,"4":1.631882},"CtsInSrc":{"0":21.0,"1":22.0,"2":23.0,"3":20.0,"4":15.0},"BGInSrc":{"0":0.090335,"1":0.054201,"2":0.144536,"3":0.18067,"4":1.81829},"Exposure":{"0":30.087748,"1":32.59504,"2":45.13162,"3":85.24858,"4":1988.288012},"Sigma":{"0":517.577482,"1":701.300376,"2":447.258238,"3":346.898376,"4":71.030376},"SNR":{"0":4.562686,"1":4.678756,"2":4.765423,"3":4.431375,"4":3.399602}}