{"Time":{"0":332.314,"1":358.868,"2":392.873,"3":540.695,"4":4211.312,"5":4834.008,"6":14093.223,"7":16393.05,"8":28072.788},"TimePos":{"0":13.496,"1":9.509,"2":38.187,"3":216.316,"4":255.309,"5":382.291,"6":1721.56,"7":705.472,"8":17969.968},"TimeNeg":{"0":-11.577,"1":-13.057,"2":-24.496,"3":-109.635,"4":-266.214,"5":-367.387,"6":-2257.106,"7":-578.267,"8":-6892.458},"Rate":{"0":1.700384,"1":2.104584,"2":0.7139496,"3":0.1899472,"4":0.0372859,"5":0.04511103,"6":0.02377767,"7":0.01738383,"8":0.005839156},"RatePos":{"0":0.3806349,"1":0.4504954,"2":0.1582761,"3":0.03315667,"4":0.009847628,"5":0.009011459,"6":0.006396004,"7":0.004455145,"8":0.001169609},"RateNeg":{"0":-0.3806349,"1":-0.4504954,"2":-0.1582761,"3":-0.03315667,"4":-0.009847628,"5":-0.009011459,"6":-0.006396004,"7":-0.004455145,"8":-0.001169609},"FracExp":{"0":1.0,"1":1.0,"2":1.0,"3":0.999991,"4":1.0,"5":1.0,"6":0.20418,"7":0.978514,"8":0.311819},"BGrate":{"0":0.0008654664,"1":0.003846502,"2":0.005192789,"3":0.001808431,"4":0.0006415886,"5":0.000630682,"6":0.0007380851,"7":0.0007230466,"8":0.0002724086},"BGerr":{"0":0.0008654664,"1":0.001923251,"2":0.001340772,"3":0.0003480327,"4":0.0000945971,"5":0.0000782265,"6":0.0000846642,"7":0.0000686285,"8":0.0000107679},"CorrFact":{"0":2.134019,"1":2.167278,"2":2.164628,"3":1.853094,"4":1.32594,"5":1.324813,"6":1.341362,"7":1.357021,"8":1.683586},"CtsInSrc":{"0":20.0,"1":22.0,"2":21.0,"3":34.0,"4":15.0,"5":26.0,"6":15.0,"7":17.0,"8":29.0},"BGInSrc":{"0":0.0217,"1":0.0868,"2":0.3255,"3":0.589454,"4":0.334603,"5":0.472809,"6":0.599595,"7":0.90826,"8":2.111867},"Exposure":{"0":25.073208,"1":22.56598,"2":62.68314,"3":325.947872,"4":521.522728,"5":749.678372,"6":812.3652,"7":1256.1573,"8":7752.5716},"Sigma":{"0":920.658137,"1":504.911975,"2":245.99668,"3":294.520363,"4":297.264368,"5":435.285604,"6":209.374497,"7":186.661257,"8":322.09499},"SNR":{"0":4.467231,"1":4.67171,"2":4.510787,"3":5.728777,"4":3.786282,"5":5.005963,"6":3.717583,"7":3.901967,"8":4.992401}}