{"Time":{"0":519.329,"1":534.103,"2":550.068,"3":562.321,"4":576.734,"5":591.782,"6":612.067,"7":636.322,"8":669.847,"9":706.205,"10":737.833,"11":761.759,"12":794.712,"13":847.988,"14":895.226,"15":959.191,"16":1060.033,"17":1174.155,"18":1340.247,"19":1521.648,"20":1635.066,"21":1783.297,"22":1949.893,"23":2108.218,"24":5603.839,"25":5861.909,"26":6097.324,"27":6394.122,"28":6609.199,"29":6832.261,"30":7081.146,"31":7341.565,"32":7704.804,"33":34560.37,"34":35194.904,"35":35772.932,"36":41749.745,"37":50033.325,"38":104158.79,"39":205904.319},"TimePos":{"0":7.275,"1":10.052,"2":6.624,"3":6.907,"4":7.538,"5":7.534,"6":12.322,"7":15.648,"8":14.718,"9":15.97,"10":14.43,"11":13.07,"12":17.727,"13":17.104,"14":25.027,"15":46.311,"16":45.763,"17":79.572,"18":99.022,"19":53.017,"20":62.457,"21":107.29,"22":43.494,"23":143.417,"24":107.825,"25":130.574,"26":191.023,"27":104.84,"28":77.812,"29":87.93,"30":129.895,"31":100.149,"32":308.559,"33":406.203,"34":228.001,"35":464.838,"36":828.716,"37":7597.676,"38":24540.064,"39":82874.343},"TimeNeg":{"0":-10.277,"1":-7.499,"2":-5.913,"3":-5.629,"4":-7.506,"5":-7.51,"6":-12.751,"7":-11.933,"8":-17.877,"9":-21.64,"10":-15.658,"11":-9.496,"12":-19.883,"13":-35.549,"14":-30.134,"15":-38.938,"16":-54.53,"17":-68.36,"18":-86.52,"19":-82.378,"20":-60.402,"21":-85.774,"22":-59.306,"23":-114.831,"24":-140.4,"25":-150.245,"26":-104.841,"27":-105.775,"28":-110.237,"29":-145.251,"30":-160.954,"31":-130.524,"32":-263.09,"33":-318.411,"34":-228.331,"35":-350.027,"36":-748.376,"37":-3991.826,"38":-23145.021,"39":-43799.913},"Rate":{"0":4.324479,"1":4.162686,"2":5.834008,"3":5.292729,"4":4.436399,"5":4.822863,"6":2.70226,"7":2.56466,"8":2.05456,"9":2.057243,"10":2.431342,"11":2.946468,"12":1.966435,"13":1.398675,"14":1.275563,"15":0.7899061,"16":0.7036167,"17":0.4508826,"18":0.3580821,"19":0.2253388,"20":0.1966876,"21":0.1239994,"22":0.2353992,"23":0.1662204,"24":0.07508799,"25":0.06624969,"26":0.06244124,"27":0.1179255,"28":0.09862413,"29":0.07977977,"30":0.06339609,"31":0.08553498,"32":0.05624344,"33":0.025837,"34":0.04197538,"35":0.02517871,"36":0.02425768,"37":0.01356785,"38":0.005036031,"39":0.001383529},"RatePos":{"0":0.9087784,"1":0.8886911,"2":1.247193,"3":1.185256,"4":0.9964618,"5":1.029632,"6":0.6096921,"7":0.5604499,"8":0.4628607,"9":0.4289649,"10":0.5211868,"11":0.6627991,"12":0.4203838,"13":0.3014639,"14":0.2791427,"15":0.1771561,"16":0.154418,"17":0.1020362,"18":0.08140312,"19":0.05093881,"20":0.04432348,"21":0.02825142,"22":0.05296458,"23":0.02808959,"24":0.01955941,"25":0.0172912,"26":0.01641048,"27":0.02662223,"28":0.02581733,"29":0.02082255,"30":0.01669459,"31":0.02174174,"32":0.01123903,"33":0.006885105,"34":0.01097817,"35":0.006411459,"36":0.004758139,"37":0.003663319,"38":0.001067779,"39":0.0004732341},"RateNeg":{"0":-0.9087784,"1":-0.8886911,"2":-1.247193,"3":-1.185256,"4":-0.9964618,"5":-1.029632,"6":-0.6096921,"7":-0.5604499,"8":-0.4628607,"9":-0.4289649,"10":-0.5211868,"11":-0.6627991,"12":-0.4203838,"13":-0.3014639,"14":-0.2791427,"15":-0.1771561,"16":-0.154418,"17":-0.1020362,"18":-0.08140312,"19":-0.05093881,"20":-0.04432348,"21":-0.02825142,"22":-0.05296458,"23":-0.02808959,"24":-0.01955941,"25":-0.0172912,"26":-0.01641048,"27":-0.02662223,"28":-0.02581733,"29":-0.02082255,"30":-0.01669459,"31":-0.02174174,"32":-0.01123903,"33":-0.006885105,"34":-0.01097817,"35":-0.006411459,"36":-0.004758139,"37":-0.003663319,"38":-0.001067779,"39":-0.0003927951},"FracExp":{"0":1.0,"1":1.0,"2":1.0,"3":1.0,"4":1.0,"5":1.0,"6":1.0,"7":1.0,"8":1.0,"9":1.0,"10":1.0,"11":1.0,"12":1.0,"13":1.0,"14":1.0,"15":1.0,"16":1.0,"17":1.0,"18":1.0,"19":0.999936,"20":1.0,"21":1.0,"22":1.0,"23":1.0,"24":1.0,"25":1.0,"26":1.0,"27":1.0,"28":1.0,"29":1.0,"30":1.0,"31":1.0,"32":1.0,"33":1.0,"34":1.0,"35":1.0,"36":1.0,"37":0.119854,"38":0.14528,"39":0.099521},"BGrate":{"0":0.01003735,"1":0.001672888,"2":0.004684077,"3":0.002342046,"4":0.005855115,"5":0.001951702,"6":0.007026127,"7":0.001064566,"8":0.004503932,"9":0.0,"10":0.003903405,"11":0.005204538,"12":0.001561362,"13":0.004461035,"14":0.001064564,"15":0.0006888364,"16":0.001171022,"17":0.001587826,"18":0.001740709,"19":0.001575702,"20":0.00124027,"21":0.001894231,"22":0.00118582,"23":0.001888144,"24":0.0005269117,"25":0.0005692526,"26":0.0008841394,"27":0.0008970034,"28":0.001081924,"29":0.0006855509,"30":0.0009993145,"31":0.001134005,"32":0.0008389275,"33":0.0006408984,"34":0.0004179794,"35":0.000356197,"36":0.0003216047,"37":0.0004706314,"38":0.0002043134,"39":0.0001088764},"BGerr":{"0":0.00409773,"1":0.001672888,"2":0.003312143,"3":0.002342046,"4":0.003380452,"5":0.001951702,"6":0.002868404,"7":0.001064566,"8":0.00201422,"9":0.0,"10":0.001951702,"11":0.002602269,"12":0.00110405,"13":0.001577214,"14":0.0007527607,"15":0.0004870809,"16":0.0005855109,"17":0.0005613812,"18":0.0005248434,"19":0.0005955593,"20":0.0005546655,"21":0.0005468173,"22":0.0005929099,"23":0.0004720359,"24":0.0001756372,"25":0.0001716361,"26":0.0002083937,"27":0.000248784,"28":0.0002891564,"29":0.0002067014,"30":0.0002234535,"31":0.0002672876,"32":0.0001460385,"33":0.0000856436,"34":0.0000871547,"35":0.0000602083,"36":0.0000411773,"37":0.0000452865,"38":0.0000110804,"39":0.0000041907},"CorrFact":{"0":3.325468,"1":3.325365,"2":3.333391,"3":3.322519,"4":3.351804,"5":3.302356,"6":3.417826,"7":3.373036,"8":3.373199,"9":3.364026,"10":3.343025,"11":3.344125,"12":3.370693,"13":3.38365,"14":3.359943,"15":3.376848,"16":3.379269,"17":3.374633,"18":3.376486,"19":1.541839,"20":1.217515,"21":1.219283,"22":1.217372,"23":1.208764,"24":1.253508,"25":1.253642,"26":1.253466,"27":1.253686,"28":1.253412,"29":1.253567,"30":1.253536,"31":1.253661,"32":1.259834,"33":1.288,"34":1.293427,"35":1.30602,"36":1.444037,"37":1.313675,"38":1.47927,"39":1.500106},"CtsInSrc":{"0":23.0,"1":22.0,"2":22.0,"3":20.0,"4":20.0,"5":22.0,"6":20.0,"7":21.0,"8":20.0,"9":23.0,"10":22.0,"11":20.0,"12":22.0,"13":22.0,"14":21.0,"15":20.0,"16":21.0,"17":20.0,"18":20.0,"19":20.0,"20":20.0,"21":20.0,"22":20.0,"23":36.0,"24":15.0,"25":15.0,"26":15.0,"27":20.0,"28":15.0,"29":15.0,"30":15.0,"31":16.0,"32":26.0,"33":15.0,"34":15.0,"35":16.0,"36":27.0,"37":15.0,"38":25.0,"39":13.0},"BGInSrc":{"0":0.176168,"1":0.029361,"2":0.058723,"3":0.029361,"4":0.088084,"5":0.029361,"6":0.176168,"7":0.029361,"8":0.146806,"9":0.0,"10":0.117445,"11":0.117445,"12":0.058723,"13":0.23489,"14":0.058723,"15":0.058723,"16":0.117445,"17":0.23489,"18":0.322974,"19":0.213329,"20":0.152378,"21":0.365707,"22":0.121902,"23":0.487609,"24":0.130792,"25":0.159857,"26":0.261585,"27":0.188922,"28":0.203455,"29":0.159857,"30":0.29065,"31":0.261585,"32":0.479572,"33":0.464404,"34":0.190737,"35":0.290252,"36":0.5072,"37":0.653728,"38":1.415415,"39":1.372572},"Exposure":{"0":17.551228,"1":17.55126,"2":12.53664,"3":12.5366,"4":15.04392,"5":15.04394,"6":25.07324,"7":27.58054,"8":32.59518,"9":37.60984,"10":30.08788,"11":22.56592,"12":37.60984,"13":52.65378,"14":55.16114,"15":85.24896,"16":100.2929,"17":147.93206,"18":185.54182,"19":135.386672,"20":122.85866,"21":193.06354,"22":102.80002,"23":258.24792,"24":248.224468,"25":280.81972,"26":295.8637,"27":210.61494,"28":188.04902,"29":233.18086,"30":290.8491,"31":230.67328,"32":571.649012,"33":724.61398,"34":456.3319,"35":814.86492,"36":1577.0917,"37":1389.0442,"38":6927.6699,"39":12606.7044},"Sigma":{"0":317.349446,"1":748.285769,"2":528.410834,"3":680.16888,"4":391.540986,"5":748.285769,"6":275.636541,"7":714.227324,"8":302.391916,"9":1000.0,"10":372.642884,"11":338.58444,"12":528.410834,"13":262.084097,"14":504.327878,"15":480.244921,"16":355.613662,"17":238.00114,"18":202.06352,"19":245.398444,"20":291.253781,"21":185.982782,"22":326.131627,"23":291.318464,"24":341.056748,"25":307.894414,"26":239.042219,"27":378.09114,"28":272.117444,"29":307.894414,"30":226.328147,"31":255.26121,"32":305.696917,"33":234.223765,"34":372.358819,"35":320.20441,"36":407.95605,"37":228.062539,"38":307.244238,"39":220.090016},"SNR":{"0":4.758563,"1":4.684064,"2":4.677713,