{"Time":{"0":51673.439,"1":57795.89,"2":63263.466,"3":65358.995,"4":108622.83,"5":116463.827},"TimePos":{"0":417.27,"1":594.526,"2":418.971,"3":4322.681,"4":3002.044,"5":758.666},"TimeNeg":{"0":-445.242,"1":-789.504,"2":-385.881,"3":-1676.558,"4":-4754.601,"5":-1679.533},"Rate":{"0":0.03913229,"1":0.01860956,"2":0.02407669,"3":0.01673216,"4":0.006721787,"5":0.01186441},"RatePos":{"0":0.007760204,"1":0.004628061,"2":0.006316517,"3":0.003482347,"4":0.00143663,"5":0.003788722},"RateNeg":{"0":-0.007760204,"1":-0.004628061,"2":-0.006316517,"3":-0.003482347,"4":-0.00143663,"5":-0.003144725},"FracExp":{"0":1.0,"1":1.0,"2":1.0,"3":0.318466,"4":0.588307,"5":0.557361},"BGrate":{"0":0.000331842,"1":0.0003030121,"2":0.0002938464,"3":0.0002407855,"4":0.0002357201,"5":0.0004016953},"BGerr":{"0":0.0000524688,"1":0.0000401349,"2":0.0000511521,"3":0.0000248351,"4":0.0000165443,"5":0.0000483584},"CorrFact":{"0":1.312605,"1":1.55339,"2":1.312573,"3":1.358018,"4":1.338029,"5":1.294621},"CtsInSrc":{"0":26.0,"1":17.0,"2":15.0,"3":24.0,"4":24.0,"5":13.0},"BGInSrc":{"0":0.286217,"1":0.419378,"2":0.236503,"3":0.460034,"4":1.075658,"5":0.545886},"Exposure":{"0":862.5112,"1":1384.0296,"2":804.85192,"3":1910.55398,"4":4563.286,"5":1358.9566},"Sigma":{"0":568.198148,"1":298.492144,"2":358.599702,"3":496.112347,"4":303.648121,"5":189.511273},"SNR":{"0":5.042689,"1":4.021027,"2":3.811703,"3":4.80485,"4":4.678856,"5":3.772796}}