{"Time":{"0":197.66,"1":217.359,"2":241.306,"3":278.073,"4":314.203,"5":363.307,"6":443.042,"7":530.865,"8":606.641,"9":713.382,"10":880.646,"11":1142.554,"12":10140.355,"13":32956.985},"TimePos":{"0":8.501,"1":8.86,"2":17.508,"3":18.351,"4":17.323,"5":43.44,"6":38.924,"7":36.349,"8":50.837,"9":81.999,"10":122.843,"11":144.253,"12":14107.951,"13":6463.858},"TimeNeg":{"0":-11.558,"1":-11.198,"2":-15.087,"3":-19.259,"4":-17.779,"5":-31.78,"6":-36.296,"7":-48.9,"8":-39.426,"9":-55.904,"10":-85.265,"11":-139.065,"12":-5146.377,"13":-5194.624},"Rate":{"0":5.460543,"1":5.391186,"2":3.695355,"3":2.905623,"4":3.107194,"5":1.435383,"6":1.451561,"7":1.281954,"8":1.213698,"9":0.7813147,"10":0.5145953,"11":0.4096823,"12":0.004854343,"13":0.001534953},"RatePos":{"0":1.221015,"1":1.212082,"2":0.7927395,"3":0.6541531,"4":0.6957334,"5":0.3244819,"6":0.3272418,"7":0.2886108,"8":0.273244,"9":0.1778425,"10":0.1177821,"11":0.09081427,"12":0.001304774,"13":0.0008997765},"RateNeg":{"0":-1.221015,"1":-1.212082,"2":-0.7927395,"3":-0.6541531,"4":-0.6957334,"5":-0.3244819,"6":-0.3272418,"7":-0.2886108,"8":-0.273244,"9":-0.1778425,"10":-0.1177821,"11":-0.09081427,"12":-0.001304774,"13":-0.0006645766},"FracExp":{"0":1.0,"1":1.0,"2":1.0,"3":1.0,"4":1.0,"5":1.0,"6":1.0,"7":1.0,"8":1.0,"9":1.0,"10":1.0,"11":1.0,"12":0.387535,"13":0.401736},"BGrate":{"0":0.0,"1":0.005338342,"2":0.00410642,"3":0.003558897,"4":0.0007626203,"5":0.002847116,"6":0.002135336,"7":0.0015701,"8":0.001482872,"9":0.002523577,"10":0.002186789,"11":0.002929097,"12":0.0001496673,"13":0.0001089876},"BGerr":{"0":0.0,"1":0.002669171,"2":0.001836447,"3":0.001591587,"4":0.0007626203,"5":0.001006607,"6":0.0008717474,"7":0.00070217,"8":0.0006631605,"9":0.0006999143,"10":0.0005303741,"11":0.0005260814,"12":0.0000074555,"13":0.0000068792},"CorrFact":{"0":5.476523,"1":5.436076,"2":5.508541,"3":5.500806,"4":5.460821,"5":5.456878,"6":5.50349,"7":5.501074,"8":5.51454,"9":5.482674,"10":5.479241,"11":5.48274,"12":2.433732,"13":1.60115},"CtsInSrc":{"0":20.0,"1":20.0,"2":22.0,"3":20.0,"4":20.0,"5":20.0,"6":20.0,"7":20.0,"8":20.0,"9":20.0,"10":20.0,"11":22.0,"12":16.0,"13":5.0},"BGInSrc":{"0":0.0,"1":0.107079,"2":0.133849,"3":0.133849,"4":0.02677,"5":0.214159,"6":0.160619,"7":0.133849,"8":0.133849,"9":0.348008,"10":0.455088,"11":0.829866,"12":1.116776,"13":0.510458},"Exposure":{"0":20.058528,"1":20.05856,"2":32.59514,"3":37.60978,"4":35.10248,"5":75.2196,"6":75.21962,"7":85.24892,"8":90.26358,"9":137.90278,"10":208.10778,"11":283.317932,"12":7461.7248,"13":4683.6364},"Sigma":{"0":1000.0,"1":371.554366,"2":365.292832,"3":331.881114,"4":746.108731,"5":261.314398,"6":302.556373,"7":331.881114,"8":331.881114,"9":203.605129,"10":177.077378,"11":142.035394,"12":267.536762,"13":3.680784},"SNR":{"0":4.472136,"1":4.447874,"2":4.661499,"3":4.441808,"4":4.46607,"5":4.423615,"6":4.435744,"7":4.441808,"8":4.441808,"9":4.393296,"10":4.369045,"11":4.511211,"12":3.720446,"13":2.309671}}