{"Time":{"0":134.562,"1":233.693,"2":318.285,"3":441.356,"4":491.169,"5":508.857,"6":528.1,"7":555.755,"8":592.17,"9":638.614,"10":4013.646,"11":4200.144,"12":4380.18,"13":4562.043,"14":4745.037,"15":4897.088,"16":5094.254,"17":5268.763,"18":5439.275,"19":5633.85,"20":5901.034,"21":6061.749,"22":6298.578,"23":10194.367,"24":10411.412,"25":10659.364,"26":10830.249,"27":11134.26,"28":11379.627,"29":12869.786,"30":34714.409,"31":50230.823,"32":57035.964},"TimePos":{"0":54.875,"1":38.486,"2":44.158,"3":36.423,"4":11.684,"5":6.532,"6":12.362,"7":9.781,"8":23.513,"9":29.717,"10":75.924,"11":100.041,"12":85.488,"13":99.196,"14":71.656,"15":100.132,"16":103.552,"17":59.424,"18":92.006,"19":145.656,"20":64.014,"21":81.319,"22":140.331,"23":106.142,"24":102.218,"25":99.984,"26":167.294,"27":88.943,"28":144.455,"29":3434.402,"30":4160.06,"31":1722.922,"32":1304.473},"TimeNeg":{"0":-30.374,"1":-44.256,"2":-46.106,"3":-78.914,"4":-13.389,"5":-6.005,"6":-12.711,"7":-15.292,"8":-26.634,"9":-22.932,"10":-66.994,"11":-110.574,"12":-79.995,"13":-96.375,"14":-83.798,"15":-80.395,"16":-97.034,"17":-70.957,"18":-111.088,"19":-102.569,"20":-121.528,"21":-96.701,"22":-155.509,"23":-134.561,"24":-110.904,"25":-145.733,"26":-70.901,"27":-136.716,"28":-156.424,"29":-1345.705,"30":-5472.401,"31":-5548.836,"32":-1283.06},"Rate":{"0":1.110409,"1":1.148742,"2":1.062785,"3":0.8201171,"4":3.995013,"5":7.673469,"6":4.228397,"7":4.014067,"8":1.900347,"9":2.561151,"10":0.170884,"11":0.1141872,"12":0.146151,"13":0.09243578,"14":0.154884,"15":0.1347788,"16":0.120495,"17":0.1950782,"18":0.1185503,"19":0.1024017,"20":0.09729006,"21":0.1362952,"22":0.1177867,"23":0.111237,"24":0.1249791,"25":0.1142913,"26":0.08111383,"27":0.08858571,"28":0.06619414,"29":0.06019268,"30":0.02762853,"31":0.01464024,"32":0.01361597},"RatePos":{"0":0.2511139,"1":0.2586817,"2":0.2386508,"3":0.1867909,"4":0.8788305,"5":1.71584,"6":0.9084508,"7":0.8794676,"8":0.4322079,"9":0.4874322,"10":0.03890924,"11":0.02594047,"12":0.03301373,"13":0.02419253,"14":0.03514573,"15":0.03054873,"16":0.02728019,"17":0.04293661,"18":0.02690101,"19":0.02258723,"20":0.02550166,"21":0.03078741,"22":0.0223391,"23":0.0251831,"24":0.02839817,"25":0.02527126,"26":0.02204924,"27":0.02325407,"28":0.01746181,"29":0.01001469,"30":0.004661638,"31":0.003130845,"32":0.00271329},"RateNeg":{"0":-0.2511139,"1":-0.2586817,"2":-0.2386508,"3":-0.1867909,"4":-0.8788305,"5":-1.71584,"6":-0.9084508,"7":-0.8794676,"8":-0.4322079,"9":-0.4874322,"10":-0.03890924,"11":-0.02594047,"12":-0.03301373,"13":-0.02419253,"14":-0.03514573,"15":-0.03054873,"16":-0.02728019,"17":-0.04293661,"18":-0.02690101,"19":-0.02258723,"20":-0.02550166,"21":-0.03078741,"22":-0.0223391,"23":-0.0251831,"24":-0.02839817,"25":-0.02527126,"26":-0.02204924,"27":-0.02325407,"28":-0.01746181,"29":-0.01001469,"30":-0.004661638,"31":-0.003130845,"32":-0.00271329},"FracExp":{"0":1.0,"1":1.0,"2":1.0,"3":1.0,"4":1.0,"5":1.0,"6":1.0,"7":1.0,"8":1.0,"9":1.0,"10":1.0,"11":1.0,"12":1.0,"13":1.0,"14":1.0,"15":1.0,"16":1.0,"17":1.0,"18":1.0,"19":1.0,"20":1.0,"21":1.0,"22":1.0,"23":1.0,"24":1.0,"25":1.0,"26":1.0,"27":1.0,"28":1.0,"29":0.174665,"30":0.19288,"31":0.288597,"32":1.0},"BGrate":{"0":0.002598118,"1":0.00167303,"2":0.0009201669,"3":0.003120566,"4":0.006625206,"5":0.0,"6":0.0066252,"7":0.003312603,"8":0.006625208,"9":0.003681065,"10":0.00248488,"11":0.001475397,"12":0.001207143,"13":0.001021428,"14":0.001856143,"15":0.001475396,"16":0.001217201,"17":0.001361903,"18":0.00142075,"19":0.0008941778,"20":0.001196265,"21":0.001122131,"22":0.002025704,"23":0.001014759,"24":0.001483162,"25":0.001110995,"26":0.003136636,"27":0.001082407,"28":0.001050571,"29":0.001129296,"30":0.0007847405,"31":0.0005181945,"32":0.0005566526},"BGerr":{"0":0.0009185733,"1":0.0007482019,"2":0.0005312586,"3":0.0008654894,"4":0.002704729,"5":0.0,"6":0.002704727,"7":0.001912532,"8":0.001912533,"9":0.001391312,"10":0.0006212199,"11":0.0003943164,"12":0.0004023809,"13":0.0003404761,"14":0.0005148015,"15":0.00042591,"16":0.0003669998,"17":0.0004815053,"18":0.0003940451,"19":0.0002827639,"20":0.0003782922,"21":0.0003740435,"22":0.0003898469,"23":0.0002461151,"24":0.0003162112,"25":0.0002548798,"26":0.0004349732,"27":0.0002625223,"28":0.0002239825,"29":0.0001359513,"30":0.0000642884,"31":0.0000449332,"32":0.0000418406},"CorrFact":{"0":4.786069,"1":4.785571,"2":4.816551,"3":4.816161,"4":4.807933,"5":4.809968,"6":4.855741,"7":4.811682,"8":4.845272,"9":4.849274,"10":1.243188,"11":1.221454,"12":1.221477,"13":1.221451,"14":1.22149,"15":1.232982,"16":1.223416,"17":1.221494,"18":1.221462,"19":1.223344,"20":1.221502,"21":1.225404,"22":1.226944,"23":1.355304,"24":1.353177,"25":1.354917,"26":1.355584,"27":1.354738,"28":1.356344,"29":1.356175,"30":1.40472,"31":1.340934,"32":1.326516},"CtsInSrc":{"0":20.0,"1":20.0,"2":20.0,"3":20.0,"4":21.0,"5":20.0,"6":22.0,"7":21.0,"8":20.0,"9":28.0,"10":20.0,"11":20.0,"12":20.0,"13":15.0,"14":20.0,"15":20.0,"16":20.0,"17":21.0,"18":20.0,"19":21.0,"20":15.0,"21":20.0,"22":29.0,"23":20.0,"24":20.0,"25":21.0,"26":15.0,"27":15.0,"28":15.0,"29":38.0,"30":38.0,"31":24.0,"32":28.0},"BGInSrc":{"0":0.221487,"1":0.138429,"2":0.083058,"3":0.359917,"4":0.166115,"5":0.0,"6":0.166115,"7":0.083058,"8":0.332231,"9":0.193801,"10":0.355132,"11":0.310741,"12":0.199762,"13":0.199762,"14":0.288545,"15":0.266349,"16":0.244153,"17":0.177566,"18":0.288545,"19":0.221958,"20":0.221958,"21":0.199762,"22":0.599286,"23":0.244255,"24":0.316095,"25":0.272991,"26":0.747133,"27":0.244255,"28":0.316095,"29":0.94287,"30":1.457977,"31":1.087488,"32":1.440357},"Exposure":{"0":85.249088,"1":82.74176,"2":90.26372,"3":115.33696,"4":25.07324,"5":12.53662,"6":25.07326,"7":25.07324,"8":50.14646,"9":52.648152,"10":142.917248,"11":210.61494,"12":165.4832,"13":195.5711,"14":155.454,"15":180.52726,"16":200.58594,"17":130.38088,"18":203.09338,"19":248.22534,"20":185.54218,"21":178.02014,"22":295.840592,"23":240.70258,"24":213.12218,"25":245.71746,"26":238.19562,"27":225.65908,"28":300.87894,"29":834.91824,"30":1857.9093,"31":2098.6101,"32":2587.5336},"Sigma":{"0":252.574825,"1":320.826332,"2":415.339714,"3":196.749244,"4":307.210497,"5":1000.0,"6":321.95621,"7":436.193302,"8":205.071781,"9":379.606835,"10":221.268256,"11":237.080238,"12":297.357675,"13":222.268256,"14":246.307141,"15":256.653275,"16":268.367115,"17":331.677867,"18":246.307141,"19":296.029248,"20":210.545955,"21":297.357675,"22":246.250645,"23":333.483506,"24":292.082363,"25":330.95218,"26":137.564372,"27":249.081853,"28":217.889169,"29":326.470903,"30":305.939201,"31":242.981938,"32":245.323208},"SNR":{"0":4.421932,"1":4.440757,"2":4.453308,"3":4.390563,"4":4.545829,"5":4.472136,"6":4.654513,"7":4.564201,"8":4.396836,"9":5.254374,"10":4.391861,"11":4.401893,"12":4.426977,"13":3.82084,"14":4.40691,"15":4.411926,"16":4.416943,"17":4.543401,"18":4.40691,"19":4.533609,"20":3.815048,"21":4.426977,"22":5.272671,"23":4.417131,"24":4.400955,"25":4.522582,"26":3.678758,"27":3.809471,"28":3.790794,"29":6.010441,"30":5.926786,"31":4.676131,"32":5.01825}}