{"Time":{"0":65192.912},"TimePos":{"0":4210.519},"TimeNeg":{"0":-2977.526},"Rate":{"0":0.00513345},"RatePos":{"0":0.001398978},"RateNeg":{"0":-0.001398978},"FracExp":{"0":0.554965},"BGrate":{"0":0.0001972161},"BGerr":{"0":0.000014782},"CorrFact":{"0":1.440759},"CtsInSrc":{"0":15.0},"BGInSrc":{"0":0.786718},"Exposure":{"0":3989.1143},"Sigma":{"0":241.037954},"SNR":{"0":3.669428}}