{"Time":{"0":149.516,"1":338.174,"2":511.649,"3":721.751,"4":902.541,"5":4862.693,"6":5615.39,"7":6604.403,"8":14603.34,"9":17902.544,"10":29680.137,"11":107713.727},"TimePos":{"0":105.163,"1":69.451,"2":91.547,"3":109.61,"4":91.794,"5":227.448,"6":572.955,"7":466.502,"8":2547.882,"9":815.735,"10":16603.01,"11":18884.987},"TimeNeg":{"0":-55.305,"1":-83.495,"2":-104.024,"3":-118.556,"4":-71.18,"5":-218.854,"6":-525.249,"7":-416.059,"8":-4175.253,"9":-751.322,"10":-7784.798,"11":-21926.525},"Rate":{"0":0.1535372,"1":0.2742688,"2":0.2883492,"3":0.1759863,"4":0.1567629,"5":0.07299904,"6":0.03118308,"7":0.04023673,"8":0.01020343,"9":0.01479817,"10":0.004672446,"11":0.001885999},"RatePos":{"0":0.03473665,"1":0.06039866,"2":0.06568661,"3":0.04018998,"4":0.03502081,"5":0.01896785,"6":0.008229296,"7":0.01031164,"8":0.00272782,"9":0.003781579,"10":0.0009826407,"11":0.001457178},"RateNeg":{"0":-0.03473665,"1":-0.06039866,"2":-0.06568661,"3":-0.04018998,"4":-0.03502081,"5":-0.01896785,"6":-0.008229296,"7":-0.01031164,"8":-0.00272782,"9":-0.003781579,"10":-0.0009826407,"11":-0.0009802588},"FracExp":{"0":1.0,"1":0.999989,"2":1.0,"3":0.999989,"4":1.0,"5":1.0,"6":1.0,"7":1.0,"8":0.508313,"9":1.0,"10":0.466653,"11":0.063156},"BGrate":{"0":0.001437106,"1":0.001233654,"2":0.001864914,"3":0.001809979,"4":0.002958661,"5":0.0002111702,"6":0.0002942331,"7":0.0004424013,"8":0.0001499261,"9":0.0002210367,"10":0.0001539414,"11":0.0000837348},"BGerr":{"0":0.0004333037,"1":0.0004112179,"2":0.0004395645,"3":0.0004047236,"4":0.0006169235,"5":0.0000564376,"6":0.0000424689,"7":0.0000580901,"8":0.0000112691,"9":0.0000244094,"10":0.0000061235,"11":0.0000071023},"CorrFact":{"0":1.246262,"1":2.015631,"2":2.872006,"3":2.050012,"4":1.245173,"5":2.185706,"6":2.333288,"7":2.274976,"8":2.406863,"9":1.48142,"10":2.192977,"11":1.74611},"CtsInSrc":{"0":20.0,"1":21.0,"2":20.0,"3":20.0,"4":21.0,"5":15.0,"6":15.0,"7":16.0,"8":15.0,"9":16.0,"10":26.0,"11":3.0},"BGInSrc":{"0":0.23061,"1":0.188681,"2":0.364723,"3":0.412971,"4":0.482184,"5":0.094246,"6":0.323128,"7":0.390446,"8":0.512366,"9":0.346377,"10":1.751951,"11":0.215827},"Exposure":{"0":160.468208,"1":152.944652,"2":195.57068,"3":228.16344,"4":162.97372,"5":446.301708,"6":1098.2036,"7":882.561092,"8":3417.45498,"9":1567.05742,"10":11380.6347,"11":2577.5044},"Sigma":{"0":284.322954,"1":330.897395,"2":228.407677,"3":212.111382,"4":204.071427,"5":591.77524,"6":314.68768,"7":304.469183,"8":376.187135,"9":409.23476,"10":347.947197,"11":3.131896},"SNR":{"0":4.420036,"1":4.540975,"2":4.389771,"3":4.378859,"4":4.476277,"5":3.848568,"6":3.789277,"7":3.902068,"8":3.740506,"9":3.913227,"10":4.75499,"11":1.923981}}