{"Time":{"0":3178.915,"1":3329.137,"2":3502.339,"3":3677.442,"4":3860.3,"5":4079.799,"6":4300.908,"7":4476.997,"8":4716.425,"9":9014.072,"10":9532.038,"11":9893.81,"12":15397.19,"13":25308.173,"14":59152.042,"15":123880.195,"16":247114.822,"17":764382.454},"TimePos":{"0":77.637,"1":77.854,"2":97.715,"3":88.096,"4":78.243,"5":116.998,"6":83.938,"7":125.986,"8":114.71,"9":286.824,"10":182.565,"11":397.466,"12":712.867,"13":6545.397,"14":12937.814,"15":12410.603,"16":234053.58,"17":13669.193},"TimeNeg":{"0":-87.846,"1":-72.585,"2":-95.348,"3":-77.387,"4":-94.763,"5":-141.256,"6":-104.111,"7":-92.151,"8":-113.443,"9":-204.61,"10":-231.142,"11":-179.207,"12":-804.05,"13":-3659.503,"14":-9351.097,"15":-17352.695,"16":-94774.336,"17":-9525.311},"Rate":{"0":0.1515991,"1":0.1648765,"2":0.09648571,"3":0.1484793,"4":0.1417516,"5":0.07613206,"6":0.1310138,"7":0.0903638,"8":0.08570932,"9":0.03953094,"10":0.04675393,"11":0.0376197,"12":0.02109831,"13":0.01865944,"14":0.007809951,"15":0.004320805,"16":0.003575119,"17":0.00331368},"RatePos":{"0":0.03415328,"1":0.03726449,"2":0.02505486,"3":0.03366722,"4":0.03214172,"5":0.01926388,"6":0.02957916,"7":0.02280351,"8":0.02180476,"9":0.01029506,"10":0.01228228,"11":0.009350312,"12":0.004452308,"13":0.003605902,"14":0.001536425,"15":0.001142511,"16":0.000627756,"17":0.001040777},"RateNeg":{"0":-0.03415328,"1":-0.03726449,"2":-0.02505486,"3":-0.03366722,"4":-0.03214172,"5":-0.01926388,"6":-0.02957916,"7":-0.02280351,"8":-0.02180476,"9":-0.01029506,"10":-0.01228228,"11":-0.009350312,"12":-0.004452308,"13":-0.003605902,"14":-0.001536425,"15":-0.001142511,"16":-0.000627756,"17":-0.0008696765},"FracExp":{"0":1.0,"1":1.0,"2":1.0,"3":1.0,"4":1.0,"5":1.0,"6":1.0,"7":1.0,"8":1.0,"9":1.0,"10":1.0,"11":1.0,"12":1.0,"13":0.193363,"14":0.212158,"15":0.172105,"16":0.042982,"17":0.256735},"BGrate":{"0":0.0008919349,"1":0.001401611,"2":0.0004368658,"3":0.001656449,"4":0.001584429,"5":0.000734825,"6":0.00100916,"7":0.0006766403,"8":0.001201452,"9":0.0002604276,"10":0.000618712,"11":0.0007101864,"12":0.000858353,"13":0.0003119661,"14":0.0002324852,"15":0.0001700632,"16":0.0001665697,"17":0.0001524832},"BGerr":{"0":0.0003371197,"1":0.0004432283,"2":0.0002184329,"3":0.0004594162,"4":0.0004394415,"5":0.0002449417,"6":0.0003363866,"7":0.000255746,"8":0.0003332228,"9":0.0000672421,"10":0.0001129608,"11":0.0001025066,"12":0.0000626018,"13":0.0000362653,"14":0.0000163576,"15":0.0000108872,"16":0.0000065084,"17":0.000008848},"CorrFact":{"0":1.263679,"1":1.253409,"2":1.248881,"3":1.245614,"4":1.243227,"5":1.243588,"6":1.243651,"7":1.243449,"8":1.243479,"9":1.306268,"10":1.311884,"11":1.307635,"12":1.350512,"13":1.344548,"14":1.372884,"15":1.462962,"16":1.458461,"17":1.507213},"CtsInSrc":{"0":20.0,"1":20.0,"2":15.0,"3":20.0,"4":20.0,"5":16.0,"6":20.0,"7":16.0,"8":16.0,"9":15.0,"10":15.0,"11":17.0,"12":25.0,"13":28.0,"14":28.0,"15":16.0,"16":37.0,"17":14.0},"BGInSrc":{"0":0.1476,"1":0.210857,"2":0.084343,"3":0.274114,"4":0.274114,"5":0.189771,"6":0.189771,"7":0.1476,"8":0.274114,"9":0.127983,"10":0.255966,"11":0.409545,"12":1.30205,"13":0.615586,"14":1.099368,"15":0.871134,"16":2.354238,"17":0.908013},"Exposure":{"0":165.48296,"1":150.43916,"2":193.0636,"3":165.48316,"4":173.00514,"5":258.25398,"6":188.04896,"7":218.13664,"8":228.1526,"9":491.4337,"10":413.70758,"11":576.67302,"12":1516.9165,"13":1973.2451,"14":4728.7678,"15":5122.4139,"16":14133.6501,"17":5954.8375},"Sigma":{"0":355.85706,"1":296.782694,"2":353.690981,"3":259.463592,"4":259.463592,"5":249.935809,"6":313.169761,"7":284.156498,"8":206.849763,"9":450.052847,"10":315.496807,"11":280.657684,"12":249.552614,"13":382.675737,"14":347.772259,"15":271.279067,"16":376.634684,"17":248.480222},"SNR":{"0":4.438786,"1":4.424495,"2":3.850978,"3":4.410205,"4":4.410205,"5":3.952063,"6":4.429259,"7":3.962715,"8":3.930761,"9":3.839799,"10":3.806616,"11":4.023363,"12":4.738735,"13":5.174695,"14":5.083198,"15":3.781849,"16":5.695077,"17":3.810244}}