{"Time":{"0":18215.776,"1":18284.392,"2":18349.708,"3":18414.355,"4":18492.695,"5":18583.969,"6":18651.79,"7":18735.657,"8":18827.928,"9":18903.389,"10":18988.907,"11":19054.342,"12":19127.559,"13":19188.235,"14":19259.695,"15":19332.273,"16":19401.232,"17":19476.064,"18":19553.801,"19":19629.646,"20":19719.772,"21":19807.915,"22":19870.095,"23":19951.45,"24":20044.003,"25":23335.346,"26":23417.469,"27":23491.8,"28":23584.016,"29":23652.399,"30":23724.542,"31":23788.423,"32":23864.394,"33":23930.591,"34":24016.798,"35":24096.312,"36":24192.224,"37":24256.916,"38":24319.586,"39":24395.697,"40":24452.238,"41":24541.468,"42":24624.733,"43":24711.486,"44":24790.343,"45":24875.595,"46":24954.568,"47":25035.313,"48":25110.347,"49":25191.277,"50":25298.076,"51":25370.418,"52":25438.745,"53":25512.081,"54":25615.721,"55":25739.17,"56":29150.579,"57":29247.339,"58":29358.56,"59":29431.518,"60":29515.891,"61":29643.962,"62":121079.587,"63":121302.742,"64":121526.357,"65":121740.527,"66":122005.611,"67":122245.062,"68":122501.702,"69":122719.037,"70":124836.327,"71":253008.908,"72":254073.743,"73":258991.573,"74":277182.887,"75":285106.864,"76":545198.8909999999,"77":818602.278,"78":1085342.4040000001,"79":1412249.2239999999},"TimePos":{"0":35.737,"1":37.326,"2":29.677,"3":32.728,"4":57.187,"5":36.118,"6":46.024,"7":49.912,"8":37.876,"9":55.185,"10":29.843,"11":37.119,"12":24.078,"13":33.606,"14":27.337,"15":34.993,"16":26.21,"17":36.626,"18":26.586,"19":25.961,"20":48.664,"21":38.248,"22":28.722,"23":52.674,"24":40.346,"25":50.036,"26":25.582,"27":49.035,"28":34.547,"29":38.875,"30":34.429,"31":35.739,"32":37.495,"33":33.981,"34":28.007,"35":51.293,"36":38.123,"37":36.113,"38":38.633,"39":27.713,"40":28.84,"41":37.395,"42":44.394,"43":47.904,"44":46.774,"45":36.742,"46":45.525,"47":34.985,"48":30.155,"49":67.07,"50":43.012,"51":23.323,"52":27.709,"53":37.115,"54":81.407,"55":48.206,"56":33.479,"57":62.085,"58":36.112,"59":50.911,"60":44.264,"61":79.166,"62":127.479,"63":109.923,"64":99.43,"65":93.367,"66":119.132,"67":150.471,"68":114.476,"69":150.38,"70":1945.95,"71":363.71,"72":612.697,"73":545.508,"74":844.018,"75":31260.33,"76":7386.85,"77":50243.994,"78":103604.743,"79":104658.153},"TimeNeg":{"0":-21.931,"1":-32.879,"2":-27.991,"3":-34.969,"4":-45.612,"5":-34.086,"6":-31.703,"7":-37.844,"8":-42.358,"9":-37.586,"10":-30.333,"11":-35.593,"12":-36.097,"13":-36.599,"14":-37.853,"15":-45.241,"16":-33.966,"17":-48.623,"18":-41.111,"19":-49.259,"20":-64.165,"21":-39.479,"22":-23.932,"23":-52.634,"24":-39.879,"25":-37.72,"26":-32.086,"27":-48.75,"28":-43.18,"29":-33.837,"30":-33.268,"31":-29.451,"32":-40.232,"33":-28.702,"34":-52.227,"35":-51.506,"36":-44.618,"37":-26.57,"38":-26.557,"39":-37.477,"40":-28.828,"41":-60.39,"42":-45.869,"43":-42.36,"44":-30.953,"45":-38.478,"46":-42.231,"47":-35.22,"48":-40.049,"49":-50.774,"50":-39.73,"51":-29.331,"52":-45.003,"53":-45.627,"54":-66.525,"55":-42.042,"56":-34.218,"57":-63.28,"58":-49.136,"59":-36.845,"60":-33.463,"61":-83.806,"62":-113.223,"63":-95.677,"64":-113.692,"65":-114.74,"66":-171.716,"67":-120.319,"68":-106.168,"69":-102.86,"70":-1966.91,"71":-330.816,"72":-701.125,"73":-437.354,"74":-662.87,"75":-3415.942,"76":-11037.279,"77":-43686.499,"78":-103202.6,"79":-79995.023},"Rate":{"0":0.9876966,"1":0.8282235,"2":1.036931,"3":0.8353199,"4":0.5444448,"5":0.7935757,"6":0.7163354,"7":0.6236392,"8":0.6971418,"9":0.5930037,"10":0.9434557,"11":0.7580242,"12":0.9384282,"13":0.79502,"14":0.8508308,"15":0.6946043,"16":0.932042,"17":0.6473664,"18":0.836285,"19":0.7393348,"20":0.4976658,"21":0.7246757,"22":1.090581,"23":0.5220031,"24":0.7596497,"25":0.511452,"26":0.7941783,"27":0.4666939,"28":0.6367342,"29":0.6429557,"30":0.7380331,"31":0.7032709,"32":0.5883275,"33":0.7203443,"34":0.5942575,"35":0.440943,"36":0.5520381,"37":0.731089,"38":0.7399267,"39":0.6958766,"40":0.8075233,"41":0.5147273,"42":0.5059918,"43":0.5000529,"44":0.597277,"45":0.6068243,"46":0.5169312,"47":0.658235,"48":0.6751113,"49":0.401933,"50":0.5495713,"51":0.867429,"52":0.6299626,"53":0.5606814,"54":0.3005471,"55":0.5229841,"56":0.6540851,"57":0.350742,"58":0.5227971,"59":0.5034122,"60":0.5672303,"61":0.4449765,"62":0.08373764,"63":0.09732789,"64":0.1255992,"65":0.09669464,"66":0.07327505,"67":0.07856492,"68":0.1218995,"69":0.09027974,"70":0.0848436,"71":0.02913001,"72":0.02461238,"73":0.03288894,"74":0.02079911,"75":0.01753264,"76":0.009260353,"77":0.004479829,"78":0.002890162,"79":0.001641348},"RatePos":{"0":0.2222865,"1":0.1821288,"2":0.2276726,"3":0.1876893,"4":0.1231284,"5":0.1785985,"6":0.1620022,"7":0.1417304,"8":0.1576615,"9":0.1336752,"10":0.2126743,"11":0.1711518,"12":0.211541,"13":0.1786343,"14":0.1917947,"15":0.1578582,"16":0.2097611,"17":0.1483351,"18":0.1879062,"19":0.1663913,"20":0.1129166,"21":0.1633568,"22":0.2394523,"23":0.1186322,"24":0.1650971,"25":0.1152139,"26":0.1781468,"27":0.1050198,"28":0.1365369,"29":0.1440729,"30":0.1582587,"31":0.157422,"32":0.132391,"33":0.1622707,"34":0.1303315,"35":0.09933042,"36":0.1237001,"37":0.1634765,"38":0.1619528,"39":0.1565927,"40":0.1811403,"41":0.1098454,"42":0.1136221,"43":0.1122885,"44":0.1342625,"45":0.1364087,"46":0.1163247,"47":0.1479653,"48":0.1480642,"49":0.08913997,"50":0.123408,"51":0.193963,"52":0.1413106,"53":0.1261698,"54":0.06879881,"55":0.1174607,"56":0.1465919,"57":0.07924074,"58":0.1178407,"59":0.1137325,"60":0.1274172,"61":0.07794482,"62":0.02179542,"63":0.02540103,"64":0.02831143,"65":0.02514536,"66":0.01858214,"67":0.01994048,"68":0.02753302,"69":0.02203438,"70":0.01393634,"71":0.007653891,"72":0.005125999,"73":0.006786047,"74":0.004464822,"75":0.003616074,"76":0.00176522,"77":0.0008735318,"78":0.0007799304,"79":0.0007033754},"RateNeg":{"0":-0.2222865,"1":-0.1821288,"2":-0.2276726,"3":-0.1876893,"4":-0.1231284,"5":-0.1785985,"6":-0.1620022,"7":-0.1417304,"8":-0.1576615,"9":-0.1336752,"10":-0.2126743,"11":-0.1711518,"12":-0.211541,"13":-0.1786343,"14":-0.1917947,"15":-0.1578582,"16":-0.2097611,"17":-0.1483351,"18":-0.1879062,"19":-0.1663913,"20":-0.1129166,"21":-0.1633568,"22":-0.2394523,"23":-0.1186322,"24":-0.1650971,"25":-0.1152139,"26":-0.1781468,"27":-0.1050198,"28":-0.1365369,"29":-0.1440729,"30":-0.1582587,"31":-0.157422,"32":-0.132391,"33":-0.1622707,"34":-0.1303315,"35":-0.09933042,"36":-0.1237001,"37":-0.1634765,"38":-0.1619528,"39":-0.1565927,"40":-0.1811403,"41":-0.1098454,"42":-0.1136221,"43":-0.1122885,"44":-0.1342625,"45":-0.1364087,"46":-0.1163247,"47":-0.1479653,"48":-0.1480642,"49":-0.08913997,"50":-0.123408,"51":-0.193963,"52":-0.1413106,"53":-0.1261698,"54":-0.06879881,"55":-0.1174607,"56":-0.1465919,"57":-0.07924074,"58":-0.1178407,"59":-0.1137325,"60":-0.1274172,"61":-0.07794482,"62":-0.02179542,"63":-0.02540103,"64":-0.02831143,"65":-0.02514536,"66":-0.01858214,"67":-0.01994048,"68":-0.02753302,"69":-0.02203438,"70":-0.01393634,"71":-0.007653891,"72":-0.005125999,"73":-0.006786047,"74":-0.004464822,"75":-0.003616074,"76":-0.00176522,"77":-0.0008735318,"78":-0.0007799304,"79":-0.0005620342},"FracExp":{"0":1.0,"1":1.0,"2":1.0,"3":1.0,"4":1.0,"5":1.0,"6":1.0,"7":1.0,"8":1.0,"9":1.0,"10":1.0,"11":1.0,"12":1.0,"13":1.0,"14":1.0,"15":1.0,"16":1.0,"17":1.0,"18":1.0,"19":1.0,"20":1.0,"21":1.0,"22":1.0,"23":1.0,"24":1.0,"25":1.0,"26":1.0,"27":1.0,"28":1.0,"29":1.0,"30":1.0,"31":1.0,"32":1.0,"33":1.0,"34":1.0,"35":1.0,"36":1.0,"37":1.0,"38":1.0,"39":1.0,"40":1.0,"41":1.0,"42":1.0,"43":1.0,"44":1.0,"45":1.0,"46":1.0,"47":1.0,"48":1.0,"49":1.0,"50":1.0,"51":1.0,"52":1.0,"53":1.0,"54":1.0,"55":1.0,"56":1.0,"57":1.0,"58":1.0,"59":1.0,"60":1.0,"61":1.0,"62":1.0,"63":1.0,"64":1.0,"65":1.0,"66":1.0,"67":1.0,"68":1.0,"69":1.0,"70":0.14994,"71":1.0,"72":1.0,"73":1.0,"74":1.0,"75":0.057339,"76":0.237882,"77":0.102715,"78":0.037293,"79":0.042609},"BGrate":{"0":0.002197807,"1":0.002256679,"2":0.002197807,"3":0.001404156,"4":0.002157604,"5":0.001805342,"6":0.002853603,"7":0.003610683,"8":0.002764427,"9":0.001707755,"10":0.002632787,"11":0.00261463,"12":0.002632787,