{"Time":{"0":178.838,"1":652.188,"2":10262.21},"TimePos":{"0":80.41,"1":1613.418,"2":37927.72},"TimeNeg":{"0":-72.536,"1":-392.94,"2":-4627.492},"Rate":{"0":0.1675119,"1":0.01324816,"2":0.0006358616},"RatePos":{"0":0.03775,"1":0.003012959,"2":0.0003538936},"RateNeg":{"0":-0.03775,"1":-0.003012959,"2":-0.00026863},"FracExp":{"0":1.0,"1":0.979746,"2":0.276152},"BGrate":{"0":0.001011529,"1":0.0004307986,"2":0.0000765153},"BGerr":{"0":0.0002320606,"1":0.0000422433,"2":0.0000032363},"CorrFact":{"0":1.291002,"1":1.292214,"2":1.464902},"CtsInSrc":{"0":20.0,"1":21.0,"2":6.0},"BGInSrc":{"0":0.154709,"1":0.84683,"2":0.899186},"Exposure":{"0":152.946128,"1":1965.722372,"2":11751.7151},"Sigma":{"0":559.136102,"1":242.696527,"2":3.526215},"SNR":{"0":4.437402,"1":4.39706,"2":2.367053}}