{"Time":{"0":110.422,"1":133.465,"2":160.3,"3":193.325,"4":243.995,"5":341.464,"6":483.174,"7":635.994,"8":808.116,"9":981.123,"10":1101.089,"11":1204.051,"12":1332.519,"13":1458.089,"14":1619.088,"15":4878.625,"16":5014.741,"17":5168.99,"18":5339.556,"19":5455.307,"20":5548.619,"21":5671.65,"22":5784.68,"23":5902.125,"24":6047.664,"25":6222.84,"26":6404.957,"27":6602.52,"28":6804.972,"29":6982.853,"30":7294.471,"31":35749.665,"32":44695.925,"33":53728.699,"34":59089.714,"35":96203.624,"36":139423.095,"37":212819.73,"38":273642.366,"39":468818.577},"TimePos":{"0":11.015,"1":15.553,"2":11.284,"3":20.882,"4":47.939,"5":85.865,"6":41.94,"7":77.169,"8":80.558,"9":65.512,"10":28.287,"11":60.72,"12":37.559,"13":62.426,"14":61.889,"15":54.855,"16":69.178,"17":90.44,"18":67.806,"19":54.854,"20":34.255,"21":51.634,"22":71.491,"23":46.817,"24":64.253,"25":92.17,"26":93.085,"27":101.122,"28":84.21,"29":81.841,"30":168.874,"31":628.721,"32":3247.006,"33":5107.818,"34":418.759,"35":14227.828,"36":11867.869,"37":14252.002,"38":57409.413,"39":104511.585},"TimeNeg":{"0":-14.058,"1":-12.028,"2":-11.282,"3":-21.742,"4":-29.788,"5":-49.53,"6":-55.845,"7":-110.88,"8":-94.953,"9":-92.449,"10":-54.455,"11":-74.675,"12":-67.748,"13":-88.012,"14":-98.572,"15":-42.93,"16":-81.261,"17":-85.072,"18":-80.125,"19":-47.945,"20":-38.457,"21":-88.776,"22":-61.396,"23":-45.953,"24":-98.723,"25":-110.923,"26":-89.948,"27":-104.478,"28":-101.331,"29":-93.67,"30":-229.777,"31":-10961.837,"32":-2995.691,"33":-922.073,"34":-253.197,"35":-9914.995,"36":-12457.695,"37":-10711.493,"38":-41132.776,"39":-93577.949},"Rate":{"0":2.558049,"1":2.073572,"2":2.602419,"3":1.338776,"4":0.7013689,"5":0.3969775,"6":0.563907,"7":0.2874042,"8":0.3084926,"9":0.3432071,"10":0.696021,"11":0.4161253,"12":0.5103044,"13":0.3899553,"14":0.3388654,"15":0.2454445,"16":0.1575492,"17":0.1342859,"18":0.1683444,"19":0.2435073,"20":0.3303696,"21":0.1700686,"22":0.1797665,"23":0.2586407,"24":0.1460773,"25":0.1230452,"26":0.137511,"27":0.1155102,"28":0.1285605,"29":0.1353311,"30":0.09528264,"31":0.02529362,"32":0.02563518,"33":0.02011469,"34":0.02839824,"35":0.006954301,"36":0.007937751,"37":0.002495844,"38":0.003097126,"39":0.0005551027},"RatePos":{"0":0.534903,"1":0.4548387,"2":0.5559335,"3":0.2933565,"4":0.1573426,"5":0.09013481,"6":0.126919,"7":0.06489875,"8":0.07004409,"9":0.07741486,"10":0.1525141,"11":0.09175332,"12":0.1149801,"13":0.08371631,"14":0.0765192,"15":0.0553049,"16":0.03577478,"17":0.03066195,"18":0.03727731,"19":0.05363863,"20":0.07411519,"21":0.03832079,"22":0.04068464,"23":0.05827836,"24":0.03316985,"25":0.02718923,"26":0.03025858,"27":0.02617105,"28":0.02909574,"29":0.03066186,"30":0.01707633,"31":0.00579905,"32":0.006158961,"33":0.005371379,"34":0.007488002,"35":0.001423711,"36":0.001962047,"37":0.0007012111,"38":0.0006770938,"39":0.0003306152},"RateNeg":{"0":-0.534903,"1":-0.4548387,"2":-0.5559335,"3":-0.2933565,"4":-0.1573426,"5":-0.09013481,"6":-0.126919,"7":-0.06489875,"8":-0.07004409,"9":-0.07741486,"10":-0.1525141,"11":-0.09175332,"12":-0.1149801,"13":-0.08371631,"14":-0.0765192,"15":-0.0553049,"16":-0.03577478,"17":-0.03066195,"18":-0.03727731,"19":-0.05363863,"20":-0.07411519,"21":-0.03832079,"22":-0.04068464,"23":-0.05827836,"24":-0.03316985,"25":-0.02718923,"26":-0.03025858,"27":-0.02617105,"28":-0.02909574,"29":-0.03066186,"30":-0.01707633,"31":-0.00579905,"32":-0.006158961,"33":-0.005371379,"34":-0.007488002,"35":-0.001423711,"36":-0.001962047,"37":-0.0007012111,"38":-0.0006770938,"39":-0.0002509321},"FracExp":{"0":1.0,"1":1.0,"2":1.0,"3":1.0,"4":1.0,"5":1.0,"6":1.0,"7":1.0,"8":1.0,"9":1.0,"10":1.0,"11":1.0,"12":1.0,"13":1.0,"14":1.0,"15":1.0,"16":1.0,"17":1.0,"18":1.0,"19":1.0,"20":1.0,"21":1.0,"22":1.0,"23":1.0,"24":1.0,"25":1.0,"26":1.0,"27":1.0,"28":1.0,"29":1.0,"30":1.0,"31":0.102104,"32":0.160655,"33":0.157593,"34":1.0,"35":0.203552,"36":0.124409,"37":0.328234,"38":0.107399,"39":0.070033},"BGrate":{"0":0.002567016,"1":0.003889411,"2":0.001901489,"3":0.002013341,"4":0.0008280686,"5":0.002218406,"6":0.001316418,"7":0.001026806,"8":0.001711345,"9":0.001086568,"10":0.001037179,"11":0.00158458,"12":0.001426122,"13":0.0009982861,"14":0.001203335,"15":0.001543565,"16":0.002006633,"17":0.002334245,"18":0.002040643,"19":0.001887773,"20":0.00088964,"21":0.001074981,"22":0.001784876,"23":0.001627,"24":0.001852278,"25":0.001274054,"26":0.0009424514,"27":0.001258519,"28":0.00127836,"29":0.001474266,"30":0.001081774,"31":0.0004158061,"32":0.0003388206,"33":0.0005206633,"34":0.0004622144,"35":0.0002220111,"36":0.0002755149,"37":0.0001480415,"38":0.0001501562,"39":0.0000890271},"BGerr":{"0":0.001482067,"1":0.001739398,"2":0.001344556,"3":0.00100667,"4":0.0004780856,"5":0.0005928939,"6":0.0005374253,"7":0.0003422686,"8":0.0004573761,"9":0.0003841599,"10":0.0005185897,"11":0.0005010882,"12":0.0005390235,"13":0.0003773167,"14":0.0004011116,"15":0.0005834127,"16":0.0005362952,"17":0.0005355126,"18":0.0005453848,"19":0.0006292577,"20":0.0005136339,"21":0.0004063048,"22":0.0005381604,"23":0.0006149481,"24":0.0004950421,"25":0.0003677878,"26":0.0003332069,"27":0.000363303,"28":0.0003854402,"29":0.0004255839,"30":0.0002418921,"31":0.0000523866,"32":0.0000499564,"33":0.0000626805,"34":0.0000713212,"35":0.0000136124,"36":0.0000212564,"37":0.0000074868,"38":0.0000064858,"39":0.0000033018},"CorrFact":{"0":2.796444,"1":2.737319,"2":2.67457,"3":2.728507,"4":2.734556,"5":2.728412,"6":2.774947,"7":2.728638,"8":2.748479,"9":2.734121,"10":2.753613,"11":2.710602,"12":2.707256,"13":2.684883,"14":2.74525,"15":1.209167,"16":1.203237,"17":1.203083,"18":1.203174,"19":1.203143,"20":1.204991,"21":1.203042,"22":1.208772,"23":1.208836,"24":1.208591,"25":1.204821,"26":1.208457,"27":1.203004,"28":1.206974,"29":1.203173,"30":1.203232,"31":1.534435,"32":1.455819,"33":1.317754,"34":1.299057,"35":1.372019,"36":1.399383,"37":1.483328,"38":1.462589,"39":1.616134},"CtsInSrc":{"0":23.0,"1":21.0,"2":22.0,"3":21.0,"4":20.0,"5":20.0,"6":20.0,"7":20.0,"8":20.0,"9":20.0,"10":21.0,"11":21.0,"12":20.0,"13":22.0,"14":20.0,"15":20.0,"16":20.0,"17":20.0,"18":21.0,"19":21.0,"20":20.0,"21":20.0,"22":20.0,"23":20.0,"24":20.0,"25":21.0,"26":21.0,"27":20.0,"28":20.0,"29":20.0,"30":32.0,"31":20.0,"32":18.0,"33":15.0,"34":15.0,"35":26.0,"36":18.0,"37":15.0,"38":24.0,"39":6.0},"BGInSrc":{"0":0.064363,"1":0.107272,"2":0.042909,"3":0.085817,"4":0.064363,"5":0.300361,"6":0.128726,"7":0.193089,"8":0.300361,"9":0.171635,"10":0.085817,"11":0.214544,"12":0.15018,"13":0.15018,"14":0.193089,"15":0.150938,"16":0.301875,"17":0.409688,"18":0.301875,"19":0.194063,"20":0.064688,"21":0.150938,"22":0.237188,"23":0.150938,"24":0.301875,"25":0.25875,"26":0.1725,"27":0.25875,"28":0.237188,"29":0.25875,"30":0.431251,"31":0.492084,"32":0.33981,"33":0.494769,"34":0.310588,"35":1.091031,"36":0.833794,"37":1.213031,"38":1.589151,"39":1.235063},"Exposure":{"0":25.0731,"1":27.58046,"2":22.56584,"3":42.62438,"4":77.72672,"5":135.39494,"6":97.78514,"7":188.04836,"8":175.51164,"9":157.96046,"10":82.74114,"11":135.39456,"12":105.30686,"13":150.4383,"14":160.4617,"15":97.78514,"16":150.4388,"17":175.512,"18":147.93152,"19":102.79984,"20":72.7121,"21":140.4096,"22":132.88756,"23":92.77058,"24":162.97524,"25":203.09212,"26":183.03358,"27":205.59918,"28":185.54066,"29":175.51134,"30":398.65114,"31":1183.4456,"32":1002.92,"33":950.2667,"34":671.9564,"35":4914.308,"36":3026.3111,"37":8193.8564,"38":10583.3133,"39":13872.8909},"Sigma":{"0":617.212618,"1":435.50663,"2":723.67643,"3":487.411215,"4":536.480705,"5":245.402436,"6":378.124399,"7":307.737279,"8":245.402436,"9":326.758229,"10":487.411215,"11":306.368553,"12":349.697205,"13":384.9315,"14":307.737279,"15":347.929482,"16":244.152468,"17":208.432197,"18":256.547174,"19":321.637209,"20":533.780464,"21":347.929482,"22":276.345665,"23":347.929482,"24":244.152468,"25":277.679969,"26":341.501331,"27":264.292156,"28":276.345665,"29":264.292156,"30":327.372832,"31":314.660324,"32":352.483044,"33":243.526796,"34":306.509894,