{"Time":{"0":206.068,"1":239.135,"2":289.218,"3":495.145,"4":4288.495,"5":5977.472,"6":11342.898,"7":16620.801,"8":24080.707,"9":39901.044,"10":46278.574,"11":78442.959,"12":146351.668,"13":227461.096,"14":324455.392,"15":425893.303,"16":612684.2120000001},"TimePos":{"0":12.412,"1":19.462,"2":44.598,"3":224.795,"4":1219.477,"5":520.883,"6":932.863,"7":4935.51,"8":4295.628,"9":836.747,"10":577.608,"11":36632.863,"12":21164.893,"13":42835.562,"14":16400.94,"15":47803.462,"16":217912.304},"TimeNeg":{"0":-12.661,"1":-20.655,"2":-30.622,"3":-161.329,"4":-291.708,"5":-469.5,"6":-1572.935,"7":-873.459,"8":-2524.396,"9":-1053.757,"10":-743.739,"11":-10506.64,"12":-25623.534,"13":-15443.996,"14":-31355.494,"15":-34598.348,"16":-134435.286},"Rate":{"0":2.73851,"1":1.662373,"2":0.6906237,"3":0.18156,"4":0.0385625,"5":0.03146927,"6":0.03317924,"7":0.02811838,"8":0.01778013,"9":0.01576579,"10":0.01438604,"11":0.008228133,"12":0.005451354,"13":0.002841203,"14":0.002531136,"15":0.001667964,"16":0.0006200684},"RatePos":{"0":0.6161937,"1":0.3732703,"2":0.155077,"3":0.02940608,"4":0.0101148,"5":0.006563544,"6":0.007388844,"7":0.00736684,"8":0.003487827,"9":0.003334795,"10":0.003866104,"11":0.002071073,"12":0.001039517,"13":0.0007532716,"14":0.0006771162,"15":0.0004702546,"16":0.0002188226},"RateNeg":{"0":-0.6161937,"1":-0.3732703,"2":-0.155077,"3":-0.02940608,"4":-0.0101148,"5":-0.006563544,"6":-0.007388844,"7":-0.00736684,"8":-0.003487827,"9":-0.003334795,"10":-0.003866104,"11":-0.002071073,"12":-0.001039517,"13":-0.0007532716,"14":-0.0006771162,"15":-0.0004702546,"16":-0.0001828489},"FracExp":{"0":1.0,"1":1.0,"2":0.999992,"3":1.0,"4":0.331832,"5":1.0,"6":0.432259,"7":0.119129,"8":0.30036,"9":1.0,"10":1.0,"11":0.080581,"12":0.16264,"13":0.132637,"14":0.187852,"15":0.148426,"16":0.089882},"BGrate":{"0":0.004925884,"1":0.002052453,"2":0.001101154,"3":0.001132831,"4":0.0004652872,"5":0.0005143672,"6":0.0003882749,"7":0.0003126315,"8":0.0002488604,"9":0.000442063,"10":0.0004436905,"11":0.0001627878,"12":0.0002363572,"13":0.0001179031,"14":0.0001166276,"15":0.0001031281,"16":0.0000741379},"BGerr":{"0":0.002010984,"1":0.001026227,"2":0.0005505771,"3":0.0002472041,"4":0.0000895446,"5":0.0000669649,"6":0.0000528375,"7":0.0000625263,"8":0.0000265286,"9":0.0000453547,"10":0.0000499191,"11":0.0000120999,"12":0.0000111296,"13":0.000006888,"14":0.0000058241,"15":0.0000046028,"16":0.0000020414},"CorrFact":{"0":3.454487,"1":3.348255,"2":2.608198,"3":1.817946,"4":1.30954,"5":1.326772,"6":1.746317,"7":1.316206,"8":1.374921,"9":1.286692,"10":1.318809,"11":1.907932,"12":1.42058,"13":1.45557,"14":1.518493,"15":1.484874,"16":1.685323},"CtsInSrc":{"0":20.0,"1":20.0,"2":20.0,"3":39.0,"4":15.0,"5":24.0,"6":21.0,"7":15.0,"8":27.0,"9":24.0,"10":15.0,"11":17.0,"12":31.0,"13":16.0,"14":16.0,"15":15.0,"16":14.0},"BGInSrc":{"0":0.123507,"1":0.082338,"2":0.082828,"3":0.437413,"4":0.233323,"5":0.509421,"6":0.420561,"7":0.216346,"8":0.509782,"9":0.835722,"10":0.586269,"11":0.618359,"12":1.798597,"13":0.911392,"14":1.04628,"15":1.26132,"16":2.347925},"Exposure":{"0":25.073148,"1":40.117,"2":75.218852,"3":386.124,"4":501.46,"5":990.3835,"6":1083.1536,"7":692.0148,"8":2048.4641,"9":1890.5042,"10":1321.3471,"11":3798.5595,"12":7609.6555,"13":7730.0059,"14":8971.1194,"15":12230.6094,"16":31669.7063},"Sigma":{"0":394.205196,"1":483.800792,"2":480.931083,"3":404.002231,"4":328.857131,"5":354.195535,"6":359.584524,"7":341.667475,"8":487.464208,"9":270.158581,"10":218.52086,"11":356.415046,"12":344.792767,"13":283.385658,"14":286.202563,"15":244.046037,"16":180.235918},"SNR":{"0":4.444236,"1":4.453536,"2":4.453424,"3":6.174235,"4":3.812483,"5":4.794555,"6":4.490451,"7":3.816885,"8":5.097766,"9":4.727664,"10":3.72107,"11":3.972885,"12":5.24412,"13":3.771818,"14":3.738111,"15":3.546937,"16":3.391153}}