{"Time":{"0":233.034,"1":268.712,"2":310.828,"3":358.154,"4":398.854,"5":429.473,"6":471.412,"7":511.222,"8":566.886,"9":622.934,"10":684.846,"11":761.072,"12":841.169,"13":941.709,"14":1029.627,"15":1140.837,"16":1243.981,"17":1364.401,"18":1465.688,"19":1640.636,"20":5147.16,"21":5399.683,"22":5603.424,"23":5980.999,"24":6389.655,"25":6657.96,"26":7099.583,"27":12117.56,"28":17695.29,"29":26758.56,"30":41139.068,"31":61409.193,"32":95989.376,"33":179649.026},"TimePos":{"0":13.637,"1":20.584,"2":23.6,"3":18.898,"4":15.808,"5":15.277,"6":23.485,"7":21.284,"8":28.303,"9":34.938,"10":28.187,"11":39.718,"12":47.376,"13":29.579,"14":64.519,"15":41.065,"16":68.301,"17":55.696,"18":64.73,"19":100.396,"20":98.754,"21":109.5,"22":148.969,"23":147.492,"24":155.051,"25":187.624,"26":422.958,"27":1185.114,"28":1388.392,"29":3887.041,"30":6852.069,"31":9702.867,"32":36692.845,"33":41760.519},"TimeNeg":{"0":-11.436,"1":-22.04,"2":-21.532,"3":-23.726,"4":-21.802,"5":-14.811,"6":-26.662,"7":-16.325,"8":-34.38,"9":-27.745,"10":-26.974,"11":-48.038,"12":-40.38,"13":-53.163,"14":-58.34,"15":-46.691,"16":-62.079,"17":-52.118,"18":-45.592,"19":-110.218,"20":-121.89,"21":-153.768,"22":-94.241,"23":-228.607,"24":-261.164,"25":-113.254,"26":-253.999,"27":-1312.157,"28":-1108.879,"29":-4411.478,"30":-7241.421,"31":-10158.106,"32":-21673.097,"33":-41722.36},"Rate":{"0":4.506464,"1":2.655756,"2":2.492412,"3":2.788144,"4":3.448241,"5":3.760085,"6":2.261681,"7":3.014192,"8":1.886369,"9":1.799464,"10":2.163492,"11":1.277528,"12":1.286731,"13":1.351546,"14":0.9060677,"15":1.411755,"16":0.8549988,"17":0.9497406,"18":0.4736943,"19":0.4696492,"20":0.09093184,"21":0.07100289,"22":0.07750601,"23":0.04938944,"24":0.04520944,"25":0.08327703,"26":0.04927779,"27":0.01354498,"28":0.009588734,"29":0.006342328,"30":0.003385065,"31":0.002789459,"32":0.001191392,"33":0.0004294652},"RatePos":{"0":1.011989,"1":0.5946901,"2":0.5605056,"3":0.6100739,"4":0.7225788,"5":0.8419769,"6":0.5078921,"7":0.6759145,"8":0.4138796,"9":0.4040947,"10":0.474037,"11":0.2877078,"12":0.2885417,"13":0.304377,"14":0.2055225,"15":0.3033378,"16":0.1936596,"17":0.2154425,"18":0.1073543,"19":0.095384,"20":0.02279902,"21":0.01854298,"22":0.02015732,"23":0.01297959,"24":0.01188108,"25":0.0187517,"26":0.009654792,"27":0.002746933,"28":0.002322114,"29":0.001368283,"30":0.0008374872,"31":0.000696894,"32":0.0003463133,"33":0.0001815429},"RateNeg":{"0":-1.011989,"1":-0.5946901,"2":-0.5605056,"3":-0.6100739,"4":-0.7225788,"5":-0.8419769,"6":-0.5078921,"7":-0.6759145,"8":-0.4138796,"9":-0.4040947,"10":-0.474037,"11":-0.2877078,"12":-0.2885417,"13":-0.304377,"14":-0.2055225,"15":-0.3033378,"16":-0.1936596,"17":-0.2154425,"18":-0.1073543,"19":-0.095384,"20":-0.02279902,"21":-0.01854298,"22":-0.02015732,"23":-0.01297959,"24":-0.01188108,"25":-0.0187517,"26":-0.009654792,"27":-0.002746933,"28":-0.002322114,"29":-0.001368283,"30":-0.0008374872,"31":-0.000696894,"32":-0.0003463133,"33":-0.000146763},"FracExp":{"0":1.0,"1":1.0,"2":1.0,"3":1.0,"4":1.0,"5":1.0,"6":1.0,"7":1.0,"8":1.0,"9":1.0,"10":1.0,"11":1.0,"12":1.0,"13":1.0,"14":1.0,"15":1.0,"16":1.0,"17":0.999916,"18":1.0,"19":0.999994,"20":1.0,"21":1.0,"22":1.0,"23":1.0,"24":1.0,"25":1.0,"26":1.0,"27":1.0,"28":1.0,"29":0.606694,"30":0.536027,"31":0.499668,"32":0.441224,"33":0.442967},"BGrate":{"0":0.00335315,"1":0.0006574797,"2":0.002483811,"3":0.001314958,"4":0.002980574,"5":0.0009314294,"6":0.001676573,"7":0.001490285,"8":0.001788346,"9":0.001341259,"10":0.001524158,"11":0.001596737,"12":0.0006386949,"13":0.001693511,"14":0.002281055,"15":0.001916086,"16":0.001934511,"17":0.002610858,"18":0.002385562,"19":0.001784243,"20":0.0002085113,"21":0.000640758,"22":0.0004413842,"23":0.0006931832,"24":0.0006263707,"25":0.0004587249,"26":0.0007022645,"27":0.000341722,"28":0.0001920135,"29":0.0001526492,"30":0.0001125444,"31":0.0001024427,"32":0.0000650318,"33":0.0000440289},"BGerr":{"0":0.001935942,"1":0.0006574797,"2":0.001241906,"3":0.0009298154,"4":0.001490287,"5":0.0009314294,"6":0.0009679701,"7":0.001053791,"8":0.0008941731,"9":0.0007743761,"10":0.0008799731,"11":0.0007140826,"12":0.0004516255,"13":0.000757361,"14":0.000721333,"15":0.000782239,"16":0.0006448371,"17":0.0008256257,"18":0.0007951872,"19":0.00049486,"20":0.000120384,"21":0.0001931958,"22":0.0001668275,"23":0.0001681216,"24":0.0001519172,"25":0.0001529083,"26":0.0001261304,"27":0.0000346966,"28":0.0000207053,"29":0.0000114738,"30":0.0000069797,"31":0.0000053768,"32":0.0000021605,"33":0.000001216},"CorrFact":{"0":5.67342,"1":5.66795,"2":5.656053,"3":5.674349,"4":5.666213,"5":5.664583,"6":5.694699,"7":5.684099,"8":5.660848,"9":5.6636,"10":5.705723,"11":5.645102,"12":5.661798,"13":5.630895,"14":5.645009,"15":5.674742,"16":5.644945,"17":5.192434,"18":2.647784,"19":4.01694,"20":1.257588,"21":1.260362,"22":1.265741,"23":1.260255,"24":1.276645,"25":1.261517,"26":1.257661,"27":1.34513,"28":1.366724,"29":1.436318,"30":1.491124,"31":1.629965,"32":2.30249,"33":1.897001},"CtsInSrc":{"0":20.0,"1":20.0,"2":20.0,"3":21.0,"4":23.0,"5":20.0,"6":20.0,"7":20.0,"8":21.0,"9":20.0,"10":21.0,"11":20.0,"12":20.0,"13":20.0,"14":20.0,"15":22.0,"16":20.0,"17":20.0,"18":20.0,"19":25.0,"20":16.0,"21":15.0,"22":15.0,"23":15.0,"24":15.0,"25":20.0,"26":27.0,"27":26.0,"28":18.0,"29":23.0,"30":18.0,"31":18.0,"32":15.0,"33":10.0},"BGInSrc":{"0":0.084074,"1":0.028025,"2":0.112099,"3":0.056049,"4":0.112099,"5":0.028025,"6":0.084074,"7":0.056049,"8":0.112099,"9":0.084074,"10":0.084074,"11":0.140124,"12":0.056049,"13":0.140124,"14":0.280247,"15":0.168148,"16":0.252222,"17":0.281465,"18":0.26318,"19":0.375784,"20":0.046007,"21":0.168691,"22":0.107349,"23":0.260705,"24":0.260705,"25":0.13802,"26":0.475403,"27":0.853372,"28":0.47951,"29":0.768537,"30":0.850216,"31":1.01663,"32":1.67473,"33":1.628195},"Exposure":{"0":25.073188,"1":42.62446,"2":45.1318,"3":42.62452,"4":37.60982,"5":30.08786,"6":50.14642,"7":37.60988,"8":62.68298,"9":62.68302,"10":55.16104,"11":87.7562,"12":87.7562,"13":82.74148,"14":122.85856,"15":87.75612,"16":130.38044,"17":107.805432,"18":110.32188,"19":210.6125,"20":220.64392,"21":263.26848,"22":243.21004,"23":376.0981,"24":416.215,"25":300.87802,"26":676.95724,"27":2497.2708,"28":2497.2708,"29":5034.6584,"30":7554.4949,"31":9923.8934,"32":25752.4783,"33":36980.1677},"Sigma":{"0":410.297281,"1":712.655738,"2":354.827869,"3":528.448139,"4":408.352049,"5":712.655738,"6":410.297281,"7":503.216598,"8":372.669262,"9":410.297281,"10":430.898748,"11":316.92048,"12":503.216598,"13":316.92048,"14":222.515482,"15":318.034119,"16":234.885246,"17":221.539319,"18":224.981147,"19":236.26312,"20":600.632093,"21":291.596889,"22":367.047903,"23":233.105226,"24":233.105226,"25":431.718876,"26":310.647386,"27":290.219779,"28":338.842722,"29":384.848717,"30":325.248981,"31":318.283439,"32":239.494401,"33":4.412185},"SNR":{"0":4.453074,"1":4.465782,"2":4.446721,"3":4.570174,"4":4.772131,"5":4.465782,"6":4.453074,"7":4.459428,"8":4.557773,"9":4.453074,"10":4.563973,"11":4.440367,"12":4.459428,"13":4.440367,"14":4.408605,"15":4.654068,"16":4.414957,"17":4.408326,"18":4.412438,"19":4.923774,"20":3.98841,"21":3.829097,"22":3.845055,"23":3.805163,"24":3.805163,"25":4.441039,"26":5.103972,"27":4.930948,"28":4.129313,"29":4.635244,"30":4.041931,"31":4.002702,"32":3.440215,"33":2.92625}}