{"Time":{"0":137.434,"1":252.794,"2":356.728,"3":463.155,"4":570.57,"5":745.314,"6":911.354,"7":1100.524,"8":1306.492,"9":4763.181,"10":4959.508,"11":5206.329,"12":5465.957,"13":5673.21,"14":5938.456,"15":6287.9,"16":6605.474,"17":6971.879,"18":10699.599,"19":11075.495,"20":11688.222,"21":12462.59,"22":16727.923,"23":17843.876,"24":22515.674,"25":23895.587,"26":28452.057,"27":29697.281,"28":34832.982,"29":40735.863,"30":46640.041},"TimePos":{"0":53.487,"1":63.493,"2":64.866,"3":41.18,"4":84.204,"5":77.45,"6":86.922,"7":93.324,"8":107.991,"9":90.776,"10":97.542,"11":113.989,"12":110.106,"13":98.424,"14":159.13,"15":163.217,"16":128.97,"17":228.911,"18":249.163,"19":111.463,"20":336.18,"21":522.097,"22":281.25,"23":925.417,"24":284.576,"25":659.768,"26":455.624,"27":642.061,"28":1292.653,"29":1174.49,"30":1056.037},"TimeNeg":{"0":-44.298,"1":-61.873,"2":-40.441,"3":-41.561,"4":-66.235,"5":-90.54,"6":-88.59,"7":-102.247,"8":-112.644,"9":-107.302,"10":-105.55,"11":-149.279,"12":-145.64,"13":-97.146,"14":-166.822,"15":-190.315,"16":-154.357,"17":-237.434,"18":-252.299,"19":-126.732,"20":-501.264,"21":-438.189,"22":-501.032,"23":-834.703,"24":-502.721,"25":-1095.337,"26":-650.103,"27":-789.6,"28":-1179.545,"29":-1317.767,"30":-1328.405},"Rate":{"0":0.307091,"1":0.2367395,"2":0.2686579,"3":0.3415689,"4":0.1872843,"5":0.1686345,"6":0.1611474,"7":0.1457975,"8":0.1414115,"9":0.09259994,"10":0.09307542,"11":0.07042909,"12":0.07224469,"13":0.09466438,"14":0.05634602,"15":0.05222625,"16":0.06465045,"17":0.0552864,"18":0.03865169,"19":0.08161232,"20":0.02299273,"21":0.03093729,"22":0.02554863,"23":0.01999257,"24":0.02398958,"25":0.01069365,"26":0.01746688,"27":0.01884374,"28":0.01091276,"29":0.01223163,"30":0.004164862},"RatePos":{"0":0.06903221,"1":0.0518695,"2":0.0605212,"3":0.07653881,"4":0.04232508,"5":0.03819186,"6":0.0364962,"7":0.03280925,"8":0.03044132,"9":0.02429778,"10":0.02410425,"11":0.01851787,"12":0.01882283,"13":0.02461447,"14":0.01471022,"15":0.01364847,"16":0.01687825,"17":0.01226589,"18":0.0100893,"19":0.02116151,"20":0.00604232,"21":0.006530457,"22":0.006705774,"23":0.003922449,"24":0.006371942,"25":0.00287083,"26":0.004628723,"27":0.004224517,"28":0.002593603,"29":0.002624221,"30":0.001930866},"RateNeg":{"0":-0.06903221,"1":-0.0518695,"2":-0.0605212,"3":-0.07653881,"4":-0.04232508,"5":-0.03819186,"6":-0.0364962,"7":-0.03280925,"8":-0.03044132,"9":-0.02429778,"10":-0.02410425,"11":-0.01851787,"12":-0.01882283,"13":-0.02461447,"14":-0.01471022,"15":-0.01364847,"16":-0.01687825,"17":-0.01226589,"18":-0.0100893,"19":-0.02116151,"20":-0.00604232,"21":-0.006530457,"22":-0.006705774,"23":-0.003922449,"24":-0.006371942,"25":-0.00287083,"26":-0.004628723,"27":-0.004224517,"28":-0.002593603,"29":-0.002624221,"30":-0.001495275},"FracExp":{"0":1.0,"1":1.0,"2":1.0,"3":1.0,"4":1.0,"5":1.0,"6":1.0,"7":1.0,"8":1.0,"9":1.0,"10":1.0,"11":1.0,"12":1.0,"13":1.0,"14":1.0,"15":1.0,"16":1.0,"17":1.0,"18":1.0,"19":1.0,"20":1.0,"21":1.0,"22":1.0,"23":1.0,"24":1.0,"25":1.0,"26":1.0,"27":1.0,"28":1.0,"29":1.0,"30":1.0},"BGrate":{"0":0.001069041,"1":0.0006670809,"2":0.001389752,"3":0.0005053643,"4":0.001389751,"5":0.001493463,"6":0.001429458,"7":0.0006414228,"8":0.0009475931,"9":0.001202253,"10":0.0002198564,"11":0.001017621,"12":0.0005237753,"13":0.0005327287,"14":0.0005022868,"15":0.0005052011,"16":0.0005778514,"17":0.0007340609,"18":0.0003231204,"19":0.0002645428,"20":0.0003117258,"21":0.0002905974,"22":0.0003107225,"23":0.0002915447,"24":0.0005294801,"25":0.0003252877,"26":0.0003466162,"27":0.0003888094,"28":0.0002661,"29":0.0006771373,"30":0.0001927893},"BGerr":{"0":0.0004780897,"1":0.0003335404,"2":0.0005252771,"3":0.0003573465,"4":0.000439478,"5":0.0004311257,"6":0.000412649,"7":0.0002618597,"8":0.0002996552,"9":0.0003005634,"10":0.0001269341,"11":0.0002398556,"12":0.0001745918,"13":0.0002013525,"14":0.0001514452,"15":0.000145839,"16":0.0001742287,"17":0.0001530623,"18":0.0000761602,"19":0.0000999878,"20":0.000057886,"21":0.0000521928,"22":0.0000597986,"23":0.000038616,"24":0.0000780676,"25":0.0000409824,"26":0.000053484,"27":0.0000497819,"28":0.000024601,"29":0.0000496501,"30":0.0000162937},"CorrFact":{"0":1.509336,"1":1.418937,"2":1.425008,"3":1.416055,"4":1.423625,"5":1.434442,"6":1.432131,"7":1.434686,"8":1.431807,"9":1.242525,"10":1.263956,"11":1.258594,"12":1.242852,"13":1.24287,"14":1.237915,"15":1.245742,"16":1.234624,"17":1.248085,"18":1.306269,"19":1.301444,"20":1.306411,"21":1.307544,"22":1.354363,"23":1.328558,"24":1.29512,"25":1.300739,"26":1.321334,"27":1.319639,"28":1.470848,"29":1.307646,"30":1.518482},"CtsInSrc":{"0":20.0,"1":21.0,"2":20.0,"3":20.0,"4":20.0,"5":20.0,"6":20.0,"7":20.0,"8":22.0,"9":15.0,"10":15.0,"11":15.0,"12":15.0,"13":15.0,"14":15.0,"15":15.0,"16":15.0,"17":21.0,"18":15.0,"19":15.0,"20":15.0,"21":23.0,"22":15.0,"23":27.0,"24":15.0,"25":15.0,"26":15.0,"27":21.0,"28":19.0,"29":25.0,"30":7.0},"BGInSrc":{"0":0.104536,"1":0.083629,"2":0.146351,"3":0.041815,"4":0.209073,"5":0.250887,"6":0.250887,"7":0.125444,"8":0.209073,"9":0.23814,"10":0.044651,"11":0.267907,"12":0.133953,"13":0.104186,"14":0.163721,"15":0.178605,"16":0.163721,"17":0.342326,"18":0.162033,"19":0.063013,"20":0.261053,"21":0.279057,"22":0.243073,"23":0.513154,"24":0.416858,"25":0.570914,"26":0.383263,"27":0.556643,"28":0.657852,"29":1.6876,"30":0.459695},"Exposure":{"0":97.78516,"1":125.36572,"2":105.30716,"3":82.74138,"4":150.43892,"5":167.99022,"6":175.51214,"7":195.57088,"8":220.63552,"9":198.077648,"10":203.0924,"11":263.26792,"12":255.74612,"13":195.57056,"14":325.95108,"15":353.53178,"16":283.32706,"17":466.344932,"18":501.46268,"19":238.19502,"20":837.44416,"21":960.28574,"22":782.28236,"23":1760.11984,"24":787.29674,"25":1755.10546,"26":1105.72638,"27":1431.66122,"28":2472.1978,"29":2492.2562,"30":2384.4423},"Sigma":{"0":425.57073,"1":500.217667,"2":358.916984,"3":675.007726,"4":299.34281,"5":272.683999,"6":272.683999,"7":388.082899,"8":329.593319,"9":247.953125,"10":580.128767,"11":233.301044,"12":332.9375,"13":378.271569,"14":300.550277,"15":287.466307,"16":300.550277,"17":289.404975,"18":388.514838,"19":627.167358,"20":304.044336,"21":453.330533,"22":315.457987,"23":389.690931,"24":237.269494,"25":200.603384,"26":247.160245,"27":286.840259,"28":301.588707,"29":188.397021,"30":4.960485},"SNR":{"0":4.448518,"1":4.564136,"2":4.439071,"3":4.462688,"4":4.424902,"5":4.415457,"6":4.415457,"7":4.443795,"8":4.64538,"9":3.811046,"10":3.861369,"11":3.803305,"12":3.838142,"13":3.845884,"14":3.8304,"15":3.826529,"16":3.8304,"17":4.507327,"18":3.83096,"19":3.856641,"20":3.805282,"21":4.737386,"22":3.809944,"23":5.09696,"24":3.764877,"25":3.724932,"26":3.773585,"27":4.460567,"28":4.207568,"29":4.661053,"30":2.785349}}