{"Time":{"0":207.372,"1":223.4,"2":241.931,"3":259.346,"4":279.03,"5":304.36,"6":343.82,"7":419.219,"8":509.296,"9":618.565,"10":729.462,"11":855.478,"12":976.829,"13":1149.993,"14":1293.991,"15":1406.322,"16":1535.195,"17":1666.229,"18":1810.443,"19":1991.294,"20":2198.242,"21":5710.864,"22":5861.296,"23":5936.226,"24":6046.391,"25":6188.559,"26":6293.416,"27":6410.635,"28":6529.877,"29":6689.265,"30":6812.389,"31":6947.361,"32":7095.395,"33":7230.824,"34":7437.227,"35":51247.083,"36":58546.849,"37":63428.188},"TimePos":{"0":9.585,"1":11.109,"2":7.622,"3":7.757,"4":10.64,"5":17.905,"6":26.084,"7":55.992,"8":46.151,"9":54.726,"10":54.151,"11":56.009,"12":67.546,"13":72.402,"14":71.322,"15":54.27,"16":53.27,"17":62.647,"18":98.96,"19":116.189,"20":89.758,"21":118.616,"22":25.852,"23":46.201,"24":68.923,"25":62.151,"26":42.543,"27":53.198,"28":86.902,"29":67.925,"30":72.674,"31":63.068,"32":67.981,"33":75.47,"34":124.813,"35":6191.356,"36":1143.145,"37":298.531},"TimeNeg":{"0":-7.966,"1":-6.442,"2":-7.422,"3":-9.794,"4":-11.926,"5":-14.69,"6":-21.555,"7":-49.315,"8":-34.084,"9":-63.118,"10":-56.172,"11":-71.865,"12":-65.342,"13":-105.618,"14":-71.596,"15":-41.009,"16":-74.604,"17":-77.764,"18":-81.568,"19":-81.89,"20":-90.759,"21":-142.146,"22":-31.816,"23":-49.078,"24":-63.965,"25":-73.245,"26":-42.706,"27":-74.676,"28":-66.045,"29":-72.485,"30":-55.199,"31":-62.298,"32":-84.966,"33":-67.447,"34":-130.933,"35":-3574.356,"36":-1108.41,"37":-456.167},"Rate":{"0":4.995464,"1":5.230826,"2":5.938303,"3":5.239336,"4":4.070734,"5":3.006034,"6":1.995692,"7":0.8222732,"8":1.070604,"9":0.7661546,"10":0.7779108,"11":0.7084553,"12":0.6503087,"13":0.2892789,"14":0.1924245,"15":0.3007241,"16":0.1880168,"17":0.1708541,"18":0.1333312,"19":0.1207711,"20":0.1323118,"21":0.4178508,"22":0.4255068,"23":0.4079209,"24":0.3276454,"25":0.3093866,"26":0.5134633,"27":0.3050847,"28":0.201194,"29":0.3973133,"30":0.2043073,"31":0.316497,"32":0.2152756,"33":0.192389,"34":0.2595049,"35":0.01719106,"36":0.01634669,"37":0.005511472},"RatePos":{"0":1.11702,"1":1.143715,"2":1.302264,"3":1.147844,"4":0.8900622,"5":0.6302056,"6":0.4274949,"7":0.1850152,"8":0.2406401,"9":0.1688535,"10":0.1753989,"11":0.1556721,"12":0.1460182,"13":0.0657459,"14":0.04340965,"15":0.06754436,"16":0.04222966,"17":0.03846071,"18":0.02991354,"19":0.02730886,"20":0.02991845,"21":0.09556216,"22":0.09612017,"23":0.09172405,"24":0.07358853,"25":0.07018761,"26":0.1149407,"27":0.06707407,"28":0.04544224,"29":0.08932873,"30":0.04615215,"31":0.07140111,"32":0.04879296,"33":0.04331012,"34":0.04437453,"35":0.004588173,"36":0.003170425,"37":0.004113039},"RateNeg":{"0":-1.11702,"1":-1.143715,"2":-1.302264,"3":-1.147844,"4":-0.8900622,"5":-0.6302056,"6":-0.4274949,"7":-0.1850152,"8":-0.2406401,"9":-0.1688535,"10":-0.1753989,"11":-0.1556721,"12":-0.1460182,"13":-0.0657459,"14":-0.04340965,"15":-0.06754436,"16":-0.04222966,"17":-0.03846071,"18":-0.02991354,"19":-0.02730886,"20":-0.02991845,"21":-0.09556216,"22":-0.09612017,"23":-0.09172405,"24":-0.07358853,"25":-0.07018761,"26":-0.1149407,"27":-0.06707407,"28":-0.04544224,"29":-0.08932873,"30":-0.04615215,"31":-0.07140111,"32":-0.04879296,"33":-0.04331012,"34":-0.04437453,"35":-0.004588173,"36":-0.003170425,"37":-0.002770084},"FracExp":{"0":1.0,"1":1.0,"2":1.0,"3":1.0,"4":1.0,"5":1.0,"6":1.0,"7":1.0,"8":1.0,"9":1.0,"10":1.0,"11":1.0,"12":1.0,"13":0.999944,"14":0.999986,"15":0.999995,"16":1.0,"17":1.0,"18":1.0,"19":1.0,"20":1.0,"21":0.999992,"22":1.0,"23":0.99999,"24":1.0,"25":1.0,"26":1.0,"27":0.999961,"28":0.999992,"29":1.0,"30":0.999985,"31":0.99998,"32":0.999992,"33":0.999994,"34":0.999989,"35":0.198207,"36":1.0,"37":1.0},"BGrate":{"0":0.0,"1":0.002335753,"2":0.006812609,"3":0.00467151,"4":0.001816696,"5":0.00377314,"6":0.00215135,"7":0.001167876,"8":0.001277365,"9":0.00173939,"10":0.001486388,"11":0.001122077,"12":0.0006169911,"13":0.001794628,"14":0.001218999,"15":0.0009234987,"16":0.000688094,"17":0.000939985,"18":0.0003655497,"19":0.001110531,"20":0.001218571,"21":0.001691288,"22":0.003475788,"23":0.001154884,"24":0.0006571077,"25":0.002096051,"26":0.0002560786,"27":0.001208876,"28":0.001292098,"29":0.0007679584,"30":0.001567534,"31":0.001393094,"32":0.001738751,"33":0.0009288394,"34":0.001556497,"35":0.0002519021,"36":0.0003176448,"37":0.0001576723},"BGerr":{"0":0.0,"1":0.001651626,"2":0.003046691,"3":0.002335755,"4":0.001284598,"5":0.001540378,"6":0.0009621132,"7":0.0004767835,"8":0.0005712549,"9":0.0005500434,"10":0.0005255175,"11":0.0004241052,"12":0.0003084955,"13":0.000463371,"14":0.0004309813,"15":0.0004617494,"16":0.000344047,"17":0.0003837473,"18":0.0002110502,"19":0.0003511808,"20":0.0003853459,"21":0.0003605839,"22":0.001158596,"23":0.0005164798,"24":0.0003285538,"25":0.0005813399,"26":0.0002560786,"27":0.0004569123,"28":0.0004306993,"29":0.0003434414,"30":0.0005225115,"31":0.0004925331,"32":0.0005019342,"33":0.0003791971,"34":0.00036687,"35":0.0000239095,"36":0.0000274403,"37":0.0000255778},"CorrFact":{"0":4.383831,"1":4.380346,"2":4.27494,"3":4.396066,"4":4.382838,"5":4.283004,"6":4.341735,"7":4.356373,"8":4.317088,"9":4.341758,"10":4.32652,"11":4.343619,"12":4.338708,"13":2.616526,"14":1.387107,"15":1.438951,"16":1.207433,"17":1.207453,"18":1.207483,"19":1.209413,"20":1.207508,"21":5.570765,"22":1.239336,"23":1.954032,"24":2.186556,"25":2.124626,"26":2.191004,"27":1.871429,"28":1.553941,"29":2.804462,"30":1.31948,"31":2.00134,"32":1.668459,"33":1.383967,"34":1.918004,"35":2.292909,"36":1.348936,"37":1.443767},"CtsInSrc":{"0":20.0,"1":21.0,"2":21.0,"3":21.0,"4":21.0,"5":23.0,"6":22.0,"7":20.0,"8":20.0,"9":21.0,"10":20.0,"11":21.0,"12":20.0,"13":20.0,"14":20.0,"15":20.0,"16":20.0,"17":20.0,"18":20.0,"19":20.0,"20":20.0,"21":20.0,"22":20.0,"23":20.0,"24":20.0,"25":20.0,"26":20.0,"27":21.0,"28":20.0,"29":20.0,"30":20.0,"31":20.0,"32":20.0,"33":20.0,"34":35.0,"35":15.0,"36":28.0,"37":3.0},"BGInSrc":{"0":0.0,"1":0.040995,"2":0.102489,"3":0.081991,"4":0.040995,"5":0.122986,"6":0.102489,"7":0.122986,"8":0.102489,"9":0.204977,"10":0.163982,"11":0.143484,"12":0.081991,"13":0.319462,"14":0.174214,"15":0.087989,"16":0.087989,"17":0.131984,"18":0.065992,"19":0.219973,"20":0.219973,"21":0.441019,"22":0.200443,"23":0.110034,"24":0.087322,"25":0.283796,"26":0.02183,"27":0.154577,"28":0.197621,"29":0.107829,"30":0.200443,"31":0.174644,"32":0.265935,"33":0.132747,"34":0.398064,"35":0.487591,"36":0.715195,"37":0.118995},"Exposure":{"0":17.551248,"1":17.55128,"2":15.04396,"3":17.55126,"4":22.56594,"5":32.59522,"6":47.6392,"7":105.30768,"8":80.23442,"9":117.84432,"10":110.32234,"11":127.87364,"12":132.8883,"13":178.010332,"14":142.91568,"15":95.27804,"16":127.87374,"17":140.41046,"18":180.52772,"19":198.07898,"20":180.51714,"21":260.75932,"22":57.66842,"23":95.27736,"24":132.88812,"25":135.3955,"26":85.24902,"27":127.86852,"28":152.9456,"29":140.4102,"30":127.87166,"31":125.36384,"32":152.94574,"33":142.91682,"34":255.74338,"35":1935.63638,"36":2251.55462,"37":754.6973},"Sigma":{"0":1000.0,"1":723.019537,"2":455.936065,"3":510.252017,"4":723.019537,"5":455.636057,"6":477.753785,"7":395.885768,"8":434.118344,"9":320.814344,"10":342.140025,"11":384.580376,"12":485.859064,"13":238.595852,"14":321.878587,"15":452.601504,"16":452.601504,"17":368.731084,"18":523.19655,"19":284.352958,"20":284.352958,"21":208.017594,"22":296.336634,"23":404.195053,"24":456.075758,"25":250.489161,"26":915.151515,"27":356.791264,"28":300.611917,"29":412.506528,"30":296.336634,"31":321.080047,"32":257.058744,"33":366.597471,"34":368.793986,"35":313.577955,"36":441.620248,"37":3.608051},"SNR":{"0":4.472136,"1":4.573538,"2":4.559983,"3":4.564501,"4":4.573538,"5":4.769926,"6":4.668342,"7":4.444355,"8":4.448985,"9":4.537392,"10":4.435096,"11":4.550946,"12":4.453615,"13":4.399954,"14":4.43276,"15":4.452246,"16":4.452246,"17":4.442301,"18":4.457218,"19":4.422414,"20":4.422414,"21":4.372555,"22":4.426821,"23":4.447262,"24":4.452398,"25":4.407995,"26":4.467201,"27":4.548475,"28":4.427466,"29":4.447766,