{"Time":{"0":104.272,"1":115.963,"2":232.41,"3":374.068,"4":480.442,"5":553.207,"6":638.243,"7":788.818,"8":4278.17,"9":4655.872,"10":4986.704,"11":5473.184,"12":5924.089,"13":6307.371,"14":12318.153,"15":23537.548,"16":35814.617,"17":53726.961,"18":127767.647},"TimePos":{"0":7.208,"1":3.039,"2":68.709,"3":57.43,"4":23.768,"5":26.223,"6":54.016,"7":71.431,"8":198.311,"9":166.618,"10":219.406,"11":164.183,"12":172.116,"13":327.896,"14":4211.944,"15":4933.274,"16":4288.598,"17":3820.641,"18":28922.438},"TimeNeg":{"0":-7.836,"1":-4.483,"2":-59.164,"3":-72.95,"4":-48.944,"5":-48.996,"6":-58.813,"7":-96.559,"8":-157.728,"9":-179.392,"10":-164.213,"11":-267.075,"12":-286.722,"13":-211.167,"14":-2411.62,"15":-2100.358,"16":-2829.584,"17":-3419.037,"18":-47776.751},"Rate":{"0":12.56132,"1":26.35693,"2":0.8974693,"3":0.8703613,"4":1.590273,"5":1.596334,"6":1.020706,"7":0.3556099,"8":0.05463728,"9":0.05643031,"10":0.05089827,"11":0.0451301,"12":0.04212957,"13":0.06271923,"14":0.02527628,"15":0.009248902,"16":0.008330466,"17":0.006839674,"18":0.001815257},"RatePos":{"0":2.210588,"1":4.540063,"2":0.2037138,"3":0.199978,"4":0.3609712,"5":0.3548913,"6":0.2309887,"7":0.08204158,"8":0.01447111,"9":0.01487928,"10":0.01329447,"11":0.01182708,"12":0.01111473,"13":0.01245738,"14":0.004215567,"15":0.00239214,"16":0.002061307,"17":0.001656154,"18":0.0007309359},"RateNeg":{"0":-2.210588,"1":-4.540063,"2":-0.2037138,"3":-0.199978,"4":-0.3609712,"5":-0.3548913,"6":-0.2309887,"7":-0.08204158,"8":-0.01447111,"9":-0.01487928,"10":-0.01329447,"11":-0.01182708,"12":-0.01111473,"13":-0.01245738,"14":-0.004215567,"15":-0.00239214,"16":-0.002061307,"17":-0.001656154,"18":-0.0005909035},"FracExp":{"0":1.0,"1":1.0,"2":1.0,"3":1.0,"4":1.0,"5":1.0,"6":1.0,"7":0.999983,"8":1.0,"9":0.992744,"10":1.0,"11":1.0,"12":1.0,"13":1.0,"14":0.299806,"15":0.334372,"16":0.421982,"17":0.549968,"18":0.092186},"BGrate":{"0":0.0234179,"1":0.01951518,"2":0.002295874,"3":0.004053097,"4":0.004037569,"5":0.005073878,"6":0.002081591,"7":0.003610858,"8":0.00105501,"9":0.0009033469,"10":0.0004470082,"11":0.0005112382,"12":0.0006940671,"13":0.0006059226,"14":0.0007801668,"15":0.0004486575,"16":0.0002837461,"17":0.0003835497,"18":0.0001713385},"BGerr":{"0":0.006760165,"1":0.008727454,"2":0.000726019,"3":0.0009553241,"4":0.001276791,"5":0.001407241,"6":0.0007359536,"7":0.0008074123,"8":0.0001555528,"9":0.0001465422,"10":0.0000975452,"11":0.0000983878,"12":0.0001111397,"13":0.0000958048,"14":0.0000568995,"15":0.000036037,"16":0.0000198662,"17":0.0000221442,"18":0.0000075428},"CorrFact":{"0":5.788183,"1":5.856235,"2":5.82358,"3":5.82788,"4":5.867732,"5":5.823705,"6":5.826686,"7":3.080311,"8":1.330176,"9":1.319547,"10":1.316756,"11":1.316869,"12":1.316664,"13":1.316912,"14":1.340245,"15":1.364205,"16":1.45924,"17":1.474206,"18":1.460341},"CtsInSrc":{"0":33.0,"1":34.0,"2":20.0,"3":20.0,"4":20.0,"5":21.0,"6":20.0,"7":20.0,"8":15.0,"9":15.0,"10":15.0,"11":15.0,"12":15.0,"13":26.0,"14":39.0,"15":17.0,"16":18.0,"17":20.0,"18":10.0},"BGInSrc":{"0":0.352296,"1":0.14679,"2":0.29358,"3":0.528444,"4":0.29358,"5":0.381654,"6":0.234864,"7":0.606576,"8":0.375625,"9":0.310299,"10":0.171481,"11":0.220475,"12":0.318464,"13":0.32663,"14":1.549241,"15":1.055174,"16":0.852301,"17":1.527139,"18":1.211464},"Exposure":{"0":15.043868,"1":7.521832,"2":127.872808,"3":130.38022,"4":72.71202,"5":75.21934,"6":112.829,"7":167.986812,"8":356.03888,"9":343.49884,"10":383.61896,"11":431.25756,"12":458.83796,"13":539.0624,"14":1985.7816,"15":2351.8474,"16":3003.7454,"17":3981.5924,"18":7070.586},"Sigma":{"0":321.022769,"1":515.689949,"2":212.266545,"3":156.328523,"4":212.266545,"5":194.785204,"6":238.028319,"7":142.982844,"8":264.059741,"9":291.826652,"10":396.270661,"11":348.323173,"12":287.900861,"13":497.114768,"14":331.451975,"15":188.131515,"16":287.361024,"17":209.515585,"18":4.942034},"SNR":{"0":5.682345,"1":5.80541,"2":4.40554,"3":4.352285,"4":4.40554,"5":4.498092,"6":4.418857,"7":4.334508,"8":3.775611,"9":3.792544,"10":3.828528,"11":3.815828,"12":3.790428,"13":5.034704,"14":5.99594,"15":3.866372,"16":4.041352,"17":4.129855,"18":3.072003}}