{"Time":{"0":58529.146,"1":163708.666,"2":184085.507,"3":239261.532,"4":324757.966,"5":412924.716,"6":515608.208,"7":617779.3149999999,"8":767047.4570000001,"9":977798.073},"TimePos":{"0":11587.119,"1":5585.118,"2":8850.618,"3":40675.465,"4":42237.229,"5":35009.934,"6":42068.402,"7":56057.522,"8":114808.669,"9":123898.316},"TimeNeg":{"0":-4693.214,"1":-7186.222,"2":-10281.316,"3":-30494.68,"4":-29048.035,"5":-41677.84,"6":-63413.875,"7":-55459.91,"8":-82087.53,"9":-91104.809},"Rate":{"0":0.01683419,"1":0.009237933,"2":0.004826184,"3":0.003405906,"4":0.002303811,"5":0.003272668,"6":0.001574985,"7":0.001852378,"8":0.0007534417,"9":0.0005224326},"RatePos":{"0":0.003454672,"1":0.002309354,"2":0.001114094,"3":0.0009326203,"4":0.0006283097,"5":0.0009175937,"6":0.0004246703,"7":0.0004685066,"8":0.0002525316,"9":0.0001598338},"RateNeg":{"0":-0.003454672,"1":-0.002309354,"2":-0.001114094,"3":-0.0009326203,"4":-0.0006283097,"5":-0.0009175937,"6":-0.0004246703,"7":-0.0004685066,"8":-0.0002525316,"9":-0.0001598338},"FracExp":{"0":0.129059,"1":0.190629,"2":0.314659,"3":0.084305,"4":0.13436,"5":0.087132,"6":0.142073,"7":0.120287,"8":0.119612,"9":0.175369},"BGrate":{"0":0.0003014533,"1":0.0002074555,"2":0.0001039837,"3":0.0002314191,"4":0.0000833211,"5":0.0003429052,"6":0.0000776547,"7":0.000091242,"8":0.0001460362,"9":0.0000620347},"BGerr":{"0":0.000032135,"1":0.0000234897,"2":0.0000075838,"3":0.0000147848,"4":0.0000047247,"5":0.0000131789,"6":0.0000036207,"7":0.0000043012,"8":0.0000050447,"9":0.0000017146},"CorrFact":{"0":1.451602,"1":1.363483,"2":1.499625,"3":1.398579,"4":1.553704,"5":1.486724,"6":1.590895,"7":1.481151,"8":1.534887,"9":1.555818},"CtsInSrc":{"0":25.0,"1":17.0,"2":20.0,"3":16.0,"4":15.0,"5":17.0,"6":16.0,"7":18.0,"8":15.0,"9":15.0},"BGInSrc":{"0":0.633389,"1":0.505069,"2":0.625985,"3":1.388508,"4":0.79804,"5":2.291277,"6":1.163743,"7":1.223926,"8":3.439309,"9":2.339005},"Exposure":{"0":2101.1174,"1":2434.5883,"2":6020.0273,"3":5999.968901,"4":9577.886,"5":6681.954497,"6":14986.1321,"7":13414.055,"8":23551.068901,"9":37704.777399},"Sigma":{"0":360.882759,"1":288.434561,"2":424.360508,"3":164.713564,"4":313.836726,"5":167.028918,"6":273.429994,"7":290.764585,"8":97.304893,"9":195.842257},"SNR":{"0":4.872878,"1":4.000224,"2":4.331936,"3":3.651975,"4":3.66668,"5":3.566576,"6":3.708723,"7":3.953793,"8":2.983554,"9":3.268599}}