{"Time":{"0":16480.71,"1":16726.178,"2":16922.62,"3":17157.092,"4":17360.745,"5":17558.855,"6":17822.04,"7":18053.877,"8":18352.308,"9":18648.118,"10":22301.112,"11":22670.025,"12":23188.282},"TimePos":{"0":117.994,"1":88.155,"2":119.879,"3":83.485,"4":107.998,"5":105.459,"6":128.109,"7":96.857,"8":84.262,"9":259.807,"10":186.683,"11":168.794,"12":405.229},"TimeNeg":{"0":-100.144,"1":-127.475,"2":-108.287,"3":-114.593,"4":-120.168,"5":-90.112,"6":-157.726,"7":-103.728,"8":-201.573,"9":-211.548,"10":-164.342,"11":-182.23,"12":-349.463},"Rate":{"0":0.1142873,"1":0.09195217,"2":0.1109308,"3":0.09571919,"4":0.1159491,"5":0.09590752,"6":0.0652329,"7":0.1260617,"8":0.06607823,"9":0.08799425,"10":0.05540415,"11":0.05518328,"12":0.04441607},"RatePos":{"0":0.02585052,"1":0.0232614,"2":0.02497258,"3":0.02493788,"4":0.02553076,"5":0.02512311,"6":0.0171658,"7":0.02843649,"8":0.01735658,"9":0.01555844,"10":0.01448226,"11":0.01441709,"12":0.008827391},"RateNeg":{"0":-0.02585052,"1":-0.0232614,"2":-0.02497258,"3":-0.02493788,"4":-0.02553076,"5":-0.02512311,"6":-0.0171658,"7":-0.02843649,"8":-0.01735658,"9":-0.01555844,"10":-0.01448226,"11":-0.01441709,"12":-0.008827391},"FracExp":{"0":1.0,"1":1.0,"2":1.0,"3":1.0,"4":1.0,"5":1.0,"6":1.0,"7":1.0,"8":1.0,"9":1.0,"10":1.0,"11":1.0,"12":1.0},"BGrate":{"0":0.0010398,"1":0.0008662638,"2":0.0005847624,"3":0.0006735874,"4":0.0008186679,"5":0.001091557,"6":0.0009802467,"7":0.0008647172,"8":0.0008868889,"9":0.001075638,"10":0.0005202143,"11":0.0004985389,"12":0.0004536822},"BGerr":{"0":0.0002521886,"1":0.0002315187,"2":0.0001849181,"3":0.000213007,"4":0.0002187982,"5":0.0002728893,"6":0.0002139074,"7":0.0002398294,"8":0.0002034663,"9":0.0001744916,"10":0.0001061883,"11":0.0001039525,"12":0.000067631},"CorrFact":{"0":1.260814,"1":1.253865,"2":1.274032,"3":1.275337,"4":1.271099,"5":1.268501,"6":1.266715,"7":1.275369,"8":1.28081,"9":1.276476,"10":1.312527,"11":1.306624,"12":1.306452},"CtsInSrc":{"0":20.0,"1":16.0,"2":20.0,"3":15.0,"4":21.0,"5":15.0,"6":15.0,"7":20.0,"8":15.0,"9":33.0,"10":15.0,"11":15.0,"12":26.0},"BGInSrc":{"0":0.226819,"1":0.186792,"2":0.133423,"3":0.133423,"4":0.186792,"5":0.213477,"6":0.280188,"7":0.17345,"8":0.253504,"9":0.507007,"10":0.182608,"11":0.174999,"12":0.34239},"Exposure":{"0":218.137188,"1":215.62972,"2":228.1662,"3":198.07826,"4":228.16604,"5":195.5709,"6":285.83452,"7":200.58572,"8":285.83482,"9":471.355032,"10":351.02482,"11":351.02468,"12":754.6918},"Sigma":{"0":359.435792,"1":316.756257,"2":470.86053,"3":352.354828,"4":416.911855,"5":277.06095,"6":240.747535,"7":412.139954,"8":253.560318,"9":395.063726,"10":397.51846,"11":406.276737,"12":502.690982},"SNR":{"0":4.421083,"1":3.952994,"2":4.442104,"3":3.838306,"4":4.541545,"5":3.817501,"6":3.800166,"7":4.433095,"8":3.8071,"9":5.655724,"10":3.825657,"11":3.827629,"12":5.031619}}