{"Time":{"0":53029.957,"1":58388.825,"2":64351.476,"3":130566.258},"TimePos":{"0":1265.567,"1":1685.869,"2":1511.916,"3":363048.346},"TimeNeg":{"0":-1283.153,"1":-845.114,"2":-1022.929,"3":-61453.474},"Rate":{"0":0.01208519,"1":0.01081761,"2":0.01189872,"3":0.002571821},"RatePos":{"0":0.002887608,"1":0.002728747,"2":0.002846523,"3":0.000527231},"RateNeg":{"0":-0.002887608,"1":-0.002728747,"2":-0.002846523,"3":-0.000527231},"FracExp":{"0":0.781096,"1":0.783598,"2":0.786361,"3":0.032686},"BGrate":{"0":0.0003790284,"1":0.0003292001,"2":0.0003897212,"3":0.0001190297},"BGerr":{"0":0.0000369894,"1":0.0000311065,"2":0.0000368252,"3":0.0000043319},"CorrFact":{"0":1.31864,"1":1.312421,"2":1.301517,"3":1.407782},"CtsInSrc":{"0":19.0,"1":17.0,"2":19.0,"3":27.0},"BGInSrc":{"0":0.754568,"1":0.652894,"2":0.776833,"3":1.651584},"Exposure":{"0":1990.7962,"1":1983.2743,"2":1993.3035,"3":13875.3982},"Sigma":{"0":247.770842,"1":264.976389,"2":248.259205,"3":421.719367},"SNR":{"0":4.185192,"1":3.964312,"2":4.180089,"3":4.877979}}