{"Time":{"0":307.187,"1":11176.309,"2":32287.113,"3":53118.761,"4":92102.998,"5":155009.013,"6":441472.989,"7":976315.491},"TimePos":{"0":1065.455,"1":7131.283,"2":9629.307,"3":11963.046,"4":7030.432,"5":48370.596,"6":190217.319,"7":262154.445},"TimeNeg":{"0":-208.418,"1":-6406.429,"2":-10143.436,"3":-7869.256,"4":-23693.252,"5":-51775.913,"6":-233123.664,"7":-166929.889},"Rate":{"0":0.2510892,"1":0.003991306,"2":0.002475501,"3":0.00229523,"4":0.001757355,"5":0.0008468781,"6":0.0006444545,"7":0.0002619166},"RatePos":{"0":0.04538966,"1":0.001117294,"2":0.0007102378,"3":0.0006503272,"4":0.0004903673,"5":0.0002634063,"6":0.0002319152,"7":0.0001043842},"RateNeg":{"0":-0.04538966,"1":-0.001117294,"2":-0.0007102378,"3":-0.0006503272,"4":-0.0004903673,"5":-0.0002634063,"6":-0.0002319152,"7":-0.0001043842},"FracExp":{"0":0.267682,"1":0.373751,"2":0.404764,"3":0.443626,"4":0.389923,"5":0.24105,"6":0.063556,"7":0.124931},"BGrate":{"0":0.002044547,"1":0.0002298063,"2":0.0001872529,"3":0.0001510617,"4":0.000138834,"5":0.0001054659,"6":0.0003067523,"7":0.0000984816},"BGerr":{"0":0.0004173415,"1":0.0000123366,"2":0.0000088469,"3":0.0000072263,"4":0.0000052587,"5":0.0000028662,"6":0.0000074996,"7":0.0000017522},"CorrFact":{"0":2.735204,"1":1.459462,"2":1.467421,"3":1.477126,"4":1.468453,"5":1.641548,"6":1.360333,"7":1.444361},"CtsInSrc":{"0":32.0,"1":15.0,"2":15.0,"3":15.0,"4":16.0,"5":15.0,"6":21.0,"7":15.0},"BGInSrc":{"0":0.697176,"1":1.162758,"2":1.498641,"3":1.329058,"4":1.663215,"5":2.545976,"6":8.253428,"7":5.279213},"Exposure":{"0":340.992798,"1":5059.731398,"2":8003.301598,"3":8798.115699,"4":11979.879397,"5":24140.28439,"6":26905.836252,"7":53606.073997},"Sigma":{"0":219.961531,"1":221.679195,"2":190.686026,"3":215.028051,"4":227.572514,"5":179.996807,"6":63.169437,"7":103.492079},"SNR":{"0":5.53186,"1":3.572297,"2":3.485453,"3":3.529346,"4":3.583752,"5":3.215102,"6":2.778837,"7":2.509159}}