{"Time":{"0":180.662,"1":1843.928,"2":2124.511,"3":7339.828,"4":28118.797},"TimePos":{"0":35.089,"1":107.439,"2":167.847,"3":4845.211,"4":36619.685},"TimeNeg":{"0":-20.072,"1":-108.19,"2":-173.144,"3":-1662.145,"4":-10395.237},"Rate":{"0":3.025628,"1":0.1150484,"2":0.133326,"3":0.02732009,"4":0.005340949},"RatePos":{"0":0.5711023,"1":0.02592076,"2":0.02205127,"3":0.0058336,"4":0.001251153},"RateNeg":{"0":-0.5711023,"1":-0.02592076,"2":-0.02205127,"3":-0.0058336,"4":-0.001251153},"FracExp":{"0":1.0,"1":1.0,"2":1.0,"3":0.21654,"4":0.139884},"BGrate":{"0":0.00840223,"1":0.003029616,"2":0.002113993,"3":0.001500391,"4":0.0003002192},"BGerr":{"0":0.002100557,"1":0.0005625857,"2":0.0003737047,"3":0.0000805452,"4":0.0000123703},"CorrFact":{"0":5.848486,"1":1.219252,"2":1.21953,"3":1.611703,"4":1.754035},"CtsInSrc":{"0":29.0,"1":21.0,"2":38.0,"3":26.0,"4":22.0},"BGInSrc":{"0":0.463472,"1":0.653274,"2":0.720854,"3":2.114204,"4":1.974436},"Exposure":{"0":55.1606,"1":215.62912,"2":340.99148,"3":1409.1026,"4":6576.6479},"Sigma":{"0":246.284783,"1":167.725264,"2":292.545828,"3":210.454163,"4":246.149689},"SNR":{"0":5.297874,"1":4.438465,"2":6.046184,"3":4.68323,"4":4.268822}}