{"Time":{"0":45063.319,"1":137389.735},"TimePos":{"0":919.175,"1":11435.65},"TimeNeg":{"0":-785.789,"1":-7170.322},"Rate":{"0":0.02602392,"1":0.005107075},"RatePos":{"0":0.005208179,"1":0.001818611},"RateNeg":{"0":-0.005208179,"1":-0.001818611},"FracExp":{"0":1.0,"1":0.251189},"BGrate":{"0":0.0000095435,"1":0.0008808763},"BGerr":{"0":0.0000038961,"1":0.0000295436},"CorrFact":{"0":1.77595,"1":2.193161},"CtsInSrc":{"0":25.0,"1":15.0},"BGInSrc":{"0":0.016271,"1":4.11687},"Exposure":{"0":1704.964,"1":4673.6072},"Sigma":{"0":3761.043875,"1":78.820213},"SNR":{"0":4.996741,"1":2.808228}}