{"Time":{"0":145.63,"1":212.667,"2":332.664,"3":440.419,"4":577.25,"5":773.681,"6":7018.601,"7":20779.268,"8":28887.042,"9":34723.107,"10":40384.528,"11":58960.476},"TimePos":{"0":24.714,"1":42.925,"2":58.323,"3":50.861,"4":84.527,"5":101.217,"6":4685.396,"7":3725.424,"8":1359.998,"9":1280.615,"10":1365.228,"11":79764.823},"TimeNeg":{"0":-22.925,"1":-42.323,"2":-77.071,"3":-49.431,"4":-85.97,"5":-111.904,"6":-1927.843,"7":-4082.115,"8":-813.831,"9":-802.952,"10":-758.455,"11":-13660.778},"Rate":{"0":2.170444,"1":1.118109,"2":0.7007532,"3":0.9555673,"4":0.558002,"5":0.5498203,"6":0.01541754,"7":0.007982392,"8":0.01196379,"9":0.01426018,"10":0.009497328,"11":0.006420322},"RatePos":{"0":0.4754326,"1":0.2515189,"2":0.1582685,"3":0.2145255,"4":0.1262813,"5":0.09258545,"6":0.002913331,"7":0.001685683,"8":0.002736707,"9":0.00317736,"10":0.002550072,"11":0.0009554291},"RateNeg":{"0":-0.4754326,"1":-0.2515189,"2":-0.1582685,"3":-0.2145255,"4":-0.1262813,"5":-0.09258545,"6":-0.002913331,"7":-0.001685683,"8":-0.002736707,"9":-0.00317736,"10":-0.002550072,"11":-0.0009554291},"FracExp":{"0":1.0,"1":1.0,"2":1.0,"3":1.0,"4":1.0,"5":0.999986,"6":0.377617,"7":0.531484,"8":1.0,"9":1.0,"10":1.0,"11":0.110731},"BGrate":{"0":0.001655299,"1":0.001387529,"2":0.00145605,"3":0.0007862669,"4":0.00138753,"5":0.001713749,"6":0.0004045016,"7":0.0001926129,"8":0.0004429816,"9":0.0002073313,"10":0.00027041,"11":0.0001892197},"BGerr":{"0":0.0008276496,"1":0.0005664564,"2":0.0004604433,"3":0.0003931335,"4":0.0004005455,"5":0.0004039345,"6":0.0000364727,"7":0.0000158327,"8":0.0000413082,"9":0.0000231804,"10":0.0000257826,"11":0.0000084622},"CorrFact":{"0":4.942253,"1":4.794219,"2":4.791145,"3":4.810778,"4":4.813827,"5":3.288266,"6":1.328112,"7":1.427695,"8":1.297958,"9":1.444575,"10":1.398148,"11":1.411894},"CtsInSrc":{"0":21.0,"1":20.0,"2":20.0,"3":20.0,"4":20.0,"5":36.0,"6":30.0,"7":24.0,"8":21.0,"9":21.0,"10":15.0,"11":49.0},"BGInSrc":{"0":0.078857,"1":0.118285,"2":0.197142,"3":0.078857,"4":0.23657,"5":0.365231,"6":1.01015,"7":0.799263,"8":0.962966,"9":0.431989,"10":0.574265,"11":1.9575},"Exposure":{"0":47.638908,"1":85.24864,"2":135.39484,"3":100.29246,"4":170.49712,"5":213.118032,"6":2497.2708,"7":4149.5815,"8":2173.8291,"9":2083.5663,"10":2123.6831,"11":10345.1198},"Sigma":{"0":530.612054,"1":411.718054,"2":317.650523,"3":505.249576,"4":289.396577,"5":413.945183,"6":318.282378,"7":353.136818,"8":223.136838,"9":425.858222,"10":263.464328,"11":537.370202},"SNR":{"0":4.565199,"1":4.445427,"2":4.427624,"3":4.45433,"4":4.418722,"5":5.938517,"6":5.292067,"7":4.735405,"8":4.3716,"9":4.488059,"10":3.724337,"11":6.719832}}