{"Time":{"0":97.551,"1":138.173,"2":193.916,"3":248.659,"4":334.742,"5":399.858,"6":473.491,"7":549.701,"8":657.35,"9":743.085,"10":808.842,"11":885.068,"12":1021.366,"13":4749.904,"14":5338.224,"15":6180.689,"16":10557.074,"17":10913.036,"18":11291.393,"19":12171.078,"20":35701.3},"TimePos":{"0":13.724,"1":18.234,"2":27.681,"3":30.606,"4":32.28,"5":39.876,"6":23.911,"7":58.023,"8":53.175,"9":25.108,"10":34.57,"11":51.116,"12":137.97,"13":331.742,"14":317.597,"15":703.7,"16":171.099,"17":153.626,"18":311.834,"19":455.118,"20":120094.263},"TimeNeg":{"0":-16.364,"1":-26.898,"2":-37.51,"3":-27.062,"4":-55.476,"5":-32.836,"6":-33.757,"7":-52.299,"8":-49.625,"9":-32.56,"10":-40.649,"11":-41.655,"12":-85.182,"13":-254.972,"14":-256.579,"15":-524.868,"16":-262.667,"17":-184.863,"18":-224.732,"19":-567.85,"20":-19687.261},"Rate":{"0":1.45377,"1":0.9528933,"2":0.6547506,"3":0.7227556,"4":0.4811064,"5":0.5711074,"6":0.7387823,"7":0.3782889,"8":0.4126566,"9":0.7246006,"10":0.5856286,"11":0.4640086,"12":0.3995955,"13":0.09061962,"14":0.0953357,"15":0.05664462,"16":0.04418544,"17":0.06060993,"18":0.03584557,"19":0.03761681,"20":0.005108739},"RatePos":{"0":0.3266385,"1":0.208892,"2":0.1473484,"3":0.1621312,"4":0.1077508,"5":0.1287319,"6":0.1651967,"7":0.08513205,"8":0.09361887,"9":0.1630678,"10":0.1291704,"11":0.103781,"12":0.07304935,"13":0.02161279,"14":0.02272018,"15":0.01197075,"16":0.01153029,"17":0.01525814,"18":0.009344019,"19":0.006920801,"20":0.0009909253},"RateNeg":{"0":-0.3266385,"1":-0.208892,"2":-0.1473484,"3":-0.1621312,"4":-0.1077508,"5":-0.1287319,"6":-0.1651967,"7":-0.08513205,"8":-0.09361887,"9":-0.1630678,"10":-0.1291704,"11":-0.103781,"12":-0.07304935,"13":-0.02161279,"14":-0.02272018,"15":-0.01197075,"16":-0.01153029,"17":-0.01525814,"18":-0.009344019,"19":-0.006920801,"20":-0.0009909253},"FracExp":{"0":1.0,"1":1.0,"2":1.0,"3":1.0,"4":1.0,"5":1.0,"6":1.0,"7":1.0,"8":1.0,"9":1.0,"10":1.0,"11":1.0,"12":0.719062,"13":1.0,"14":1.0,"15":1.0,"16":1.0,"17":1.0,"18":1.0,"19":1.0,"20":0.06687},"BGrate":{"0":0.003137167,"1":0.002091442,"2":0.001930562,"3":0.001091187,"4":0.0003585328,"5":0.00216356,"6":0.0,"7":0.001140786,"8":0.00275458,"9":0.002182372,"10":0.002928016,"11":0.005426436,"12":0.003333416,"13":0.0003586978,"14":0.0003428828,"15":0.0002486603,"16":0.0003634511,"17":0.000326029,"18":0.0002644364,"19":0.0002234641,"20":0.00013212},"BGerr":{"0":0.001811244,"1":0.001207495,"2":0.000965281,"3":0.0007715859,"4":0.0003585328,"5":0.0009675733,"6":0.0,"7":0.0005703929,"8":0.0009181932,"9":0.001091186,"10":0.001106686,"11":0.001356609,"12":0.000808472,"13":0.000064424,"14":0.0000636717,"15":0.0000370681,"16":0.0000812701,"17":0.0000871349,"18":0.0000623282,"19":0.0000414962,"20":0.0000063788},"CorrFact":{"0":2.197408,"1":2.057139,"2":2.147685,"3":2.090584,"4":2.114331,"5":2.092789,"6":2.13022,"7":2.099896,"8":2.151522,"9":2.102559,"10":2.11989,"11":2.100181,"12":2.10467,"13":2.988706,"14":3.074713,"15":3.066458,"16":1.291316,"17":1.29114,"18":1.294479,"19":1.292542,"20":1.719878},"CtsInSrc":{"0":20.0,"1":21.0,"2":20.0,"3":20.0,"4":20.0,"5":20.0,"6":20.0,"7":20.0,"8":20.0,"9":20.0,"10":21.0,"11":21.0,"12":31.0,"13":18.0,"14":18.0,"15":23.0,"16":15.0,"17":16.0,"18":15.0,"19":30.0,"20":29.0},"BGInSrc":{"0":0.09439,"1":0.09439,"2":0.125854,"3":0.062927,"4":0.031463,"5":0.157317,"6":0.0,"7":0.125854,"8":0.283171,"9":0.125854,"10":0.220244,"11":0.503416,"12":0.534879,"13":0.210453,"14":0.196875,"15":0.305496,"16":0.157653,"17":0.110357,"18":0.141888,"19":0.228597,"20":1.234954},"Exposure":{"0":30.087808,"1":45.13176,"2":65.19032,"3":57.66836,"4":87.75624,"5":72.71232,"6":57.6684,"7":110.32216,"8":102.80022,"9":57.66842,"10":75.21968,"11":92.77098,"12":160.459832,"13":586.71328,"14":574.17624,"15":1228.56738,"16":433.76644,"17":338.48834,"18":536.5661,"19":1022.96812,"20":9347.2144},"Sigma":{"0":365.264936,"1":383.614785,"2":315.828714,"3":448.063464,"4":634.657427,"5":282.038576,"6":1000.0,"7":315.828714,"8":208.885809,"9":315.828714,"10":249.622969,"11":162.860075,"12":234.83973,"13":470.642527,"14":486.972411,"15":498.335193,"16":421.03257,"17":538.738767,"18":444.278701,"19":701.339685,"20":465.668053},"SNR":{"0":4.450699,"1":4.561655,"2":4.443554,"3":4.457844,"4":4.46499,"5":4.43641,"6":4.472136,"7":4.443554,"8":4.407835,"9":4.443554,"10":4.533766,"11":4.471036,"12":5.470213,"13":4.19287,"14":4.196081,"15":4.731918,"16":3.832119,"17":3.972303,"18":3.836205,"19":5.435326,"20":5.155524}}