{"Time":{"0":231.624,"1":401.976,"2":580.563,"3":811.052,"4":1055.371,"5":1497.595,"6":15612.015},"TimePos":{"0":59.493,"1":82.206,"2":109.22,"3":121.941,"4":125.848,"5":405.715,"6":37068.203},"TimeNeg":{"0":-53.337,"1":-110.859,"2":-96.381,"3":-121.269,"4":-122.377,"5":-316.376,"6":-8179.47},"Rate":{"0":0.2265919,"1":0.1328672,"2":0.09402794,"3":0.07948335,"4":0.07761903,"5":0.04370813,"6":0.002244751},"RatePos":{"0":0.05088974,"1":0.03003796,"2":0.02461229,"3":0.020908,"4":0.0204378,"5":0.009025364,"6":0.001228382},"RateNeg":{"0":-0.05088974,"1":-0.03003796,"2":-0.02461229,"3":-0.020908,"4":-0.0204378,"5":-0.009025364,"6":-0.0009324284},"FracExp":{"0":1.0,"1":1.0,"2":1.0,"3":1.0,"4":1.0,"5":1.0,"6":0.099632},"BGrate":{"0":0.0007685939,"1":0.001122945,"2":0.0009841745,"3":0.00112912,"4":0.001164537,"5":0.001080864,"6":0.0001801718},"BGerr":{"0":0.0003137771,"1":0.0002899431,"2":0.0002630317,"3":0.0002590378,"4":0.0002603983,"5":0.000147087,"6":0.0000092793},"CorrFact":{"0":1.283883,"1":1.296652,"2":1.30644,"3":1.312781,"4":1.309707,"5":1.303133,"6":1.950582},"CtsInSrc":{"0":20.0,"1":20.0,"2":15.0,"3":15.0,"4":15.0,"5":25.0,"6":6.0},"BGInSrc":{"0":0.08672,"1":0.216801,"2":0.202347,"3":0.274614,"4":0.289068,"5":0.780482,"6":0.812237},"Exposure":{"0":112.82976,"1":193.06438,"2":205.60102,"3":243.21084,"4":248.22536,"5":722.09104,"6":4508.1254},"Sigma":{"0":562.468014,"1":353.412217,"2":273.627331,"3":233.733274,"4":227.591409,"5":228.033824,"6":3.665933},"SNR":{"0":4.452605,"1":4.423311,"2":3.820365,"3":3.801575,"4":3.797818,"5":4.842811,"6":2.407425}}