{"Time":{"0":188.507,"1":212.363,"2":243.498,"3":296.447,"4":439.815,"5":6387.096,"6":29880.983,"7":51890.325,"8":79521.675,"9":292513.099},"TimePos":{"0":10.638,"1":14.362,"2":28.359,"3":28.064,"4":230.704,"5":5846.28,"6":11261.273,"7":12377.419,"8":75607.551,"9":72196.139},"TimeNeg":{"0":-9.421,"1":-13.218,"2":-16.772,"3":-24.59,"4":-115.305,"5":-1994.48,"6":-13405.947,"7":-7425.09,"8":-11925.57,"9":-73787.112},"Rate":{"0":3.328205,"1":2.295494,"2":1.417158,"3":1.241673,"4":0.3303067,"5":0.005809124,"6":0.003416311,"7":0.002205432,"8":0.001214454,"9":0.0003348764},"RatePos":{"0":0.745449,"1":0.515001,"2":0.319008,"3":0.2804446,"4":0.05449403,"5":0.001538163,"6":0.0007999754,"7":0.0006041718,"8":0.0003223915,"9":0.0001789539},"RateNeg":{"0":-0.745449,"1":-0.515001,"2":-0.319008,"3":-0.2804446,"4":-0.05449403,"5":-0.001538163,"6":-0.0007999754,"7":-0.0006041718,"8":-0.0003223915,"9":-0.0001410329},"FracExp":{"0":1.0,"1":1.0,"2":1.0,"3":1.0,"4":0.999996,"5":0.491178,"6":0.337868,"7":0.494812,"8":0.230985,"9":0.19597},"BGrate":{"0":0.001631559,"1":0.002373169,"2":0.002900541,"3":0.003729271,"4":0.001807153,"5":0.0002314576,"6":0.0001713368,"7":0.0001425293,"8":0.0000997123,"9":0.0000697454},"BGerr":{"0":0.001631559,"1":0.001678084,"2":0.001450271,"3":0.001522469,"4":0.0004145893,"5":0.000016704,"6":0.0000079627,"7":0.0000068654,"8":0.0000031755,"9":0.0000019434},"CorrFact":{"0":3.343399,"1":3.175928,"2":3.218997,"3":3.301332,"4":3.057907,"5":1.480757,"6":1.454751,"7":1.479789,"8":1.536223,"9":1.595377},"CtsInSrc":{"0":20.0,"1":20.0,"2":20.0,"3":20.0,"4":38.0,"5":16.0,"6":21.0,"7":16.0,"8":18.0,"9":8.0},"BGInSrc":{"0":0.032727,"1":0.065453,"2":0.130906,"3":0.196359,"4":0.625287,"5":0.891393,"6":1.427966,"7":1.396577,"8":2.016069,"9":1.995298},"Exposure":{"0":20.058428,"1":27.58042,"2":45.13158,"3":52.65346,"4":346.006912,"5":3851.2128,"6":8334.2652,"7":9798.5284,"8":20218.8672,"9":28608.293},"Sigma":{"0":610.125448,"1":430.716735,"2":303.562724,"3":247.04143,"4":260.540353,"5":234.858367,"6":294.922853,"7":217.084264,"8":248.952601,"9":3.210131},"SNR":{"0":4.464699,"1":4.457262,"2":4.442389,"3":4.427518,"4":6.061338,"5":3.776663,"6":4.27052,"7":3.65034,"8":3.767017,"9":2.374456}}