{"Time":{"0":187.259,"1":273.471,"2":369.626,"3":540.644,"4":1146.634,"5":23535.469},"TimePos":{"0":39.434,"1":58.53,"2":70.189,"3":89.726,"4":680.492,"5":139367.624},"TimeNeg":{"0":-38.292,"1":-46.777,"2":-37.625,"3":-100.83,"4":-516.264,"5":-18439.599},"Rate":{"0":0.7999686,"1":0.2452164,"2":0.241235,"3":0.1345876,"4":0.02300922,"5":0.0006671076},"RatePos":{"0":0.1800511,"1":0.05495883,"2":0.05410821,"3":0.03037496,"4":0.005090571,"5":0.0001973646},"RateNeg":{"0":-0.1800511,"1":-0.05495883,"2":-0.05410821,"3":-0.03037496,"4":-0.005090571,"5":-0.0001973646},"FracExp":{"0":0.999997,"1":1.0,"2":1.0,"3":1.0,"4":0.993066,"5":0.19951},"BGrate":{"0":0.001664021,"1":0.0004347888,"2":0.0005662368,"3":0.000961113,"4":0.0006677803,"5":0.0000605962},"BGerr":{"0":0.0005546735,"1":0.0002510254,"2":0.0002831184,"3":0.0002774494,"4":0.0000926045,"5":0.0000016616},"CorrFact":{"0":3.129169,"1":1.294113,"2":1.304411,"3":1.294171,"4":1.289495,"5":1.604265},"CtsInSrc":{"0":20.0,"1":20.0,"2":20.0,"3":20.0,"4":22.0,"5":15.0},"BGInSrc":{"0":0.129338,"1":0.045786,"2":0.061048,"3":0.183145,"4":0.793629,"5":1.907822},"Exposure":{"0":77.72638,"1":105.307,"2":107.81428,"3":190.55536,"4":1188.45878,"5":31484.1661},"Sigma":{"0":460.899717,"1":754.848201,"2":653.217718,"3":374.826024,"4":192.686066,"5":250.264911},"SNR":{"0":4.443009,"1":4.46182,"2":4.458381,"3":4.430874,"4":4.519969,"5":3.380078}}