{"Time":{"0":11348.991,"1":11779.887,"2":12115.436,"3":12473.947,"4":12804.065,"5":13344.886,"6":17388.49,"7":17725.612,"8":18295.937,"9":18591.404,"10":19137.942,"11":23598.82,"12":24157.542,"13":24561.314,"14":25028.491,"15":29816.598,"16":318335.852,"17":366624.291,"18":511757.579,"19":905406.433,"20":1408334.125},"TimePos":{"0":270.58,"1":130.533,"2":148.514,"3":193.68,"4":179.482,"5":335.684,"6":177.288,"7":316.555,"8":159.935,"9":230.533,"10":328.369,"11":300.076,"12":190.161,"13":164.991,"14":221.838,"15":557.23,"16":18386.367,"17":45276.889,"18":68264.163,"19":253734.632,"20":22140.713},"TimeNeg":{"0":-160.677,"1":-160.315,"2":-205.017,"3":-209.997,"4":-136.439,"5":-361.339,"6":-141.14,"7":-159.833,"8":-253.77,"9":-135.533,"10":-316.005,"11":-349.316,"12":-258.646,"13":-213.612,"14":-302.187,"15":-698.927,"16":-17271.907,"17":-25057.631,"18":-95004.058,"19":-226861.714,"20":-48178.638},"Rate":{"0":0.08583288,"1":0.1364133,"2":0.1145154,"3":0.07450007,"4":0.0951292,"5":0.07389094,"6":0.09880499,"7":0.06567806,"8":0.07607379,"9":0.1140208,"10":0.07613691,"11":0.03380208,"12":0.04871014,"13":0.05788431,"14":0.04725096,"15":0.02871995,"16":0.003350657,"17":0.002364674,"18":0.001301718,"19":0.0008655957,"20":0.0008723352},"RatePos":{"0":0.01979115,"1":0.03062864,"2":0.0257473,"3":0.01948459,"4":0.02474276,"5":0.01461422,"6":0.02474757,"7":0.01709453,"8":0.01977046,"9":0.02554364,"10":0.01561445,"11":0.008808777,"12":0.01262211,"13":0.01505348,"14":0.01153817,"15":0.005690481,"16":0.0008946569,"17":0.0006608091,"18":0.0002894667,"19":0.0001898096,"20":0.0003726448},"RateNeg":{"0":-0.01979115,"1":-0.03062864,"2":-0.0257473,"3":-0.01948459,"4":-0.02474276,"5":-0.01461422,"6":-0.02474757,"7":-0.01709453,"8":-0.01977046,"9":-0.02554364,"10":-0.01561445,"11":-0.008808777,"12":-0.01262211,"13":-0.01505348,"14":-0.01153817,"15":-0.005690481,"16":-0.0008946569,"17":-0.0006608091,"18":-0.0002894667,"19":-0.0001898096,"20":-0.000297763},"FracExp":{"0":1.0,"1":1.0,"2":1.0,"3":1.0,"4":1.0,"5":1.0,"6":1.0,"7":1.0,"8":1.0,"9":1.0,"10":1.0,"11":1.0,"12":1.0,"13":1.0,"14":1.0,"15":1.0,"16":0.183029,"17":0.122879,"18":0.159513,"19":0.093479,"20":0.200244},"BGrate":{"0":0.0002205436,"1":0.0002802968,"2":0.0003074654,"3":0.0004712247,"4":0.0003440693,"5":0.0003118933,"6":0.0000937061,"7":0.0002505406,"8":0.0002344076,"9":0.0001018896,"10":0.0001736491,"11":0.0002119057,"12":0.0001192382,"13":0.0002826976,"14":0.0002188351,"15":0.0002102047,"16":0.000155943,"17":0.000131806,"18":0.0001177294,"19":0.0000987756,"20":0.0000774178},"BGerr":{"0":0.0000833576,"1":0.0001144307,"2":0.0001087054,"3":0.0001259401,"4":0.0001216469,"5":0.0000779733,"6":0.000046853,"7":0.0000626352,"8":0.000065013,"9":0.0000455664,"10":0.000044836,"11":0.0000499467,"12":0.0000450678,"13":0.0000755541,"14":0.000056503,"15":0.0000377539,"16":0.0000086502,"17":0.0000067262,"18":0.0000036075,"19":0.0000022345,"20":0.0000031423},"CorrFact":{"0":1.958017,"1":1.991897,"2":2.035296,"3":2.030679,"4":2.018174,"5":1.997615,"6":1.970066,"7":2.102614,"8":2.111793,"9":2.090855,"10":2.053768,"11":1.476936,"12":1.462648,"13":1.471508,"14":1.4664,"15":1.401805,"16":1.4596,"17":1.474447,"18":1.478205,"19":1.583214,"20":1.552889},"CtsInSrc":{"0":19.0,"1":20.0,"2":20.0,"3":15.0,"4":15.0,"5":26.0,"6":16.0,"7":15.0,"8":15.0,"9":20.0,"10":24.0,"11":15.0,"12":15.0,"13":15.0,"14":17.0,"15":26.0,"16":16.0,"17":15.0,"18":26.0,"19":29.0,"20":9.0},"BGInSrc":{"0":0.095111,"1":0.081524,"2":0.108698,"3":0.190222,"4":0.108698,"5":0.217397,"6":0.029839,"7":0.119355,"8":0.096976,"9":0.037298,"10":0.111895,"11":0.13761,"12":0.053515,"13":0.10703,"14":0.114675,"15":0.26405,"16":1.017762,"17":1.139155,"18":3.066066,"19":4.437571,"20":1.09012},"Exposure":{"0":431.25774,"1":290.84816,"2":353.53062,"3":403.67628,"4":315.92016,"5":697.02324,"6":318.42796,"7":476.38816,"8":413.70496,"9":366.06574,"10":644.37368,"11":649.39204,"12":448.80704,"13":378.6021,"14":524.02422,"15":1256.1573,"16":6526.5019,"17":8642.6631,"18":26043.3251,"19":44925.801398,"20":14080.9968},"Sigma":{"0":525.886287,"1":598.476667,"2":517.58889,"3":291.307228,"4":387.484561,"5":474.387799,"6":1070.434783,"7":498.703804,"8":554.094247,"9":1196.78247,"10":826.831427,"11":458.221265,"12":738.946315,"13":520.643122,"14":570.27802,"15":542.668366,"16":265.382356,"17":238.436464,"18":244.102281,"19":244.674237,"20":4.686262},"SNR":{"0":4.336931,"1":4.453783,"2":4.447666,"3":3.823539,"4":3.844728,"5":5.056097,"6":3.992513,"7":3.842052,"8":3.847852,"9":4.463765,"10":4.876054,"11":3.837318,"12":3.859113,"13":3.845243,"14":4.095187,"15":5.047017,"16":3.745186,"17":3.578452,"18":4.496951,"19":4.560336,"20":2.92963}}