{"Time":{"0":42046.336,"1":49838.247,"2":58889.851,"3":252841.328},"TimePos":{"0":7394.136,"1":722.987,"2":6414.038,"3":27240.807},"TimeNeg":{"0":-3428.187,"1":-397.775,"2":-4067.276,"3":-8544.522},"Rate":{"0":0.01811062,"1":0.01731206,"2":0.01213989,"3":0.001982689},"RatePos":{"0":0.004906177,"1":0.00461664,"2":0.002602725,"3":0.0008778178},"RateNeg":{"0":-0.004906177,"1":-0.00461664,"2":-0.002602725,"3":-0.0007014229},"FracExp":{"0":0.098695,"1":1.0,"2":0.258832,"3":0.154704},"BGrate":{"0":0.0006559944,"1":0.0008890535,"2":0.0006170095,"3":0.0002470766},"BGerr":{"0":0.0000695353,"1":0.0000811591,"2":0.0000366774,"3":0.0000111846},"CorrFact":{"0":1.352801,"1":1.293205,"2":1.411906,"3":1.438208},"CtsInSrc":{"0":15.0,"1":16.0,"2":25.0,"3":9.0},"BGInSrc":{"0":0.700675,"1":0.996418,"2":1.673884,"3":1.367846},"Exposure":{"0":1068.11058,"1":1120.76232,"2":2712.8986,"3":5536.1184},"Sigma":{"0":192.528132,"1":164.946903,"2":234.428414,"3":4.303912},"SNR":{"0":3.691391,"1":3.749926,"2":4.6643,"3":2.826667}}