{"Time":{"0":63284.904,"1":176068.372},"TimePos":{"0":15355.565,"1":16095.002},"TimeNeg":{"0":-3765.169,"1":-13181.819},"Rate":{"0":0.01046047,"1":0.00335263},"RatePos":{"0":0.001921355,"1":0.001300982},"RateNeg":{"0":-0.001921355,"1":-0.001051741},"FracExp":{"0":0.260424,"1":0.168884},"BGrate":{"0":0.0003455035,"1":0.0001780334},"BGerr":{"0":0.0000191946,"1":0.0000104545},"CorrFact":{"0":1.665237,"1":1.817624},"CtsInSrc":{"0":33.0,"1":10.0},"BGInSrc":{"0":1.720434,"1":0.880268},"Exposure":{"0":4979.4978,"1":4944.3956},"Sigma":{"0":327.261715,"1":176.427514},"SNR":{"0":5.44432,"1":3.187697}}