{"Time":{"0":346358.954},"TimePos":{"0":38883.313},"TimeNeg":{"0":-47673.867},"Rate":{"0":0.007307855},"RatePos":{"0":0.001970529},"RateNeg":{"0":-0.001970529},"FracExp":{"0":0.030705},"BGrate":{"0":0.0002389116},"BGerr":{"0":0.0000229893},"CorrFact":{"0":1.352058},"CtsInSrc":{"0":15.0},"BGInSrc":{"0":0.634964},"Exposure":{"0":2657.738},"Sigma":{"0":235.108993},"SNR":{"0":3.708575}}