{"Time":{"0":59783.46},"TimePos":{"0":20538.551},"TimeNeg":{"0":-2162.078},"Rate":{"0":0.0163968},"RatePos":{"0":0.003352855},"RateNeg":{"0":-0.003352855},"FracExp":{"0":0.086925},"BGrate":{"0":0.0002769449},"BGerr":{"0":0.0000282656},"CorrFact":{"0":1.323119},"CtsInSrc":{"0":25.0},"BGInSrc":{"0":0.54648},"Exposure":{"0":1973.2451},"Sigma":{"0":438.432418},"SNR":{"0":4.8904}}