{"Time":{"0":5018.17,"1":5239.59,"2":5488.671,"3":6802.778,"4":17205.417,"5":28798.869,"6":33533.865},"TimePos":{"0":104.492,"1":106.224,"2":138.969,"3":2714.708,"4":4564.314,"5":3881.26,"6":1025.387},"TimeNeg":{"0":-123.674,"1":-116.927,"2":-142.857,"3":-1175.138,"4":-2361.077,"5":-2508.425,"6":-853.737},"Rate":{"0":0.114706,"1":0.09468811,"2":0.08634515,"3":0.07812751,"4":0.01178585,"5":0.005280178,"6":0.01070874},"RatePos":{"0":0.02609452,"1":0.02397043,"2":0.02265957,"3":0.01305978,"4":0.003026568,"5":0.002538847,"6":0.003568241},"RateNeg":{"0":-0.02609452,"1":-0.02397043,"2":-0.02265957,"3":-0.01305978,"4":-0.003026568,"5":-0.002134476,"6":-0.003568241},"FracExp":{"0":1.0,"1":1.0,"2":0.80958,"3":0.161788,"4":0.284929,"5":0.357475,"6":0.899311},"BGrate":{"0":0.001486114,"1":0.0008863815,"2":0.001052688,"3":0.0009657717,"4":0.0004770319,"5":0.002708071,"6":0.003489785},"BGerr":{"0":0.0003033518,"1":0.0002368954,"2":0.0002553143,"3":0.0001302246,"4":0.0000389495,"5":0.0000882337,"6":0.0001460429},"CorrFact":{"0":1.33117,"1":1.337141,"2":1.334745,"3":1.351063,"4":1.44821,"5":1.368361,"6":1.381172},"CtsInSrc":{"0":20.0,"1":16.0,"2":15.0,"3":37.0,"4":17.0,"5":15.0,"6":19.0},"BGInSrc":{"0":0.339081,"1":0.197797,"2":0.240182,"3":0.607791,"4":0.941301,"5":6.18565,"6":5.897446},"Exposure":{"0":228.166048,"1":223.15128,"2":228.160992,"3":629.33228,"4":1973.2451,"5":2284.153619,"6":1689.91688},"Sigma":{"0":284.057427,"1":298.924538,"2":253.375423,"3":444.053469,"4":208.942865,"5":3.056997,"6":53.089674},"SNR":{"0":4.395789,"1":3.950206,"2":3.810538,"3":5.982299,"4":3.89413,"5":2.473758,"6":3.001125}}