{"Time":{"0":3639.36,"1":3969.062,"2":4213.592,"3":4428.203,"4":4718.224,"5":5061.923,"6":5382.297,"7":5663.554,"8":9693.029,"9":10234.065,"10":10627.823,"11":11008.956,"12":15990.865,"13":27589.346,"14":171312.02,"15":349238.015,"16":552004.795,"17":948263.012,"18":4503859.9680000003,"19":10132095.4460000005},"TimePos":{"0":137.77,"1":113.96,"2":72.522,"3":148.76,"4":134.545,"5":144.377,"6":157.477,"7":197.139,"8":298.146,"9":220.964,"10":133.099,"11":140.588,"12":1059.992,"13":17278.714,"14":15866.431,"15":75332.376,"16":38586.209,"17":555069.857,"18":58250.559,"19":70133.913},"TimeNeg":{"0":-178.152,"1":-191.933,"2":-130.57,"3":-142.089,"4":-141.26,"5":-209.155,"6":-175.997,"7":-123.78,"8":-383.844,"9":-242.89,"10":-172.794,"11":-248.033,"12":-1010.231,"13":-6652.343,"14":-7131.167,"15":-57920.199,"16":-19812.709,"17":-209291.786,"18":-41358.091,"19":-51128.536},"Rate":{"0":0.05899775,"1":0.06097787,"2":0.1239409,"3":0.06428572,"4":0.06760646,"5":0.05264424,"6":0.05576472,"7":0.1092998,"8":0.02820653,"9":0.04176518,"10":0.06338376,"11":0.05699363,"12":0.03138123,"13":0.01939349,"14":0.005636578,"15":0.002926644,"16":0.003362444,"17":0.001656532,"18":0.001156803,"19":0.002219543},"RatePos":{"0":0.01546911,"1":0.0159718,"2":0.02788416,"3":0.01675182,"4":0.01774462,"5":0.01378899,"6":0.01462141,"7":0.02080305,"8":0.007381523,"9":0.01091049,"10":0.01652886,"11":0.01390137,"12":0.005717866,"13":0.003583229,"14":0.001346648,"15":0.0006756879,"16":0.0007764856,"17":0.0003521871,"18":0.0004433173,"19":0.0005626495},"RateNeg":{"0":-0.01546911,"1":-0.0159718,"2":-0.02788416,"3":-0.01675182,"4":-0.01774462,"5":-0.01378899,"6":-0.01462141,"7":-0.02080305,"8":-0.007381523,"9":-0.01091049,"10":-0.01652886,"11":-0.01390137,"12":-0.005717866,"13":-0.003583229,"14":-0.001346648,"15":-0.0006756879,"16":-0.0007764856,"17":-0.0003521871,"18":-0.0003619063,"19":-0.0005626495},"FracExp":{"0":1.0,"1":1.0,"2":1.0,"3":1.0,"4":1.0,"5":1.0,"6":1.0,"7":1.0,"8":1.0,"9":1.0,"10":1.0,"11":1.0,"12":0.632208,"13":0.088218,"14":0.213252,"15":0.076168,"16":0.157482,"17":0.035161,"18":0.125354,"19":0.092755},"BGrate":{"0":0.0007188655,"1":0.0006929388,"2":0.0005963917,"3":0.0004685015,"4":0.0008783216,"5":0.0005995631,"6":0.0006810284,"7":0.0006133136,"8":0.0002926275,"9":0.0003741226,"10":0.0004822192,"11":0.0002456019,"12":0.0003369075,"13":0.000408714,"14":0.0001537237,"15":0.0002190865,"16":0.0001255319,"17":0.0001156531,"18":0.0001093894,"19":0.000112202},"BGerr":{"0":0.0001856103,"1":0.0001851957,"2":0.0002108563,"3":0.0001561672,"4":0.0002195804,"5":0.00016024,"6":0.0001758408,"7":0.0001701026,"8":0.0000610171,"9":0.0000836564,"10":0.0001169553,"11":0.0000740518,"12":0.0000438616,"13":0.0000357095,"14":0.0000107628,"15":0.0000091846,"16":0.0000059575,"17":0.0000029832,"18":0.0000045227,"19":0.0000051977},"CorrFact":{"0":1.26168,"1":1.261335,"2":1.266242,"3":1.257922,"4":1.263485,"5":1.258546,"6":1.258797,"7":1.261599,"8":1.29973,"9":1.306647,"10":1.305414,"11":1.310234,"12":1.344023,"13":1.358539,"14":1.515028,"15":1.429707,"16":1.558219,"17":1.788567,"18":1.4993,"19":1.491509},"CtsInSrc":{"0":15.0,"1":15.0,"2":20.0,"3":15.0,"4":15.0,"5":15.0,"6":15.0,"7":28.0,"8":15.0,"9":15.0,"10":15.0,"11":17.0,"12":31.0,"13":31.0,"14":19.0,"15":23.0,"16":21.0,"17":28.0,"18":11.0,"19":18.0},"BGInSrc":{"0":0.227105,"1":0.211965,"2":0.121123,"3":0.136263,"4":0.242245,"5":0.211965,"6":0.227105,"7":0.196824,"8":0.199569,"9":0.173538,"10":0.147508,"11":0.095446,"12":0.440948,"13":0.862855,"14":0.753904,"15":2.223629,"16":1.154489,"17":3.108265,"18":1.365875,"19":1.262019},"Exposure":{"0":315.921608,"1":305.8925,"2":203.09258,"3":290.84878,"4":275.80498,"5":353.5321,"6":333.47378,"7":320.919772,"8":681.98996,"9":463.85406,"10":305.89314,"11":388.62104,"12":1308.8106,"13":2111.1466,"14":4904.2788,"15":10149.5504,"16":9196.7764,"17":26875.7487,"18":12486.354,"19":11247.7478},"Sigma":{"0":251.932556,"1":261.042231,"2":464.206454,"3":327.243531,"4":243.682648,"5":261.042231,"6":251.932556,"7":509.315673,"8":355.66827,"9":382.082548,"10":415.154317,"11":587.410968,"12":532.32685,"13":399.760498,"14":345.67592,"15":222.87609,"16":362.213088,"17":310.46788,"18":170.600046,"19":286.305678},"SNR":{"0":3.813908,"1":3.817846,"2":4.444848,"3":3.837536,"4":3.80997,"5":3.817846,"6":3.813908,"7":5.254027,"8":3.821234,"9":3.827984,"10":3.834733,"11":4.099857,"12":5.488276,"13":5.412295,"14":4.185635,"15":4.331355,"16":4.330336,"17":4.703556,"18":3.196417,"19":3.944805}}