{"Time":{"0":307.632,"1":330.037,"2":358.167,"3":401.819,"4":484.953,"5":610.778,"6":796.716,"7":985.083,"8":1316.997,"9":1673.324,"10":5407.063,"11":6297.578,"12":12223.681,"13":28105.599},"TimePos":{"0":6.522,"1":9.191,"2":13.656,"3":35.194,"4":34.802,"5":99.534,"6":76.572,"7":161.503,"8":173.093,"9":127.673,"10":284.243,"11":1286.736,"12":1138.339,"13":18338.786},"TimeNeg":{"0":-8.522,"1":-15.883,"2":-18.939,"3":-29.996,"4":-47.939,"5":-91.023,"6":-86.404,"7":-111.795,"8":-170.41,"9":-183.234,"10":-360.138,"11":-606.271,"12":-1406.575,"13":-11516.119},"Rate":{"0":8.351666,"1":4.827517,"2":3.685567,"3":1.849024,"4":1.379528,"5":0.5906306,"6":0.6981846,"7":0.4131778,"8":0.3265403,"9":0.24078,"10":0.03954938,"11":0.01810247,"12":0.01230222,"13":0.003458873},"RatePos":{"0":1.785279,"1":1.05539,"2":0.8102121,"3":0.4049785,"4":0.3117804,"5":0.1350656,"6":0.1587217,"7":0.09476602,"8":0.0750434,"9":0.04940991,"10":0.01046773,"11":0.004176692,"12":0.002575071,"13":0.0008712026},"RateNeg":{"0":-1.785279,"1":-1.05539,"2":-0.8102121,"3":-0.4049785,"4":-0.3117804,"5":-0.1350656,"6":-0.1587217,"7":-0.09476602,"8":-0.0750434,"9":-0.04940991,"10":-0.01046773,"11":-0.004176692,"12":-0.002575071,"13":-0.0008712026},"FracExp":{"0":1.0,"1":1.0,"2":1.0,"3":1.0,"4":1.0,"5":1.0,"6":1.0,"7":1.0,"8":1.0,"9":0.999955,"10":0.999999,"11":1.0,"12":0.999998,"13":0.287389},"BGrate":{"0":0.003811557,"1":0.001524618,"2":0.00469114,"3":0.001172784,"4":0.002541032,"5":0.002306988,"6":0.001993731,"7":0.001818351,"8":0.001558004,"9":0.002021353,"10":0.0005674971,"11":0.0005992405,"12":0.0006419183,"13":0.0001972127},"BGerr":{"0":0.002200603,"1":0.001078068,"2":0.001658569,"3":0.000586392,"4":0.00076615,"5":0.0004810403,"6":0.0004835508,"7":0.000356608,"8":0.000294435,"9":0.0003573281,"10":0.000081071,"11":0.0000486048,"12":0.0000450538,"13":0.0000079075},"CorrFact":{"0":5.72591,"1":5.774397,"2":5.762517,"3":5.760908,"4":5.767857,"5":5.753906,"6":5.783333,"7":5.789912,"8":5.762592,"9":3.071481,"10":1.741444,"11":1.724994,"12":1.284887,"13":1.714652},"CtsInSrc":{"0":22.0,"1":21.0,"2":21.0,"3":21.0,"4":20.0,"5":20.0,"6":20.0,"7":20.0,"8":20.0,"9":25.0,"10":15.0,"11":21.0,"12":26.0,"13":19.0},"BGInSrc":{"0":0.057341,"1":0.038227,"2":0.152909,"3":0.076454,"4":0.210249,"5":0.439612,"6":0.324931,"7":0.496953,"8":0.53518,"9":0.628425,"10":0.365684,"11":1.134367,"12":1.633624,"13":1.692082},"Exposure":{"0":15.043908,"1":25.07326,"2":32.59518,"3":65.19042,"4":82.74168,"5":190.55674,"6":162.9762,"7":273.2986,"8":343.50368,"9":310.893032,"10":644.3803,"11":1893.0073,"12":2544.9095,"13":8579.9806},"Sigma":{"0":662.806585,"1":775.481059,"2":385.619209,"3":547.347915,"4":312.177906,"5":213.388852,"6":249.66059,"7":200.11239,"8":192.45516,"9":219.384248,"10":280.13319,"11":215.909027,"12":212.513658,"13":255.104866},"SNR":{"0":4.678074,"1":4.574154,"2":4.548892,"3":4.565733,"4":4.424678,"5":4.372917,"6":4.398796,"7":4.359979,"8":4.351353,"9":4.873112,"10":3.77822,"11":4.334163,"12":4.777432,"13":3.970228}}