{"Time":{"0":2614.246,"1":2786.38,"2":6235.322,"3":6629.542,"4":6880.592,"5":7021.701,"6":7145.278,"7":7254.888,"8":7340.873,"9":7437.878,"10":7589.64,"11":7695.008,"12":7876.266,"13":8036.203,"14":8187.786,"15":8305.931,"16":8409.993,"17":8573.366,"18":13214.676,"19":13377.441,"20":13632.128,"21":13845.482,"22":14016.616,"23":14260.672,"24":19342.995,"25":19610.827,"26":19849.317,"27":20104.234,"28":25248.035,"29":25528.992,"30":25850.774,"31":30070.086,"32":31561.877,"33":36146.182,"34":44965.893,"35":53360.769,"36":59613.726,"37":66200.582,"38":272367.192,"39":456754.279,"40":614775.206,"41":1396198.0919999999,"42":1692362.6410000001,"43":1803243.105,"44":1884665.227,"45":2546317.9139999999},"TimePos":{"0":66.847,"1":125.385,"2":47.306,"3":133.797,"4":52.9,"5":72.258,"6":53.988,"7":34.641,"8":41.426,"9":59.757,"10":55.925,"11":68.4,"12":75.189,"13":70.705,"14":54.516,"15":56.722,"16":50.443,"17":125.265,"18":64.456,"19":128.045,"20":92.839,"21":60.01,"22":69.402,"23":226.515,"24":139.634,"25":130.75,"26":132.96,"27":171.398,"28":148.772,"29":173.705,"30":212.975,"31":1273.909,"32":288.458,"33":1494.006,"34":3030.007,"35":802.526,"36":1174.966,"37":5514.063,"38":34934.366,"39":118529.924,"40":53692.132,"41":99429.269,"42":87065.688,"43":16685.198,"44":44882.833,"45":43109.019},"TimeNeg":{"0":-61.025,"1":-105.287,"2":-50.479,"3":-152.035,"4":-49.899,"5":-88.209,"6":-51.319,"7":-55.622,"8":-51.344,"9":-55.579,"10":-92.006,"11":-49.443,"12":-112.858,"13":-84.747,"14":-80.878,"15":-63.629,"16":-47.341,"17":-112.929,"18":-113.188,"19":-98.309,"20":-126.642,"21":-120.515,"22":-111.124,"23":-174.654,"24":-98.559,"25":-128.198,"26":-107.74,"27":-121.956,"28":-109.479,"29":-132.185,"30":-148.077,"31":-723.057,"32":-217.882,"33":-1016.492,"34":-4045.0,"35":-867.105,"36":-1335.017,"37":-2128.684,"38":-17422.634,"39":-78302.303,"40":-34839.641,"41":-81079.331,"42":-106155.749,"43":-20407.503,"44":-58927.184,"45":-182865.74},"Rate":{"0":0.4307634,"1":0.4066758,"2":0.3124711,"3":0.2871812,"4":0.2991485,"5":0.1818509,"6":0.2732999,"7":0.3212144,"8":0.3125214,"9":0.2505815,"10":0.1950012,"11":0.24516,"12":0.1686813,"13":0.1852372,"14":0.2125821,"15":0.2410212,"16":0.2937839,"17":0.2061671,"18":0.1706018,"19":0.1320573,"20":0.1436701,"21":0.1604787,"22":0.1611188,"23":0.1236236,"24":0.09078502,"25":0.09728009,"26":0.09027276,"27":0.1182851,"28":0.08354361,"29":0.08942101,"30":0.0714848,"31":0.0771957,"32":0.07077201,"33":0.05259327,"34":0.0425197,"35":0.05589505,"36":0.03153314,"37":0.03737981,"38":0.008305883,"39":0.006748838,"40":0.003673693,"41":0.0009077921,"42":0.0007296047,"43":0.001125768,"44":0.0006615467,"45":0.000624717},"RatePos":{"0":0.09403346,"1":0.07308482,"2":0.06824154,"3":0.04863196,"4":0.06531886,"5":0.04074032,"6":0.06115036,"7":0.07185599,"8":0.06994082,"9":0.05612631,"10":0.04366797,"11":0.05486567,"12":0.03601124,"13":0.04152525,"14":0.04759496,"15":0.05393942,"16":0.06574747,"17":0.03541001,"18":0.03818801,"19":0.02957885,"20":0.03217994,"21":0.03595242,"22":0.03608817,"23":0.02127521,"24":0.023553,"25":0.02362901,"26":0.0234201,"27":0.02419153,"28":0.02162548,"29":0.02055556,"30":0.0169124,"31":0.02001561,"32":0.01480547,"33":0.01320721,"34":0.009561936,"35":0.0132583,"36":0.008194578,"37":0.006981914,"38":0.001902646,"39":0.001777722,"40":0.0007406978,"41":0.0001927362,"42":0.000203475,"43":0.0003394322,"44":0.0001806027,"45":0.0001787048},"RateNeg":{"0":-0.09403346,"1":-0.07308482,"2":-0.06824154,"3":-0.04863196,"4":-0.06531886,"5":-0.04074032,"6":-0.06115036,"7":-0.07185599,"8":-0.06994082,"9":-0.05612631,"10":-0.04366797,"11":-0.05486567,"12":-0.03601124,"13":-0.04152525,"14":-0.04759496,"15":-0.05393942,"16":-0.06574747,"17":-0.03541001,"18":-0.03818801,"19":-0.02957885,"20":-0.03217994,"21":-0.03595242,"22":-0.03608817,"23":-0.02127521,"24":-0.023553,"25":-0.02362901,"26":-0.0234201,"27":-0.02419153,"28":-0.02162548,"29":-0.02055556,"30":-0.0169124,"31":-0.02001561,"32":-0.01480547,"33":-0.01320721,"34":-0.009561936,"35":-0.0132583,"36":-0.008194578,"37":-0.006981914,"38":-0.001902646,"39":-0.001777722,"40":-0.0007406978,"41":-0.0001927362,"42":-0.000203475,"43":-0.0003394322,"44":-0.0001806027,"45":-0.0001787048},"FracExp":{"0":1.0,"1":1.0,"2":1.0,"3":0.999999,"4":1.0,"5":1.0,"6":1.0,"7":1.0,"8":1.0,"9":1.0,"10":1.0,"11":1.0,"12":1.0,"13":1.0,"14":1.0,"15":1.0,"16":1.0,"17":1.0,"18":0.973874,"19":0.974769,"20":0.925323,"21":1.0,"22":1.0,"23":1.0,"24":1.0,"25":0.977946,"26":1.0,"27":1.0,"28":1.0,"29":1.0,"30":1.0,"31":0.141878,"32":0.935891,"33":0.177773,"34":0.097811,"35":0.28082,"36":0.275705,"37":0.149597,"38":0.069295,"39":0.017859,"40":0.122035,"41":0.237828,"42":0.163839,"43":0.447685,"44":0.371977,"45":0.196268},"BGrate":{"0":0.0000578602,"1":0.0000801866,"2":0.000171955,"3":0.000224874,"4":0.0001226751,"5":0.0002357664,"6":0.0001197543,"7":0.0000931422,"8":0.0001812499,"9":0.000291576,"10":0.0001989142,"11":0.0001426862,"12":0.0001564792,"13":0.0003244963,"14":0.0001862849,"15":0.0001397138,"16":0.0001719554,"17":0.0002117755,"18":0.0001217189,"19":0.0001527019,"20":0.0001658984,"21":0.0002099654,"22":0.000186636,"23":0.0002939503,"24":0.0002999126,"25":0.000099563,"26":0.0002967888,"27":0.0001575703,"28":0.000146361,"29":0.0001235671,"30":0.0001861124,"31":0.0002211044,"32":0.0001586325,"33":0.0001595188,"34":0.0001636057,"35":0.0002418705,"36":0.0001392587,"37":0.0001473979,"38":0.0001312511,"39":0.0002313294,"40":0.0001622226,"41":0.0000846201,"42":0.0000879625,"43":0.0001296108,"44":0.0001246896,"45":0.0001990612},"BGerr":{"0":0.0000409133,"1":0.0000358605,"2":0.0000859775,"3":0.00005454,"4":0.0000708265,"5":0.0000785888,"6":0.0000691402,"7":0.0000658615,"8":0.000090625,"9":0.0001030877,"10":0.0000751825,"11":0.0000713431,"12":0.0000591436,"13":0.000093674,"14":0.0000760505,"15":0.0000698569,"16":0.0000859777,"17":0.0000611343,"18":0.0000544343,"19":0.0000539883,"20":0.0000586539,"21":0.0000699884,"22":0.0000659858,"23":0.0000555514,"24":0.0000727395,"25":0.0000406464,"26":0.0000719819,"27":0.0000475092,"28":0.000048787,"29":0.000041189,"30":0.0000465281,"31":0.0000570889,"32":0.00003739,"33":0.000038689,"34":0.0000314859,"35":0.000046548,"36":0.0000290374,"37":0.0000233056,"38":0.0000123471,"39":0.0000157765,"40":0.0000070266,"41":0.0000019307,"42":0.0000023958,"43":0.000004591,"44":0.0000026718,"45":0.0000031565},"CorrFact":{"0":2.623908,"1":3.027891,"2":1.456161,"3":2.349619,"4":1.465275,"5":1.461821,"6":1.439923,"7":1.450296,"8":1.450852,"9":1.447485,"10":1.444458,"11":1.445736,"12":1.443752,"13":1.443419,"14":1.440934,"15":1.451567,"16":1.437584,"17":1.446494,"18":1.477292,"19":1.45933,"20":1.461368,"21":1.451274,"22":1.456754,"23":1.463722,"24":1.448523,"25":1.451269,"26":1.45551,"27":1.448603,"28":1.441984,"29":1.4425,"30":1.439249,"31":1.464212,"32":1.46293,"33":1.473578,"34":1.479589,"35":1.465189,"36":1.464167,"37":1.482318,"38":1.543462,"39":1.562127,"40":1.512168,"41":1.536292,"42":1.51802,"43":1.455071,"44":1.486494,"45":1.524776},"CtsInSrc":{"0":21.0,"1":31.0,"2":21.0,"3":35.0,"4":21.0,"5":20.0,"6":20.0,"7":20.0,"8":20.0,"9":20.0,"10":20.0,"11":20.0,"12":22.0,"13":20.0,"14":20.0,"15":20.0,"16":20.0,"17":34.0,"18":20.0,"19":20.0,"20":20.0,"21":20.0,"22":20.0,"23":34.0,"24":15.0,"25":17.0,"26":15.0,"27":24.0,"28":15.0,"29":19.0,"30":18.0,"31":15.0,"32":23.0,"33":16.0,"34":20.0,"35":18.0,"36":15.0,"37":29.0,"38":20.0,"39":16.0,"40":28.0,"41":29.0,"42":18.0,"43":15.0,"44":22.0,"45":27.0},"BGInSrc":{"0":0.007399,"1":0.018497,"2":0.016815,"3":0.064276,"4":0.012611,"5":0.037833,"6":0.012611,"7":0.008407,"8":0.016815,"9":0.033629,"10":0.029426,"11":0.016815,"12":0.029426,"13":0.050444,"14":0.025222,"15":0.016815,"16":0.016815,"17":0.050444,"18":0.021058,"19":0.033692,"20":0.033692,"21":0.037904,"22":0.033692,"23":0.117924,"24":0.071437,"25":0.025213,"26":0.071437,"27":0.046224,"28":0.037798,"29":0.037798,"30":0.067196,"31":0.062644,"32":0.075173,"33":0.071193,"34":0.113218,"35":0.113405,"36":0.096369,"37":0.168524,