{"Time":{"0":107.108,"1":126.509,"2":148.321,"3":174.654,"4":195.002,"5":221.801,"6":255.381,"7":288.545,"8":316.826,"9":354.566,"10":389.584,"11":432.993,"12":469.927,"13":507.146,"14":544.511,"15":580.331,"16":629.931,"17":688.85,"18":5705.774,"19":5850.883,"20":6043.43,"21":6248.924,"22":6423.336,"23":11683.971,"24":16252.146,"25":34977.572,"26":120386.393},"TimePos":{"0":8.332,"1":11.496,"2":14.757,"3":8.483,"4":13.209,"5":13.99,"6":18.02,"7":14.943,"8":14.243,"9":21.635,"10":21.719,"11":23.443,"12":14.089,"13":24.509,"14":19.739,"15":19.022,"16":24.583,"17":40.877,"18":82.497,"19":90.334,"20":110.91,"21":85.943,"22":84.527,"23":604.31,"24":1670.524,"25":23460.735,"26":40082.988},"TimeNeg":{"0":-9.219,"1":-11.07,"2":-10.316,"3":-11.575,"4":-11.865,"5":-13.59,"6":-19.59,"7":-15.145,"8":-13.337,"9":-23.497,"10":-13.383,"11":-21.689,"12":-13.492,"13":-23.13,"14":-12.856,"15":-16.081,"16":-30.578,"17":-34.336,"18":-125.611,"19":-62.613,"20":-102.213,"21":-94.584,"22":-88.469,"23":-1853.712,"24":-642.256,"25":-13587.483,"26":-33958.573},"Rate":{"0":4.366242,"1":2.965603,"2":2.71968,"3":3.394102,"4":2.843713,"5":2.596133,"6":1.797681,"7":2.243616,"8":2.502985,"9":1.48249,"10":1.938221,"11":1.600234,"12":2.596697,"13":1.432488,"14":2.095509,"15":1.916151,"16":1.293326,"17":1.358731,"18":0.1141789,"19":0.1562607,"20":0.0838799,"21":0.132856,"22":0.1798108,"23":0.04026619,"24":0.02665864,"25":0.003154524,"26":0.0004979063},"RatePos":{"0":0.9321204,"1":0.6670155,"2":0.608139,"3":0.761162,"4":0.6231426,"5":0.568099,"6":0.4049228,"7":0.5046281,"8":0.5596844,"9":0.3354031,"10":0.4359395,"11":0.3506591,"12":0.5682224,"13":0.3221915,"14":0.4720078,"15":0.4303449,"16":0.2834064,"17":0.2497671,"18":0.02601543,"19":0.03539392,"20":0.02199895,"21":0.02998662,"22":0.03567891,"23":0.009904606,"24":0.007025344,"25":0.0006507488,"26":0.0002493803},"RateNeg":{"0":-0.9321204,"1":-0.6670155,"2":-0.608139,"3":-0.761162,"4":-0.6231426,"5":-0.568099,"6":-0.4049228,"7":-0.5046281,"8":-0.5596844,"9":-0.3354031,"10":-0.4359395,"11":-0.3506591,"12":-0.5682224,"13":-0.3221915,"14":-0.4720078,"15":-0.4303449,"16":-0.2834064,"17":-0.2497671,"18":-0.02601543,"19":-0.03539392,"20":-0.02199895,"21":-0.02998662,"22":-0.03567891,"23":-0.009904606,"24":-0.007025344,"25":-0.0006507488,"26":-0.0001964132},"FracExp":{"0":1.0,"1":1.0,"2":1.0,"3":1.0,"4":1.0,"5":1.0,"6":1.0,"7":1.0,"8":1.0,"9":1.0,"10":1.0,"11":1.0,"12":1.0,"13":1.0,"14":1.0,"15":1.0,"16":1.0,"17":1.0,"18":1.0,"19":1.0,"20":1.0,"21":1.0,"22":1.0,"23":0.253992,"24":0.323064,"25":0.31226,"26":0.265658},"BGrate":{"0":0.001636536,"1":0.005091434,"2":0.0,"3":0.002863931,"4":0.003436724,"5":0.002082859,"6":0.003818575,"7":0.003818578,"8":0.0,"9":0.005091434,"10":0.00327307,"11":0.001909288,"12":0.002082865,"13":0.002411732,"14":0.004406055,"15":0.002454801,"16":0.001562146,"17":0.002673227,"18":0.001768926,"19":0.001654743,"20":0.001079565,"21":0.00101959,"22":0.001728959,"23":0.0003796638,"24":0.001094974,"25":0.0001563747,"26":0.0000807661},"BGerr":{"0":0.001636536,"1":0.002545717,"2":0.0,"3":0.002025105,"4":0.001984194,"5":0.001472804,"6":0.001707719,"7":0.001909289,"8":0.0,"9":0.001800094,"10":0.001636535,"11":0.001102328,"12":0.001472808,"13":0.001205866,"14":0.001970448,"15":0.00141728,"16":0.0009019056,"17":0.001010385,"18":0.0004422315,"19":0.0004989238,"20":0.0003413884,"21":0.0003604794,"22":0.0004795269,"23":0.0000681896,"24":0.0001117553,"25":0.000006265,"26":0.0000025617},"CorrFact":{"0":3.487872,"1":3.365414,"2":3.40956,"3":3.413856,"4":3.409277,"5":3.419015,"6":3.404981,"7":3.394787,"8":3.451688,"9":3.384261,"10":3.421478,"11":3.453292,"12":3.419748,"13":3.431845,"14":3.439878,"15":3.37764,"16":3.411203,"17":3.429483,"18":1.210355,"19":1.210294,"20":1.210345,"21":1.210346,"22":1.210332,"23":1.499668,"24":1.312005,"25":1.44868,"26":1.52764},"CtsInSrc":{"0":22.0,"1":20.0,"2":20.0,"3":20.0,"4":21.0,"5":21.0,"6":20.0,"7":20.0,"8":20.0,"9":20.0,"10":20.0,"11":21.0,"12":21.0,"13":20.0,"14":20.0,"15":20.0,"16":21.0,"17":30.0,"18":20.0,"19":20.0,"20":15.0,"21":20.0,"22":26.0,"23":17.0,"24":16.0,"25":27.0,"26":8.0},"BGInSrc":{"0":0.028723,"1":0.114893,"2":0.0,"3":0.057446,"4":0.08617,"5":0.057446,"6":0.143616,"7":0.114893,"8":0.0,"9":0.229786,"10":0.114893,"11":0.08617,"12":0.057446,"13":0.114893,"14":0.143616,"15":0.08617,"16":0.08617,"17":0.201063,"18":0.368128,"19":0.253088,"20":0.23008,"21":0.184064,"22":0.299104,"23":0.237031,"24":0.818138,"25":1.809046,"26":1.58865},"Exposure":{"0":17.551248,"1":22.56594,"2":25.07324,"3":20.05862,"4":25.07322,"5":27.5806,"6":37.6099,"7":30.0879,"8":27.58058,"9":45.13188,"10":35.10252,"11":45.13188,"12":27.58052,"13":47.6392,"14":32.5952,"15":35.10254,"16":55.16112,"17":75.213492,"18":208.107908,"19":152.9468,"20":213.12262,"21":180.5273,"22":172.996372,"23":624.3177,"24":747.1754,"25":11568.662156,"26":19669.7685},"Sigma":{"0":764.930086,"1":346.150039,"2":1000.0,"3":490.944294,"4":420.377439,"5":515.562219,"6":309.158794,"7":346.150039,"8":1000.0,"9":243.350827,"10":346.150039,"11":420.377439,"12":515.562219,"13":346.150039,"14":309.158794,"15":400.276987,"16":420.377439,"17":392.119287,"18":213.315996,"19":258.776328,"20":203.001778,"21":304.502802,"22":309.812035,"23":393.75575,"24":181.816868,"25":347.56746,"26":3.609938},"SNR":{"0":4.684204,"1":4.446078,"2":4.472136,"3":4.459107,"4":4.563503,"5":4.56986,"6":4.439565,"7":4.446078,"8":4.472136,"9":4.420025,"10":4.446078,"11":4.563503,"12":4.56986,"13":4.446078,"14":4.439565,"15":4.452592,"16":4.563503,"17":5.439993,"18":4.388891,"19":4.414901,"20":3.812904,"21":4.430509,"22":5.039694,"23":4.0654,"24":3.794639,"25":4.84753,"26":2.534994}}