{"Time":{"0":4278.236,"1":4304.998,"2":4332.115,"3":4361.538,"4":4385.966,"5":4410.437,"6":4433.838,"7":4459.203,"8":4490.956,"9":10078.444,"10":10158.433,"11":10224.604,"12":10291.45,"13":10345.866,"14":10390.368,"15":10436.254,"16":10492.083,"17":10558.579,"18":11809.447,"19":11869.608,"20":11929.652,"21":22581.316,"22":22694.849,"23":22833.98,"24":22971.533,"25":23058.033,"26":23269.839,"27":23458.114,"28":23606.791,"29":23710.826,"30":23779.403,"31":23857.903,"32":23939.742,"33":24047.0,"34":28888.517,"35":29013.012,"36":29132.869,"37":29238.293,"38":29403.269,"39":29553.196,"40":29771.943,"41":34680.615,"42":34836.986,"43":34950.68,"44":35065.394,"45":35203.29,"46":35347.084,"47":35483.74,"48":35603.543,"49":40407.251,"50":40596.262,"51":40758.387,"52":40911.682,"53":41123.687,"54":41307.0,"55":47023.153,"56":51355.355,"57":52468.833,"58":52763.792,"59":80407.568,"60":80646.93,"61":81016.479,"62":81447.079,"63":86541.636,"64":86951.384,"65":87736.914,"66":98257.107,"67":98736.472,"68":109608.243,"69":115775.907,"70":132656.115,"71":166826.53,"72":194487.832,"73":221984.357,"74":241599.022,"75":305874.782,"76":392155.302,"77":488927.623,"78":537730.769,"79":625133.627,"80":767462.397,"81":870061.933,"82":1413543.3470000001,"83":1660962.4920000001},"TimePos":{"0":10.603,"1":16.435,"2":11.885,"3":17.564,"4":8.18,"5":11.289,"6":12.962,"7":12.67,"8":21.033,"9":41.896,"10":29.605,"11":36.146,"12":34.49,"13":20.191,"14":20.82,"15":20.066,"16":34.442,"17":30.626,"18":31.1,"19":23.592,"20":38.766,"21":49.868,"22":61.702,"23":85.546,"24":48.285,"25":84.645,"26":90.976,"27":75.705,"28":59.915,"29":31.1,"30":32.728,"31":36.97,"32":35.364,"33":86.064,"34":63.337,"35":64.208,"36":47.151,"37":64.586,"38":72.615,"39":70.62,"40":127.669,"41":100.094,"42":41.509,"43":68.225,"44":68.847,"45":63.839,"46":72.992,"47":66.716,"48":62.241,"49":74.468,"50":101.087,"51":59.313,"52":119.141,"53":87.662,"54":122.477,"55":171.026,"56":1026.767,"57":133.933,"58":197.516,"59":112.611,"60":141.532,"61":123.007,"62":339.287,"63":230.693,"64":149.403,"65":3191.738,"66":163.596,"67":290.996,"68":280.634,"69":593.266,"70":392.293,"71":7140.389,"72":6721.128,"73":2443.326,"74":467.914,"75":29494.381,"76":6677.35,"77":12700.333,"78":9736.474,"79":10055.228,"80":6086.06,"81":45746.527,"82":137603.702,"83":51764.871},"TimeNeg":{"0":-6.948,"1":-16.16,"2":-10.681,"3":-17.538,"4":-6.863,"5":-16.291,"6":-12.112,"7":-12.403,"8":-19.083,"9":-25.801,"10":-38.093,"11":-36.566,"12":-30.7,"13":-19.926,"14":-24.311,"15":-25.066,"16":-35.763,"17":-32.054,"18":-26.569,"19":-29.062,"20":-36.452,"21":-50.425,"22":-63.664,"23":-77.43,"24":-52.007,"25":-38.214,"26":-127.161,"27":-97.3,"28":-72.972,"29":-44.119,"30":-37.476,"31":-45.772,"32":-44.87,"33":-71.894,"34":-82.087,"35":-61.158,"36":-55.649,"37":-58.273,"38":-100.39,"39":-77.312,"40":-148.128,"41":-110.521,"42":-56.277,"43":-72.185,"44":-46.49,"45":-69.049,"46":-79.955,"47":-63.664,"48":-53.087,"49":-80.986,"50":-114.542,"51":-61.038,"52":-93.981,"53":-92.864,"54":-95.651,"55":-117.314,"56":-912.342,"57":-86.711,"58":-161.025,"59":-87.975,"60":-126.751,"61":-228.017,"62":-307.592,"63":-238.176,"64":-179.056,"65":-636.127,"66":-137.282,"67":-315.769,"68":-341.177,"69":-444.756,"70":-410.043,"71":-4882.289,"72":-4941.013,"73":-4268.265,"74":-404.626,"75":-28599.839,"76":-6542.4,"77":-40053.252,"78":-8084.912,"79":-7672.897,"80":-7517.443,"81":-35417.048,"82":-203599.846,"83":-47900.519},"Rate":{"0":3.120728,"1":1.326801,"2":2.019752,"3":1.297241,"4":3.377618,"5":1.841478,"6":1.958299,"7":1.856564,"8":1.953996,"9":0.6241329,"10":0.6121953,"11":0.5986572,"12":0.6408653,"13":1.032632,"14":0.9151626,"15":0.9302067,"16":0.6522523,"17":0.8104496,"18":0.7208206,"19":0.8255352,"20":0.5677448,"21":0.2766725,"22":0.2118985,"23":0.3164944,"24":0.2648473,"25":0.3949156,"26":0.2369676,"27":0.3088641,"28":0.2082043,"29":0.3525406,"30":0.3761104,"31":0.3378706,"32":0.3276591,"33":0.2257758,"34":0.1879424,"35":0.2240796,"36":0.2661648,"37":0.2250157,"38":0.1577849,"39":0.181934,"40":0.1804777,"41":0.1200621,"42":0.2592242,"43":0.1797158,"44":0.2194919,"45":0.1901747,"46":0.1649915,"47":0.1943019,"48":0.2737852,"49":0.1677062,"50":0.1157909,"51":0.2081405,"52":0.1171846,"53":0.1382448,"54":0.08427896,"55":0.09439628,"56":0.09955475,"57":0.1179314,"58":0.08732286,"59":0.09151659,"60":0.06750923,"61":0.05148993,"62":0.04663492,"63":0.04115844,"64":0.05900625,"65":0.06057388,"66":0.06249156,"67":0.05763648,"68":0.04973547,"69":0.02596012,"70":0.03180046,"71":0.02179335,"72":0.01537783,"73":0.02013519,"74":0.02170746,"75":0.01291562,"76":0.01020956,"77":0.006769142,"78":0.005210387,"79":0.004923452,"80":0.004954076,"81":0.003336123,"82":0.001044494,"83":0.001192747},"RatePos":{"0":0.6662635,"1":0.2975878,"2":0.4426714,"3":0.2918491,"4":0.7392003,"5":0.3931486,"6":0.4304563,"7":0.4176838,"8":0.3387473,"9":0.1410709,"10":0.1383726,"11":0.1312112,"12":0.1450771,"13":0.2326831,"14":0.2071717,"15":0.2089595,"16":0.140823,"17":0.1664935,"18":0.1619214,"19":0.1814646,"20":0.1257182,"21":0.06080209,"22":0.04768347,"23":0.07114521,"24":0.05985241,"25":0.08904389,"26":0.05348345,"27":0.06833828,"28":0.04580167,"29":0.07916421,"30":0.0843676,"31":0.0739521,"32":0.07373306,"33":0.04362084,"34":0.04224738,"35":0.05037064,"36":0.05989426,"37":0.05047431,"38":0.03561897,"39":0.0410269,"40":0.02997713,"41":0.02718789,"42":0.05820779,"43":0.04048203,"44":0.04928607,"45":0.04274789,"46":0.03716529,"47":0.04358398,"48":0.05507961,"49":0.03693173,"50":0.02600179,"51":0.04673964,"52":0.02654056,"53":0.03117661,"54":0.02229586,"55":0.02023411,"56":0.02591529,"57":0.02653136,"58":0.01800693,"59":0.02389462,"60":0.01793738,"61":0.01358234,"62":0.009517057,"63":0.01074232,"64":0.0153655,"65":0.01116794,"66":0.01631544,"67":0.01105881,"68":0.01013141,"69":0.005797164,"70":0.007235012,"71":0.005406845,"72":0.003228564,"73":0.004227886,"74":0.005723854,"75":0.001865161,"76":0.001684276,"77":0.001469042,"78":0.001336949,"79":0.001274191,"80":0.001231548,"81":0.0006532835,"82":0.0002847605,"83":0.0005379844},"RateNeg":{"0":-0.6662635,"1":-0.2975878,"2":-0.4426714,"3":-0.2918491,"4":-0.7392003,"5":-0.3931486,"6":-0.4304563,"7":-0.4176838,"8":-0.3387473,"9":-0.1410709,"10":-0.1383726,"11":-0.1312112,"12":-0.1450771,"13":-0.2326831,"14":-0.2071717,"15":-0.2089595,"16":-0.140823,"17":-0.1664935,"18":-0.1619214,"19":-0.1814646,"20":-0.1257182,"21":-0.06080209,"22":-0.04768347,"23":-0.07114521,"24":-0.05985241,"25":-0.08904389,"26":-0.05348345,"27":-0.06833828,"28":-0.04580167,"29":-0.07916421,"30":-0.0843676,"31":-0.0739521,"32":-0.07373306,"33":-0.04362084,"34":-0.04224738,"35":-0.05037064,"36":-0.05989426,"37":-0.05047431,"38":-0.03561897,"39":-0.0410269,"40":-0.02997713,"41":-0.02718789,"42":-0.05820779,"43":-0.04048203,"44":-0.04928607,"45":-0.04274789,"46":-0.03716529,"47":-0.04358398,"48":-0.05507961,"49":-0.03693173,"50":-0.02600179,"51":-0.04673964,"52":-0.02654056,"53":-0.03117661,"54":-0.02229586,"55":-0.02023411,"56":-0.02591529,"57":-0.02653136,"58":-0.01800693,"59":-0.02389462,"60":-0.01793738,"61":-0.01358234,"62":-0.009517057,"63":-0.01074232,"64":-0.0153655,"65":-0.01116794,"66":-0.01631544,"67":-0.01105881,"68":-0.01013141,"69":-0.005797164,"70":-0.007235012,"71":-0.005406845,"72":-0.003228564,"73":-0.004227886,"74":-0.005723854,"75":-0.001865161,"76":-0.001684276,"77":-0.001469042,"78":-0.001336949,"79":-0.001274191,"80":-0.001231548,"81":-0.0006532835,"82":-0.0002847605,"83":-0.0004237192},"FracExp":{"0":1.0,"1":1.0,"2":1.0,"3":1.0,"4":1.0,"5":1.0,"6":1.0,"7":1.0,"8":1.0,"9":1.0,"10":1.0,"11":1.0,"12":1.0,"13":1.0,"14":1.0,"15":1.0,"16":1.0,"17":1.0,"18":1.0,"19":1.0,"20":1.0,"21":1.0,"22":1.0,"23":0.999982,"24":1.0,"25":0.999993,"26":1.0,"27":1.0,"28":0.999972,"29":1.0,"30":1.0,"31":1.0,"32":1.0,"33":1.0,"34":1.0,"35":1.0,"36":1.0,"37":1.0,"38":1.0,"39":1.0,"40":1.0,"41":1.0,"42":1.0,"43":1.0,"44":1.0,"45":1.0,"46":1.0,"47":1.0,"48":1.0,"49":1.0,"50":1.0,"51":1.0,"52":1.0,