{"Time":{"0":37669.765,"1":48629.225,"2":60412.813,"3":86260.017,"4":162175.689,"5":186475.681,"6":258064.697,"7":334427.616,"8":484723.308,"9":757130.845},"TimePos":{"0":3887.706,"1":4488.878,"2":2720.461,"3":17373.32,"4":11898.472,"5":21858.741,"6":37808.573,"7":19104.978,"8":47429.177,"9":104422.402},"TimeNeg":{"0":-2841.867,"1":-3854.099,"2":-4090.916,"3":-18376.192,"4":-18681.898,"5":-7781.736,"6":-39736.947,"7":-23538.603,"8":-69812.9,"9":-139497.848},"Rate":{"0":0.01627544,"1":0.01426522,"2":0.01412561,"3":0.008723296,"4":0.006261731,"5":0.004227312,"6":0.002794863,"7":0.002475256,"8":0.001188291,"9":0.0006115774},"RatePos":{"0":0.003487811,"1":0.003649758,"2":0.003073424,"3":0.001647048,"4":0.001495418,"5":0.001106808,"6":0.0007143901,"7":0.000606173,"8":0.0003300779,"9":0.0001830646},"RateNeg":{"0":-0.003487811,"1":-0.003649758,"2":-0.003073424,"3":-0.001647048,"4":-0.001495418,"5":-0.001106808,"6":-0.0007143901,"7":-0.000606173,"8":-0.0003300779,"9":-0.0001830646},"FracExp":{"0":0.265277,"1":0.175208,"2":0.293748,"3":0.133187,"4":0.139958,"5":0.174172,"6":0.109577,"7":0.252708,"8":0.158853,"9":0.137905},"BGrate":{"0":0.0003463621,"1":0.0002494565,"2":0.00022045,"3":0.0002075362,"4":0.0001744045,"5":0.0001396988,"6":0.0001021787,"7":0.0001112775,"8":0.0000858113,"9":0.0000612332},"BGerr":{"0":0.0000402638,"1":0.0000339467,"2":0.0000279972,"3":0.0000156883,"4":0.0000136187,"5":0.0000101348,"6":0.0000059191,"7":0.0000054822,"8":0.0000033029,"9":0.0000017424},"CorrFact":{"0":1.298155,"1":1.333661,"2":1.31096,"3":1.431649,"4":1.468205,"5":1.42836,"6":1.472165,"7":1.498486,"8":1.53668,"9":1.589785},"CtsInSrc":{"0":23.0,"1":16.0,"2":22.0,"3":30.0,"4":19.0,"5":16.0,"6":17.0,"7":19.0,"8":16.0,"9":15.0},"BGInSrc":{"0":0.618325,"1":0.364645,"2":0.441082,"3":0.988155,"4":0.746444,"5":0.721199,"6":0.868237,"7":1.199168,"8":1.598169,"9":2.059758},"Exposure":{"0":1785.1976,"1":1461.7559,"2":2000.8254,"3":4761.3627,"4":4279.9611,"5":5162.5307,"6":8497.2397,"7":10776.3754,"8":18624.2244,"9":33637.9368},"Sigma":{"0":311.380801,"1":315.090253,"2":384.860597,"3":388.391018,"4":313.164051,"5":292.01874,"6":320.739099,"7":301.30682,"8":234.124525,"9":220.780008},"SNR":{"0":4.666378,"1":3.908538,"2":4.596049,"3":5.296321,"4":4.187278,"5":3.819373,"6":3.912236,"7":4.083416,"8":3.600032,"9":3.340774}}