{"Time":{"0":118.504,"1":192.16,"2":277.663,"3":366.557,"4":412.731,"5":447.028,"6":470.826,"7":492.157,"8":522.747,"9":546.806,"10":574.303,"11":606.248,"12":638.384,"13":681.616,"14":721.073,"15":755.198,"16":774.201,"17":789.41,"18":811.255,"19":846.69,"20":884.86,"21":910.405,"22":968.183,"23":4646.041,"24":5108.067,"25":5724.915,"26":6410.699,"27":11284.824,"28":23100.319,"29":68478.597},"TimePos":{"0":36.223,"1":45.308,"2":50.069,"3":18.843,"4":20.308,"5":8.577,"6":9.852,"7":13.594,"8":10.585,"9":14.106,"10":14.189,"11":14.839,"12":15.298,"13":14.691,"14":22.873,"15":11.314,"16":7.355,"17":7.19,"18":15.433,"19":17.607,"20":12.033,"21":14.067,"22":34.011,"23":203.098,"24":192.389,"25":345.289,"26":356.521,"27":758.073,"28":11743.653,"29":19024.535},"TimeNeg":{"0":-38.997,"1":-37.433,"2":-40.194,"3":-38.825,"4":-27.331,"5":-13.989,"6":-15.221,"7":-11.479,"8":-16.996,"9":-13.474,"10":-13.391,"11":-17.756,"12":-17.297,"13":-27.934,"14":-24.766,"15":-11.252,"16":-7.689,"17":-7.854,"18":-14.655,"19":-20.003,"20":-20.562,"21":-13.513,"22":-43.71,"23":-376.092,"24":-258.928,"25":-424.458,"26":-340.495,"27":-748.814,"28":-6130.833,"29":-28207.905},"Rate":{"0":0.8847896,"1":0.7523882,"2":0.711278,"3":1.119882,"4":1.41134,"5":2.968177,"6":2.784358,"7":2.512719,"8":2.620492,"9":2.320493,"10":2.508477,"11":1.942025,"12":2.05092,"13":1.626275,"14":1.391348,"15":2.772329,"16":4.425364,"17":4.675532,"18":2.33555,"19":1.650381,"20":2.033154,"21":2.27259,"22":1.130115,"23":0.04266149,"24":0.05513927,"25":0.03172433,"26":0.05465894,"27":0.02044071,"28":0.004972706,"29":0.003914683},"RatePos":{"0":0.197845,"1":0.1703758,"2":0.1592963,"3":0.2531916,"4":0.3107634,"5":0.6496493,"6":0.5978877,"7":0.5645162,"8":0.5531971,"9":0.523805,"10":0.5394218,"11":0.4369903,"12":0.4502365,"13":0.3492115,"14":0.3059007,"15":0.6248093,"16":0.9714959,"17":0.9968268,"18":0.5000791,"19":0.3725406,"20":0.4449994,"21":0.510568,"22":0.2142916,"23":0.01123583,"24":0.0144477,"25":0.008442265,"26":0.0116053,"27":0.004273472,"28":0.001318031,"29":0.001069054},"RateNeg":{"0":-0.197845,"1":-0.1703758,"2":-0.1592963,"3":-0.2531916,"4":-0.3107634,"5":-0.6496493,"6":-0.5978877,"7":-0.5645162,"8":-0.5531971,"9":-0.523805,"10":-0.5394218,"11":-0.4369903,"12":-0.4502365,"13":-0.3492115,"14":-0.3059007,"15":-0.6248093,"16":-0.9714959,"17":-0.9968268,"18":-0.5000791,"19":-0.3725406,"20":-0.4449994,"21":-0.510568,"22":-0.2142916,"23":-0.01123583,"24":-0.0144477,"25":-0.008442265,"26":-0.0116053,"27":-0.004273472,"28":-0.001318031,"29":-0.001069054},"FracExp":{"0":1.0,"1":1.0,"2":1.0,"3":1.0,"4":1.0,"5":1.0,"6":1.0,"7":1.0,"8":1.0,"9":1.0,"10":1.0,"11":1.0,"12":1.0,"13":1.0,"14":1.0,"15":1.0,"16":1.0,"17":1.0,"18":1.0,"19":1.0,"20":1.0,"21":1.0,"22":1.0,"23":1.0,"24":1.0,"25":1.0,"26":1.0,"27":1.0,"28":0.239445,"29":0.164137},"BGrate":{"0":0.0,"1":0.002985789,"2":0.0003421219,"3":0.003748465,"4":0.003889382,"5":0.002736975,"6":0.006158203,"7":0.003694919,"8":0.01007703,"9":0.006718043,"10":0.006718034,"11":0.003789659,"12":0.003789659,"13":0.003622466,"14":0.003241159,"15":0.00684245,"16":0.00821094,"17":0.0,"18":0.003079098,"19":0.004926564,"20":0.001894832,"21":0.003359019,"22":0.001192005,"23":0.0005065835,"24":0.0004829422,"25":0.0005772068,"26":0.0005893282,"27":0.000375203,"28":0.000211944,"29":0.0001053879},"BGerr":{"0":0.0,"1":0.001055636,"2":0.0003421219,"3":0.001416787,"4":0.001587834,"5":0.001935334,"6":0.002754032,"7":0.002133263,"8":0.00335901,"9":0.00274263,"10":0.002742626,"11":0.00189483,"12":0.00189483,"13":0.001620016,"14":0.00144949,"15":0.003060037,"16":0.00410547,"17":0.0,"18":0.001777718,"19":0.002011261,"20":0.001339848,"21":0.001939331,"22":0.0006882044,"23":0.0000856282,"24":0.0000947128,"25":0.0000792854,"26":0.0000841897,"27":0.0000424834,"28":0.0000134857,"29":0.0000053094},"CorrFact":{"0":3.327674,"1":3.151618,"2":3.215084,"3":3.264368,"4":3.230163,"5":3.198906,"6":3.195729,"7":3.16475,"8":3.18081,"9":3.229934,"10":3.171484,"11":3.184696,"12":3.202169,"13":3.173135,"14":3.179684,"15":3.152331,"16":3.18898,"17":3.197193,"18":3.207669,"19":3.132538,"20":3.165061,"21":3.148538,"22":3.147312,"23":1.680138,"24":1.683483,"25":1.677675,"26":1.686563,"27":1.314374,"28":1.410134,"29":2.139809},"CtsInSrc":{"0":20.0,"1":20.0,"2":20.0,"3":20.0,"4":21.0,"5":21.0,"6":22.0,"7":20.0,"8":23.0,"9":20.0,"10":22.0,"11":20.0,"12":21.0,"13":22.0,"14":21.0,"15":20.0,"16":21.0,"17":22.0,"18":22.0,"19":20.0,"20":21.0,"21":20.0,"22":28.0,"23":15.0,"24":15.0,"25":15.0,"26":23.0,"27":24.0,"28":16.0,"29":15.0},"BGInSrc":{"0":0.0,"1":0.247049,"2":0.030881,"3":0.216168,"4":0.185287,"5":0.061762,"6":0.154405,"7":0.092643,"8":0.27793,"9":0.185287,"10":0.185287,"11":0.123524,"12":0.123524,"13":0.154405,"14":0.154405,"15":0.154405,"16":0.123524,"17":0.0,"18":0.092643,"19":0.185287,"20":0.061762,"21":0.092643,"22":0.092643,"23":0.293408,"24":0.21796,"25":0.444304,"26":0.410771,"27":0.565389,"28":0.907112,"29":0.817027},"Exposure":{"0":75.21956,"1":82.74154,"2":90.26344,"3":57.66832,"4":47.63908,"5":22.56586,"6":25.07314,"7":25.07316,"8":27.58054,"9":27.58044,"10":27.58048,"11":32.59512,"12":32.59512,"13":42.62442,"14":47.63898,"15":22.56582,"16":15.04388,"17":15.0439,"18":30.0878,"19":37.6097,"20":32.59508,"21":27.58046,"22":77.72056,"23":579.18978,"24":451.3174,"25":769.74756,"26":697.01606,"27":1506.8873,"28":4279.9611,"29":7752.5716},"Sigma":{"0":1000.0,"1":226.148782,"2":646.645349,"3":242.141182,"4":275.170622,"5":479.437925,"6":316.363318,"7":372.186166,"8":245.26405,"9":261.950617,"10":288.390627,"11":321.822674,"12":338.013808,"13":316.363318,"14":301.881527,"15":287.399737,"16":338.013808,"17":1000.0,"18":409.577987,"19":261.950617,"20":479.437925,"21":372.186166,"22":521.753452,"23":296.533741,"24":345.814968,"25":238.501519,"26":384.945688,"27":366.064815,"28":261.492932,"29":344.57119},"SNR":{"0":4.472136,"1":4.416052,"2":4.465124,"3":4.423061,"4":4.541524,"5":4.568891,"6":4.656992,"7":4.451102,"8":4.736995,"9":4.430071,"10":4.650308,"11":4.444091,"12":4.555207,"13":4.656992,"14":4.548365,"15":4.437081,"16":4.555207,"17":4.690416,"18":4.67036,"19":4.430071,"20":4.568891,"21":4.451102,"22":5.273725,"23":3.796914,"24":3.816474,"25":3.757798,"26":4.709827,"27":4.783162,"28":3.772829,"29":3.661821}}