{"Time":{"0":216.551,"1":238.265,"2":303.28,"3":400.961,"4":587.816,"5":4712.465,"6":5884.845,"7":11135.251,"8":16386.763,"9":17627.8,"10":23251.072,"11":35300.872},"TimePos":{"0":9.996,"1":18.369,"2":41.11,"3":61.272,"4":215.411,"5":353.824,"6":705.879,"7":1243.625,"8":327.542,"9":538.23,"10":704.804,"11":15773.278},"TimeNeg":{"0":-12.569,"1":-11.718,"2":-46.645,"3":-56.571,"4":-125.582,"5":-656.62,"6":-818.557,"7":-1290.342,"8":-544.184,"9":-913.495,"10":-839.693,"11":-6482.23},"Rate":{"0":1.858057,"1":1.474786,"2":0.4673734,"3":0.3473585,"4":0.1147614,"5":0.01918232,"6":0.01426863,"7":0.0114252,"8":0.02744972,"9":0.01653915,"10":0.01449329,"11":0.006186972},"RatePos":{"0":0.4177154,"1":0.3231457,"2":0.1056414,"3":0.07800653,"4":0.02016485,"5":0.005127575,"6":0.00359018,"7":0.002628587,"8":0.007264885,"9":0.003940981,"10":0.003533131,"11":0.001506687},"RateNeg":{"0":-0.4177154,"1":-0.3231457,"2":-0.1056414,"3":-0.07800653,"4":-0.02016485,"5":-0.005127575,"6":-0.00359018,"7":-0.002628587,"8":-0.007264885,"9":-0.003940981,"10":-0.003533131,"11":-0.001506687},"FracExp":{"0":1.0,"1":1.0,"2":1.0,"3":1.0,"4":1.0,"5":1.0,"6":1.0,"7":0.898444,"8":0.802474,"9":1.0,"10":1.0,"11":0.188142},"BGrate":{"0":0.004705467,"1":0.002823283,"2":0.002419955,"3":0.000720838,"4":0.0008901348,"5":0.0005037721,"6":0.0004006992,"7":0.0004732512,"8":0.0005214455,"9":0.0004850041,"10":0.0003844575,"11":0.0002623539},"BGerr":{"0":0.002104349,"1":0.001411641,"2":0.000765257,"3":0.000360419,"4":0.0002378985,"5":0.0000650367,"6":0.0000472228,"7":0.0000419943,"8":0.0000795197,"9":0.0000532361,"10":0.0000459515,"11":0.0000168648},"CorrFact":{"0":2.107607,"1":2.121569,"2":2.072737,"3":2.055417,"4":1.196852,"5":1.337569,"6":1.327195,"7":1.305601,"8":1.312048,"9":1.312332,"10":1.286026,"11":1.447145},"CtsInSrc":{"0":20.0,"1":21.0,"2":20.0,"3":20.0,"4":33.0,"5":15.0,"6":17.0,"7":21.0,"8":15.0,"9":19.0,"10":18.0,"11":19.0},"BGInSrc":{"0":0.106182,"1":0.084946,"2":0.212364,"3":0.084946,"4":0.30353,"5":0.509034,"6":0.61084,"7":1.077417,"8":0.364771,"9":0.704093,"10":0.593793,"11":1.098526},"Exposure":{"0":22.565688,"1":30.08756,"2":87.75544,"3":117.84296,"4":340.993052,"5":1010.4442,"6":1524.4361,"7":2276.6284,"8":699.538,"9":1451.7254,"10":1544.4968,"11":4187.191},"Sigma":{"0":418.939966,"1":492.433577,"2":294.654152,"3":468.889121,"4":403.054324,"5":220.509118,"6":227.664474,"7":208.383633,"8":263.095564,"9":236.735361,"10":245.254966,"11":253.504832},"SNR":{"0":4.448142,"1":4.563843,"2":4.424151,"3":4.452941,"4":5.691157,"5":3.741013,"6":3.974349,"7":4.346518,"8":3.77841,"9":4.196709,"10":4.102108,"11":4.106341}}