{"Time":{"0":468.801,"1":488.166,"2":513.223,"3":555.107,"4":4152.727,"5":4746.165,"6":5302.886,"7":5976.725,"8":10327.865,"9":11374.188,"10":16388.101,"11":17388.272,"12":22684.909,"13":28857.972,"14":34614.117,"15":46686.522,"16":82286.766},"TimePos":{"0":9.888,"1":13.088,"2":15.612,"3":28.889,"4":241.574,"5":262.429,"6":309.972,"7":373.267,"8":432.5,"9":742.621,"10":377.28,"11":497.867,"12":970.197,"13":564.403,"14":439.646,"15":10153.958,"16":20293.518},"TimeNeg":{"0":-7.663,"1":-9.478,"2":-11.969,"3":-26.272,"4":-264.904,"5":-351.864,"6":-294.292,"7":-363.868,"8":-482.67,"9":-613.823,"10":-465.178,"11":-622.89,"12":-732.26,"13":-887.324,"14":-573.304,"15":-8245.222,"16":-9231.287},"Rate":{"0":9.600929,"1":6.428857,"2":5.269153,"3":2.999588,"4":0.0379849,"5":0.03139163,"6":0.03225245,"7":0.02785864,"8":0.02044247,"9":0.02502844,"10":0.02213526,"11":0.02102045,"12":0.01924885,"13":0.02100778,"14":0.01919382,"15":0.008145038,"16":0.003813271},"RatePos":{"0":2.004399,"1":1.443666,"2":1.179888,"3":0.63404,"4":0.009994463,"5":0.008255524,"6":0.008448052,"7":0.007115591,"8":0.005452457,"9":0.004932993,"10":0.005894835,"11":0.004982924,"12":0.003902327,"13":0.004424833,"14":0.005096424,"15":0.00159074,"16":0.0008052073},"RateNeg":{"0":-2.004399,"1":-1.443666,"2":-1.179888,"3":-0.63404,"4":-0.009994463,"5":-0.008255524,"6":-0.008448052,"7":-0.007115591,"8":-0.005452457,"9":-0.004932993,"10":-0.005894835,"11":-0.004982924,"12":-0.003902327,"13":-0.004424833,"14":-0.005096424,"15":-0.00159074,"16":-0.0008052073},"FracExp":{"0":1.0,"1":1.0,"2":1.0,"3":1.0,"4":1.0,"5":1.0,"6":1.0,"7":1.0,"8":1.0,"9":1.0,"10":1.0,"11":1.0,"12":1.0,"13":1.0,"14":1.0,"15":0.323238,"16":0.337479},"BGrate":{"0":0.001590708,"1":0.003711651,"2":0.00101227,"3":0.00556755,"4":0.0005515582,"5":0.0004427862,"6":0.0003528089,"7":0.000458753,"8":0.0005216767,"9":0.0004672659,"10":0.0005400339,"11":0.0005438016,"12":0.0004962334,"13":0.0005086867,"14":0.0004068328,"15":0.0002393742,"16":0.000185609},"BGerr":{"0":0.001590708,"1":0.002142923,"2":0.00101227,"3":0.001678679,"4":0.0000894746,"5":0.0000727936,"6":0.000065515,"7":0.0000676394,"8":0.0000684995,"9":0.0000532499,"10":0.0000741794,"11":0.0000645374,"12":0.0000496233,"13":0.0000508687,"14":0.0000587212,"15":0.0000128875,"16":0.0000078504},"CorrFact":{"0":7.335334,"1":7.284133,"2":7.276435,"3":7.291178,"4":1.306906,"5":1.309319,"6":1.317998,"7":1.311185,"8":1.288224,"9":1.287622,"10":1.282089,"11":1.28103,"12":1.302727,"13":1.311073,"14":1.332774,"15":1.756617,"16":1.573273},"CtsInSrc":{"0":23.0,"1":20.0,"2":20.0,"3":23.0,"4":15.0,"5":15.0,"6":15.0,"7":16.0,"8":15.0,"9":27.0,"10":15.0,"11":19.0,"12":26.0,"13":24.0,"14":15.0,"15":29.0,"16":26.0},"BGInSrc":{"0":0.027919,"1":0.083757,"2":0.027919,"3":0.307107,"4":0.279352,"5":0.272,"6":0.21319,"7":0.338163,"8":0.477423,"9":0.63382,"10":0.454956,"11":0.60947,"12":0.844816,"13":0.738474,"14":0.412101,"15":1.423634,"16":1.84941},"Exposure":{"0":17.551208,"1":22.56584,"2":27.58044,"3":55.160212,"4":506.4775,"5":614.29296,"6":604.26356,"7":737.13458,"8":915.16996,"9":1356.44384,"10":842.45858,"11":1120.75732,"12":1702.4567,"13":1451.7267,"14":1012.9492,"15":5947.3156,"16":9964.0102},"Sigma":{"0":822.816492,"1":411.859839,"2":715.362167,"3":245.073393,"4":324.838304,"5":329.363143,"6":373.51462,"7":314.120218,"8":231.661832,"9":365.028389,"10":232.746631,"11":254.256102,"12":297.759358,"13":314.994495,"14":245.250418,"15":359.789267,"16":308.745455},"SNR":{"0":4.789929,"1":4.453147,"2":4.465806,"3":4.730914,"4":3.800595,"5":3.8025,"6":3.817739,"7":3.915155,"8":3.749222,"9":5.073684,"10":3.755025,"11":4.218496,"12":4.932661,"13":4.7477,"14":3.766135,"15":5.120284,"16":4.735763}}