{"Time":{"0":538.876,"1":569.062,"2":608.212,"3":655.145,"4":693.234,"5":763.432,"6":821.232,"7":870.862,"8":4232.851,"9":4366.312,"10":4463.489,"11":4558.788,"12":4663.023,"13":4793.296,"14":4887.219,"15":5023.792,"16":9943.958,"17":10077.804,"18":10263.349,"19":10409.396,"20":10619.132,"21":10802.368,"22":11025.896,"23":11203.929,"24":11485.481,"25":16600.308,"26":21642.612,"27":29847.872,"28":45569.64,"29":227747.391,"30":746932.9939999999},"TimePos":{"0":11.966,"1":16.883,"2":25.372,"3":23.571,"4":25.599,"5":30.621,"6":27.981,"7":41.031,"8":29.753,"9":56.761,"10":39.818,"11":29.768,"12":78.479,"13":45.992,"14":47.347,"15":93.801,"16":62.732,"17":74.311,"18":71.8,"19":91.236,"20":82.086,"21":101.943,"22":81.508,"23":86.508,"24":198.593,"25":266.5,"26":212.396,"27":3410.447,"28":4851.392,"29":127991.806,"30":105907.789},"TimeNeg":{"0":-13.107,"1":-18.22,"2":-22.267,"3":-21.561,"4":-14.519,"5":-44.599,"6":-27.18,"7":-21.649,"8":-37.945,"9":-103.707,"10":-40.417,"11":-55.481,"12":-74.468,"13":-51.794,"14":-47.931,"15":-89.226,"16":-52.604,"17":-71.113,"18":-111.234,"19":-74.247,"20":-118.5,"21":-101.15,"22":-121.585,"23":-96.526,"24":-195.043,"25":-224.93,"26":-279.035,"27":-2794.827,"28":-6978.614,"29":-68685.395,"30":-253744.335},"Rate":{"0":1.699942,"1":1.210915,"2":0.8972833,"3":0.9438077,"4":1.114037,"5":0.5827245,"6":0.7546043,"7":0.7116467,"8":0.3783939,"9":0.1573948,"10":0.3151456,"11":0.2969148,"12":0.1639115,"13":0.2734051,"14":0.2666254,"15":0.213285,"16":0.2190499,"17":0.1840542,"18":0.136666,"19":0.1526056,"20":0.126067,"21":0.1236564,"22":0.1217526,"23":0.1358536,"24":0.1025772,"25":0.05294822,"26":0.07037339,"27":0.0324634,"28":0.03429769,"29":0.003125844,"30":0.0009554182},"RatePos":{"0":0.380683,"1":0.2727911,"2":0.2024394,"3":0.2119847,"4":0.2455295,"5":0.1286137,"6":0.1707599,"7":0.1563982,"8":0.08520511,"9":0.03552456,"10":0.07104618,"11":0.06685799,"12":0.03738973,"13":0.05972795,"14":0.06010784,"15":0.03877183,"16":0.04947539,"17":0.04033451,"18":0.03114723,"19":0.03439092,"20":0.0285059,"21":0.02802373,"22":0.02793795,"23":0.03099715,"24":0.01855533,"25":0.01231632,"26":0.01369404,"27":0.006668497,"28":0.006387743,"29":0.0007411589,"30":0.0004775603},"RateNeg":{"0":-0.380683,"1":-0.2727911,"2":-0.2024394,"3":-0.2119847,"4":-0.2455295,"5":-0.1286137,"6":-0.1707599,"7":-0.1563982,"8":-0.08520511,"9":-0.03552456,"10":-0.07104618,"11":-0.06685799,"12":-0.03738973,"13":-0.05972795,"14":-0.06010784,"15":-0.03877183,"16":-0.04947539,"17":-0.04033451,"18":-0.03114723,"19":-0.03439092,"20":-0.0285059,"21":-0.02802373,"22":-0.02793795,"23":-0.03099715,"24":-0.01855533,"25":-0.01231632,"26":-0.01369404,"27":-0.006668497,"28":-0.006387743,"29":-0.0007411589,"30":-0.0003763949},"FracExp":{"0":1.0,"1":1.0,"2":1.0,"3":1.0,"4":1.0,"5":1.0,"6":1.0,"7":1.0,"8":1.0,"9":1.0,"10":1.0,"11":1.0,"12":1.0,"13":1.0,"14":1.0,"15":1.0,"16":1.0,"17":1.0,"18":1.0,"19":1.0,"20":1.0,"21":1.0,"22":1.0,"23":1.0,"24":1.0,"25":1.0,"26":1.0,"27":0.157987,"28":0.111695,"29":0.046187,"30":0.028695},"BGrate":{"0":0.00116572,"1":0.004163287,"2":0.003681219,"3":0.001942868,"4":0.005100026,"5":0.003108588,"6":0.004238986,"7":0.002331539,"8":0.002035166,"9":0.001144781,"10":0.002003366,"11":0.001616161,"12":0.002552297,"13":0.0002348266,"14":0.001687044,"15":0.002007364,"16":0.001713964,"17":0.0006041555,"18":0.002040059,"19":0.0009291174,"20":0.001095031,"21":0.001297814,"22":0.002487477,"23":0.002160061,"24":0.003124779,"25":0.002627313,"26":0.0006020035,"27":0.0006696289,"28":0.0004456231,"29":0.0001838625,"30":0.0001529352},"BGerr":{"0":0.00116572,"1":0.001861879,"2":0.001502852,"3":0.001121715,"4":0.001927629,"5":0.001099052,"6":0.001498708,"7":0.001042696,"8":0.0008308532,"9":0.0004047411,"10":0.000757201,"11":0.0006597949,"12":0.000619023,"13":0.0002348266,"14":0.0006376425,"15":0.0005018411,"16":0.0005713214,"17":0.0003020778,"18":0.000494787,"19":0.0003511734,"20":0.0003462793,"21":0.0003746468,"22":0.0005186748,"23":0.0005091314,"24":0.0004175661,"25":0.0002695566,"26":0.0001017572,"27":0.0000753391,"28":0.0000521562,"29":0.0000085081,"30":0.0000060883},"CorrFact":{"0":2.134267,"1":2.140948,"2":2.156193,"3":2.139161,"4":2.149124,"5":2.110752,"6":2.105854,"7":2.138991,"8":1.289702,"9":1.274551,"10":1.274516,"11":1.274361,"12":1.278438,"13":1.274492,"14":1.280471,"15":1.27436,"16":1.275833,"17":1.279925,"18":1.274523,"19":1.272464,"20":1.2784,"21":1.272456,"22":1.268393,"23":1.268367,"24":1.270951,"25":1.320238,"26":1.295066,"27":1.307355,"28":1.540882,"29":1.468976,"30":1.535341},"CtsInSrc":{"0":20.0,"1":20.0,"2":20.0,"3":20.0,"4":21.0,"5":21.0,"6":20.0,"7":21.0,"8":20.0,"9":20.0,"10":20.0,"11":20.0,"12":20.0,"13":21.0,"14":20.0,"15":31.0,"16":20.0,"17":21.0,"18":20.0,"19":20.0,"20":20.0,"21":20.0,"22":20.0,"23":20.0,"24":33.0,"25":21.0,"26":27.0,"27":25.0,"28":30.0,"29":21.0,"30":8.0},"BGInSrc":{"0":0.029228,"1":0.146142,"2":0.17537,"3":0.087685,"4":0.204598,"5":0.233826,"6":0.233826,"7":0.146142,"8":0.137776,"9":0.183701,"10":0.160738,"11":0.137776,"12":0.390365,"13":0.022963,"14":0.160738,"15":0.367402,"16":0.197683,"17":0.087859,"18":0.373401,"19":0.153753,"20":0.219647,"21":0.263577,"22":0.505189,"23":0.395365,"24":1.230025,"25":1.291142,"26":0.295843,"27":0.656474,"28":0.588823,"29":1.670197,"30":1.578298},"Exposure":{"0":25.073188,"1":35.10244,"2":47.63906,"3":45.1317,"4":40.11708,"5":75.2195,"6":55.16094,"7":62.680292,"8":67.69758,"9":160.46838,"10":80.23422,"11":85.24884,"12":152.94648,"13":97.78552,"14":95.2782,"15":183.02718,"16":115.3365,"17":145.42438,"18":183.03418,"19":165.48302,"20":200.58548,"21":203.09284,"22":203.09292,"23":183.03426,"24":393.63592,"25":491.4308,"26":491.4308,"27":980.3543,"28":1321.3471,"29":9083.9479,"30":10320.0468},"Sigma":{"0":683.268199,"1":303.777974,"2":276.901833,"3":393.330378,"4":268.914771,"5":251.193182,"6":239.096915,"7":319.078676,"8":353.12661,"9":305.109508,"10":326.553749,"11":353.12661,"12":207.120575,"13":913.52901,"14":326.553749,"15":333.504754,"16":300.51682,"17":476.038991,"18":216.717819,"19":341.509973,"20":284.77906,"21":259.389175,"22":185.067064,"23":210.376161,"24":193.284434,"25":148.781566,"26":534.012563,"27":329.594363,"28":426.76547,"29":250.102588,"30":3.621186},"SNR":{"0":4.465505,"1":4.438984,"2":4.432354,"3":4.452244,"4":4.537283,"5":4.530813,"6":4.419096,"7":4.550222,"8":4.440977,"9":4.430592,"10":4.435784,"11":4.440977,"12":4.383865,"13":4.577507,"14":4.435784,"15":5.501028,"16":4.427452,"17":4.563194,"18":4.387741,"19":4.437381,"20":4.422488,"21":4.41256,"22":4.357964,"23":4.382778,"24":5.52818,"25":4.29903,"26":5.138979,"27":4.868174,"28":5.369297,"29":4.217509,"30":2.53834}}