{"Time":{"0":362.516,"1":379.373,"2":396.955,"3":421.46,"4":458.033,"5":493.974,"6":537.553,"7":606.542,"8":680.316,"9":787.736,"10":4525.697,"11":5438.813,"12":14357.1,"13":23198.695,"14":34092.37,"15":60427.17,"16":187734.786},"TimePos":{"0":9.704,"1":7.891,"2":10.366,"3":15.949,"4":19.493,"5":16.147,"6":37.758,"7":31.452,"8":47.942,"9":78.422,"10":239.074,"11":1206.43,"12":3822.378,"13":762.691,"14":13003.375,"15":9780.63,"16":15149.924},"TimeNeg":{"0":-10.355,"1":-7.153,"2":-9.692,"3":-14.138,"4":-20.623,"5":-16.448,"6":-27.432,"7":-31.231,"8":-42.322,"9":-59.478,"10":-327.579,"11":-674.043,"12":-4224.972,"13":-908.298,"14":-5765.974,"15":-9785.236,"16":-3852.595},"Rate":{"0":3.293347,"1":4.760805,"2":3.430231,"3":2.377336,"4":1.629727,"5":2.021512,"6":1.0074,"7":1.036844,"8":0.7103569,"9":0.5420508,"10":0.03835048,"11":0.01710985,"12":0.01000339,"13":0.01191148,"14":0.004966286,"15":0.003951177,"16":0.001914293},"RatePos":{"0":0.7386396,"1":1.016399,"2":0.7506911,"3":0.50894,"4":0.366072,"5":0.4533893,"6":0.2256011,"7":0.2332503,"8":0.1622608,"9":0.1142219,"10":0.009729272,"11":0.003632282,"12":0.002033416,"13":0.003355663,"14":0.001243095,"15":0.0008450918,"16":0.000909012},"RateNeg":{"0":-0.7386396,"1":-1.016399,"2":-0.7506911,"3":-0.50894,"4":-0.366072,"5":-0.4533893,"6":-0.2256011,"7":-0.2332503,"8":-0.1622608,"9":-0.1142219,"10":-0.009729272,"11":-0.003632282,"12":-0.002033416,"13":-0.003355663,"14":-0.001243095,"15":-0.0008450918,"16":-0.0007044768},"FracExp":{"0":1.0,"1":1.0,"2":1.0,"3":1.0,"4":1.0,"5":1.0,"6":1.0,"7":1.0,"8":1.0,"9":1.0,"10":1.0,"11":1.0,"12":0.486981,"13":0.95131,"14":0.260624,"15":0.456074,"16":0.29028},"BGrate":{"0":0.002959386,"1":0.001972916,"2":0.002959384,"3":0.002959376,"4":0.002219534,"5":0.001821158,"6":0.0004552892,"7":0.001894002,"8":0.004603477,"9":0.001721844,"10":0.0004094244,"11":0.0004890894,"12":0.0002329914,"13":0.00112894,"14":0.0002143102,"15":0.0002416907,"16":0.0001119066},"BGerr":{"0":0.002092602,"1":0.001972916,"2":0.002092601,"3":0.001708597,"4":0.001281448,"5":0.001287753,"6":0.0004552892,"7":0.0009470012,"8":0.001230331,"9":0.0006087638,"10":0.0000773739,"11":0.0000464223,"12":0.0000176125,"13":0.0000775359,"14":0.000012947,"15":0.0000092345,"16":0.0000069402},"CorrFact":{"0":3.312801,"1":3.259897,"2":3.28572,"3":3.264516,"4":3.283604,"5":3.304366,"6":3.2885,"7":3.269015,"8":3.273974,"9":3.283852,"10":1.378196,"11":1.39403,"12":1.562662,"13":1.332931,"14":1.433122,"15":1.47875,"16":1.654294},"CtsInSrc":{"0":20.0,"1":22.0,"2":21.0,"3":22.0,"4":20.0,"5":20.0,"6":20.0,"7":20.0,"8":20.0,"9":23.0,"10":16.0,"11":24.0,"12":26.0,"13":16.0,"14":18.0,"15":26.0,"16":7.0},"BGInSrc":{"0":0.059361,"1":0.02968,"2":0.059361,"3":0.089041,"4":0.089041,"5":0.059361,"6":0.02968,"7":0.118721,"8":0.415524,"9":0.237443,"10":0.232001,"11":0.919719,"12":0.913072,"13":1.794594,"14":1.04835,"15":2.156722,"16":0.617284},"Exposure":{"0":20.058428,"1":15.04388,"2":20.05844,"3":30.08774,"4":40.11696,"5":32.595,"6":65.19002,"7":62.68274,"8":90.26316,"9":137.900132,"10":566.65224,"11":1880.47256,"12":3918.9099,"13":1589.6282,"14":4891.7423,"15":8923.4807,"16":5516.06},"Sigma":{"0":475.067786,"1":740.232036,"2":498.891886,"3":426.218465,"4":387.313872,"5":475.067786,"6":672.847305,"7":334.923653,"8":176.35161,"9":271.148722,"10":359.637756,"11":264.391395,"12":363.464023,"13":115.253805,"14":267.658396,"15":289.345686,"16":4.570923},"SNR":{"0":4.458666,"1":4.683994,"2":4.56943,"3":4.671152,"4":4.451932,"5":4.458666,"6":4.465401,"7":4.445198,"8":4.377872,"9":4.745594,"10":3.941763,"11":4.710495,"12":4.919501,"13":3.549667,"14":3.995097,"15":4.675441,"16":2.717327}}