{"Time":{"0":125.993,"1":172.428,"2":247.874,"3":353.019,"4":470.795,"5":573.218,"6":674.295,"7":793.379,"8":916.787,"9":1054.674,"10":1188.407,"11":1406.409,"12":5255.509,"13":5993.423,"14":11264.11,"15":11971.328,"16":17894.953,"17":23901.647,"18":31601.884,"19":57455.647,"20":166854.288},"TimePos":{"0":19.098,"1":30.332,"2":45.149,"3":52.833,"4":45.379,"5":45.756,"6":52.495,"7":56.269,"8":63.242,"9":75.794,"10":64.92,"11":150.295,"12":361.971,"13":499.107,"14":182.37,"15":641.043,"16":716.258,"17":469.863,"18":4229.13,"19":41302.483,"20":97577.76},"TimeNeg":{"0":-23.526,"1":-27.336,"2":-45.115,"3":-59.996,"4":-64.943,"5":-57.044,"6":-55.32,"7":-66.59,"8":-67.139,"9":-74.646,"10":-57.939,"11":-153.082,"12":-437.622,"13":-375.943,"14":-278.976,"15":-524.849,"16":-549.928,"17":-530.549,"18":-2199.642,"19":-18190.398,"20":-12231.397},"Rate":{"0":1.41205,"1":0.9492788,"2":0.5642425,"3":0.4579258,"4":0.4586072,"5":0.2602474,"6":0.2508016,"7":0.229237,"8":0.2044433,"9":0.1781242,"10":0.2179884,"11":0.1367965,"12":0.02386515,"13":0.0278301,"14":0.04175761,"15":0.02513015,"16":0.02199306,"17":0.02816473,"18":0.0200732,"19":0.008894427,"20":0.0006564513},"RatePos":{"0":0.3081346,"1":0.2134629,"2":0.1274797,"3":0.1036554,"4":0.1035157,"5":0.05881193,"6":0.05624236,"7":0.05025254,"8":0.04620107,"9":0.04009829,"10":0.04930971,"11":0.02489197,"12":0.006668277,"13":0.006542134,"14":0.01089515,"15":0.005341113,"16":0.004818585,"17":0.006118619,"18":0.004593382,"19":0.001667246,"20":0.0004107893},"RateNeg":{"0":-0.3081346,"1":-0.2134629,"2":-0.1274797,"3":-0.1036554,"4":-0.1035157,"5":-0.05881193,"6":-0.05624236,"7":-0.05025254,"8":-0.04620107,"9":-0.04009829,"10":-0.04930971,"11":-0.02489197,"12":-0.006668277,"13":-0.006542134,"14":-0.01089515,"15":-0.005341113,"16":-0.004818585,"17":-0.006118619,"18":-0.004593382,"19":-0.001667246,"20":-0.0003032536},"FracExp":{"0":1.0,"1":1.0,"2":1.0,"3":1.0,"4":0.999971,"5":1.0,"6":1.0,"7":1.0,"8":1.0,"9":1.0,"10":1.0,"11":1.0,"12":0.965808,"13":0.997126,"14":1.0,"15":1.0,"16":1.0,"17":1.0,"18":0.205536,"19":0.076787,"20":0.085944},"BGrate":{"0":0.0,"1":0.001928138,"2":0.002258421,"3":0.002135234,"4":0.001679866,"5":0.002028153,"6":0.0005274054,"7":0.0007713751,"8":0.00159912,"9":0.0008819388,"10":0.001851299,"11":0.001312012,"12":0.001469217,"13":0.0005220406,"14":0.0003369953,"15":0.0003719758,"16":0.0004657825,"17":0.0004078046,"18":0.0003442232,"19":0.0002832536,"20":0.0000840928},"BGerr":{"0":0.0,"1":0.0007871589,"2":0.0006809396,"3":0.0005922075,"4":0.0005312202,"5":0.0006115112,"6":0.0003044977,"7":0.0003449694,"8":0.0004821529,"9":0.0003333415,"10":0.0005344241,"11":0.0002863046,"12":0.0001255237,"13":0.0000703919,"14":0.000077312,"15":0.0000510948,"16":0.0000527395,"17":0.0000549884,"18":0.0000459988,"19":0.0000176005,"20":0.0000036984},"CorrFact":{"0":2.866084,"1":2.75247,"2":2.572748,"3":2.614872,"4":2.553311,"5":1.351765,"6":1.355861,"7":1.347212,"8":1.346813,"9":1.348791,"10":1.354493,"11":1.356153,"12":1.329204,"13":1.309432,"14":1.297765,"15":1.298352,"16":1.300654,"17":1.304943,"18":1.357045,"19":1.367818,"20":1.472954},"CtsInSrc":{"0":21.0,"1":20.0,"2":20.0,"3":20.0,"4":20.0,"5":20.0,"6":20.0,"7":21.0,"8":20.0,"9":20.0,"10":20.0,"11":31.0,"12":15.0,"13":19.0,"14":15.0,"15":23.0,"16":22.0,"17":22.0,"18":20.0,"19":31.0,"20":5.0},"BGInSrc":{"0":0.0,"1":0.111193,"2":0.203853,"3":0.240917,"4":0.185321,"5":0.208494,"6":0.056862,"7":0.09477,"8":0.208494,"9":0.132678,"10":0.227448,"11":0.398035,"12":1.134607,"13":0.455499,"14":0.155471,"15":0.433683,"16":0.589768,"17":0.407973,"18":0.454838,"19":1.293988,"20":0.793624},"Exposure":{"0":42.62438,"1":57.66836,"2":90.2635,"3":112.82938,"4":110.31888,"5":102.8001,"6":107.81476,"7":122.85872,"8":130.38066,"9":150.43926,"10":122.85878,"11":303.37722,"12":772.25292,"13":872.53588,"14":461.34602,"15":1165.89168,"16":1266.1865,"17":1000.4127,"18":1321.3471,"19":4568.3006,"20":9437.4772},"Sigma":{"0":1000.0,"1":438.135783,"2":322.077164,"3":295.713201,"4":338.113607,"5":314.833483,"6":607.479024,"7":493.251445,"8":314.833483,"9":396.176515,"10":301.141436,"11":352.320646,"12":143.036536,"13":301.931823,"14":416.190958,"15":378.813783,"16":320.617959,"17":392.503415,"18":321.5705,"19":369.457128,"20":3.141484},"SNR":{"0":4.582576,"1":4.447043,"2":4.426135,"3":4.417772,"4":4.430317,"5":4.425078,"6":4.459301,"7":4.5617,"8":4.425078,"9":4.442189,"10":4.420801,"11":5.495607,"12":3.578908,"13":4.253978,"14":3.832678,"15":4.705039,"16":4.564214,"17":4.603119,"18":4.370027,"19":5.334801,"20":2.164694}}