{"Time":{"0":2735.612,"1":2801.514,"2":2888.717,"3":2982.58,"4":3071.239,"5":3149.409,"6":3210.435,"7":3295.356,"8":3431.104,"9":3513.164,"10":3634.947,"11":4010.964,"12":4204.478,"13":4370.466,"14":4524.671,"15":8452.101,"16":8532.934,"17":8641.107,"18":8744.688,"19":8856.489,"20":8998.616,"21":9128.868,"22":9285.878,"23":9406.6,"24":9556.928,"25":9661.073,"26":9785.273,"27":9927.109,"28":10125.64,"29":10328.329,"30":14357.312,"31":14570.561,"32":14896.033,"33":15206.332,"34":15420.107,"35":15694.487,"36":16106.724,"37":22028.802,"38":25762.355,"39":27227.993,"40":27708.611,"41":31880.603,"42":39961.795,"43":48829.36},"TimePos":{"0":33.477,"1":27.75,"2":40.839,"3":42.255,"4":46.366,"5":25.865,"6":32.536,"7":57.938,"8":42.541,"9":40.715,"10":76.893,"11":106.503,"12":78.472,"13":57.908,"14":84.229,"15":39.894,"16":54.339,"17":61.503,"18":40.663,"19":54.228,"20":60.032,"21":87.741,"22":38.547,"23":83.308,"24":45.81,"25":74.553,"26":68.196,"27":116.917,"28":81.361,"29":161.984,"30":83.649,"31":128.654,"32":171.758,"33":94.64,"34":159.178,"35":143.052,"36":304.974,"37":164.469,"38":148.193,"39":165.753,"40":266.827,"41":268.372,"42":3227.037,"43":141.701},"TimeNeg":{"0":-39.235,"1":-32.425,"2":-59.453,"3":-53.023,"4":-46.404,"5":-31.803,"6":-35.161,"7":-52.384,"8":-77.811,"9":-39.52,"10":-81.068,"11":-84.053,"12":-87.011,"13":-87.516,"14":-96.297,"15":-35.326,"16":-40.939,"17":-53.834,"18":-42.078,"19":-71.138,"20":-87.899,"21":-70.22,"22":-69.268,"23":-82.175,"24":-67.02,"25":-58.335,"26":-49.648,"27":-73.639,"28":-81.614,"29":-121.327,"30":-129.473,"31":-129.6,"32":-196.818,"33":-138.541,"34":-119.134,"35":-115.202,"36":-269.184,"37":-181.538,"38":-120.088,"39":-142.647,"40":-314.865,"41":-376.004,"42":-853.659,"43":-73.927},"Rate":{"0":0.6007799,"1":0.6971843,"2":0.4159126,"3":0.4332668,"4":0.4564779,"5":0.7216642,"6":0.6175987,"7":0.374913,"8":0.3467785,"9":0.5234859,"10":0.3674565,"11":0.3139632,"12":0.3548112,"13":0.3252562,"14":0.2715397,"15":0.3210631,"16":0.2537689,"17":0.2100361,"18":0.2988802,"19":0.1930521,"20":0.1647472,"21":0.1620861,"22":0.2366467,"23":0.1533214,"24":0.2157258,"25":0.1926454,"26":0.2174285,"27":0.1268638,"28":0.1500559,"29":0.1590505,"30":0.09623171,"31":0.08028357,"32":0.05589757,"33":0.09522193,"34":0.07403524,"35":0.09685001,"36":0.04998614,"37":0.08570556,"38":0.07356914,"39":0.06359659,"40":0.05882863,"41":0.05501579,"42":0.05507868,"43":0.03001448},"RatePos":{"0":0.1320297,"1":0.1570553,"2":0.09419357,"3":0.09801912,"4":0.1030502,"5":0.1629162,"6":0.139572,"7":0.08518128,"8":0.07887358,"9":0.1178009,"10":0.06596577,"11":0.07176617,"12":0.08069533,"13":0.07361132,"14":0.04715752,"15":0.0726241,"16":0.05704159,"17":0.04750993,"18":0.06704119,"19":0.04376037,"20":0.03738379,"21":0.03604959,"22":0.05242063,"23":0.03410022,"24":0.04915948,"25":0.04258794,"26":0.04830946,"27":0.02915721,"28":0.03408613,"29":0.0265514,"30":0.0253357,"31":0.02119127,"32":0.0147798,"33":0.0242634,"34":0.01954199,"35":0.02330007,"36":0.0113569,"37":0.01863642,"38":0.01867517,"39":0.01671688,"40":0.01175552,"41":0.01061243,"42":0.01175536,"43":0.01662768},"RateNeg":{"0":-0.1320297,"1":-0.1570553,"2":-0.09419357,"3":-0.09801912,"4":-0.1030502,"5":-0.1629162,"6":-0.139572,"7":-0.08518128,"8":-0.07887358,"9":-0.1178009,"10":-0.06596577,"11":-0.07176617,"12":-0.08069533,"13":-0.07361132,"14":-0.04715752,"15":-0.0726241,"16":-0.05704159,"17":-0.04750993,"18":-0.06704119,"19":-0.04376037,"20":-0.03738379,"21":-0.03604959,"22":-0.05242063,"23":-0.03410022,"24":-0.04915948,"25":-0.04258794,"26":-0.04830946,"27":-0.02915721,"28":-0.03408613,"29":-0.0265514,"30":-0.0253357,"31":-0.02119127,"32":-0.0147798,"33":-0.0242634,"34":-0.01954199,"35":-0.02330007,"36":-0.0113569,"37":-0.01863642,"38":-0.01867517,"39":-0.01671688,"40":-0.01175552,"41":-0.01061243,"42":-0.01175536,"43":-0.01228123},"FracExp":{"0":1.0,"1":1.0,"2":1.0,"3":1.0,"4":1.0,"5":1.0,"6":1.0,"7":1.0,"8":1.0,"9":1.0,"10":0.999957,"11":1.0,"12":1.0,"13":0.999977,"14":1.0,"15":1.0,"16":1.0,"17":1.0,"18":1.0,"19":1.0,"20":1.0,"21":1.0,"22":1.0,"23":1.0,"24":1.0,"25":1.0,"26":1.0,"27":1.0,"28":1.0,"29":1.0,"30":1.0,"31":1.0,"32":1.0,"33":1.0,"34":1.0,"35":1.0,"36":1.0,"37":1.0,"38":1.0,"39":1.0,"40":1.0,"41":1.0,"42":0.144391,"43":1.0},"BGrate":{"0":0.002010904,"1":0.002429842,"2":0.002499265,"3":0.002411571,"4":0.002026431,"5":0.003259908,"6":0.003085512,"7":0.002840072,"8":0.002776958,"9":0.00156204,"10":0.003064067,"11":0.002262499,"12":0.002013188,"13":0.001631629,"14":0.002328737,"15":0.003016085,"16":0.001082327,"17":0.00196701,"18":0.0007477891,"19":0.002138676,"20":0.001951855,"21":0.002480758,"22":0.002869419,"23":0.002367996,"24":0.003290268,"25":0.002017617,"26":0.003150258,"27":0.002814047,"28":0.001898233,"29":0.00196554,"30":0.001349547,"31":0.001258968,"32":0.0009499902,"33":0.001287083,"34":0.001168231,"35":0.001404233,"36":0.001437476,"37":0.001234053,"38":0.0008980671,"39":0.0008591688,"40":0.000827112,"41":0.0008787424,"42":0.0008953036,"43":0.001157075},"BGerr":{"0":0.0007600504,"1":0.0009183939,"2":0.0007214757,"3":0.0007271161,"4":0.0006754769,"5":0.001086636,"6":0.0009757246,"7":0.0007333035,"8":0.0006942394,"9":0.0006377001,"10":0.000638902,"11":0.0004823664,"12":0.0004882697,"13":0.0004710107,"14":0.0005081721,"15":0.0009093838,"16":0.0004840312,"17":0.0005930759,"18":0.0004317362,"19":0.000593162,"20":0.0005216553,"21":0.000569125,"22":0.0007408809,"23":0.0005432554,"24":0.0007755235,"25":0.0005595861,"26":0.0007425229,"27":0.0005518799,"28":0.0004901217,"29":0.0003782683,"30":0.0002814001,"31":0.000246904,"32":0.0001795313,"33":0.0002627247,"34":0.0002291089,"35":0.0002607596,"36":0.0001769411,"37":0.0002116384,"38":0.0002008139,"39":0.0001393756,"40":0.0000995726,"41":0.0001021517,"42":0.0001093787,"43":0.000211252},"CorrFact":{"0":2.094775,"1":2.113122,"2":2.11212,"3":2.088029,"4":2.137481,"5":2.100604,"6":2.11256,"7":2.100972,"8":2.122227,"9":2.113316,"10":1.841641,"11":3.057286,"12":2.985492,"13":2.393347,"14":1.45981,"15":1.221365,"16":1.215196,"17":1.22514,"18":1.240327,"19":1.226551,"20":1.236418,"21":1.242389,"22":1.233119,"23":1.23117,"24":1.240029,"25":1.234826,"26":1.242084,"27":1.242036,"28":1.241985,"29":1.236467,"30":1.394002,"31":1.412861,"32":1.406329,"33":1.414275,"34":1.404098,"35":1.418122,"36":1.422575,"37":1.374623,"38":1.252435,"39":1.331056,"40":1.340974,"41":1.292235,"42":1.444132,"43":1.36223},"CtsInSrc":{"0":21.0,"1":20.0,"2":20.0,"3":20.0,"4":20.0,"5":20.0,"6":20.0,"7":20.0,"8":20.0,"9":20.0,"10":32.0,"11":20.0,"12":20.0,"13":20.0,"14":34.0,"15":20.0,"16":20.0,"17":20.0,"18":20.0,"19":20.0,"20":20.0,"21":21.0,"22":21.0,"23":21.0,"24":20.0,"25":21.0,"26":21.0,"27":20.0,"28":20.0,"29":37.0,"30":15.0,"31":15.0,"32":15.0,"33":16.0,"34":15.0,"35":18.0,"36":21.0,"37":22.0,"38":16.0,"39":15.0,"40":26.0,"41":28.0,"42":23.0,"43":5.0},"BGInSrc":{"0":0.146217,"1":0.146217,"2":0.250658,"3":0.22977,"4":0.187993,"5":0.187993,"6":0.208882,"7":0.313322,"8":0.334211,"9":0.125329,"10":0.483981,"11":0.431133,"12":0.333148,"13":0.237273,"14":0.420396,"15":0.226868,"16":0.103122,"17":0.226868,"18":0.061873,"19":0.268117,"20":0.288742,"21":0.391864,"22":0.309366,"23":0.391864,"24":0.371239,"25":0.268117,"26":0.371239,"27":0.536234,"28":0.309366,"29":0.556859,"30":0.287618,"31":0.325134,"32":0.350144,"33":0.300123,"34":0.325134,"35":0.362649,"36":0.825339,"37":0.426991,"38":0.240934,"39":0.264967,"40":0.481125,"41":0.566241,"42":0.527527,"43":0.249498},"Exposure":{"0":72.712128,"1":60.17558,"2":100.29266,"3":95.27804,"4":92.77074,"5":57.66834,"6":67.69756,"7":110.322,"8":120.35136,"9":80.23418,"10":157.953912,"11":190.55616,"12":165.48298,"13":145.42098,"14":180.52548,"15":75.219488,"16":95.27806,"17":115.33664,"18":82.7415,"19":125.36594,"20":147.93184,"21":157.96118,"22":107.81482,"23":165.48322,"24":112.82946,"25":132.88806,"26":117.84404,"27":190.5563,"28":162.97572,"29":283.310832,"30":213.12194,"31":258.25394,"32":368.57626,"33":233.18098,"34":278.31278,