{"Time":{"0":142.292,"1":152.813,"2":162.682,"3":174.62,"4":191.797,"5":469.262,"6":495.568,"7":531.54,"8":618.262,"9":767.605,"10":992.051,"11":5060.772,"12":5565.183,"13":6107.891,"14":6485.98,"15":6758.741,"16":10532.156,"17":11021.793,"18":11439.391,"19":11877.658,"20":12414.542,"21":16544.324,"22":17608.3,"23":22391.644,"24":23606.658,"25":28066.868,"26":29147.83,"27":67483.991,"28":172677.885,"29":302490.249},"TimePos":{"0":5.508,"1":5.015,"2":5.177,"3":5.775,"4":13.671,"5":10.843,"6":17.132,"7":33.813,"8":77.471,"9":78.568,"10":182.577,"11":193.618,"12":255.859,"13":212.106,"14":149.938,"15":192.684,"16":260.183,"17":209.326,"18":217.971,"19":200.934,"20":317.407,"21":316.04,"22":892.108,"23":477.994,"24":698.534,"25":413.466,"26":415.652,"27":23776.035,"28":64847.057,"29":96255.665},"TimeNeg":{"0":-7.028,"1":-5.014,"2":-4.853,"3":-6.762,"4":-11.402,"5":-9.216,"6":-15.463,"7":-18.841,"8":-52.909,"9":-71.871,"10":-145.878,"11":-197.522,"12":-310.793,"13":-286.849,"14":-165.983,"15":-122.822,"16":-213.699,"17":-229.454,"18":-208.272,"19":-220.295,"20":-335.951,"21":-283.207,"22":-747.936,"23":-647.789,"24":-737.02,"25":-541.82,"26":-667.496,"27":-11057.658,"28":-35291.293,"29":-60130.302},"Rate":{"0":123.6602,"1":151.8977,"2":134.1912,"3":128.5202,"4":88.57792,"5":3.811301,"6":2.222746,"7":1.373407,"8":0.5389122,"9":0.1622079,"10":0.08619481,"11":0.05298043,"12":0.03604895,"13":0.04146761,"14":0.06577623,"15":0.08964646,"16":0.04109388,"17":0.04442564,"18":0.04554164,"19":0.04600112,"20":0.04295404,"21":0.0371407,"22":0.02730971,"23":0.01874542,"24":0.02266301,"25":0.01978199,"26":0.01747653,"27":0.006880954,"28":0.002042421,"29":0.0004770622},"RatePos":{"0":17.07171,"1":21.11039,"2":19.80478,"3":17.42077,"4":10.1634,"5":0.8348444,"6":0.499495,"7":0.3086318,"8":0.1214742,"9":0.03653916,"10":0.01873155,"11":0.01380103,"12":0.009424978,"13":0.01081332,"14":0.01707179,"15":0.02266573,"16":0.01070471,"17":0.01155892,"18":0.01184928,"19":0.01201149,"20":0.009812293,"21":0.009704214,"22":0.005274129,"23":0.004936556,"24":0.004996683,"25":0.005207762,"26":0.004603565,"27":0.001137037,"28":0.0005455134,"29":0.0002232368},"RateNeg":{"0":-17.07171,"1":-21.11039,"2":-19.80478,"3":-17.42077,"4":-10.1634,"5":-0.8348444,"6":-0.499495,"7":-0.3086318,"8":-0.1214742,"9":-0.03653916,"10":-0.01873155,"11":-0.01380103,"12":-0.009424978,"13":-0.01081332,"14":-0.01707179,"15":-0.02266573,"16":-0.01070471,"17":-0.01155892,"18":-0.01184928,"19":-0.01201149,"20":-0.009812293,"21":-0.009704214,"22":-0.005274129,"23":-0.004936556,"24":-0.004996683,"25":-0.005207762,"26":-0.004603565,"27":-0.001137037,"28":-0.0005455134,"29":-0.000178378},"FracExp":{"0":1.0,"1":1.0,"2":1.0,"3":1.0,"4":1.0,"5":1.0,"6":1.0,"7":1.0,"8":0.999992,"9":1.0,"10":1.0,"11":1.0,"12":1.0,"13":1.0,"14":1.0,"15":0.826455,"16":1.0,"17":1.0,"18":1.0,"19":1.0,"20":0.917162,"21":1.0,"22":0.932566,"23":1.0,"24":0.943146,"25":1.0,"26":1.0,"27":0.283742,"28":0.144847,"29":0.16068},"BGrate":{"0":0.06097634,"1":0.0609763,"2":0.05420104,"3":0.1029823,"4":0.04065132,"5":0.003912567,"6":0.003009661,"7":0.001863126,"8":0.001212701,"9":0.0009664754,"10":0.006007578,"11":0.0003364397,"12":0.0003278577,"13":0.0002947695,"14":0.0002450254,"15":0.004660825,"16":0.0002776842,"17":0.0002599124,"18":0.0002675567,"19":0.0003956994,"20":0.0007027065,"21":0.0002942985,"22":0.0003910441,"23":0.0002595944,"24":0.0005344854,"25":0.0003004603,"26":0.0002730223,"27":0.0001743141,"28":0.0001076358,"29":0.0000707921},"BGerr":{"0":0.009089817,"1":0.01016272,"2":0.009581481,"3":0.01181288,"4":0.005248063,"5":0.001956284,"6":0.001345961,"7":0.0008332152,"8":0.0004287547,"9":0.0003652933,"10":0.0006163645,"11":0.0000815986,"12":0.0000669237,"13":0.0000676248,"14":0.0000774838,"15":0.0003719743,"16":0.0000716978,"17":0.0000720867,"18":0.0000742069,"19":0.0000907797,"20":0.0001014269,"21":0.0000613655,"22":0.000044277,"23":0.0000400563,"24":0.0000524106,"25":0.0000523034,"26":0.0000468229,"27":0.0000081541,"28":0.000004248,"29":0.0000020548},"CorrFact":{"0":29.12096,"1":29.079285,"2":28.969922,"3":28.921717,"4":28.850046,"5":3.654077,"6":3.640385,"7":3.633559,"8":3.54114,"9":1.229053,"10":1.229489,"11":1.393745,"12":1.378892,"13":1.393024,"14":1.392528,"15":1.392667,"16":1.309733,"17":1.309494,"18":1.304036,"19":1.306316,"20":1.314658,"21":1.501417,"22":1.524304,"23":1.434841,"24":1.442178,"25":1.284409,"26":1.287358,"27":1.776775,"28":1.918855,"29":1.660116},"CtsInSrc":{"0":54.0,"1":53.0,"2":47.0,"3":57.0,"4":78.0,"5":21.0,"6":20.0,"7":20.0,"8":20.0,"9":20.0,"10":25.0,"11":15.0,"12":15.0,"13":15.0,"14":15.0,"15":18.0,"16":15.0,"17":15.0,"18":15.0,"19":15.0,"20":20.0,"21":15.0,"22":28.0,"23":15.0,"24":22.0,"25":15.0,"26":15.0,"27":40.0,"28":17.0,"29":9.0},"BGInSrc":{"0":0.764432,"1":0.611546,"2":0.543596,"3":1.291041,"4":1.019243,"5":0.07848,"6":0.0981,"7":0.0981,"8":0.158111,"9":0.145395,"10":1.973222,"11":0.131595,"12":0.185781,"13":0.147077,"14":0.077409,"15":1.215318,"16":0.13159,"17":0.114044,"18":0.114044,"19":0.16668,"20":0.421087,"21":0.176358,"22":0.598082,"23":0.292247,"24":0.723659,"25":0.287026,"26":0.295724,"27":1.722882,"28":1.561228,"29":1.778874},"Exposure":{"0":12.53654,"1":10.02924,"2":10.02926,"3":12.53654,"4":25.07282,"5":20.058468,"6":32.59508,"7":52.65352,"8":130.379132,"9":150.43874,"10":328.45556,"11":391.1399,"12":566.65188,"13":498.95514,"14":315.92158,"15":260.7518,"16":473.88202,"17":438.77962,"18":426.24334,"19":421.22904,"20":599.23528,"21":599.24752,"22":1529.45018,"23":1125.78326,"24":1353.93644,"25":955.28688,"26":1083.14802,"27":9883.7766,"28":14504.7305,"29":25128.1606},"Sigma":{"0":467.163685,"1":513.993677,"2":483.441624,"3":376.176523,"4":585.032502,"5":533.167449,"6":453.63852,"7":453.63852,"8":354.949077,"9":361.293203,"10":113.741495,"11":465.853635,"12":390.645389,"13":440.194593,"14":609.612422,"15":173.050495,"16":437.611586,"17":470.624949,"18":470.624949,"19":387.910435,"20":322.134966,"21":403.110882,"22":404.638466,"23":326.152649,"24":299.833045,"25":294.466957,"26":289.932744,"27":474.943424,"28":250.561322,"29":3.838257},"SNR":{"0":7.243572,"1":7.195402,"2":6.775697,"3":7.377413,"4":8.715387,"5":4.565283,"6":4.449986,"7":4.449986,"8":4.436435,"9":4.439289,"10":4.601585,"11":3.838875,"12":3.824832,"13":3.834863,"14":3.85292,"15":3.955154,"16":3.838859,"17":3.843409,"18":3.843409,"19":3.82976,"20":4.377574,"21":3.827275,"22":5.178052,"23":3.797268,"24":4.535612,"25":3.798558,"26":3.796302,"27":6.051652,"28":3.744034,"29":2.674444}}