{"Time":{"0":157.084,"1":189.315,"2":247.254,"3":321.041,"4":388.471,"5":481.831,"6":555.791,"7":609.068,"8":663.288,"9":746.069,"10":810.798,"11":881.208,"12":950.229,"13":1060.789,"14":1232.229,"15":5025.966,"16":5183.636,"17":5332.096,"18":10793.793,"19":11103.931,"20":11566.83,"21":12054.463,"22":16924.52,"23":17711.861,"24":22238.321,"25":23205.47,"26":28575.059,"27":36238.093,"28":61903.129,"29":114829.453},"TimePos":{"0":14.033,"1":24.427,"2":31.678,"3":45.646,"4":50.929,"5":37.802,"6":21.511,"7":28.409,"8":41.887,"9":36.833,"10":32.28,"11":39.597,"12":35.765,"13":88.181,"14":52.136,"15":63.92,"16":64.211,"17":86.246,"18":197.586,"19":115.613,"20":244.44,"21":265.784,"22":458.702,"23":308.21,"24":589.771,"25":505.187,"26":885.838,"27":4496.755,"28":11948.901,"29":28838.141},"TimeNeg":{"0":-18.563,"1":-18.198,"2":-33.513,"3":-42.11,"4":-21.783,"5":-42.432,"6":-36.157,"7":-31.766,"8":-25.81,"9":-40.894,"10":-27.896,"11":-38.13,"12":-29.425,"13":-74.794,"14":-83.259,"15":-124.128,"16":-93.749,"17":-84.249,"18":-228.657,"19":-112.552,"20":-347.286,"21":-243.193,"22":-670.066,"23":-328.638,"24":-310.355,"25":-377.377,"26":-781.517,"27":-2717.908,"28":-10605.298,"29":-13032.456},"Rate":{"0":2.199006,"1":1.770182,"2":1.091982,"3":0.8059053,"4":0.9709668,"5":0.8837151,"6":1.229779,"7":1.178525,"8":1.050533,"9":0.9104316,"10":1.160291,"11":0.9059245,"12":1.127376,"13":0.8919686,"14":1.10044,"15":0.1320359,"16":0.1570723,"17":0.1751533,"18":0.04738504,"19":0.08796317,"20":0.0336024,"21":0.04473774,"22":0.01775081,"23":0.03679228,"24":0.0210418,"25":0.02595024,"26":0.01529492,"27":0.01162341,"28":0.005194106,"29":0.001535994},"RatePos":{"0":0.4937158,"1":0.3867836,"2":0.246845,"3":0.1826761,"4":0.2185928,"5":0.1994931,"6":0.2772364,"7":0.2645997,"8":0.2371512,"9":0.205244,"10":0.2630054,"11":0.2056294,"12":0.2479294,"13":0.2024617,"14":0.2305421,"15":0.02990177,"16":0.03548916,"17":0.0360984,"18":0.01236908,"19":0.02287345,"20":0.008849068,"21":0.01101407,"22":0.004734801,"23":0.008785164,"24":0.005578874,"25":0.006238022,"26":0.003553152,"27":0.002378048,"28":0.001213371,"29":0.0005611892},"RateNeg":{"0":-0.4937158,"1":-0.3867836,"2":-0.246845,"3":-0.1826761,"4":-0.2185928,"5":-0.1994931,"6":-0.2772364,"7":-0.2645997,"8":-0.2371512,"9":-0.205244,"10":-0.2630054,"11":-0.2056294,"12":-0.2479294,"13":-0.2024617,"14":-0.2305421,"15":-0.02990177,"16":-0.03548916,"17":-0.0360984,"18":-0.01236908,"19":-0.02287345,"20":-0.008849068,"21":-0.01101407,"22":-0.004734801,"23":-0.008785164,"24":-0.005578874,"25":-0.006238022,"26":-0.003553152,"27":-0.002378048,"28":-0.001213371,"29":-0.0004623193},"FracExp":{"0":1.0,"1":1.0,"2":1.0,"3":1.0,"4":1.0,"5":1.0,"6":1.0,"7":1.0,"8":1.0,"9":1.0,"10":1.0,"11":1.0,"12":1.0,"13":0.492271,"14":0.555553,"15":1.0,"16":1.0,"17":1.0,"18":1.0,"19":1.0,"20":1.0,"21":1.0,"22":0.952931,"23":1.0,"24":1.0,"25":1.0,"26":1.0,"27":0.415991,"28":0.241568,"29":0.240966},"BGrate":{"0":0.002456782,"1":0.0006262374,"2":0.003275705,"3":0.003041724,"4":0.001835523,"5":0.00232882,"6":0.002777227,"7":0.001330754,"8":0.002760082,"9":0.002060522,"10":0.004435845,"11":0.003777624,"12":0.002456775,"13":0.003659842,"14":0.00141948,"15":0.001328335,"16":0.001293831,"17":0.001331905,"18":0.0003806267,"19":0.0004621892,"20":0.0004935234,"21":0.0004940719,"22":0.0004446143,"23":0.0003625297,"24":0.0004340624,"25":0.0003956039,"26":0.0004476184,"27":0.0003576993,"28":0.0001568648,"29":0.0001485222},"BGerr":{"0":0.001418424,"1":0.0006262374,"2":0.001158137,"3":0.0009618777,"4":0.0008208709,"5":0.0008802111,"6":0.001133798,"7":0.0007683111,"8":0.001043213,"9":0.0008412048,"10":0.001402737,"11":0.001138996,"12":0.001002974,"13":0.001103484,"14":0.0007097401,"15":0.000400508,"16":0.000431277,"17":0.0004211853,"18":0.0000851107,"19":0.0001281882,"20":0.0000822539,"21":0.0000887379,"22":0.0000583807,"23":0.0000685117,"24":0.0000633145,"25":0.000061043,"26":0.0000464159,"27":0.000028457,"28":0.000009785,"29":0.0000061042},"CorrFact":{"0":3.598242,"1":3.597567,"2":3.597738,"3":3.583986,"4":3.55377,"5":3.578639,"6":3.574584,"7":3.560176,"8":3.58946,"9":3.56681,"10":3.538286,"11":3.57319,"12":3.526606,"13":3.631366,"14":3.615655,"15":1.257158,"16":1.253371,"17":1.256165,"18":1.361224,"19":1.347483,"20":1.351881,"21":1.359549,"22":1.314816,"23":1.318641,"24":1.296454,"25":1.297544,"26":1.32453,"27":1.399502,"28":1.478133,"29":1.475645},"CtsInSrc":{"0":20.0,"1":21.0,"2":20.0,"3":20.0,"4":20.0,"5":20.0,"6":20.0,"7":20.0,"8":20.0,"9":20.0,"10":20.0,"11":20.0,"12":21.0,"13":20.0,"14":23.0,"15":20.0,"16":20.0,"17":24.0,"18":15.0,"19":15.0,"20":15.0,"21":17.0,"22":15.0,"23":18.0,"24":15.0,"25":18.0,"26":20.0,"27":26.0,"28":20.0,"29":12.0},"BGInSrc":{"0":0.080079,"1":0.026693,"2":0.213544,"3":0.26693,"4":0.133465,"5":0.186851,"6":0.160158,"7":0.080079,"8":0.186851,"9":0.160158,"10":0.26693,"11":0.293623,"12":0.160158,"13":0.293623,"14":0.106772,"15":0.249791,"16":0.204375,"17":0.227083,"18":0.162239,"19":0.105456,"20":0.292031,"21":0.251471,"22":0.478244,"23":0.230876,"24":0.390711,"25":0.349146,"26":0.746339,"27":1.073541,"28":0.854656,"29":1.498496},"Exposure":{"0":32.59504,"1":42.62436,"2":65.19016,"3":87.75604,"4":72.71216,"5":80.23412,"6":57.66824,"7":60.1756,"8":67.69754,"9":77.7268,"10":60.17562,"11":77.72682,"12":65.19026,"13":80.22824,"14":75.219,"15":188.0483,"16":157.96074,"17":170.49476,"18":426.24244,"19":228.16528,"20":591.72606,"21":508.97622,"22":1075.6378,"23":636.8481,"24":900.12606,"25":882.56424,"26":1667.3545,"27":3001.2381,"28":5448.3629,"29":10089.3752},"Sigma":{"0":430.853966,"1":785.724008,"2":262.075326,"3":233.774842,"4":332.84362,"5":280.548273,"6":303.435016,"7":430.853966,"8":280.548273,"9":303.435016,"10":233.774842,"11":222.594055,"12":318.729242,"13":222.594055,"14":428.825052,"15":262.235276,"16":290.578672,"17":331.053542,"18":409.003862,"19":509.248306,"20":302.186813,"21":370.825738,"22":231.251034,"23":407.254166,"24":256.343644,"25":327.629862,"26":248.781994,"27":291.857299,"28":359.118868,"29":170.512733},"SNR":{"0":4.453992,"1":4.576673,"2":4.423756,"3":4.411663,"4":4.441897,"5":4.429803,"6":4.43585,"7":4.453992,"8":4.429803,"9":4.43585,"10":4.411663,"11":4.405617,"12":4.547164,"13":4.405617,"14":4.773272,"15":4.415655,"16":4.425923,"17":4.852105,"18":3.830925,"19":3.845645,"20":3.797282,"21":4.061871,"22":3.749009,"23":4.188001,"24":3.771694,"25":4.160011,"26":4.304605,"27":4.887795,"28":4.280725,"29":3.322366}}