{"Time":{"0":3247.903,"1":3497.381,"2":3760.917,"3":4005.944,"4":4369.906,"5":4755.185,"6":5244.897,"7":9019.725,"8":9491.804,"9":9944.524,"10":10238.916,"11":10631.585,"12":11095.894,"13":14967.71,"14":15579.163,"15":16545.258,"16":21145.411,"17":24087.32,"18":64760.242,"19":190781.379},"TimePos":{"0":122.988,"1":146.809,"2":116.455,"3":172.308,"4":156.864,"5":185.293,"6":324.895,"7":225.748,"8":227.554,"9":128.367,"10":232.64,"11":203.532,"12":213.082,"13":264.554,"14":430.372,"15":499.779,"16":594.732,"17":4429.242,"18":66414.049,"19":15453.536},"TimeNeg":{"0":-145.295,"1":-126.489,"2":-116.727,"3":-128.572,"4":-191.654,"5":-228.415,"6":-304.419,"7":-218.049,"8":-246.33,"9":-225.166,"10":-166.025,"11":-160.029,"12":-260.778,"13":-277.029,"14":-346.899,"15":-535.722,"16":-714.093,"17":-2347.178,"18":-26231.84,"19":-14974.381},"Rate":{"0":0.08117217,"1":0.08340542,"2":0.09269682,"3":0.07221192,"4":0.06120664,"5":0.05175744,"6":0.06328281,"7":0.04480084,"8":0.04172717,"9":0.05604359,"10":0.04970654,"11":0.05435053,"12":0.0448289,"13":0.03743442,"14":0.02564876,"15":0.02198989,"16":0.01502683,"17":0.01950374,"18":0.004092943,"19":0.002574236},"RatePos":{"0":0.02118965,"1":0.02115077,"2":0.02415714,"3":0.01894702,"4":0.01608688,"5":0.01364997,"6":0.01223421,"7":0.01174826,"8":0.01097542,"9":0.01465217,"10":0.01296283,"11":0.01421668,"12":0.01134979,"13":0.009829695,"14":0.006833433,"15":0.005495286,"16":0.004055333,"17":0.003592319,"18":0.001066312,"19":0.001331178},"RateNeg":{"0":-0.02118965,"1":-0.02115077,"2":-0.02415714,"3":-0.01894702,"4":-0.01608688,"5":-0.01364997,"6":-0.01223421,"7":-0.01174826,"8":-0.01097542,"9":-0.01465217,"10":-0.01296283,"11":-0.01421668,"12":-0.01134979,"13":-0.009829695,"14":-0.006833433,"15":-0.005495286,"16":-0.004055333,"17":-0.003592319,"18":-0.001066312,"19":-0.001009633},"FracExp":{"0":1.0,"1":1.0,"2":1.0,"3":1.0,"4":1.0,"5":1.0,"6":1.0,"7":1.0,"8":1.0,"9":1.0,"10":1.0,"11":1.0,"12":1.0,"13":1.0,"14":1.0,"15":1.0,"16":1.0,"17":0.500983,"18":0.059079,"19":0.114785},"BGrate":{"0":0.0006059979,"1":0.0008236773,"2":0.0005899574,"3":0.0007897387,"4":0.0007535566,"5":0.0007557324,"6":0.0009936316,"7":0.0005180587,"8":0.0005790686,"9":0.0005244586,"10":0.0003720691,"11":0.0005303917,"12":0.0004225859,"13":0.0004608566,"14":0.0005935722,"15":0.0004820698,"16":0.000493937,"17":0.0003782532,"18":0.0002141469,"19":0.000145413},"BGerr":{"0":0.0001680736,"1":0.0001941426,"2":0.0001778788,"3":0.0001811785,"4":0.0001644395,"5":0.0001511465,"6":0.0001405207,"7":0.0000930461,"8":0.0000951983,"9":0.0001048917,"10":0.0000831972,"11":0.0001040184,"12":0.0000813267,"13":0.0000802248,"14":0.0000759991,"15":0.0000593387,"16":0.000053893,"17":0.0000240191,"18":0.0000110881,"19":0.0000098941},"CorrFact":{"0":1.46772,"1":1.444992,"2":1.454351,"3":1.471786,"4":1.447452,"5":1.457886,"6":1.4548,"7":1.34613,"8":1.342824,"9":1.337416,"10":1.334276,"11":1.334472,"12":1.34449,"13":1.374459,"14":1.371246,"15":1.379965,"16":1.370221,"17":2.155648,"18":1.41538,"19":1.6371},"CtsInSrc":{"0":15.0,"1":16.0,"2":15.0,"3":15.0,"4":15.0,"5":15.0,"6":28.0,"7":15.0,"8":15.0,"9":15.0,"10":15.0,"11":15.0,"12":16.0,"13":15.0,"14":15.0,"15":17.0,"16":15.0,"17":32.0,"18":17.0,"19":6.0},"BGInSrc":{"0":0.162579,"1":0.22511,"2":0.137567,"3":0.237616,"4":0.262628,"5":0.312653,"6":0.625305,"7":0.229913,"8":0.274412,"9":0.185413,"10":0.148331,"11":0.19283,"12":0.200246,"13":0.249592,"14":0.461367,"15":0.499184,"16":0.646477,"17":1.28412,"18":1.17212,"19":0.50788},"Exposure":{"0":268.2838,"1":273.29872,"2":233.18158,"3":300.87936,"4":348.5183,"5":413.70826,"6":629.31318,"7":443.79646,"8":473.88488,"9":353.533,"10":398.6644,"11":363.5614,"12":473.85986,"13":541.58244,"14":777.27148,"15":1035.50078,"16":1308.82518,"17":3394.86962,"18":5473.4359,"19":3492.6689},"Sigma":{"0":329.051999,"1":297.308886,"2":358.320259,"3":270.805511,"4":257.150985,"5":234.882771,"6":309.558036,"7":357.685303,"8":326.41542,"9":399.501497,"10":447.774286,"11":391.547332,"12":409.984378,"13":339.49284,"14":246.117341,"15":268.544964,"16":203.490863,"17":376.689081,"18":260.798609,"19":4.277103},"SNR":{"0":3.830746,"1":3.943376,"2":3.837244,"3":3.811254,"4":3.804756,"5":3.791763,"6":5.172609,"7":3.813403,"8":3.801873,"9":3.824934,"10":3.834544,"11":3.823013,"12":3.949755,"13":3.808299,"14":3.753422,"15":4.001591,"16":3.705449,"17":5.429288,"18":3.838409,"19":2.549675}}