{"Time":{"0":395.818,"1":414.773,"2":457.874,"3":470.267,"4":478.842,"5":487.584,"6":494.868,"7":506.39,"8":522.678,"9":547.155,"10":601.821,"11":845.549,"12":915.77,"13":953.135,"14":994.055,"15":1035.626,"16":1076.783,"17":1165.181,"18":4774.802,"19":4988.827,"20":5282.928,"21":5457.283,"22":5626.879,"23":5873.437,"24":6063.27,"25":6383.007,"26":6729.23,"27":6966.462,"28":10557.152,"29":10800.985,"30":11156.846,"31":11467.453,"32":11720.393,"33":11989.501,"34":12302.279,"35":12657.16,"36":16380.893,"37":16674.651,"38":16898.915,"39":17457.827,"40":18368.925,"41":22382.08,"42":23370.079,"43":28046.015,"44":28704.28,"45":29728.337,"46":33929.011,"47":34730.1,"48":36318.807,"49":46623.852,"50":56316.367,"51":89876.584,"52":109208.491,"53":118419.155,"54":134211.309,"55":154283.25,"56":205775.786,"57":279662.035,"58":333975.418,"59":443071.589,"60":701790.54,"61":807768.664,"62":1096657.1240000001,"63":1542012.4879999999},"TimePos":{"0":8.134,"1":14.252,"2":8.761,"3":3.89,"4":5.344,"5":4.124,"6":4.362,"7":7.883,"8":9.147,"9":14.757,"10":87.963,"11":28.645,"12":21.107,"13":16.336,"14":23.055,"15":19.094,"16":28.083,"17":162.314,"18":105.255,"19":129.422,"20":73.515,"21":79.686,"22":110.674,"23":77.237,"24":158.191,"25":124.287,"26":117.909,"27":164.667,"28":79.466,"29":194.177,"30":201.874,"31":114.417,"32":137.279,"33":138.961,"34":162.16,"35":181.475,"36":145.278,"37":122.309,"38":98.628,"39":570.218,"40":294.356,"41":368.16,"42":984.874,"43":252.879,"44":324.238,"45":537.154,"46":418.829,"47":363.221,"48":3187.797,"49":626.582,"50":8274.306,"51":9574.685,"52":1931.563,"53":3952.705,"54":5858.9,"55":8944.967,"56":37498.275,"57":33928.626,"58":19696.585,"59":111300.554,"60":39716.77,"61":32077.291,"62":171053.673,"63":291919.371},"TimeNeg":{"0":-9.417,"1":-10.821,"2":-28.849,"3":-3.632,"4":-4.685,"5":-3.398,"6":-3.16,"7":-7.161,"8":-8.405,"9":-15.331,"10":-39.909,"11":-41.56,"12":-41.576,"13":-16.259,"14":-24.584,"15":-18.515,"16":-22.063,"17":-60.315,"18":-110.373,"19":-108.771,"20":-164.678,"21":-100.84,"22":-89.91,"23":-135.884,"24":-112.597,"25":-161.545,"26":-105.241,"27":-119.323,"28":-111.088,"29":-164.366,"30":-161.684,"31":-108.733,"32":-138.524,"33":-131.828,"34":-173.818,"35":-192.721,"36":-155.597,"37":-148.479,"38":-101.956,"39":-460.284,"40":-224.936,"41":-368.985,"42":-619.839,"43":-248.58,"44":-405.386,"45":-699.819,"46":-350.912,"47":-266.111,"48":-1225.486,"49":-499.196,"50":-4429.321,"51":-8856.733,"52":-5046.184,"53":-3594.454,"54":-6663.609,"55":-9275.581,"56":-38198.587,"57":-31094.727,"58":-16048.295,"59":-84183.836,"60":-59501.873,"61":-61917.518,"62":-252615.035,"63":-130911.531},"Rate":{"0":4.137933,"1":2.576599,"2":1.840938,"3":8.937618,"4":11.58163,"5":9.109064,"6":9.146665,"7":4.851908,"8":4.118304,"9":2.179917,"10":0.9671736,"11":0.7439498,"12":0.9143616,"13":1.602568,"14":1.094497,"15":1.451716,"16":1.034777,"17":0.9686242,"18":0.08746278,"19":0.09417097,"20":0.08433083,"21":0.1402016,"22":0.09348458,"23":0.08862812,"24":0.06915653,"25":0.1172149,"26":0.09369545,"27":0.0734459,"28":0.09842518,"29":0.05128273,"30":0.05026126,"31":0.08275985,"32":0.06716761,"33":0.0679826,"34":0.0550821,"35":0.07674746,"36":0.06241996,"37":0.06976609,"38":0.09468516,"39":0.03514146,"40":0.068632,"41":0.02609869,"42":0.02064388,"43":0.0393586,"44":0.02665567,"45":0.02600057,"46":0.03662299,"47":0.03020139,"48":0.02360401,"49":0.02057893,"50":0.02019361,"51":0.02080291,"52":0.01087905,"53":0.008765423,"54":0.008102555,"55":0.005308064,"56":0.003165507,"57":0.003229854,"58":0.003092928,"59":0.001312894,"60":0.0007098904,"61":0.00109031,"62":0.0006663332,"63":0.0002254959},"RatePos":{"0":0.8886311,"1":0.5835656,"2":0.4035584,"3":2.001694,"4":1.959433,"5":1.999871,"6":1.995966,"7":1.038934,"8":0.8818486,"9":0.488999,"10":0.1579535,"11":0.1677037,"12":0.1952286,"13":0.3583451,"14":0.2467253,"15":0.3182559,"16":0.2340233,"17":0.1752904,"18":0.02282167,"19":0.02247072,"20":0.02148323,"21":0.03164817,"22":0.02449658,"23":0.02319936,"24":0.01814096,"25":0.02275653,"26":0.02306532,"27":0.01962074,"28":0.02560108,"29":0.0134957,"30":0.01336965,"31":0.02168667,"32":0.01758213,"33":0.01802522,"34":0.01458903,"35":0.01754876,"36":0.01643922,"37":0.01833532,"38":0.02475429,"39":0.006693588,"40":0.01397763,"41":0.00689311,"42":0.004401234,"43":0.01024695,"44":0.007087249,"45":0.005611397,"46":0.007906773,"47":0.007986678,"48":0.005535289,"49":0.005016011,"50":0.004517928,"51":0.004775266,"52":0.002498598,"53":0.001780919,"54":0.002084016,"55":0.001339706,"56":0.000842987,"57":0.0008927695,"58":0.0008478146,"59":0.0002989534,"60":0.0002193834,"61":0.0003034987,"62":0.0001525001,"63":0.0001219209},"RateNeg":{"0":-0.8886311,"1":-0.5835656,"2":-0.4035584,"3":-2.001694,"4":-1.959433,"5":-1.999871,"6":-1.995966,"7":-1.038934,"8":-0.8818486,"9":-0.488999,"10":-0.1579535,"11":-0.1677037,"12":-0.1952286,"13":-0.3583451,"14":-0.2467253,"15":-0.3182559,"16":-0.2340233,"17":-0.1752904,"18":-0.02282167,"19":-0.02247072,"20":-0.02148323,"21":-0.03164817,"22":-0.02449658,"23":-0.02319936,"24":-0.01814096,"25":-0.02275653,"26":-0.02306532,"27":-0.01962074,"28":-0.02560108,"29":-0.0134957,"30":-0.01336965,"31":-0.02168667,"32":-0.01758213,"33":-0.01802522,"34":-0.01458903,"35":-0.01754876,"36":-0.01643922,"37":-0.01833532,"38":-0.02475429,"39":-0.006693588,"40":-0.01397763,"41":-0.00689311,"42":-0.004401234,"43":-0.01024695,"44":-0.007087249,"45":-0.005611397,"46":-0.007906773,"47":-0.007986678,"48":-0.005535289,"49":-0.005016011,"50":-0.004517928,"51":-0.004775266,"52":-0.002498598,"53":-0.001780919,"54":-0.002084016,"55":-0.001339706,"56":-0.000842987,"57":-0.0008927695,"58":-0.0008478146,"59":-0.0002989534,"60":-0.0002193834,"61":-0.0003034987,"62":-0.0001525001,"63":-0.0000974356},"FracExp":{"0":1.0,"1":1.0,"2":1.0,"3":1.0,"4":1.0,"5":1.0,"6":1.0,"7":1.0,"8":1.0,"9":1.0,"10":1.0,"11":1.0,"12":1.0,"13":1.0,"14":1.0,"15":1.0,"16":1.0,"17":0.382912,"18":1.0,"19":1.0,"20":1.0,"21":1.0,"22":1.0,"23":1.0,"24":1.0,"25":1.0,"26":1.0,"27":0.874055,"28":1.0,"29":1.0,"30":1.0,"31":1.0,"32":1.0,"33":1.0,"34":1.0,"35":0.884471,"36":1.0,"37":1.0,"38":1.0,"39":1.0,"40":0.91255,"41":1.0,"42":0.928102,"43":1.0,"44":1.0,"45":0.930379,"46":1.0,"47":1.0,"48":0.234068,"49":1.0,"50":0.103619,"51":0.078084,"52":0.388434,"53":0.512944,"54":0.21464,"55":0.26407,"56":0.0945,"57":0.09505,"58":0.192897,"59":0.12499,"60":0.272036,"61":0.215933,"62":0.128594,"63":0.123316},"BGrate":{"0":0.008918377,"1":0.009988594,"2":0.002497146,"3":0.004161921,"4":0.003121428,"5":0.01664768,"6":0.0,"7":0.006242864,"8":0.005351029,"9":0.002080956,"10":0.001958557,"11":0.002260185,"12":0.0005062813,"13":0.0,"14":0.003330798,"15":0.002531404,"16":0.004429964,"17":0.008562196,"18":0.0007225836,"19":0.0009157797,"20":0.001242844,"21":0.001035703,"22":0.001087488,"23":0.000950409,"24":0.0008630851,"25":0.0008176599,"26":0.001117162,"27":0.002008637,"28":0.0005730353,"29":0.0007831295,"30":0.001201398,"31":0.0009786668,"32":0.0007352707,"33":0.001440167,"34":0.001114302,"35":0.002875085,"36":0.0009705805,"37":0.0009649045,"38":0.000919497,"39":0.0007009935,"40":0.003113636,"41":0.0004540122,"42":0.00103486,"43":0.000245898,"44":0.0005915072,"45":0.0006734812,"46":0.0003553173,"47":0.0005607636,"48":0.0003975632,"49":0.0005253051,"50":0.0003915066,"51":0.00035831,"52":0.0001944519,"53":0.0002327292,"54":0.0001663865,"55":0.00013774,"56":0.000136719,"57":0.000159667,"58":0.0001261441,"59":0.0001016318,"60":0.0000913474,"61":0.0000802472,"62":0.0000787882,"63":0.000052863},"BGerr":{"0":0.003988419,"1":0.003531501,"2":0.001441728,"3":0.004161921,"4":0.003121428,"5":0.008323841,"6":0.0,"7":0.003604319,"8":0.003089418,"9":0.001471458,"10":0.0006924544,"11":0.001010786,"12":0.0005062813,"13":0.0,"14":0.001489578,"15":0.001461507,"16":0.001674369,"17":0.001785341,"18":0.000228501,"19":0.0002447524,"20":0.0002851279,"21":0.0002989817,"22":0.0002906433,"23":0.000263596,"24":0.0002228476,"25":0.0002111189,"26":0.0002792904,