{"Time":{"0":233.725,"1":263.497,"2":292.12,"3":307.844,"4":328.753,"5":349.492,"6":369.018,"7":381.692,"8":399.309,"9":422.279,"10":449.184,"11":478.843,"12":508.206,"13":538.324,"14":582.354,"15":646.723,"16":796.219,"17":903.825,"18":1027.056,"19":1168.393,"20":1330.822,"21":1431.745,"22":1541.812,"23":1676.014,"24":5142.423,"25":5353.687,"26":5570.161,"27":5768.787,"28":6064.784,"29":6277.277,"30":6474.275,"31":6706.605,"32":6990.672,"33":7346.58,"34":11009.494,"35":11409.421,"36":11839.03,"37":12344.855,"38":12931.407,"39":16893.088,"40":18762.123,"41":32244.769,"42":50031.833,"43":115698.562},"TimePos":{"0":8.705,"1":19.05,"2":7.978,"3":7.298,"4":11.462,"5":8.274,"6":6.3,"7":6.162,"8":11.111,"9":13.214,"10":13.89,"11":14.319,"12":12.536,"13":22.536,"14":21.13,"15":52.039,"16":50.475,"17":50.684,"18":75.384,"19":94.516,"20":47.424,"21":56.824,"22":49.557,"23":100.883,"24":96.074,"25":102.947,"26":87.059,"27":166.745,"28":139.03,"29":64.441,"30":145.755,"31":93.953,"32":168.433,"33":208.662,"34":256.581,"35":175.084,"36":229.387,"37":257.623,"38":403.188,"39":449.201,"40":3916.526,"41":4208.533,"42":25724.322,"43":104478.042},"TimeNeg":{"0":-8.846,"1":-21.067,"2":-9.573,"3":-7.746,"4":-13.611,"5":-9.277,"6":-11.251,"7":-6.374,"8":-11.455,"9":-11.859,"10":-13.69,"11":-15.769,"12":-15.044,"13":-17.582,"14":-21.494,"15":-43.239,"16":-97.457,"17":-57.131,"18":-72.548,"19":-65.953,"20":-67.913,"21":-53.498,"22":-53.243,"23":-84.646,"24":-71.916,"25":-115.19,"26":-113.527,"27":-111.567,"28":-129.253,"29":-73.462,"30":-132.558,"31":-86.575,"32":-190.114,"33":-187.475,"34":-202.258,"35":-143.346,"36":-254.525,"37":-276.437,"38":-328.929,"39":-308.009,"40":-1419.834,"41":-4102.232,"42":-10329.345,"43":-35172.267},"Rate":{"0":4.065166,"1":1.845664,"2":4.227929,"3":4.661941,"4":3.095328,"5":4.655535,"6":5.089596,"7":5.676795,"8":3.321661,"9":2.845552,"10":2.52564,"11":2.48087,"12":2.697294,"13":1.768327,"14":1.840839,"15":0.7423642,"16":0.498225,"17":0.657071,"18":0.4754199,"19":0.4392031,"20":0.6184835,"21":0.6485473,"22":0.6865141,"23":0.5786777,"24":0.1711994,"25":0.1374593,"26":0.1571823,"27":0.09131423,"28":0.08205736,"29":0.2296023,"30":0.1074573,"31":0.1655433,"32":0.06199922,"33":0.1464581,"34":0.04466334,"35":0.06505677,"36":0.04268754,"37":0.03870329,"38":0.03721439,"39":0.02584362,"40":0.01632913,"41":0.009290546,"42":0.00397534,"43":0.001268143},"RatePos":{"0":0.9127462,"1":0.4059312,"2":0.9238139,"3":1.051072,"4":0.6640569,"5":0.9719029,"6":1.017919,"7":1.276357,"8":0.7276913,"9":0.6371567,"10":0.5694259,"11":0.5427851,"12":0.5893661,"13":0.3986835,"14":0.3939385,"15":0.1680676,"16":0.1104488,"17":0.1477343,"18":0.1082324,"19":0.1005475,"20":0.1400216,"21":0.1462202,"22":0.1560719,"23":0.1070184,"24":0.0385165,"25":0.03101029,"26":0.03441115,"27":0.0223611,"28":0.02161723,"29":0.0502983,"30":0.02419229,"31":0.03719322,"32":0.0162581,"33":0.02362466,"34":0.01164331,"35":0.01701153,"36":0.01116795,"37":0.01011527,"38":0.008432746,"39":0.006820608,"40":0.003509951,"41":0.002243232,"42":0.001077304,"43":0.0003507987},"RateNeg":{"0":-0.9127462,"1":-0.4059312,"2":-0.9238139,"3":-1.051072,"4":-0.6640569,"5":-0.9719029,"6":-1.017919,"7":-1.276357,"8":-0.7276913,"9":-0.6371567,"10":-0.5694259,"11":-0.5427851,"12":-0.5893661,"13":-0.3986835,"14":-0.3939385,"15":-0.1680676,"16":-0.1104488,"17":-0.1477343,"18":-0.1082324,"19":-0.1005475,"20":-0.1400216,"21":-0.1462202,"22":-0.1560719,"23":-0.1070184,"24":-0.0385165,"25":-0.03101029,"26":-0.03441115,"27":-0.0223611,"28":-0.02161723,"29":-0.0502983,"30":-0.02419229,"31":-0.03719322,"32":-0.0162581,"33":-0.02362466,"34":-0.01164331,"35":-0.01701153,"36":-0.01116795,"37":-0.01011527,"38":-0.008432746,"39":-0.006820608,"40":-0.003509951,"41":-0.002243232,"42":-0.001077304,"43":-0.0003507987},"FracExp":{"0":1.0,"1":1.0,"2":1.0,"3":1.0,"4":1.0,"5":1.0,"6":1.0,"7":1.0,"8":1.0,"9":1.0,"10":1.0,"11":1.0,"12":1.0,"13":1.0,"14":1.0,"15":1.0,"16":1.0,"17":1.0,"18":1.0,"19":1.0,"20":1.0,"21":1.0,"22":1.0,"23":1.0,"24":1.0,"25":1.0,"26":1.0,"27":1.0,"28":1.0,"29":1.0,"30":1.0,"31":1.0,"32":1.0,"33":1.0,"34":1.0,"35":1.0,"36":1.0,"37":1.0,"38":1.0,"39":1.0,"40":0.340642,"41":0.359015,"42":0.145068,"43":0.126828},"BGrate":{"0":0.004616467,"1":0.004039408,"2":0.00153882,"3":0.01077175,"4":0.005385875,"5":0.001538827,"6":0.0,"7":0.008617373,"8":0.00359059,"9":0.001077175,"10":0.0058755,"11":0.001795291,"12":0.0009792514,"13":0.004039406,"14":0.001900897,"15":0.002551204,"16":0.002190863,"17":0.001002023,"18":0.002373435,"19":0.002861242,"20":0.002107514,"21":0.001468873,"22":0.003152703,"23":0.002038043,"24":0.0007220143,"25":0.0008031601,"26":0.000335937,"27":0.0005810803,"28":0.001105138,"29":0.0005863624,"30":0.000484233,"31":0.0005225679,"32":0.0006389839,"33":0.0007144328,"34":0.0003113098,"35":0.0005902369,"36":0.0004039298,"37":0.0003378478,"38":0.0003594073,"39":0.0004276972,"40":0.000377411,"41":0.0003166625,"42":0.0001352491,"43":0.0000868695},"BGerr":{"0":0.002665319,"1":0.001649082,"2":0.00153882,"3":0.004397549,"4":0.002408637,"5":0.001538827,"6":0.0,"7":0.004308686,"8":0.002073028,"9":0.001077175,"10":0.002398663,"11":0.001269462,"12":0.0009792514,"13":0.001649081,"14":0.001097483,"15":0.0008504013,"16":0.0006324477,"17":0.0005010114,"18":0.0006582724,"19":0.0006939532,"20":0.0007025047,"21":0.0005996649,"22":0.000910107,"23":0.00054469,"24":0.0002406714,"25":0.0002227565,"26":0.0001502356,"27":0.0001677434,"28":0.0002356162,"29":0.0002393815,"30":0.0001531279,"31":0.0001975121,"32":0.0001549763,"33":0.000155902,"34":0.0000714194,"35":0.0001180474,"36":0.0000792172,"37":0.0000689629,"38":0.0000607509,"39":0.0000659951,"40":0.0000402322,"41":0.0000238693,"42":0.0000087122,"43":0.0000030751},"CorrFact":{"0":3.581944,"1":3.553261,"2":3.538145,"3":3.535339,"4":3.549505,"5":3.556791,"6":3.573149,"7":3.577722,"8":3.583162,"9":3.572178,"10":3.511374,"11":3.563646,"12":3.54707,"13":3.575984,"14":3.579762,"15":3.580066,"16":3.564701,"17":3.561336,"18":3.579326,"19":3.606717,"20":3.610578,"21":3.606682,"22":3.586816,"23":3.624388,"24":1.446765,"25":1.512494,"26":1.50619,"27":1.509292,"28":1.497235,"29":1.513578,"30":1.50548,"31":1.501335,"32":1.504963,"33":1.498501,"34":1.379354,"35":1.398591,"36":1.395319,"37":1.394768,"38":1.380427,"39":1.333391,"40":1.330239,"41":1.535298,"42":1.454732,"43":1.553155},"CtsInSrc":{"0":20.0,"1":21.0,"2":21.0,"3":20.0,"4":22.0,"5":23.0,"6":25.0,"7":20.0,"8":21.0,"9":20.0,"10":20.0,"11":21.0,"12":21.0,"13":20.0,"14":22.0,"15":20.0,"16":21.0,"17":20.0,"18":20.0,"19":20.0,"20":20.0,"21":20.0,"22":20.0,"23":30.0,"24":20.0,"25":20.0,"26":21.0,"27":17.0,"28":15.0,"29":21.0,"30":20.0,"31":20.0,"32":15.0,"33":39.0,"34":15.0,"35":15.0,"36":15.0,"37":15.0,"38":20.0,"39":15.0,"40":23.0,"41":19.0,"42":15.0,"43":16.0},"BGInSrc":{"0":0.081025,"1":0.162049,"2":0.027008,"3":0.162049,"4":0.135041,"5":0.027008,"6":0.0,"7":0.108033,"8":0.081025,"9":0.027008,"10":0.162049,"11":0.054016,"12":0.027008,"13":0.162049,"14":0.081025,"15":0.243074,"16":0.324099,"17":0.108033,"18":0.351107,"19":0.45914,"20":0.243074,"21":0.162049,"22":0.324099,"23":0.378115,"24":0.121291,"25":0.175199,"26":0.067384,"27":0.161722,"28":0.29649,"29":0.080861,"30":0.134768,"31":0.094338,"32":0.229106,"33":0.283013,"34":0.142841,"35":0.187949,"36":0.195467,"37":0.180431,"38":0.263128,"39":0.323857,"40":0.686053,"41":0.944822,"42":0.707384,"43":1.538595},"Exposure":{"0":17.551228,"1":40.1171,"2":17.55126,"3":15.04392,"4":25.0732,"5":17.55118,"6":17.55124,"7":12.53664,"8":22.56584,"9":25.0732,"10":27.58052,"11":30.08786,"12":27.58048,"13":40.11712,"14":42.62444,"15":95.27816,"16":147.93196,"17":107.81482,"18":147.93198,"19":160.4687,"20":115.33684,"21":110.32224,"22":102.80026,"23":185.528512,"24":167.990228,"25":218.1366,"26":200.58548,"27":278.31232,"28":268.2832,"29":137.9026,"30":278.31262,"31":180.5272,"32":358.54722,"33":396.136832,"34":458.8391,"35":318.4295,"36":483.91278,"37":534.05958,"38":732.11744,"39":757.20986,