{"Time":{"0":104143.285,"1":605448.258},"TimePos":{"0":15992.062,"1":9045.465},"TimeNeg":{"0":-13003.484,"1":-72253.656},"Rate":{"0":0.007094005,"1":0.001624417},"RatePos":{"0":0.001496695,"1":0.0008525864},"RateNeg":{"0":-0.001496695,"1":-0.0006466448},"FracExp":{"0":0.164556,"1":0.05687},"BGrate":{"0":0.0002720391,"1":0.0001273172},"BGerr":{"0":0.0000169364,"1":0.0000091645},"CorrFact":{"0":1.428077,"1":1.387993},"CtsInSrc":{"0":25.0,"1":6.0},"BGInSrc":{"0":1.298005,"1":0.588646},"Exposure":{"0":4771.3919,"1":4623.4612},"Sigma":{"0":293.304213,"1":4.09094},"SNR":{"0":4.73978,"1":2.512071}}