{"Time":{"0":372.598,"1":391.916,"2":411.329,"3":435.441,"4":462.877,"5":488.497,"6":526.994,"7":563.225,"8":609.655,"9":660.063,"10":719.774,"11":788.506,"12":894.907,"13":4379.507,"14":4641.111,"15":4866.321,"16":5106.427,"17":5355.913,"18":5653.805,"19":5957.495,"20":6217.629,"21":6479.205,"22":10054.198,"23":10733.642,"24":11252.804,"25":11900.392,"26":16029.575,"27":17055.289},"TimePos":{"0":11.451,"1":9.684,"2":7.822,"3":13.798,"4":8.928,"5":15.903,"6":15.016,"7":16.394,"8":22.618,"9":27.372,"10":32.851,"11":39.339,"12":68.327,"13":103.935,"14":103.092,"15":146.165,"16":111.659,"17":85.325,"18":153.502,"19":120.603,"20":103.68,"21":218.182,"22":272.246,"23":355.027,"24":206.949,"25":532.181,"26":341.595,"27":1113.609},"TimeNeg":{"0":-8.608,"1":-7.867,"2":-9.73,"3":-16.29,"4":-13.638,"5":-16.692,"6":-22.594,"7":-21.216,"8":-30.036,"9":-27.789,"10":-32.339,"11":-35.881,"12":-67.063,"13":-111.695,"14":-157.669,"15":-122.118,"16":-93.941,"17":-137.826,"18":-212.567,"19":-150.187,"20":-139.531,"21":-157.896,"22":-131.433,"23":-407.199,"24":-164.135,"25":-440.639,"26":-370.483,"27":-684.12},"Rate":{"0":4.06259,"1":4.815324,"2":5.574279,"3":3.209739,"4":3.947313,"5":2.576269,"6":2.224038,"7":2.322717,"8":1.587724,"9":1.530567,"10":1.296485,"11":1.118657,"12":0.6103279,"13":0.1289459,"14":0.07583989,"15":0.09881801,"16":0.09623504,"17":0.08804979,"18":0.05722524,"19":0.07160337,"20":0.0822773,"21":0.08071447,"22":0.0478579,"23":0.02510386,"24":0.05192508,"25":0.02634051,"26":0.02650271,"27":0.01351005},"RatePos":{"0":0.9109849,"1":1.081301,"2":1.163741,"3":0.6725667,"4":0.8648491,"5":0.5776962,"6":0.5036841,"7":0.5082198,"8":0.3580469,"9":0.3456474,"10":0.2932012,"11":0.2529852,"12":0.1402189,"13":0.02829767,"14":0.01985573,"15":0.02231076,"16":0.02507015,"17":0.02296064,"18":0.01448023,"19":0.0188786,"20":0.02149815,"21":0.0170604,"22":0.01253631,"23":0.006597207,"24":0.0135725,"25":0.005985109,"26":0.006995237,"27":0.00319235},"RateNeg":{"0":-0.9109849,"1":-1.081301,"2":-1.163741,"3":-0.6725667,"4":-0.8648491,"5":-0.5776962,"6":-0.5036841,"7":-0.5082198,"8":-0.3580469,"9":-0.3456474,"10":-0.2932012,"11":-0.2529852,"12":-0.1402189,"13":-0.02829767,"14":-0.01985573,"15":-0.02231076,"16":-0.02507015,"17":-0.02296064,"18":-0.01448023,"19":-0.0188786,"20":-0.02149815,"21":-0.0170604,"22":-0.01253631,"23":-0.006597207,"24":-0.0135725,"25":-0.005985109,"26":-0.006995237,"27":-0.00319235},"FracExp":{"0":1.0,"1":1.0,"2":1.0,"3":1.0,"4":1.0,"5":1.0,"6":1.0,"7":1.0,"8":1.0,"9":1.0,"10":1.0,"11":1.0,"12":1.0,"13":1.0,"14":1.0,"15":1.0,"16":1.0,"17":1.0,"18":1.0,"19":1.0,"20":1.0,"21":1.0,"22":1.0,"23":1.0,"24":1.0,"25":1.0,"26":1.0,"27":1.0},"BGrate":{"0":0.00276613,"1":0.004741928,"2":0.001580644,"3":0.003688167,"4":0.003688164,"5":0.001702232,"6":0.0066387,"7":0.001475267,"8":0.003161283,"9":0.003520522,"10":0.003404461,"11":0.002950533,"12":0.003893238,"13":0.0005445061,"14":0.0007879624,"15":0.0007111647,"16":0.0006424497,"17":0.0006576887,"18":0.0005211956,"19":0.001138166,"20":0.0007241348,"21":0.0008195244,"22":0.0005298307,"23":0.0003429565,"24":0.0004909808,"25":0.0003257138,"26":0.0004566148,"27":0.000594949},"BGerr":{"0":0.001955949,"1":0.002737753,"2":0.001580644,"3":0.001844083,"4":0.002129363,"5":0.00120366,"6":0.0022129,"7":0.001043172,"8":0.001290588,"9":0.001330632,"10":0.001203659,"11":0.001043171,"12":0.0008931699,"13":0.000192512,"14":0.0002105918,"15":0.0001972416,"16":0.0002141499,"17":0.0002079794,"18":0.0001445536,"19":0.0002483682,"20":0.0002090397,"21":0.0001788349,"22":0.000101966,"23":0.0000597011,"24":0.0001023766,"25":0.0000514999,"26":0.0000740727,"27":0.0000532139},"CorrFact":{"0":4.085821,"1":4.243413,"2":4.25886,"3":4.21924,"4":4.258535,"5":4.210381,"6":4.235162,"7":4.170881,"8":4.215073,"9":4.262783,"10":4.273345,"11":4.254467,"12":4.243438,"13":1.331468,"14":1.336717,"15":1.338328,"16":1.330782,"17":1.32284,"18":1.325075,"19":1.319753,"20":1.349896,"21":1.337705,"22":1.306576,"23":1.298279,"24":1.300365,"25":1.301854,"26":1.286009,"27":1.282982},"CtsInSrc":{"0":20.0,"1":20.0,"2":23.0,"3":23.0,"4":21.0,"5":20.0,"6":20.0,"7":21.0,"8":20.0,"9":20.0,"10":20.0,"11":20.0,"12":20.0,"13":21.0,"14":15.0,"15":20.0,"16":15.0,"17":15.0,"18":16.0,"19":15.0,"20":15.0,"21":23.0,"22":15.0,"23":15.0,"24":15.0,"25":20.0,"26":15.0,"27":20.0},"BGInSrc":{"0":0.055485,"1":0.083227,"2":0.027742,"3":0.110969,"4":0.083227,"5":0.055485,"6":0.249681,"7":0.055485,"8":0.166454,"9":0.194196,"10":0.221938,"11":0.221938,"12":0.527104,"13":0.117411,"14":0.20547,"15":0.190794,"16":0.132088,"17":0.146764,"18":0.190794,"19":0.308205,"20":0.176117,"21":0.308205,"22":0.213881,"23":0.26141,"24":0.182195,"25":0.316861,"26":0.325145,"27":1.069557},"Exposure":{"0":20.058568,"1":17.55128,"2":17.55126,"3":30.0879,"4":22.56594,"5":32.5952,"6":37.60988,"7":37.60986,"8":52.65388,"9":55.16116,"10":65.19046,"11":75.21976,"12":135.389552,"13":215.6292,"14":260.76116,"15":268.28324,"16":205.6003,"17":223.1516,"18":366.06904,"19":270.79088,"20":243.21042,"21":376.07786,"22":403.67818,"23":762.22556,"24":371.08374,"25":972.81982,"26":712.07806,"27":1797.72924},"Sigma":{"0":508.353759,"1":414.491755,"2":828.058897,"3":412.529448,"4":435.302946,"5":508.353759,"6":237.306927,"7":533.842157,"8":291.865186,"9":269.836691,"10":252.055559,"11":252.055559,"12":161.031671,"13":503.059057,"14":269.411909,"15":374.347585,"16":337.682353,"17":320.037381,"18":298.756958,"19":218.446377,"20":291.575471,"21":337.395152,"22":359.222638,"23":323.884636,"24":390.041971,"25":392.876229,"26":278.219781,"27":197.884492},"SNR":{"0":4.459558,"1":4.453269,"2":4.789967,"3":4.772373,"4":4.564163,"5":4.459558,"6":4.415541,"7":4.5703,"8":4.434404,"9":4.428116,"10":4.421828,"11":4.421828,"12":4.352681,"13":4.556767,"14":3.819547,"15":4.429163,"16":3.83863,"17":3.834814,"18":3.951956,"19":3.792833,"20":3.82718,"21":4.731101,"22":3.817544,"23":3.805225,"24":3.825757,"25":4.401008,"26":3.78868,"27":4.232008}}