{"Time":{"0":165.501,"1":199.092,"2":254.746,"3":343.527,"4":376.746,"5":392.597,"6":412.238,"7":433.586,"8":453.284,"9":473.154,"10":515.46,"11":555.847,"12":602.972,"13":667.176,"14":818.021,"15":1003.683,"16":4572.768,"17":4776.538,"18":5045.093,"19":6413.51,"20":10201.364,"21":10448.1,"22":10688.451,"23":10919.676,"24":11148.861,"25":11571.408,"26":21655.091,"27":21924.959,"28":27415.023,"29":27700.517,"30":28342.953,"31":33757.613,"32":34061.749,"33":44831.754,"34":50299.666,"35":50859.047,"36":57610.47,"37":62142.582,"38":72155.885,"39":113471.884,"40":145903.503,"41":217763.441,"42":326166.742},"TimePos":{"0":14.12,"1":20.646,"2":37.704,"3":26.65,"4":8.475,"5":7.668,"6":10.593,"7":14.318,"8":7.156,"9":14.867,"10":17.693,"11":24.946,"12":25.459,"13":41.49,"14":103.767,"15":88.602,"16":106.38,"17":108.21,"18":158.079,"19":373.174,"20":131.234,"21":102.634,"22":123.045,"23":97.42,"24":146.548,"25":255.538,"26":88.565,"27":159.689,"28":98.614,"29":279.476,"30":142.232,"31":142.782,"32":189.665,"33":352.958,"34":238.744,"35":386.419,"36":4097.399,"37":490.479,"38":13211.144,"39":6516.15,"40":8807.995,"41":21929.644,"42":91560.132},"TimeNeg":{"0":-13.461,"1":-19.471,"2":-35.008,"3":-51.077,"4":-6.569,"5":-7.375,"6":-11.973,"7":-10.755,"8":-5.38,"9":-12.713,"10":-27.439,"11":-22.694,"12":-22.18,"13":-38.745,"14":-109.356,"15":-81.895,"16":-126.8,"17":-97.39,"18":-160.345,"19":-261.173,"20":-101.947,"21":-115.503,"22":-137.716,"23":-108.18,"24":-131.765,"25":-275.999,"26":-101.991,"27":-181.303,"28":-154.625,"29":-186.88,"30":-174.512,"31":-145.56,"32":-161.354,"33":-406.754,"34":-144.876,"35":-320.637,"36":-1741.371,"37":-434.713,"38":-4882.83,"39":-6195.247,"40":-10027.265,"41":-24753.606,"42":-23506.49},"Rate":{"0":2.109258,"1":1.396984,"2":0.7623837,"3":0.7503099,"4":4.279157,"5":3.696722,"6":2.454225,"7":2.494732,"8":4.453587,"9":2.039782,"10":1.215594,"11":1.218149,"12":1.1762,"13":0.6994103,"14":0.2561461,"15":0.2033525,"16":0.08262964,"17":0.08978598,"18":0.07958878,"19":0.05307605,"20":0.07930257,"21":0.08540041,"22":0.0707141,"23":0.0914051,"24":0.06798737,"25":0.0486603,"26":0.1243749,"27":0.1123967,"28":0.07294934,"29":0.08529224,"30":0.09126469,"31":0.06712521,"32":0.05445895,"33":0.04380822,"34":0.05082377,"35":0.04956633,"36":0.02482576,"37":0.03470788,"38":0.02304251,"39":0.005287648,"40":0.004443383,"41":0.003704167,"42":0.0008307094},"RatePos":{"0":0.4627268,"1":0.3150008,"2":0.1714268,"3":0.1652616,"4":0.8933451,"5":0.8289154,"6":0.5510783,"7":0.5366225,"8":1.00002,"9":0.4586579,"10":0.2737164,"11":0.2665272,"12":0.2641071,"13":0.1570475,"14":0.05908114,"15":0.042666,"16":0.0212306,"17":0.02350952,"18":0.01783579,"19":0.01072297,"20":0.0208581,"21":0.02234279,"22":0.0186489,"23":0.02391376,"24":0.01781863,"25":0.01086231,"26":0.02877593,"27":0.02033528,"28":0.01928674,"29":0.01536947,"30":0.02117834,"31":0.01767882,"32":0.01435596,"33":0.008745565,"34":0.01333177,"35":0.009699033,"36":0.006642351,"37":0.007182869,"38":0.003945753,"39":0.001713458,"40":0.001279329,"41":0.0009930357,"42":0.0004959798},"RateNeg":{"0":-0.4627268,"1":-0.3150008,"2":-0.1714268,"3":-0.1652616,"4":-0.8933451,"5":-0.8289154,"6":-0.5510783,"7":-0.5366225,"8":-1.00002,"9":-0.4586579,"10":-0.2737164,"11":-0.2665272,"12":-0.2641071,"13":-0.1570475,"14":-0.05908114,"15":-0.042666,"16":-0.0212306,"17":-0.02350952,"18":-0.01783579,"19":-0.01072297,"20":-0.0208581,"21":-0.02234279,"22":-0.0186489,"23":-0.02391376,"24":-0.01781863,"25":-0.01086231,"26":-0.02877593,"27":-0.02033528,"28":-0.01928674,"29":-0.01536947,"30":-0.02117834,"31":-0.01767882,"32":-0.01435596,"33":-0.008745565,"34":-0.01333177,"35":-0.009699033,"36":-0.006642351,"37":-0.007182869,"38":-0.003945753,"39":-0.001713458,"40":-0.001279329,"41":-0.0009930357,"42":-0.000376134},"FracExp":{"0":1.0,"1":1.0,"2":1.0,"3":1.0,"4":1.0,"5":1.0,"6":1.0,"7":1.0,"8":1.0,"9":1.0,"10":1.0,"11":1.0,"12":1.0,"13":1.0,"14":1.0,"15":0.999959,"16":1.0,"17":1.0,"18":1.0,"19":1.0,"20":1.0,"21":1.0,"22":1.0,"23":1.0,"24":1.0,"25":1.0,"26":1.0,"27":1.0,"28":1.0,"29":1.0,"30":0.831165,"31":1.0,"32":1.0,"33":1.0,"34":1.0,"35":1.0,"36":0.138274,"37":1.0,"38":0.122081,"39":0.249716,"40":0.259446,"41":0.127021,"42":0.079119},"BGrate":{"0":0.003975511,"1":0.004099748,"2":0.001507952,"3":0.002468664,"4":0.001822114,"5":0.003644213,"6":0.003644219,"7":0.007652861,"8":0.006559611,"9":0.003975504,"10":0.003036851,"11":0.001150807,"12":0.00172621,"13":0.001024937,"14":0.002829632,"15":0.0008235177,"16":0.001839293,"17":0.001007047,"18":0.001718466,"19":0.0003947043,"20":0.001171464,"21":0.0008944669,"22":0.001197209,"23":0.0009490066,"24":0.0007945433,"25":0.0008809889,"26":0.003484258,"27":0.002129649,"28":0.00137701,"29":0.001294164,"30":0.0008151146,"31":0.001014937,"32":0.0008716057,"33":0.0006004118,"34":0.0006108313,"35":0.0006273158,"36":0.0006476509,"37":0.0009040368,"38":0.0006665865,"39":0.0009582287,"40":0.000911897,"41":0.0003659762,"42":0.0001367127},"BGerr":{"0":0.001987756,"1":0.001673715,"2":0.0007539761,"3":0.0009330672,"4":0.001822114,"5":0.002576848,"6":0.002103991,"7":0.00289251,"8":0.003787193,"9":0.001987752,"10":0.001358121,"11":0.0008137432,"12":0.0009966278,"13":0.0005917476,"14":0.0006032796,"15":0.0003682883,"16":0.0003415481,"17":0.0002691445,"18":0.0002825141,"19":0.000065784,"20":0.0002556344,"21":0.0002309504,"22":0.0002443793,"23":0.0002450324,"24":0.000192705,"25":0.0001468315,"26":0.0006159357,"27":0.0003599764,"28":0.0002700538,"29":0.0001929225,"30":0.0002037787,"31":0.0002163853,"32":0.0001817424,"33":0.0000817057,"34":0.0001154363,"35":0.0000861684,"36":0.000076862,"37":0.0000908591,"38":0.0000474923,"39":0.0000402774,"40":0.0000346401,"41":0.0000164494,"42":0.00000535},"CorrFact":{"0":2.784754,"1":2.825385,"2":2.787016,"3":2.802721,"4":2.802262,"5":2.78831,"6":2.780523,"7":2.868242,"8":2.803163,"9":2.828427,"10":2.762024,"11":2.770639,"12":2.813223,"13":2.817419,"14":2.814382,"15":1.516629,"16":1.237395,"17":1.247893,"18":1.239096,"19":1.36037,"20":1.255654,"21":1.258299,"22":1.255429,"23":1.269373,"24":1.280325,"25":1.259748,"26":1.225711,"27":1.225509,"28":1.260887,"29":1.266912,"30":1.279021,"31":1.316008,"32":1.300946,"33":1.302921,"34":1.320427,"35":1.319686,"36":1.384469,"37":1.32892,"38":1.432672,"39":1.403561,"40":1.396929,"41":1.387558,"42":1.590491},"CtsInSrc":{"0":21.0,"1":20.0,"2":20.0,"3":21.0,"4":23.0,"5":20.0,"6":20.0,"7":22.0,"8":20.0,"9":20.0,"10":20.0,"11":21.0,"12":20.0,"13":20.0,"14":20.0,"15":23.0,"16":16.0,"17":15.0,"18":21.0,"19":25.0,"20":15.0,"21":15.0,"22":15.0,"23":15.0,"24":15.0,"25":21.0,"26":20.0,"27":32.0,"28":15.0,"29":32.0,"30":19.0,"31":15.0,"32":15.0,"33":26.0,"34":15.0,"35":27.0,"36":15.0,"37":25.0,"38":37.0,"39":15.0,"40":20.0,"41":18.0,"42":6.0},"BGInSrc":{"0":0.109647,"1":0.16447,"2":0.109647,"3":0.191882,"4":0.027412,"5":0.054823,"6":0.082235,"7":0.191882,"8":0.082235,"9":0.109647,"10":0.137058,"11":0.054823,"12":0.082235,"13":0.082235,"14":0.603057,"15":0.140401,"16":0.428887,"17":0.207049,"18":0.547201,"19":0.250379,"20":0.273163,"21":0.195116,"22":0.312186,"23":0.195116,"24":0.221132,"25":0.468279,"26":0.663947,"27":0.726192,"28":0.348713,"29":0.603541,"30":0.214592,"31":0.292649,"32":0.305951,"33":0.45614,"34":0.234327,"35":0.443547,"36":0.522882,"37":0.836408,"38":1.472444,"39":3.04165,"40":4.456192,"41":2.170153,"42":1.244634},"Exposure":{"0":27.580549,"1":40.11714,"2":72.71238,"3":77.72702,"4":15.0439,"5":15.04396,"6":22.5659,"7":25.07322,"8":12.53658,"9":27.5806,"10":45.13178,"11":47.6391,"12":47.6391,"13":80.2343,"14":213.12216,"15":170.489812,"16":233.18048,"17":205.60018,"18":318.42394,"19":634.3469,"20":233.180548,"21":218.1368,"22":260.76136,"23":205.60042,"24":278.3129,"25":531.537672,"26":190.5562,"27":340.9914,"28":253.23902,"29":466.35608,"30":263.2665,"31":288.3417,"32":351.0198,"33":759.7119,"34":383.61962,"35":707.05588,"36":807.35174,"37":925.19256,"38":2208.9313,"39":3174.2418,"40":4886.7277,"41":5929.7645,"42":9104.0063},