{"Time":{"0":506.66,"1":803.211,"2":5054.859,"3":11356.071,"4":17074.902,"5":32508.85},"TimePos":{"0":98.98,"1":236.192,"2":1746.045,"3":1195.207,"4":1247.117,"5":3073.131},"TimeNeg":{"0":-129.185,"1":-197.57,"2":-853.433,"3":-1416.021,"4":-1302.807,"5":-5279.034},"Rate":{"0":0.1064797,"1":0.08709813,"2":0.02506153,"3":0.01399824,"4":0.00857655,"5":0.005955406},"RatePos":{"0":0.02426926,"1":0.01593538,"2":0.005537974,"3":0.003560768,"4":0.002257289,"5":0.001393805},"RateNeg":{"0":-0.02426926,"1":-0.01593538,"2":-0.005537974,"3":-0.003560768,"4":-0.002257289,"5":-0.001393805},"FracExp":{"0":1.0,"1":1.0,"2":0.425362,"3":0.579961,"4":1.0,"5":0.563471},"BGrate":{"0":0.001648573,"1":0.001300759,"2":0.0006972182,"3":0.0005203077,"4":0.0005219977,"5":0.0003011161},"BGerr":{"0":0.0003233118,"1":0.0002082882,"2":0.0000722982,"3":0.0000533824,"4":0.0000328828,"5":0.0000158702},"CorrFact":{"0":1.238031,"1":1.241298,"2":1.305333,"3":1.307612,"4":1.395726,"5":1.431216},"CtsInSrc":{"0":20.0,"1":31.0,"2":22.0,"3":17.0,"4":17.0,"5":21.0},"BGInSrc":{"0":0.376147,"1":0.56422,"2":0.770928,"3":0.787959,"4":1.331054,"5":1.417113},"Exposure":{"0":228.16504,"1":433.76216,"2":1105.7193,"3":1514.4092,"4":2549.9241,"5":4706.2021},"Sigma":{"0":266.019579,"1":336.874486,"2":265.557689,"3":200.537674,"4":186.872001,"5":262.194376},"SNR":{"0":4.38743,"1":5.465708,"2":4.525396,"3":3.931242,"4":3.799492,"5":4.272769}}