{"Time":{"0":405.144,"1":436.992,"2":490.586,"3":3967.691,"4":4258.891,"5":4539.024,"6":4771.232,"7":5059.616,"8":5426.628,"9":5822.944,"10":6117.73,"11":10451.928,"12":27464.92,"13":34289.574,"14":39855.093,"15":45555.672,"16":52830.979,"17":57198.489,"18":63056.438,"19":68670.659,"20":184377.256,"21":408706.442,"22":469756.505},"TimePos":{"0":12.417,"1":15.671,"2":89.949,"3":145.55,"4":87.53,"5":108.276,"6":141.844,"7":149.323,"8":185.988,"9":103.085,"10":199.426,"11":5449.83,"12":1277.676,"13":711.021,"14":884.506,"15":919.622,"16":3861.345,"17":749.992,"18":630.599,"19":5319.32,"20":119406.088,"21":50776.909,"22":5805.671},"TimeNeg":{"0":-15.164,"1":-19.432,"2":-37.923,"3":-180.401,"4":-145.65,"5":-192.602,"6":-123.932,"7":-146.541,"8":-217.689,"9":-210.329,"10":-191.701,"11":-600.725,"12":-4575.218,"13":-502.513,"14":-1608.548,"15":-1567.828,"16":-1236.95,"17":-506.165,"18":-673.197,"19":-586.51,"20":-93433.864,"21":-25041.04,"22":-5866.484},"Rate":{"0":3.364469,"1":2.518631,"2":1.161336,"3":0.05832164,"4":0.08229441,"5":0.06430163,"6":0.07210797,"7":0.06563198,"8":0.04764152,"9":0.06203066,"10":0.04926226,"11":0.04888708,"12":0.02688777,"13":0.02230504,"14":0.02267399,"15":0.01787615,"16":0.03052527,"17":0.01658917,"18":0.01855338,"19":0.01489322,"20":0.004226248,"21":0.003786703,"22":0.001733972},"RatePos":{"0":0.7361406,"1":0.5663386,"2":0.2025045,"3":0.01536997,"4":0.02146578,"5":0.01672972,"6":0.01887311,"7":0.01707584,"8":0.01254454,"9":0.01612515,"10":0.01280595,"11":0.01103329,"12":0.005599973,"13":0.005230733,"14":0.005296473,"15":0.004486652,"16":0.007994833,"17":0.004262008,"18":0.004786646,"19":0.003813273,"20":0.0006737962,"21":0.001125457,"22":0.001025735},"RateNeg":{"0":-0.7361406,"1":-0.5663386,"2":-0.2025045,"3":-0.01536997,"4":-0.02146578,"5":-0.01672972,"6":-0.01887311,"7":-0.01707584,"8":-0.01254454,"9":-0.01612515,"10":-0.01280595,"11":-0.01103329,"12":-0.005599973,"13":-0.005230733,"14":-0.005296473,"15":-0.004486652,"16":-0.007994833,"17":-0.004262008,"18":-0.004786646,"19":-0.003813273,"20":-0.0006737962,"21":-0.001125457,"22":-0.0007569326},"FracExp":{"0":1.0,"1":1.0,"2":1.0,"3":1.0,"4":1.0,"5":1.0,"6":1.0,"7":1.0,"8":1.0,"9":1.0,"10":1.0,"11":0.095724,"12":0.261316,"13":1.0,"14":0.444526,"15":0.587652,"16":0.134259,"17":1.0,"18":1.0,"19":0.230953,"20":0.075146,"21":0.070175,"22":0.337037},"BGrate":{"0":0.001993018,"1":0.003131887,"2":0.0004298695,"3":0.0009265961,"4":0.0006476203,"5":0.0003764295,"6":0.0007575944,"7":0.0003828102,"8":0.0007170101,"9":0.0003212208,"10":0.0002573976,"11":0.0003174365,"12":0.0003115126,"13":0.0003387853,"14":0.0003052843,"15":0.0003900649,"16":0.0003092501,"17":0.0003415622,"18":0.0003788394,"19":0.0002757526,"20":0.0001494711,"21":0.0004770477,"22":0.0001394936},"BGerr":{"0":0.001409277,"1":0.001565944,"2":0.0003039636,"3":0.0001891406,"4":0.0001869519,"5":0.0001254765,"6":0.0001893986,"7":0.0001276034,"8":0.0001495069,"9":0.0001135687,"10":0.0000910038,"11":0.0000647964,"12":0.0000367121,"13":0.0000461028,"14":0.0000482697,"15":0.0000456536,"16":0.0000584428,"17":0.0000456432,"18":0.0000466319,"19":0.0000389973,"20":0.0000054984,"21":0.0000171582,"22":0.0000097665},"CorrFact":{"0":4.430333,"1":4.444925,"2":4.50758,"3":1.293376,"4":1.292308,"5":1.299609,"6":1.295019,"7":1.304388,"8":1.307346,"9":1.304842,"10":1.293197,"11":1.428871,"12":1.748187,"13":1.456135,"14":1.346498,"15":1.590435,"16":1.412895,"17":1.3383,"18":1.560022,"19":1.300184,"20":1.624512,"21":1.496606,"22":1.532546},"CtsInSrc":{"0":21.0,"1":20.0,"2":33.0,"3":15.0,"4":15.0,"5":15.0,"6":15.0,"7":15.0,"8":15.0,"9":15.0,"10":15.0,"11":20.0,"12":24.0,"13":19.0,"14":19.0,"15":17.0,"16":15.0,"17":16.0,"18":16.0,"19":16.0,"20":44.0,"21":16.0,"22":5.0},"BGInSrc":{"0":0.054968,"1":0.109937,"2":0.054968,"3":0.302025,"4":0.151013,"5":0.113259,"6":0.20135,"7":0.113259,"8":0.289441,"9":0.100675,"10":0.100675,"11":0.183855,"12":0.476444,"13":0.411127,"14":0.338324,"15":0.57018,"16":0.21168,"17":0.429056,"18":0.493929,"19":0.376119,"20":2.390651,"21":2.538128,"22":0.548761},"Exposure":{"0":27.58042,"1":35.10234,"2":127.87204,"3":325.95112,"4":233.18064,"5":300.87806,"6":265.7755,"7":295.86306,"8":403.67722,"9":313.4137,"10":391.1264,"11":579.1863,"12":1529.453,"13":1213.5332,"14":1108.2266,"15":1461.7559,"16":684.493188,"17":1256.157012,"18":1303.796,"19":1363.9712,"20":15994.0667,"21":5320.4906,"22":3933.9537},"Sigma":{"0":538.86976,"1":361.846154,"2":847.603459,"3":238.407648,"4":340.623431,"5":394.318059,"6":293.988544,"7":394.318059,"8":243.743795,"9":418.591014,"10":418.591014,"11":528.019192,"12":418.945396,"13":332.256683,"14":348.85716,"15":246.196871,"16":369.674021,"17":271.578418,"18":255.040363,"19":293.730497,"20":473.1479,"21":147.462545,"22":3.59546},"SNR":{"0":4.570416,"1":4.447217,"2":5.734863,"3":3.79452,"4":3.833749,"5":3.843557,"6":3.820672,"7":3.843557,"8":3.797789,"9":3.846827,"10":3.846827,"11":4.430869,"12":4.80141,"13":4.264229,"14":4.28096,"15":3.984295,"16":3.818124,"17":3.892336,"18":3.87607,"19":3.905625,"20":6.272294,"21":3.364592,"22":2.290787}}