{"Time":{"0":9794.714,"1":20043.709},"TimePos":{"0":870.733,"1":29182.547},"TimeNeg":{"0":-847.512,"1":-5311.895},"Rate":{"0":0.01530206,"1":0.003812913},"RatePos":{"0":0.005056747,"1":0.00133908},"RateNeg":{"0":-0.005056747,"1":-0.00133908},"FracExp":{"0":0.771928,"1":0.166599},"BGrate":{"0":0.00587134,"1":0.002630843},"BGerr":{"0":0.0001828554,"1":0.0000571248},"CorrFact":{"0":1.428046,"1":1.379727},"CtsInSrc":{"0":22.0,"1":31.0},"BGInSrc":{"0":7.787521,"1":15.118748},"Exposure":{"0":1326.3617,"1":5746.7316},"Sigma":{"0":58.600319,"1":48.377038},"SNR":{"0":3.026068,"1":2.847412}}