{"Time":{"0":3288.103,"1":3503.176,"2":3764.16,"3":4046.618,"4":4260.172,"5":4594.42,"6":9534.839,"7":17221.056,"8":27063.419,"9":32573.973,"10":33235.736,"11":42247.112,"12":82085.121,"13":96422.751},"TimePos":{"0":89.119,"1":117.256,"2":119.541,"3":95.338,"4":97.414,"5":297.208,"6":526.198,"7":4597.604,"8":685.044,"9":306.923,"10":500.143,"11":3199.861,"12":8808.565,"13":4501.631},"TimeNeg":{"0":-118.989,"1":-125.955,"2":-143.728,"3":-162.917,"4":-118.216,"5":-236.834,"6":-544.42,"7":-2638.899,"8":-811.815,"9":-334.953,"10":-354.84,"11":-4018.092,"12":-10071.549,"13":-1501.576},"Rate":{"0":0.09546628,"1":0.08093837,"2":0.0742682,"3":0.07587475,"4":0.09680506,"5":0.05077126,"6":0.02664531,"7":0.01547054,"8":0.01481056,"9":0.02952054,"10":0.0235409,"11":0.01228853,"12":0.007265703,"13":0.004977723},"RatePos":{"0":0.02481505,"1":0.02114538,"2":0.01941919,"3":0.01978906,"4":0.02443076,"5":0.0113085,"6":0.006243616,"7":0.003572721,"8":0.003728937,"9":0.007762558,"10":0.006005559,"11":0.00310517,"12":0.001720418,"13":0.002477517},"RateNeg":{"0":-0.02481505,"1":-0.02114538,"2":-0.01941919,"3":-0.01978906,"4":-0.02443076,"5":-0.0113085,"6":-0.006243616,"7":-0.003572721,"8":-0.003728937,"9":-0.007762558,"10":-0.006005559,"11":-0.00310517,"12":-0.001720418,"13":-0.001880609},"FracExp":{"0":1.0,"1":1.0,"2":1.0,"3":1.0,"4":1.0,"5":1.0,"6":0.927399,"7":0.402609,"8":1.0,"9":1.0,"10":1.0,"11":0.400865,"12":0.189109,"13":0.276073},"BGrate":{"0":0.000478532,"1":0.0007165631,"2":0.0007092508,"3":0.000578418,"4":0.0006927559,"5":0.0007925241,"6":0.0003993109,"7":0.0002174721,"8":0.0004152445,"9":0.0004209379,"10":0.0003734751,"11":0.0002355835,"12":0.0001653809,"13":0.0001787303},"BGerr":{"0":0.0001691866,"1":0.0001915095,"2":0.0001831278,"3":0.0001669749,"4":0.0001999814,"5":0.0001359168,"6":0.0000548496,"7":0.0000173012,"8":0.0000464258,"9":0.0000732759,"10":0.0000598039,"11":0.000018742,"12":0.0000122927,"13":0.0000195011},"CorrFact":{"0":1.333336,"1":1.327765,"2":1.319934,"3":1.319475,"4":1.316927,"5":1.3177,"6":1.42209,"7":2.327389,"8":1.353567,"9":1.286405,"10":1.283558,"11":2.178891,"12":1.409131,"13":1.446302},"CtsInSrc":{"0":15.0,"1":15.0,"2":15.0,"3":15.0,"4":16.0,"5":21.0,"6":19.0,"7":20.0,"8":17.0,"9":15.0,"10":16.0,"11":17.0,"12":19.0,"13":6.0},"BGInSrc":{"0":0.099586,"1":0.174276,"2":0.186724,"3":0.149379,"4":0.149379,"5":0.423241,"6":0.396472,"7":0.633601,"8":0.621562,"9":0.27019,"10":0.319315,"11":0.681643,"12":0.590475,"13":0.296214},"Exposure":{"0":208.10764,"1":243.21068,"2":263.26944,"3":258.25484,"4":215.63042,"5":534.04208,"6":992.8908,"7":2913.4826,"8":1496.8581,"9":641.8751,"10":854.983,"11":2893.4242,"12":3570.3952,"13":1657.3253},"Sigma":{"0":423.198694,"1":318.304576,"2":307.253236,"3":344.385587,"4":367.575566,"5":283.48396,"6":341.602108,"7":384.203629,"8":235.685546,"9":313.173936,"10":306.674843,"11":300.91782,"12":419.449962,"13":4.916082},"SNR":{"0":3.847111,"1":3.827709,"2":3.824475,"3":3.834176,"4":3.962425,"5":4.489654,"6":4.267609,"7":4.330183,"8":3.971791,"9":3.80294,"10":3.919851,"11":3.957441,"12":4.223221,"13":2.646868}}