{"Time":{"0":55188.86,"1":55309.204,"2":55587.478,"3":55768.509,"4":55979.117,"5":56209.827,"6":60888.611,"7":61090.623,"8":61299.734,"9":61864.059,"10":66688.426,"11":66934.57,"12":67148.021,"13":67351.739,"14":67697.976,"15":72524.109,"16":72783.324,"17":73170.672,"18":78228.744,"19":78463.743,"20":78754.771,"21":79113.583,"22":83937.579,"23":84154.67,"24":84582.825,"25":89947.132,"26":90443.841,"27":95793.459,"28":102672.096,"29":113210.387,"30":118996.847,"31":127462.907,"32":138993.576},"TimePos":{"0":59.692,"1":124.888,"2":76.126,"3":110.724,"4":88.164,"5":195.268,"6":97.229,"7":90.787,"8":129.897,"9":285.564,"10":111.108,"11":103.159,"12":97.814,"13":97.188,"14":179.876,"15":128.342,"16":144.931,"17":454.643,"18":125.015,"19":143.254,"20":92.928,"21":256.798,"22":63.944,"23":190.354,"24":502.952,"25":211.489,"26":376.801,"27":181.372,"28":4505.779,"29":516.04,"30":456.192,"31":3394.055,"32":3196.889},"TimeNeg":{"0":-80.717,"1":-60.653,"2":-153.386,"3":-104.905,"4":-99.884,"5":-142.547,"6":-143.472,"7":-104.783,"8":-118.324,"9":-234.289,"10":-117.057,"11":-135.036,"12":-110.292,"13":-105.904,"14":-249.049,"15":-172.534,"16":-130.873,"17":-242.417,"18":-140.759,"19":-109.984,"20":-147.774,"21":-265.885,"22":-66.436,"23":-153.148,"24":-237.802,"25":-289.973,"26":-285.221,"27":-231.687,"28":-1319.951,"29":-273.666,"30":-253.082,"31":-2910.195,"32":-2789.656},"Rate":{"0":0.1777832,"1":0.1319888,"2":0.1381718,"3":0.11439,"4":0.1320958,"5":0.1119617,"6":0.07917867,"7":0.1322103,"8":0.1246188,"9":0.1278317,"10":0.1115285,"11":0.08573889,"12":0.1221326,"13":0.1278398,"14":0.1497959,"15":0.06363289,"16":0.09820722,"17":0.07444679,"18":0.1040132,"19":0.08784037,"20":0.1154019,"21":0.07289401,"22":0.2099992,"23":0.05822441,"24":0.07477596,"25":0.04347308,"26":0.04675212,"27":0.06405727,"28":0.06349967,"29":0.04318776,"30":0.04354394,"31":0.03109098,"32":0.03181272},"RatePos":{"0":0.04001701,"1":0.03044891,"2":0.03220318,"3":0.02597743,"4":0.0297333,"5":0.02132593,"6":0.02062762,"7":0.02966223,"8":0.02560882,"9":0.02094304,"10":0.0251401,"11":0.02166999,"12":0.02758613,"13":0.02877812,"14":0.02710274,"15":0.01662178,"16":0.02156735,"17":0.01538419,"18":0.02346018,"19":0.02221778,"20":0.02602892,"21":0.01715382,"22":0.04717609,"23":0.01526273,"24":0.01493115,"25":0.01135805,"26":0.01184007,"27":0.01483938,"28":0.01440146,"29":0.01009532,"30":0.01099912,"31":0.006241298,"32":0.01091769},"RateNeg":{"0":-0.04001701,"1":-0.03044891,"2":-0.03220318,"3":-0.02597743,"4":-0.0297333,"5":-0.02132593,"6":-0.02062762,"7":-0.02966223,"8":-0.02560882,"9":-0.02094304,"10":-0.0251401,"11":-0.02166999,"12":-0.02758613,"13":-0.02877812,"14":-0.02710274,"15":-0.01662178,"16":-0.02156735,"17":-0.01538419,"18":-0.02346018,"19":-0.02221778,"20":-0.02602892,"21":-0.01715382,"22":-0.04717609,"23":-0.01526273,"24":-0.01493115,"25":-0.01135805,"26":-0.01184007,"27":-0.01483938,"28":-0.01440146,"29":-0.01009532,"30":-0.01099912,"31":-0.006241298,"32":-0.008912765},"FracExp":{"0":1.0,"1":1.0,"2":0.764713,"3":1.0,"4":1.0,"5":0.920338,"6":1.0,"7":1.0,"8":1.0,"9":0.742758,"10":1.0,"11":1.0,"12":1.0,"13":0.987643,"14":0.61378,"15":1.0,"16":1.0,"17":0.5899,"18":1.0,"19":1.0,"20":1.0,"21":0.685964,"22":1.0,"23":1.0,"24":0.626185,"25":1.0,"26":0.74989,"27":0.934792,"28":0.079191,"29":0.75247,"30":0.728215,"31":0.173802,"32":0.075807},"BGrate":{"0":0.0009278364,"1":0.003276682,"2":0.004577341,"3":0.001409735,"4":0.0006927835,"5":0.000698375,"6":0.0005515667,"7":0.0003394255,"8":0.0006418278,"9":0.002269309,"10":0.0006981776,"11":0.0007245121,"12":0.0009568393,"13":0.000661821,"14":0.0008572111,"15":0.0005716544,"16":0.0004797096,"17":0.000707869,"18":0.0006441686,"19":0.000728062,"20":0.0007112686,"21":0.001322308,"22":0.0007069746,"23":0.0006516846,"24":0.0009935922,"25":0.0003499177,"26":0.0004123637,"27":0.0004743381,"28":0.0006071062,"29":0.003234933,"30":0.0003174702,"31":0.0005447883,"32":0.0005321525},"BGerr":{"0":0.0003787876,"1":0.0006192348,"2":0.0007525101,"3":0.0003767674,"4":0.0002828277,"5":0.0002208456,"6":0.0001744207,"7":0.0001517957,"8":0.0001852797,"9":0.0002793326,"10":0.0002015465,"11":0.0002009435,"12":0.0002470548,"13":0.0002092862,"14":0.0002079042,"15":0.0001585484,"16":0.0001516975,"17":0.0001509182,"18":0.0001786602,"19":0.0001945828,"20":0.0001972704,"21":0.0002203846,"22":0.0002672113,"23":0.0001580567,"24":0.0001679477,"25":0.0000714267,"26":0.0000779294,"27":0.0001011292,"28":0.0001041179,"29":0.0002743835,"30":0.0000676849,"31":0.0000633304,"32":0.0000955774},"CorrFact":{"0":1.256301,"1":1.262851,"2":1.263275,"3":1.25232,"4":1.250161,"5":1.252907,"6":1.281907,"7":1.297124,"8":1.297491,"9":1.294702,"10":1.282561,"11":1.290324,"12":1.28361,"13":1.290688,"14":1.281463,"15":1.291182,"16":1.297984,"17":1.291168,"18":1.394136,"19":1.406491,"20":1.400864,"21":1.410756,"22":1.375323,"23":1.353543,"24":1.358103,"25":1.470541,"26":1.469413,"27":1.314464,"28":1.485561,"29":1.278207,"30":1.420218,"31":1.341022,"32":1.342005},"CtsInSrc":{"0":20.0,"1":20.0,"2":20.0,"3":20.0,"4":20.0,"5":28.0,"6":15.0,"7":20.0,"8":24.0,"9":39.0,"10":20.0,"11":16.0,"12":20.0,"13":20.0,"14":31.0,"15":15.0,"16":21.0,"17":24.0,"18":20.0,"19":16.0,"20":20.0,"21":19.0,"22":20.0,"23":15.0,"24":26.0,"25":15.0,"26":16.0,"27":19.0,"28":20.0,"29":22.0,"30":16.0,"31":26.0,"32":11.0},"BGInSrc":{"0":0.130277,"1":0.607957,"2":0.803372,"3":0.303979,"4":0.130277,"5":0.217128,"6":0.132763,"7":0.066381,"8":0.159315,"9":0.876235,"10":0.1593,"11":0.172575,"12":0.199125,"13":0.13275,"14":0.225674,"15":0.171997,"16":0.132306,"17":0.291073,"18":0.171204,"19":0.184373,"20":0.171204,"21":0.474102,"22":0.092175,"23":0.223854,"24":0.460877,"25":0.17547,"26":0.204715,"27":0.183153,"28":0.280084,"29":1.922295,"30":0.163975,"31":0.596919,"32":0.241502},"Exposure":{"0":140.40898,"1":185.5405,"2":175.51068,"3":215.62828,"4":188.04802,"5":310.90404,"6":240.70142,"7":195.56998,"8":248.2215,"9":386.1242,"10":228.16494,"11":238.19424,"12":208.10658,"13":200.58248,"14":263.26596,"15":300.87668,"16":275.80384,"17":411.19568,"18":265.77446,"19":253.23814,"20":240.70172,"21":358.54148,"22":130.380008,"23":343.50116,"24":463.849032,"25":501.46164,"26":496.44376,"27":386.1242,"28":461.3432,"29":594.2301,"30":516.5038,"31":1095.6901,"32":453.8213},"Sigma":{"0":373.595081,"1":168.783308,"2":145.347992,"3":242.437301,"4":373.595081,"5":404.633743,"6":354.122568,"7":671.466699,"8":518.383817,"9":353.4656,"10":431.452322,"11":330.677796,"12":385.128091,"13":473.264794,"14":562.251364,"15":310.836656,"16":498.76471,"17":382.05142,"18":417.594939,"19":320.961502,"20":417.594939,"21":234.454495,"22":571.423404,"23":272.157269,"24":327.834911,"25":413.888028,"26":408.278022,"27":481.884731,"28":410.540231,"29":123.140664,"30":452.982137,"31":366.089055,"32":248.034146},"SNR":{"0":4.442691,"1":4.334762,"2":4.290626,"3":4.403438,"4":4.442691,"5":5.250027,"6":3.838479,"7":4.457194,"8":4.866245,"9":6.103778,"10":4.436281,"11":3.956573,"12":4.427318,"13":4.442257,"14":5.526965,"15":3.828283,"16":4.553514,"17":4.839176,"18":4.433604,"19":3.953607,"20":4.433604,"21":4.249434,"22":4.45139,"23":3.81481,"24":5.00805,"25":3.827513,"26":3.948636,"27":4.316707,"28":4.409253,"29":4.277997,"30":3.958855,"31":4.981493,"32":3.569343}}