{"Time":{"0":300.063,"1":317.629,"2":330.581,"3":349.245,"4":372.673,"5":412.947,"6":438.888,"7":454.064,"8":474.664,"9":516.407,"10":543.497,"11":591.932,"12":661.135,"13":725.268,"14":810.852,"15":1045.591,"16":1248.36,"17":1439.402,"18":1656.096,"19":5450.341,"20":6081.377,"21":8271.054,"22":86996.584},"TimePos":{"0":8.47,"1":5.948,"2":8.041,"3":9.435,"4":18.602,"5":15.939,"6":7.548,"7":7.416,"8":21.919,"9":10.263,"10":20.784,"11":52.582,"12":15.974,"13":37.091,"14":71.858,"15":127.967,"16":105.725,"17":100.224,"18":176.881,"19":304.373,"20":425.532,"21":9452.659,"22":86485.481},"TimeNeg":{"0":-11.588,"1":-9.096,"2":-7.003,"3":-10.623,"4":-13.993,"5":-21.671,"6":-10.003,"7":-7.628,"8":-13.184,"9":-19.825,"10":-16.826,"11":-27.652,"12":-16.621,"13":-48.158,"14":-48.494,"15":-162.881,"16":-74.802,"17":-85.317,"18":-116.47,"19":-334.992,"20":-326.663,"21":-1764.144,"22":-50534.193},"Rate":{"0":4.489625,"1":9.027893,"2":9.46076,"3":6.516688,"4":4.161116,"5":3.433511,"6":7.795503,"7":8.2535,"8":3.516467,"9":4.297798,"10":3.467245,"11":1.540564,"12":3.78064,"13":1.515987,"14":1.023596,"15":0.3104871,"16":0.2150928,"17":0.2087903,"18":0.1504276,"19":0.03128122,"20":0.02670968,"21":0.01592851,"22":0.0005600851},"RatePos":{"0":1.010823,"1":1.946534,"2":1.986883,"3":1.43326,"4":0.893821,"5":0.7591413,"6":1.662007,"7":1.858246,"8":0.7950041,"9":0.950233,"10":0.7605779,"11":0.3507155,"12":0.8535485,"13":0.3369594,"14":0.2323788,"15":0.06990853,"16":0.04866833,"17":0.04710223,"18":0.03214662,"19":0.008198345,"20":0.007006801,"21":0.002882429,"22":0.0002724486},"RateNeg":{"0":-1.010823,"1":-1.946534,"2":-1.986883,"3":-1.43326,"4":-0.893821,"5":-0.7591413,"6":-1.662007,"7":-1.858246,"8":-0.7950041,"9":-0.950233,"10":-0.7605779,"11":-0.3507155,"12":-0.8535485,"13":-0.3369594,"14":-0.2323788,"15":-0.06990853,"16":-0.04866833,"17":-0.04710223,"18":-0.03214662,"19":-0.008198345,"20":-0.007006801,"21":-0.002882429,"22":-0.0002145819},"FracExp":{"0":1.0,"1":1.0,"2":1.0,"3":1.0,"4":1.0,"5":1.0,"6":1.0,"7":1.0,"8":1.0,"9":1.0,"10":1.0,"11":1.0,"12":1.0,"13":1.0,"14":1.0,"15":0.99998,"16":1.0,"17":1.0,"18":1.0,"19":1.0,"20":1.0,"21":0.290813,"22":0.133142},"BGrate":{"0":0.006728456,"1":0.0161483,"2":0.01076556,"3":0.008074148,"4":0.004968706,"5":0.007177024,"6":0.0,"7":0.008971275,"8":0.006151728,"9":0.008971281,"10":0.002870811,"11":0.004373499,"12":0.005796831,"13":0.004432865,"14":0.002467103,"15":0.002195892,"16":0.001283961,"17":0.0009369443,"18":0.001876586,"19":0.0003467015,"20":0.0003131144,"21":0.0002262122,"22":0.0000766671},"BGerr":{"0":0.003009057,"1":0.005382765,"2":0.004395021,"3":0.003296257,"4":0.002028466,"5":0.002269574,"6":0.0,"7":0.004012076,"8":0.002174964,"9":0.002836968,"10":0.001435406,"11":0.00121299,"12":0.002190996,"13":0.001184733,"14":0.0007438595,"15":0.000457875,"16":0.0004539487,"17":0.0003825059,"18":0.0004305183,"19":0.0000612888,"20":0.0000536987,"21":0.0000191871,"22":0.0000026343},"CorrFact":{"0":4.533362,"1":6.242335,"2":6.231994,"3":6.27292,"4":6.210824,"5":6.229289,"6":6.219125,"7":6.250428,"8":6.239204,"9":6.237863,"10":6.241723,"11":6.290666,"12":6.220287,"13":6.266876,"14":6.252377,"15":4.435022,"16":1.964264,"17":1.953945,"18":1.965663,"19":1.353342,"20":1.360759,"21":1.662032,"22":1.547901},"CtsInSrc":{"0":20.0,"1":22.0,"2":23.0,"3":21.0,"4":22.0,"5":21.0,"6":22.0,"7":20.0,"8":20.0,"9":21.0,"10":21.0,"11":20.0,"12":20.0,"13":21.0,"14":20.0,"15":21.0,"16":20.0,"17":20.0,"18":23.0,"19":15.0,"20":15.0,"21":32.0,"22":8.0},"BGInSrc":{"0":0.134963,"1":0.242934,"2":0.161956,"3":0.161956,"4":0.161956,"5":0.269926,"6":0.0,"7":0.134963,"8":0.215941,"9":0.269926,"10":0.107971,"11":0.350904,"12":0.188948,"13":0.377897,"14":0.296919,"15":0.63866,"16":0.231789,"17":0.173842,"18":0.550499,"19":0.221669,"20":0.235523,"21":0.737902,"22":1.398647},"Exposure":{"0":20.05856,"1":15.04392,"2":15.04388,"3":20.05856,"4":32.59516,"5":37.60978,"6":17.55124,"7":15.04392,"8":35.1025,"9":30.08782,"10":37.60976,"11":80.2342,"12":32.59512,"13":85.24888,"14":120.35126,"15":290.84294,"16":180.52662,"17":185.54126,"18":293.35142,"19":639.36534,"20":752.1955,"21":3261.98796,"22":18243.1148},"Sigma":{"0":329.123719,"1":268.679103,"2":345.412535,"3":315.163663,"4":330.288099,"5":242.859813,"6":1000.0,"7":329.123719,"8":259.134486,"9":242.859813,"10":386.99508,"11":201.895065,"12":277.404383,"13":204.184959,"14":220.086098,"15":152.897671,"16":241.223347,"17":279.357226,"18":177.757059,"19":377.133877,"20":365.530605,"21":499.490297,"22":3.82536},"SNR":{"0":4.441553,"1":4.637931,"2":4.761609,"3":4.546761,"4":4.655424,"5":4.522888,"6":4.690416,"7":4.441553,"8":4.423206,"9":4.522888,"10":4.558698,"11":4.392631,"12":4.429321,"13":4.499019,"14":4.40486,"15":4.441334,"16":4.419564,"17":4.432706,"18":4.679422,"19":3.815553,"20":3.811964,"21":5.526072,"22":2.610123}}