{"Time":{"0":762.163,"1":779.505,"2":797.627,"3":822.348,"4":853.368,"5":895.228,"6":995.934,"7":4350.905,"8":4554.445,"9":4767.247,"10":4943.848,"11":5056.514,"12":5207.397,"13":5393.634,"14":5580.24,"15":5771.593,"16":5958.606,"17":6155.665,"18":6382.814,"19":6655.103,"20":10122.819,"21":10295.094,"22":10531.956,"23":10686.282,"24":10858.606,"25":11146.389,"26":11422.046,"27":11677.653,"28":11951.238,"29":17694.71,"30":17905.008,"31":18164.473,"32":23766.357,"33":29439.88,"34":39200.285,"35":39834.667,"36":40484.7,"37":41076.807,"38":45031.171,"39":45291.826,"40":45936.993,"41":46686.69,"42":51058.863,"43":51887.596,"44":52406.565,"45":57030.704,"46":57735.134,"47":62824.651,"48":74600.343,"49":252204.892,"50":288559.675,"51":491559.169},"TimePos":{"0":9.292,"1":6.994,"2":11.437,"3":11.79,"4":18.38,"5":26.666,"6":96.455,"7":88.848,"8":95.923,"9":93.736,"10":52.531,"11":67.738,"12":89.861,"13":56.57,"14":105.653,"15":97.335,"16":103.386,"17":134.494,"18":100.409,"19":179.12,"20":84.016,"21":79.732,"22":76.052,"23":69.657,"24":138.037,"25":126.06,"26":138.746,"27":71.188,"28":166.159,"29":111.731,"30":107.035,"31":153.455,"32":291.012,"33":360.421,"34":275.254,"35":355.459,"36":344.794,"37":206.491,"38":150.335,"39":195.574,"40":305.111,"41":335.172,"42":408.323,"43":216.45,"44":356.89,"45":209.619,"46":768.864,"47":355.648,"48":46713.816,"49":17490.186,"50":26676.298,"51":335896.036},"TimeNeg":{"0":-8.259,"1":-8.05,"2":-11.129,"3":-13.283,"4":-19.23,"5":-23.48,"6":-74.04,"7":-91.679,"8":-114.692,"9":-116.88,"10":-82.865,"11":-60.136,"12":-83.145,"13":-96.377,"14":-130.036,"15":-85.7,"16":-89.678,"17":-93.673,"18":-92.655,"19":-171.88,"20":-144.15,"21":-88.259,"22":-157.13,"23":-78.275,"24":-102.666,"25":-149.746,"26":-149.597,"27":-116.861,"28":-202.396,"29":-1930.598,"30":-98.566,"31":-152.431,"32":-2244.289,"33":-2164.771,"34":-281.371,"35":-359.128,"36":-294.574,"37":-247.313,"38":-175.616,"39":-110.32,"40":-449.593,"41":-444.586,"42":-276.175,"43":-420.41,"44":-302.519,"45":-281.816,"46":-494.812,"47":-419.113,"48":-11420.044,"49":-28988.448,"50":-14364.765,"51":-136536.048},"Rate":{"0":3.039177,"1":3.647478,"2":2.331677,"3":2.19291,"4":1.411739,"5":1.049181,"6":0.525678,"7":0.1360662,"8":0.1177858,"9":0.1233702,"10":0.1856008,"11":0.1973402,"12":0.1452772,"13":0.1715073,"14":0.1068035,"15":0.1383795,"16":0.1302076,"17":0.1127916,"18":0.1283234,"19":0.1274385,"20":0.1256535,"21":0.1659376,"22":0.1194148,"23":0.1883941,"24":0.09847436,"25":0.09922216,"26":0.07096863,"27":0.1484982,"28":0.1125412,"29":0.08770161,"30":0.1214287,"31":0.1197696,"32":0.05691491,"33":0.05512421,"34":0.03594549,"35":0.02773215,"36":0.03119436,"37":0.05587863,"38":0.06013414,"39":0.06384014,"40":0.02541948,"41":0.0381371,"42":0.02808179,"43":0.03017417,"44":0.02928626,"45":0.03965946,"46":0.01896984,"47":0.02429934,"48":0.02383016,"49":0.00983775,"50":0.00898652,"51":0.004030687},"RatePos":{"0":0.6856833,"1":0.7993329,"2":0.5229303,"3":0.4812519,"4":0.3166139,"5":0.2356527,"6":0.0909466,"7":0.03125695,"8":0.02680282,"9":0.0274663,"10":0.0419874,"11":0.04448692,"12":0.03321505,"13":0.03831239,"14":0.02433239,"15":0.03126818,"16":0.02959464,"17":0.02536771,"18":0.02926962,"19":0.02167154,"20":0.0284095,"21":0.03760115,"22":0.0270793,"23":0.04265805,"24":0.02415448,"25":0.02260112,"26":0.01872686,"27":0.03342584,"28":0.02094651,"29":0.02309355,"30":0.0275743,"31":0.02250078,"32":0.01130165,"33":0.01061346,"34":0.009476071,"35":0.0073442,"36":0.008195642,"37":0.01299054,"38":0.01575302,"39":0.01678261,"40":0.006818093,"41":0.008141422,"42":0.007454242,"43":0.007995332,"44":0.007755437,"45":0.010489,"46":0.004580129,"47":0.006504148,"48":0.003933069,"49":0.00234952,"50":0.001918724,"51":0.0006923848},"RateNeg":{"0":-0.6856833,"1":-0.7993329,"2":-0.5229303,"3":-0.4812519,"4":-0.3166139,"5":-0.2356527,"6":-0.0909466,"7":-0.03125695,"8":-0.02680282,"9":-0.0274663,"10":-0.0419874,"11":-0.04448692,"12":-0.03321505,"13":-0.03831239,"14":-0.02433239,"15":-0.03126818,"16":-0.02959464,"17":-0.02536771,"18":-0.02926962,"19":-0.02167154,"20":-0.0284095,"21":-0.03760115,"22":-0.0270793,"23":-0.04265805,"24":-0.02415448,"25":-0.02260112,"26":-0.01872686,"27":-0.03342584,"28":-0.02094651,"29":-0.02309355,"30":-0.0275743,"31":-0.02250078,"32":-0.01130165,"33":-0.01061346,"34":-0.009476071,"35":-0.0073442,"36":-0.008195642,"37":-0.01299054,"38":-0.01575302,"39":-0.01678261,"40":-0.006818093,"41":-0.008141422,"42":-0.007454242,"43":-0.007995332,"44":-0.007755437,"45":-0.010489,"46":-0.004580129,"47":-0.006504148,"48":-0.003933069,"49":-0.00234952,"50":-0.001918724,"51":-0.0006923848},"FracExp":{"0":1.0,"1":1.0,"2":1.0,"3":1.0,"4":1.0,"5":1.0,"6":1.0,"7":1.0,"8":1.0,"9":1.0,"10":1.0,"11":1.0,"12":1.0,"13":1.0,"14":1.0,"15":1.0,"16":1.0,"17":1.0,"18":1.0,"19":1.0,"20":1.0,"21":1.0,"22":1.0,"23":1.0,"24":1.0,"25":1.0,"26":1.0,"27":1.0,"28":1.0,"29":0.105581,"30":1.0,"31":1.0,"32":0.232405,"33":0.277023,"34":1.0,"35":1.0,"36":1.0,"37":1.0,"38":1.0,"39":1.0,"40":1.0,"41":1.0,"42":1.0,"43":1.0,"44":1.0,"45":1.0,"46":1.0,"47":1.0,"48":0.035884,"49":0.054754,"50":0.087484,"51":0.028845},"BGrate":{"0":0.009996881,"1":0.005831501,"2":0.002591778,"3":0.004665198,"4":0.001555069,"5":0.001749451,"6":0.001715183,"7":0.002915143,"8":0.001629583,"9":0.001955499,"10":0.001689937,"11":0.001252541,"12":0.002512861,"13":0.003141619,"14":0.001553302,"15":0.00112508,"16":0.001659208,"17":0.002707607,"18":0.002014751,"19":0.002020831,"20":0.0009574092,"21":0.00156043,"22":0.001186635,"23":0.001673569,"24":0.0007865357,"25":0.00132006,"26":0.001111146,"27":0.0006969909,"28":0.001541062,"29":0.001343232,"30":0.001478248,"31":0.001088235,"32":0.0005432721,"33":0.0007360401,"34":0.0005522526,"35":0.0005231861,"36":0.0004028186,"37":0.0005492275,"38":0.0006587606,"39":0.0008704274,"40":0.0007397366,"41":0.0006829232,"42":0.0005958931,"43":0.0005995862,"44":0.0005659222,"45":0.0007214481,"46":0.0007458959,"47":0.0006820901,"48":0.0005549976,"49":0.0004992011,"50":0.0002932596,"51":0.0003129242},"BGerr":{"0":0.00408121,"1":0.003366819,"2":0.001832664,"3":0.002332599,"4":0.0010996,"5":0.001010046,"6":0.0005423884,"7":0.0006078492,"8":0.0004207564,"9":0.0004609154,"10":0.0005344049,"11":0.0004734161,"12":0.0005764899,"13":0.0006855574,"14":0.0003883255,"15":0.0003750266,"16":0.000443442,"17":0.0005210792,"18":0.000488649,"19":0.000362952,"20":0.000247202,"21":0.000367797,"22":0.0002722328,"23":0.0004059,"24":0.0002181458,"25":0.0002640119,"26":0.000236897,"27":0.0002323303,"28":0.0002467673,"29":0.0003003559,"30":0.0003225801,"31":0.0002269126,"32":0.0000881304,"33":0.0000934772,"34":0.0000907898,"35":0.000077992,"36":0.0000723484,"37":0.0001002748,"38":0.0001317521,"39":0.0001563334,"40":0.000091753,"41":0.0000867313,"42":0.00008692,"43":0.000090391,"44":0.0000863023,"45":0.0001126713,"46":0.0000714439,"47":0.0000866255,"48":0.0000450162,"49":0.0000370032,"50":0.0000190896,"51":0.0000100267},"CorrFact":{"0":2.690673,"1":2.623939,"2":2.63854,"3":2.632926,"4":2.662552,"5":2.642227,"6":2.658908,"7":1.261373,"8":1.26203,"9":1.262068,"10":1.271017,"11":1.271915,"12":1.284611,"13":1.278369,"14":1.282087,"15":1.279589,"16":1.277381,"17":1.262636,"18":1.263303,"19":1.267497,"20":1.449323,"21":1.41231,"22":1.411797,"23":1.410943,"24":1.410003,"25":1.393674,"26":1.393994,"27":1.405463,"28":1.409266,"29":1.285566,"30":1.267556,"31":1.277972,"32":1.305891,"33":1.402993,"34":1.361785,"35":1.354906,"36":1.352874,"37":1.352367,"38":1.325697,"39":1.32541,"40":1.328387,"41":1.32359,"42":1.317283,"43":1.31458,"44":1.320287,"45":1.330791,"46":1.327527,"47":1.300911,"48":1.313647,"49":1.336719,"50":1.406092,"51":1.455567},"CtsInSrc":{"0":20.0,"1":21.0,"2":20.0,"3":21.0,"4":20.0,"5":20.0,"6":34.0,"7":20.0,"8":20.0,"9":21.0,"10":20.0,"11":20.0,"12":20.0,"13":21.0,"14":20.0,"15":20.0,"16":20.0,"17":21.0,"18":20.0,"19":36.0,"20":20.0,"21":20.0,"22":20.0,"23":20.0,"24":17.0,"25":20.0,"26":15.0,"27":20.0,"28":30.0,"29":15.0,"30":20.0,"31":29.0,