{"Time":{"0":151.042,"1":297.392},"TimePos":{"0":85.932,"1":64.945},"TimeNeg":{"0":-64.508,"1":-60.419},"Rate":{"0":0.1591203,"1":0.1937606},"RatePos":{"0":0.03601625,"1":0.04390585},"RateNeg":{"0":-0.03601625,"1":-0.04390585},"FracExp":{"0":1.0,"1":1.0},"BGrate":{"0":0.00159179,"1":0.002083842},"BGerr":{"0":0.0004799427,"1":0.0006015534},"CorrFact":{"0":1.211403,"1":1.2306},"CtsInSrc":{"0":20.0,"1":20.0},"BGInSrc":{"0":0.239468,"1":0.261238},"Exposure":{"0":150.439468,"1":125.363532},"Sigma":{"0":273.682794,"1":261.742651},"SNR":{"0":4.418014,"1":4.413094}}