{"Time":{"0":185.0,"1":218.413,"2":267.441,"3":326.169,"4":402.764,"5":480.718,"6":553.826,"7":639.991,"8":714.829,"9":780.829,"10":865.015,"11":4319.999,"12":4392.833,"13":4469.818,"14":4599.259,"15":4696.403,"16":4804.141,"17":4930.524,"18":5123.688,"19":10006.19,"20":10200.434,"21":10360.357,"22":10568.301,"23":10770.784,"24":11061.684,"25":15869.41,"26":16130.084,"27":16456.827,"28":16916.96,"29":21686.593,"30":22480.785,"31":27483.419,"32":28284.264,"33":34544.86,"34":41559.591,"35":63714.01,"36":70322.437,"37":144138.166},"TimePos":{"0":14.91,"1":21.615,"2":22.733,"3":34.211,"4":32.835,"5":30.102,"6":49.765,"7":38.819,"8":24.157,"9":38.392,"10":51.983,"11":27.747,"12":30.132,"13":70.992,"14":46.858,"15":52.514,"16":42.562,"17":56.589,"18":1567.99,"19":100.205,"20":78.965,"21":109.599,"22":99.733,"23":102.851,"24":180.516,"25":162.167,"26":152.224,"27":131.375,"28":325.64,"29":166.274,"30":761.124,"31":255.343,"32":1061.106,"33":975.505,"34":9234.02,"35":731.102,"36":3833.112,"37":23343.392},"TimeNeg":{"0":-15.178,"1":-18.502,"2":-27.413,"3":-35.994,"4":-42.384,"5":-45.118,"6":-43.007,"7":-36.401,"8":-36.019,"9":-41.843,"10":-45.794,"11":-44.966,"12":-45.087,"13":-46.852,"14":-58.45,"15":-50.287,"16":-55.224,"17":-83.821,"18":-136.575,"19":-87.844,"20":-94.04,"21":-80.958,"22":-98.345,"23":-102.749,"24":-188.05,"25":-173.814,"26":-98.508,"27":-174.519,"28":-328.758,"29":-261.619,"30":-627.918,"31":-221.047,"32":-545.501,"33":-1503.912,"34":-2749.546,"35":-926.223,"36":-2629.173,"37":-18065.23},"Rate":{"0":1.536723,"1":1.059156,"2":0.8719139,"3":0.5991029,"4":0.5641585,"5":0.5577637,"6":0.4531452,"7":0.5607364,"8":0.7821957,"9":0.5310312,"10":0.5445609,"11":0.3447249,"12":0.3278906,"13":0.2072713,"14":0.2314148,"15":0.2378216,"16":0.2487166,"17":0.1824769,"18":0.1987953,"19":0.1351776,"20":0.1477252,"21":0.1332599,"22":0.1292586,"23":0.1242047,"24":0.114342,"25":0.0712812,"26":0.09653739,"27":0.07801569,"28":0.07227958,"29":0.07061037,"30":0.03514082,"31":0.04521843,"32":0.04391477,"33":0.03625045,"34":0.1326528,"35":0.02203168,"36":0.01813043,"37":0.004376259},"RatePos":{"0":0.3288889,"1":0.2378355,"2":0.1918049,"3":0.1345297,"4":0.1275815,"5":0.1257785,"6":0.1024765,"7":0.1269878,"8":0.1667647,"9":0.1194123,"10":0.1098989,"11":0.07775567,"12":0.07331858,"13":0.04670086,"14":0.05225461,"15":0.05352591,"16":0.05628437,"17":0.04015061,"18":0.03592287,"19":0.03050355,"20":0.03336895,"21":0.03016293,"22":0.02910864,"23":0.02814204,"24":0.02011341,"25":0.01876647,"26":0.02522982,"27":0.02035612,"28":0.01360855,"29":0.01842354,"30":0.006650976,"31":0.01177054,"32":0.008714375,"33":0.01058928,"34":0.0501936,"35":0.004300288,"36":0.003055881,"37":0.001254416},"RateNeg":{"0":-0.3288889,"1":-0.2378355,"2":-0.1918049,"3":-0.1345297,"4":-0.1275815,"5":-0.1257785,"6":-0.1024765,"7":-0.1269878,"8":-0.1667647,"9":-0.1194123,"10":-0.1098989,"11":-0.07775567,"12":-0.07331858,"13":-0.04670086,"14":-0.05225461,"15":-0.05352591,"16":-0.05628437,"17":-0.04015061,"18":-0.03592287,"19":-0.03050355,"20":-0.03336895,"21":-0.03016293,"22":-0.02910864,"23":-0.02814204,"24":-0.02011341,"25":-0.01876647,"26":-0.02522982,"27":-0.02035612,"28":-0.01360855,"29":-0.01842354,"30":-0.006650976,"31":-0.01177054,"32":-0.008714375,"33":-0.01058928,"34":-0.0501936,"35":-0.004300288,"36":-0.003055881,"37":-0.001254416},"FracExp":{"0":1.0,"1":1.0,"2":1.0,"3":1.0,"4":1.0,"5":1.0,"6":1.0,"7":1.0,"8":1.0,"9":1.0,"10":1.0,"11":1.0,"12":1.0,"13":1.0,"14":1.0,"15":1.0,"16":1.0,"17":1.0,"18":0.111787,"19":1.0,"20":1.0,"21":1.0,"22":1.0,"23":1.0,"24":1.0,"25":1.0,"26":1.0,"27":1.0,"28":1.0,"29":0.832073,"30":1.0,"31":1.0,"32":0.547775,"33":0.266969,"34":0.076996,"35":1.0,"36":0.416313,"37":0.113168},"BGrate":{"0":0.002759823,"1":0.002069864,"2":0.00331178,"3":0.001182779,"4":0.002943805,"5":0.002207853,"6":0.002386869,"7":0.00331178,"8":0.0,"9":0.001379908,"10":0.002264665,"11":0.002355117,"12":0.0,"13":0.001271513,"14":0.001829421,"15":0.001249361,"16":0.002407955,"17":0.001219613,"18":0.0009767705,"19":0.000956082,"20":0.001154688,"21":0.001258002,"22":0.0007059669,"23":0.001263114,"24":0.0009214208,"25":0.0008555728,"26":0.0007165418,"27":0.0005090185,"28":0.0006039934,"29":0.000437575,"30":0.0003925566,"31":0.000253759,"32":0.001511,"33":0.01089502,"34":0.03377632,"35":0.0008474965,"36":0.0005283736,"37":0.0004357907},"BGerr":{"0":0.001593385,"1":0.001195037,"2":0.001352029,"3":0.0006828777,"4":0.001040792,"5":0.0009013523,"6":0.0008438855,"7":0.001103927,"8":0.0,"9":0.0006899538,"10":0.0008006799,"11":0.0008326597,"12":0.0,"13":0.0004805866,"14":0.0006098071,"15":0.0005100494,"16":0.0007260256,"17":0.0004311984,"18":0.0003453405,"19":0.000318694,"20":0.0003651443,"21":0.0003631538,"22":0.0002668304,"23":0.0003503249,"24":0.0002234774,"25":0.0001746431,"26":0.0001850103,"27":0.0001411763,"28":0.0001051418,"29":0.0000932913,"30":0.000044736,"31":0.0000615456,"32":0.0001104953,"33":0.0003384917,"34":0.0009646441,"35":0.0000653858,"36":0.0000388468,"37":0.000017987},"CorrFact":{"0":2.109633,"1":2.133378,"2":2.098668,"3":2.111775,"4":2.145551,"5":2.115311,"6":2.125473,"7":2.135525,"8":2.139515,"9":2.142212,"10":2.148859,"11":1.264111,"12":1.233191,"13":1.230504,"14":1.230337,"15":1.230306,"16":1.230533,"17":1.230107,"18":1.229321,"19":1.282529,"20":1.290753,"21":1.28508,"22":1.28918,"23":1.293625,"24":1.290323,"25":1.627802,"26":1.63323,"27":1.607653,"28":1.653558,"29":1.693592,"30":1.71543,"31":1.447774,"32":1.449092,"33":1.429279,"34":6.498362,"35":1.323178,"36":1.333485,"37":1.469268},"CtsInSrc":{"0":22.0,"1":20.0,"2":21.0,"3":20.0,"4":20.0,"5":20.0,"6":20.0,"7":20.0,"8":22.0,"9":20.0,"10":25.0,"11":20.0,"12":20.0,"13":20.0,"14":20.0,"15":20.0,"16":20.0,"17":21.0,"18":31.0,"19":20.0,"20":20.0,"21":20.0,"22":20.0,"23":20.0,"24":33.0,"25":15.0,"26":15.0,"27":15.0,"28":29.0,"29":15.0,"30":29.0,"31":15.0,"32":28.0,"33":24.0,"34":50.0,"35":29.0,"36":38.0,"37":16.0},"BGInSrc":{"0":0.083037,"1":0.083037,"2":0.166074,"3":0.083037,"4":0.221433,"5":0.166074,"6":0.221433,"7":0.249112,"8":0.0,"9":0.110716,"10":0.221433,"11":0.171246,"12":0.0,"13":0.14984,"14":0.192652,"15":0.128435,"16":0.235463,"17":0.171246,"18":0.186122,"19":0.17979,"20":0.199767,"21":0.23972,"22":0.139837,"23":0.259697,"24":0.339604,"25":0.287456,"26":0.17966,"27":0.155705,"28":0.395252,"29":0.155794,"30":0.545278,"31":0.120888,"32":1.32977,"33":7.211708,"34":31.164953,"35":1.404577,"36":1.421501,"37":2.042178},"Exposure":{"0":30.08788,"1":40.11724,"2":50.14658,"3":70.2052,"4":75.21986,"5":75.21988,"6":92.77118,"7":75.21988,"8":60.1759,"9":80.23458,"10":97.77722,"11":72.712328,"12":75.21964,"13":117.84414,"14":105.30752,"15":102.8002,"16":97.78562,"17":140.41014,"18":190.548412,"19":188.0489,"20":173.00508,"21":190.55638,"22":198.0784,"23":205.60046,"24":368.56518,"25":335.98078,"26":250.73208,"27":305.8933,"28":654.39794,"29":356.03868,"30":1389.04212,"31":476.38982,"32":880.059481,"33":661.927202,"34":922.686406,"35":1657.3253,"36":2690.332901,"37":4686.1437},"Sigma":{"0":457.159917,"1":415.442465,"2":307.286786,"3":415.442465,"4":252.637747,"5":292.537439,"6":252.637747,"7":237.855819,"8":1000.0,"9":359.283729,"10":316.504291,"11":327.50642,"12":1000.0,"13":350.497055,"14":308.442681,"15":378.988336,"16":278.39388,"17":344.023163,"18":468.266927,"19":330.72238,"20":313.43457,"21":285.547957,"22":375.759859,"23":274.068253,"24":396.527746,"25":250.739045,"26":319.486383,"27":343.738126,"28":415.739195,"29":446.908549,"30":457.911983,"31":507.478375,"32":274.265353,"33":74.928707,"34":21.161452,"35":254.65137,"36":349.997206,"37":165.593469},"SNR":{"0":4.672468,"1":4.453312,"2":4.545838,"3":4.453312,"4":4.421945,"5":4.434491,"6":4.421945,"7":4.415672,"8":4.690416,"9":4.447038,"10":4.955106,"11":4.433438,"12":4.472136,"13":4.438275,"14":4.428601,"15":4.443112,"16":4.418928,"17":4.54481,"18":5.533949,"19":4.431536,"20":4.427025,"21":4.418004,"22":4.440557,"23":4.413494,"24":5.684861,"25":3.798327,"26":3.826321,"27":3.832542,