{"Time":{"0":125687.829,"1":135991.393,"2":332291.937},"TimePos":{"0":4386.9,"1":11486.77,"2":26528.733},"TimeNeg":{"0":-1372.056,"1":-5916.665,"2":-41995.007},"Rate":{"0":0.02636918,"1":0.01601343,"2":0.004212773},"RatePos":{"0":0.006928374,"1":0.002728474,"2":0.001326715},"RateNeg":{"0":-0.006928374,"1":-0.002728474,"2":-0.001108608},"FracExp":{"0":0.128,"1":0.181239,"2":0.064399},"BGrate":{"0":0.0003508563,"1":0.0002484459,"2":0.0002136097},"BGerr":{"0":0.000058476,"1":0.0000217902,"2":0.0000131968},"CorrFact":{"0":1.3186,"1":1.434257,"2":1.423783},"CtsInSrc":{"0":15.0,"1":36.0,"2":14.0},"BGInSrc":{"0":0.258633,"1":0.783644,"2":0.942627},"Exposure":{"0":737.1471,"1":3154.1825,"2":4412.848},"Sigma":{"0":341.983817,"1":512.386215,"2":224.215927},"SNR":{"0":3.805969,"1":5.869008,"2":3.800058}}