{"Time":{"0":87.165,"1":166.157,"2":254.758,"3":418.943},"TimePos":{"0":36.954,"1":45.717,"2":54.902,"3":289.377},"TimeNeg":{"0":-25.729,"1":-42.039,"2":-42.883,"3":-109.283},"Rate":{"0":1.28103,"1":0.869875,"2":0.7102527,"3":0.1339624},"RatePos":{"0":0.2803799,"1":0.1955304,"2":0.1598182,"3":0.02373062},"RateNeg":{"0":-0.2803799,"1":-0.1955304,"2":-0.1598182,"3":-0.02373062},"FracExp":{"0":1.0,"1":1.0,"2":0.999988,"3":1.0},"BGrate":{"0":0.0009889647,"1":0.00117734,"2":0.001267919,"3":0.002689969},"BGerr":{"0":0.0005709791,"1":0.0005265224,"2":0.0005176256,"3":0.000380419},"CorrFact":{"0":3.835064,"1":3.836653,"2":3.49423,"3":1.621908},"CtsInSrc":{"0":21.0,"1":20.0,"2":20.0,"3":34.0},"BGInSrc":{"0":0.061991,"1":0.103319,"2":0.123982,"3":1.072385},"Exposure":{"0":62.682828,"1":87.7559,"2":97.784052,"3":398.66062},"Sigma":{"0":585.014477,"1":430.613366,"2":392.686175,"3":217.117451},"SNR":{"0":4.568909,"1":4.448796,"2":4.444128,"3":5.64513}}