{"Time":{"0":91.657,"1":105.764,"2":120.252,"3":143.5,"4":173.316,"5":196.433,"6":216.125,"7":250.105,"8":275.291,"9":303.806,"10":346.645,"11":397.428,"12":442.071,"13":503.247,"14":561.406,"15":624.905,"16":703.1,"17":775.823,"18":844.018,"19":920.293,"20":982.234,"21":1071.81,"22":1155.12,"23":1268.707,"24":4717.764,"25":5005.981,"26":5235.387,"27":5486.465,"28":5680.962,"29":5878.254,"30":6094.198,"31":6351.853,"32":6621.434,"33":6925.463,"34":10552.956,"35":10969.784,"36":11990.991,"37":16738.718,"38":17983.983,"39":23245.361,"40":31197.329,"41":50886.218,"42":71798.186,"43":95760.446},"TimePos":{"0":7.466,"1":5.896,"2":11.467,"3":13.291,"4":11.056,"5":10.505,"6":10.871,"7":14.501,"8":14.388,"9":18.468,"10":33.297,"11":20.125,"12":23.12,"13":32.149,"14":29.151,"15":38.365,"16":37.897,"17":32.87,"18":44.909,"19":23.796,"20":44.597,"21":32.747,"22":44.716,"23":53.979,"24":143.489,"25":153.642,"26":142.372,"27":89.372,"28":102.982,"29":111.29,"30":105.96,"31":136.647,"32":127.827,"33":179.821,"34":171.967,"35":419.578,"36":870.15,"37":462.813,"38":660.286,"39":1172.949,"40":4777.091,"41":8199.503,"42":10399.159,"43":3658.922},"TimeNeg":{"0":-5.07,"1":-6.64,"2":-8.592,"3":-11.782,"4":-16.524,"5":-12.061,"6":-9.188,"7":-23.109,"8":-10.685,"9":-14.127,"10":-24.371,"11":-17.485,"12":-24.519,"13":-38.056,"14":-26.01,"15":-34.348,"16":-39.83,"17":-34.827,"18":-35.325,"19":-31.365,"20":-38.145,"21":-44.98,"22":-50.562,"23":-68.871,"24":-134.824,"25":-144.729,"26":-75.764,"27":-108.706,"28":-105.125,"29":-94.31,"30":-104.654,"31":-151.694,"32":-132.934,"33":-176.202,"34":-194.101,"35":-244.86,"36":-601.629,"37":-457.366,"38":-593.52,"39":-1183.919,"40":-2727.678,"41":-10141.493,"42":-9440.158,"43":-4572.602},"Rate":{"0":4.281404,"1":4.913109,"2":2.906723,"3":2.115545,"4":2.296944,"5":2.527538,"6":2.64542,"7":1.4475,"8":2.083996,"9":1.613552,"10":0.9018058,"11":1.452099,"12":1.087762,"13":0.7701956,"14":1.011906,"15":0.7066268,"16":0.6567218,"17":0.762634,"18":0.6801784,"19":0.9425056,"20":0.6293085,"21":0.6743586,"22":0.5401479,"23":0.6321254,"24":0.06562797,"25":0.06102351,"26":0.0950256,"27":0.09832434,"28":0.1177225,"29":0.09472767,"30":0.1154728,"31":0.06309091,"32":0.0703123,"33":0.08512568,"34":0.05298077,"35":0.02924129,"36":0.02449231,"37":0.02985768,"38":0.01791279,"39":0.01360945,"40":0.00830165,"41":0.006625878,"42":0.003448504,"43":0.002804789},"RatePos":{"0":0.9619662,"1":1.025881,"2":0.6215227,"3":0.4753307,"4":0.4707437,"5":0.5396575,"6":0.5924815,"7":0.3192739,"8":0.4682421,"9":0.3608012,"10":0.2032752,"11":0.3178422,"12":0.2451913,"13":0.1691006,"14":0.2208159,"15":0.1595372,"16":0.1494764,"17":0.17302,"18":0.1497958,"19":0.2117666,"20":0.1420808,"21":0.1517619,"22":0.1223458,"23":0.1165278,"24":0.01716463,"25":0.01600822,"26":0.02331019,"27":0.02490269,"28":0.02649957,"29":0.02399176,"30":0.02618768,"31":0.01656712,"32":0.01831677,"33":0.01732169,"34":0.01389333,"35":0.007721662,"36":0.004754885,"37":0.006628684,"38":0.004623778,"39":0.002967079,"40":0.00209921,"41":0.001706291,"42":0.0008201446,"43":0.001212137},"RateNeg":{"0":-0.9619662,"1":-1.025881,"2":-0.6215227,"3":-0.4753307,"4":-0.4707437,"5":-0.5396575,"6":-0.5924815,"7":-0.3192739,"8":-0.4682421,"9":-0.3608012,"10":-0.2032752,"11":-0.3178422,"12":-0.2451913,"13":-0.1691006,"14":-0.2208159,"15":-0.1595372,"16":-0.1494764,"17":-0.17302,"18":-0.1497958,"19":-0.2117666,"20":-0.1420808,"21":-0.1517619,"22":-0.1223458,"23":-0.1165278,"24":-0.01716463,"25":-0.01600822,"26":-0.02331019,"27":-0.02490269,"28":-0.02649957,"29":-0.02399176,"30":-0.02618768,"31":-0.01656712,"32":-0.01831677,"33":-0.01732169,"34":-0.01389333,"35":-0.007721662,"36":-0.004754885,"37":-0.006628684,"38":-0.004623778,"39":-0.002967079,"40":-0.00209921,"41":-0.001706291,"42":-0.0008201446,"43":-0.0009546853},"FracExp":{"0":1.0,"1":1.0,"2":1.0,"3":1.0,"4":1.0,"5":1.0,"6":1.0,"7":1.0,"8":1.0,"9":1.0,"10":1.0,"11":1.0,"12":1.0,"13":1.0,"14":1.0,"15":1.0,"16":1.0,"17":1.0,"18":1.0,"19":1.0,"20":1.0,"21":1.0,"22":1.0,"23":1.0,"24":1.0,"25":1.0,"26":1.0,"27":1.0,"28":1.0,"29":1.0,"30":1.0,"31":1.0,"32":1.0,"33":1.0,"34":0.993149,"35":1.0,"36":1.0,"37":1.0,"38":0.915886,"39":0.963827,"40":0.389888,"41":0.191933,"42":0.401005,"43":0.604626},"BGrate":{"0":0.007535548,"1":0.002511839,"2":0.003139811,"3":0.003767762,"4":0.003425242,"5":0.00139547,"6":0.001569903,"7":0.005860967,"8":0.003767765,"9":0.0,"10":0.002730266,"11":0.001674559,"12":0.003305058,"13":0.001794173,"14":0.0,"15":0.002598456,"16":0.004456494,"17":0.004186402,"18":0.002354851,"19":0.001712619,"20":0.002283492,"21":0.001620543,"22":0.002644042,"23":0.002306951,"24":0.0006844644,"25":0.000785785,"26":0.0008732831,"27":0.001035695,"28":0.000633717,"29":0.0009978036,"30":0.00132192,"31":0.0008639361,"32":0.0005057542,"33":0.001193601,"34":0.000632125,"35":0.0004996033,"36":0.0005031434,"37":0.0003881223,"38":0.0004368898,"39":0.0004396908,"40":0.0002368838,"41":0.0002803773,"42":0.0001500911,"43":0.0001144726},"BGerr":{"0":0.004350651,"1":0.002511839,"2":0.002220182,"3":0.002175318,"4":0.001977565,"5":0.00139547,"6":0.001569903,"7":0.002215237,"8":0.00217532,"9":0.0,"10":0.001221012,"11":0.001184092,"12":0.001478067,"13":0.0008970864,"14":0.0,"15":0.001060815,"16":0.001343684,"17":0.001395467,"18":0.0009613641,"19":0.0009887809,"20":0.0009322316,"21":0.0008102713,"22":0.0009348099,"23":0.0007689838,"24":0.0001898363,"25":0.0001964463,"26":0.0002422052,"27":0.0002768012,"28":0.000211239,"29":0.0002666742,"30":0.0003032691,"31":0.0002095353,"32":0.0001685847,"33":0.0002216462,"34":0.0001216525,"35":0.0000800006,"36":0.0000539426,"37":0.0000598886,"38":0.0000568782,"39":0.000038126,"40":0.0000185542,"41":0.0000191216,"42":0.0000075711,"43":0.0000077003},"CorrFact":{"0":2.696438,"1":2.681658,"2":2.657811,"3":2.664759,"4":2.650046,"5":2.59626,"6":2.657345,"7":2.619886,"8":2.625017,"9":2.629697,"10":2.62091,"11":2.608449,"12":2.611552,"13":2.59037,"14":2.657985,"15":2.593521,"16":2.597227,"17":2.618529,"18":2.622334,"19":2.611815,"20":2.628326,"21":2.637399,"22":2.60604,"23":2.613244,"24":1.233334,"25":1.233115,"26":1.233144,"27":1.233052,"28":1.233075,"29":1.233059,"30":1.233179,"31":1.233262,"32":1.233156,"33":1.233231,"34":1.304093,"35":1.324582,"36":1.322376,"37":1.33094,"38":1.327244,"39":1.40517,"40":1.489604,"41":1.456613,"42":1.458856,"43":1.87879},"CtsInSrc":{"0":20.0,"1":23.0,"2":22.0,"3":20.0,"4":24.0,"5":22.0,"6":20.0,"7":21.0,"8":20.0,"9":20.0,"10":20.0,"11":21.0,"12":20.0,"13":21.0,"14":21.0,"15":20.0,"16":20.0,"17":20.0,"18":21.0,"19":20.0,"20":20.0,"21":20.0,"22":20.0,"23":30.0,"24":15.0,"25":15.0,"26":17.0,"27":16.0,"28":20.0,"29":16.0,"30":20.0,"31":15.0,"32":15.0,"33":25.0,"34":15.0,"35":15.0,"36":28.0,"37":21.0,"38":16.0,"39":23.0,"40":17.0,"41":17.0,"42":20.0,"43":8.0},"BGInSrc":{"0":0.09447,"1":0.03149,"2":0.06298,"3":0.09447,"4":0.09447,"5":0.03149,"6":0.03149,"7":0.220429,"8":0.09447,"9":0.0,"10":0.15745,"11":0.06298,"12":0.15745,"13":0.12596,"14":0.0,"15":0.18894,"16":0.346389,"17":0.283409,"18":0.18894,"19":0.09447,"20":0.18894,"21":0.12596,"22":0.251919,"23":0.283409,"24":0.190495,"25":0.234455,"26":0.190495,"27":0.205148,"28":0.131881,"29":0.205148,"30":0.278415,"31":0.249109,"32":0.131881,"33":0.42495,"34":0.229815,"35":0.331956,"36":0.740516,"37":0.357142,"38":0.5017,"39":0.998808,"40":0.693127,"41":0.986998,"42":1.194075,"43":0.569729},"Exposure":{"0":12.536548,"1":12.5366,"2":20.05848,"3":25.07318,"4":27.58046,"5":22.56582,"6":20.05852,"7":37.60974,"8":25.07316,"9":32.59514,"10":57.66822,"11":37.6098,"12":47.63898,"13":70.20488,"14":55.16096,"15":72.71222,"16":77.72682,"17":67.69758,"18":80.23416,"19":55.161,"20":82.7415,"21":77.72686,"22":95.27814,"23":122.850132,"24":278.31214,"25":298.37052,"26":218.13632,"27":198.0778,"28":208.10706,"29":205.59978,"30":210.6145,"31":288.3414,"32":260.76102,"33":356.02326,"34":363.56004,"35":664.43834,"36":1471.77972,"37":920.1791,"38":1148.3434,"39":2271.6138,"40":2926.0191,"41":3520.2492,