{"Time":{"0":102.639,"1":139.82,"2":177.752,"3":236.833,"4":305.398,"5":723.459},"TimePos":{"0":20.766,"1":16.18,"2":30.902,"3":31.997,"4":46.173,"5":4321.52},"TimeNeg":{"0":-11.829,"1":-16.415,"2":-21.752,"3":-28.179,"4":-36.569,"5":-371.888},"Rate":{"0":1.329118,"1":1.350103,"2":0.8774445,"3":0.7426399,"4":0.5866276,"5":0.02537601},"RatePos":{"0":0.2983107,"1":0.3018923,"2":0.191644,"3":0.166992,"4":0.1253878,"5":0.004913531},"RateNeg":{"0":-0.2983107,"1":-0.3018923,"2":-0.191644,"3":-0.166992,"4":-0.1253878,"5":-0.004913531},"FracExp":{"0":1.0,"1":1.0,"2":1.0,"3":1.0,"4":1.0,"5":0.30664},"BGrate":{"0":0.002263914,"1":0.0,"2":0.0003503675,"3":0.001839429,"4":0.0006688836,"5":0.0008204021},"BGerr":{"0":0.001131957,"1":0.0,"2":0.0003503675,"3":0.0007509437,"4":0.0003861801,"5":0.0000869624},"CorrFact":{"0":2.174158,"1":2.200338,"2":2.201965,"3":2.246875,"4":2.211855,"5":1.31279},"CtsInSrc":{"0":20.0,"1":20.0,"2":21.0,"3":20.0,"4":22.0,"5":29.0},"BGInSrc":{"0":0.073792,"1":0.0,"2":0.018448,"3":0.110689,"4":0.055344,"5":1.180713},"Exposure":{"0":32.595088,"1":32.5951,"2":52.65364,"3":60.1756,"4":82.7414,"5":1439.188571},"Sigma":{"0":540.060606,"1":1000.0,"2":1137.327273,"3":440.141142,"4":686.77739,"5":222.278024},"SNR":{"0":4.455484,"1":4.472136,"2":4.578513,"3":4.447158,"4":4.678508,"5":5.164517}}