{"Time":{"0":2851.982,"1":2966.483,"2":3088.279,"3":3312.576,"4":3642.024,"5":3812.797,"6":3986.706,"7":4141.07,"8":4324.461,"9":4516.584,"10":4683.762,"11":4912.183,"12":5132.057,"13":8730.84,"14":8942.144,"15":9170.222,"16":9494.356,"17":9744.185,"18":10046.971,"19":10282.906,"20":10702.423,"21":14695.39,"22":15325.071,"23":15784.589,"24":16141.913,"25":16550.896,"26":20836.412,"27":22042.489,"28":26288.26,"29":27574.788,"30":32847.498,"31":38044.556,"32":39000.509,"33":43803.025,"34":44949.994,"35":50235.266,"36":56164.031,"37":76011.369,"38":92031.47,"39":127519.118,"40":147491.681,"41":174951.442,"42":202317.992,"43":371967.502,"44":614206.517},"TimePos":{"0":63.004,"1":43.782,"2":105.019,"3":98.859,"4":100.377,"5":57.477,"6":84.153,"7":80.228,"8":77.363,"9":68.274,"10":111.71,"11":86.381,"12":268.91,"13":80.296,"14":144.797,"15":127.334,"16":154.224,"17":135.067,"18":108.085,"19":132.91,"20":477.379,"21":283.576,"22":280.339,"23":99.297,"24":165.708,"25":402.459,"26":671.411,"27":699.44,"28":466.44,"29":946.594,"30":732.89,"31":428.904,"32":1100.301,"33":468.475,"34":925.663,"35":1428.729,"36":1066.506,"37":4378.944,"38":11457.779,"39":10530.091,"40":19778.695,"41":3418.162,"42":21112.221,"43":130702.302,"44":107583.025},"TimeNeg":{"0":-52.333,"1":-51.497,"2":-78.015,"3":-119.277,"4":-230.588,"5":-70.396,"6":-116.432,"7":-70.211,"8":-103.164,"9":-114.759,"10":-98.904,"11":-116.711,"12":-133.493,"13":-112.767,"14":-131.007,"15":-83.281,"16":-196.8,"17":-95.605,"18":-167.719,"19":-127.85,"20":-286.607,"21":-299.157,"22":-346.105,"23":-179.179,"24":-258.027,"25":-243.275,"26":-648.015,"27":-534.666,"28":-322.782,"29":-820.088,"30":-1078.889,"31":-454.479,"32":-527.049,"33":-454.214,"34":-678.494,"35":-1134.04,"36":-1277.82,"37":-2426.957,"38":-6864.644,"39":-7733.762,"40":-4606.422,"41":-3987.902,"42":-19768.907,"43":-114244.903,"44":-102023.107},"Rate":{"0":0.2077143,"1":0.2509301,"2":0.1291811,"3":0.204556,"4":0.1345893,"5":0.1885853,"6":0.09046389,"7":0.1603786,"8":0.1330035,"9":0.1293417,"10":0.1134675,"11":0.1166697,"12":0.07308734,"13":0.09649985,"14":0.06733078,"15":0.089598,"16":0.05342714,"17":0.08150509,"18":0.06833243,"19":0.07237258,"20":0.0595684,"21":0.0789922,"22":0.06122451,"23":0.08657493,"24":0.04496631,"25":0.03832768,"26":0.04426816,"27":0.03116394,"28":0.09056748,"29":0.0328449,"30":0.01695058,"31":0.02251175,"32":0.01479781,"33":0.02081727,"34":0.02198836,"35":0.01208468,"36":0.01326679,"37":0.01104416,"38":0.008860779,"39":0.005203031,"40":0.00451003,"41":0.007056537,"42":0.003072736,"43":0.0006327986,"44":0.0003750695},"RatePos":{"0":0.04686275,"1":0.05642304,"2":0.02927597,"3":0.0460924,"4":0.03046902,"5":0.04235715,"6":0.0236732,"7":0.03606204,"8":0.03000714,"9":0.02941168,"10":0.02559959,"11":0.02638115,"12":0.01825086,"13":0.02509409,"14":0.01770757,"15":0.0233231,"16":0.01396457,"17":0.02121645,"18":0.01773317,"19":0.01887774,"20":0.01203967,"21":0.02056233,"22":0.01591868,"23":0.02169082,"24":0.01170511,"25":0.01001794,"26":0.01161532,"27":0.007012151,"28":0.02318705,"29":0.007334345,"30":0.004535214,"31":0.005938164,"32":0.003714579,"33":0.005472348,"34":0.004326844,"35":0.002720828,"36":0.002743367,"37":0.002711828,"38":0.001811279,"39":0.001409006,"40":0.001244443,"41":0.001791979,"42":0.0006905912,"43":0.0001914351,"44":0.0001243038},"RateNeg":{"0":-0.04686275,"1":-0.05642304,"2":-0.02927597,"3":-0.0460924,"4":-0.03046902,"5":-0.04235715,"6":-0.0236732,"7":-0.03606204,"8":-0.03000714,"9":-0.02941168,"10":-0.02559959,"11":-0.02638115,"12":-0.01825086,"13":-0.02509409,"14":-0.01770757,"15":-0.0233231,"16":-0.01396457,"17":-0.02121645,"18":-0.01773317,"19":-0.01887774,"20":-0.01203967,"21":-0.02056233,"22":-0.01591868,"23":-0.02169082,"24":-0.01170511,"25":-0.01001794,"26":-0.01161532,"27":-0.007012151,"28":-0.02318705,"29":-0.007334345,"30":-0.004535214,"31":-0.005938164,"32":-0.003714579,"33":-0.005472348,"34":-0.004326844,"35":-0.002720828,"36":-0.002743367,"37":-0.002711828,"38":-0.001811279,"39":-0.001409006,"40":-0.001244443,"41":-0.001791979,"42":-0.0006905912,"43":-0.0001914351,"44":-0.0001243038},"FracExp":{"0":1.0,"1":1.0,"2":1.0,"3":0.999979,"4":0.999996,"5":1.0,"6":1.0,"7":1.0,"8":1.0,"9":1.0,"10":1.0,"11":1.0,"12":0.672913,"13":1.0,"14":1.0,"15":1.0,"16":1.0,"17":1.0,"18":1.0,"19":1.0,"20":0.715436,"21":0.413055,"22":0.496302,"23":0.846344,"24":1.0,"25":0.764923,"26":0.334452,"27":0.678579,"28":0.289101,"29":0.455568,"30":0.606143,"31":0.962185,"32":0.884374,"33":1.0,"34":0.972185,"35":0.994988,"36":1.0,"37":0.306509,"38":0.225518,"39":0.227476,"40":0.181376,"41":0.437064,"42":0.2598,"43":0.127798,"44":0.236021},"BGrate":{"0":0.001524276,"1":0.001153236,"2":0.001440756,"3":0.0006933573,"4":0.0007342768,"5":0.0006874207,"6":0.0009860197,"7":0.0007303852,"8":0.0009738476,"9":0.001800951,"10":0.0008347264,"11":0.001082053,"12":0.001785438,"13":0.0005468102,"14":0.0009842574,"15":0.0005728484,"16":0.0005155641,"17":0.0005230364,"18":0.0002734056,"19":0.0005783582,"20":0.002345315,"21":0.0005028602,"22":0.0003336952,"23":0.000146731,"24":0.0002856476,"25":0.0003675741,"26":0.001704461,"27":0.0007536278,"28":0.003908121,"29":0.0005916022,"30":0.0004756675,"31":0.0003718778,"32":0.0003977077,"33":0.0002879943,"34":0.000379255,"35":0.000252782,"36":0.0003484364,"37":0.0003447104,"38":0.0002548091,"39":0.0001678103,"40":0.0002174751,"41":0.000235371,"42":0.0001561954,"43":0.0000701571,"44":0.000066945},"BGerr":{"0":0.000538913,"1":0.0005157428,"2":0.0004159104,"3":0.0002620644,"4":0.0002119674,"5":0.0003437103,"6":0.0003286732,"7":0.0003266382,"8":0.0003443071,"9":0.0004650036,"10":0.0002951203,"11":0.0003421751,"12":0.0003806567,"13":0.0002066748,"14":0.0002319917,"15":0.0002025325,"16":0.0001488305,"17":0.0001849213,"18":0.0001222707,"19":0.0001828929,"20":0.0002543851,"21":0.000134395,"22":0.0000963295,"23":0.0000733655,"24":0.0000763425,"25":0.0000802112,"26":0.0001827374,"27":0.0000882055,"28":0.0003850786,"29":0.0000797716,"30":0.000060903,"31":0.0000611363,"32":0.0000485877,"33":0.0000517253,"34":0.0000456569,"35":0.0000232705,"36":0.0000357488,"37":0.0000338016,"38":0.0000182006,"39":0.0000113656,"40":0.0000144662,"41":0.0000198218,"42":0.0000067092,"43":0.0000018824,"44":0.0000014266},"CorrFact":{"0":1.208478,"1":1.202012,"2":1.198025,"3":2.248011,"4":2.254609,"5":1.211071,"6":1.225877,"7":1.213022,"8":1.211179,"9":1.20353,"10":1.20549,"11":1.197897,"12":1.198237,"13":1.250841,"14":1.260828,"15":1.268243,"16":1.265549,"17":1.263563,"18":1.262772,"19":1.270903,"20":1.265998,"21":1.277877,"22":1.277839,"23":1.278047,"24":1.280586,"25":1.27756,"26":1.281156,"27":1.281262,"28":1.282833,"29":1.288013,"30":1.285783,"31":1.303092,"32":1.296403,"33":1.303619,"34":1.298507,"35":1.513848,"36":1.286088,"37":1.333201,"38":1.467625,"39":1.511345,"40":1.420937,"41":1.406657,"42":1.529225,"43":1.547108,"44":1.587531},"CtsInSrc":{"0":20.0,"1":20.0,"2":20.0,"3":20.0,"4":20.0,"5":20.0,"6":15.0,"7":20.0,"8":20.0,"9":20.0,"10":20.0,"11":20.0,"12":17.0,"13":15.0,"14":15.0,"15":15.0,"16":15.0,"17":15.0,"18":15.0,"19":15.0,"20":27.0,"21":15.0,"22":15.0,"23":16.0,"24":15.0,"25":15.0,"26":16.0,"27":21.0,"28":17.0,"29":21.0,"30":15.0,"31":15.0,"32":17.0,"33":15.0,"34":27.0,"35":21.0,"36":25.0,"37":18.0,"38":26.0,"39":15.0,"40":15.0,"41":17.0,"42":23.0,"43":15.0,"44":15.0},"BGInSrc":{"0":0.175805,"1":0.109878,"2":0.263708,"3":0.151243,"4":0.243019,"5":0.087903,"6":0.197781,"7":0.109878,"8":0.175805,"9":0.329635,"10":0.175805,"11":0.219756,"12":0.483464,"13":0.105569,"14":0.271463,"15":0.12065,"16":0.180975,"17":0.12065,"18":0.075406,"19":0.150813,"20":1.281908,"21":0.121039,"22":0.103748,"23":0.034583,"24":0.121039,"25":0.181558,"26":0.752153,"27":0.631117,"28":0.891694,"29":0.476147,"30":0.522377,"31":0.316088,"32":0.572376,"33":0.265729,"34":0.591462,"35":0.644575,"36":0.816848,"37":0.719091,"38":1.052879,"39":0.697184,"40":0.961866,"41":0.761878,"42":1.658939,"43":2.196173,"44":3.311872},"Exposure":{"0":115.336808,