{"Time":{"0":192.45,"1":228.547,"2":318.238,"3":439.739,"4":657.615,"5":671.975,"6":716.091,"7":794.42,"8":971.612,"9":1195.029,"10":1335.095,"11":1579.188,"12":5448.38,"13":6029.443,"14":6479.784,"15":7192.814,"16":11442.41,"17":17376.066,"18":22994.766,"19":29325.665,"20":48419.135,"21":89297.484,"22":277338.501},"TimePos":{"0":12.033,"1":38.619,"2":31.67,"3":80.666,"4":6.806,"5":12.505,"6":21.043,"7":83.125,"8":126.578,"9":61.122,"10":51.437,"11":228.565,"12":306.095,"13":203.931,"14":234.997,"15":354.374,"16":1384.369,"17":1650.067,"18":690.415,"19":1181.744,"20":5040.657,"21":44188.431,"22":96567.646},"TimeNeg":{"0":-15.548,"1":-24.064,"2":-51.072,"3":-89.832,"4":-8.238,"5":-7.553,"6":-31.611,"7":-57.286,"8":-94.068,"9":-96.84,"10":-78.944,"11":-192.655,"12":-260.561,"13":-274.968,"14":-246.41,"15":-478.033,"16":-388.392,"17":-699.499,"18":-568.25,"19":-1157.567,"20":-14449.779,"21":-31156.331,"22":-99442.597},"Rate":{"0":1.70364,"1":0.6862002,"2":0.5065919,"3":1.776064,"4":4.2505,"5":2.796288,"6":1.173498,"7":0.3318939,"8":0.0981395,"9":0.1604924,"10":0.1851222,"11":0.09652933,"12":0.03365983,"13":0.04016659,"14":0.03988799,"15":0.03553177,"16":0.0391941,"17":0.02591842,"18":0.02386214,"19":0.01276925,"20":0.01088575,"21":0.004919254,"22":0.000891572},"RatePos":{"0":0.3639338,"1":0.1537721,"2":0.1140183,"3":0.2872443,"4":0.8707336,"5":0.6108221,"6":0.2451471,"7":0.07470389,"8":0.02336129,"9":0.035245,"10":0.04167102,"11":0.01681712,"12":0.008870055,"13":0.01054333,"14":0.01043958,"15":0.007498237,"16":0.00913217,"17":0.005323497,"18":0.004996214,"19":0.002713189,"20":0.002264645,"21":0.0009343862,"22":0.0004519744},"RateNeg":{"0":-0.3639338,"1":-0.1537721,"2":-0.1140183,"3":-0.2872443,"4":-0.8707336,"5":-0.6108221,"6":-0.2451471,"7":-0.07470389,"8":-0.02336129,"9":-0.035245,"10":-0.04167102,"11":-0.01681712,"12":-0.008870055,"13":-0.01054333,"14":-0.01043958,"15":-0.007498237,"16":-0.00913217,"17":-0.005323497,"18":-0.004996214,"19":-0.002713189,"20":-0.002264645,"21":-0.0009343862,"22":-0.0003502764},"FracExp":{"0":1.0,"1":1.0,"2":1.0,"3":0.99998,"4":1.0,"5":1.0,"6":1.0,"7":0.999982,"8":1.0,"9":1.0,"10":1.0,"11":1.0,"12":1.0,"13":1.0,"14":1.0,"15":1.0,"16":0.353587,"17":0.520761,"18":1.0,"19":1.0,"20":0.19618,"21":0.122528,"22":0.053572},"BGrate":{"0":0.001554089,"1":0.0006837999,"2":0.001554089,"3":0.002248941,"4":0.005627463,"5":0.001055148,"6":0.0008039231,"7":0.0009246748,"8":0.0007931479,"9":0.0008309168,"10":0.001006688,"11":0.001246409,"12":0.0005326923,"13":0.0005102471,"14":0.0004180144,"15":0.0003280906,"16":0.0004642549,"17":0.0005344387,"18":0.0004765527,"19":0.0004018034,"20":0.0002519034,"21":0.0001825003,"22":0.0000972219},"BGerr":{"0":0.001098907,"1":0.0004835195,"2":0.000634454,"3":0.0004590632,"4":0.002813731,"5":0.001055148,"6":0.0005684595,"7":0.0003774969,"8":0.0002804201,"9":0.0003392203,"10":0.0004109787,"11":0.0002544222,"12":0.0000821962,"13":0.0000875066,"14":0.0000789973,"15":0.0000532233,"16":0.0000773758,"17":0.0000605133,"18":0.0000561623,"19":0.0000374684,"20":0.0000195515,"21":0.0000080733,"22":0.0000044989},"CorrFact":{"0":2.139959,"1":2.155277,"2":2.109378,"3":7.841437,"4":2.673781,"5":2.673634,"6":2.691442,"7":2.345253,"8":1.214811,"9":1.214815,"10":1.214794,"11":1.214641,"12":1.297682,"13":1.303621,"14":1.297566,"15":1.301405,"16":1.313157,"17":1.302583,"18":1.283513,"19":1.295367,"20":1.73164,"21":1.549162,"22":1.565816},"CtsInSrc":{"0":22.0,"1":20.0,"2":20.0,"3":39.0,"4":24.0,"5":21.0,"6":23.0,"7":20.0,"8":18.0,"9":21.0,"10":20.0,"11":34.0,"12":15.0,"13":15.0,"14":15.0,"15":23.0,"16":19.0,"17":25.0,"18":24.0,"19":24.0,"20":25.0,"21":31.0,"22":7.0},"BGInSrc":{"0":0.042863,"1":0.042863,"2":0.128588,"3":0.383432,"4":0.084659,"5":0.021165,"6":0.04233,"7":0.129832,"8":0.175004,"9":0.131253,"10":0.131253,"11":0.525012,"12":0.301853,"13":0.244357,"14":0.201235,"15":0.273105,"16":0.291007,"17":0.653919,"18":0.59982,"19":0.939943,"20":0.963186,"21":1.684821,"22":1.020886},"Exposure":{"0":27.580588,"1":62.6831,"2":82.7418,"3":170.494612,"4":15.043968,"5":20.05864,"6":52.6539,"7":140.408032,"8":220.64506,"9":157.96182,"10":130.38112,"11":421.22006,"12":566.65518,"13":478.8995,"14":481.40738,"15":832.40724,"16":626.825,"17":1223.5624,"18":1258.6646,"19":2339.3109,"20":3823.6325,"21":9231.8786,"22":10500.5724},"Sigma":{"0":724.454712,"1":658.466628,"2":378.532892,"3":493.390227,"4":564.977964,"5":991.211438,"6":767.004216,"7":374.883385,"8":288.088583,"9":389.459544,"10":370.797209,"11":312.360714,"12":315.567283,"13":352.105415,"14":389.135163,"15":512.982244,"16":385.743726,"17":328.815544,"18":331.027797,"19":263.092041,"20":321.529523,"21":393.323019,"22":3.853276},"SNR":{"0":4.68118,"1":4.462449,"2":4.443077,"3":6.183114,"4":4.881516,"5":4.577908,"6":4.786912,"7":4.442793,"8":4.200945,"9":4.553623,"10":4.442468,"11":5.739944,"12":3.794771,"13":3.809668,"14":3.82084,"15":4.738683,"16":4.291872,"17":4.868682,"18":4.776045,"19":4.706361,"20":4.806826,"21":5.26469,"22":2.545338}}