{"Time":{"0":14009.543,"1":14847.704,"2":15395.214,"3":20623.415,"4":26378.903},"TimePos":{"0":327.931,"1":267.04,"2":261.095,"3":814.332,"4":5563.458},"TimeNeg":{"0":-311.437,"1":-510.23,"2":-280.47,"3":-1133.855,"4":-838.26},"Rate":{"0":0.03073836,"1":0.02509797,"2":0.03641363,"3":0.01526202,"4":0.005706374},"RatePos":{"0":0.008054435,"1":0.006637631,"2":0.009546425,"3":0.003307274,"4":0.002253868},"RateNeg":{"0":-0.008054435,"1":-0.006637631,"2":-0.009546425,"3":-0.003307274,"4":-0.00180096},"FracExp":{"0":0.999997,"1":1.0,"2":1.0,"3":0.993558,"4":0.319595},"BGrate":{"0":0.0003419285,"1":0.0004558407,"2":0.0004175967,"3":0.0004471651,"4":0.000217651},"BGerr":{"0":0.0000634945,"1":0.0000664912,"2":0.0000762424,"3":0.0000422531,"4":0.0000208472},"CorrFact":{"0":1.329582,"1":1.331988,"2":1.334817,"3":1.334648,"4":1.364698},"CtsInSrc":{"0":15.0,"1":15.0,"2":15.0,"3":23.0,"4":9.0},"BGInSrc":{"0":0.218617,"1":0.354311,"2":0.226156,"3":0.865549,"4":0.445305},"Exposure":{"0":639.36612,"1":777.26952,"2":541.56566,"3":1935.6356,"4":2045.9568},"Sigma":{"0":364.107108,"1":283.383119,"2":357.804651,"3":270.636414,"4":200.567557},"SNR":{"0":3.816327,"1":3.781164,"2":3.814373,"3":4.614681,"4":3.168519}}