{"Time":{"0":4070.786,"1":4145.803,"2":4250.414,"3":4350.82,"4":4434.215,"5":4525.558,"6":4613.196,"7":4683.603,"8":4782.807,"9":4889.368,"10":5001.979,"11":5111.256,"12":5244.829,"13":5462.84,"14":9984.465,"15":10453.726,"16":10669.899,"17":11032.148,"18":15686.885,"19":16157.074,"20":16642.929,"21":25463.45,"22":63046.568},"TimePos":{"0":28.515,"1":56.298,"2":51.979,"3":46.851,"4":38.675,"5":60.161,"6":32.698,"7":27.481,"8":46.121,"9":49.882,"10":35.056,"11":56.159,"12":88.329,"13":198.894,"14":350.381,"15":89.226,"16":128.799,"17":317.271,"18":253.04,"19":194.051,"20":427.785,"21":2600.735,"22":5343.819},"TimeNeg":{"0":-34.168,"1":-46.502,"2":-48.313,"3":-48.427,"4":-36.544,"5":-52.668,"6":-27.477,"7":-37.709,"8":-71.722,"9":-60.44,"10":-62.729,"11":-74.221,"12":-77.414,"13":-129.682,"14":-432.912,"15":-118.88,"16":-126.946,"17":-233.45,"18":-338.686,"19":-217.149,"20":-291.805,"21":-3743.823,"22":-7393.603},"Rate":{"0":0.6695013,"1":0.4127659,"2":0.4468914,"3":0.4492862,"4":0.5905584,"5":0.3712489,"6":0.7360432,"7":0.6523061,"8":0.3561145,"9":0.3812025,"10":0.4305378,"11":0.3236567,"12":0.3244629,"13":0.3482829,"14":0.1131806,"15":0.1388323,"16":0.1122774,"17":0.1188386,"18":0.0340705,"19":0.0494713,"20":0.03009235,"21":0.01953863,"22":0.005613189},"RatePos":{"0":0.1503504,"1":0.09279513,"2":0.09781961,"3":0.1010054,"4":0.1292667,"5":0.08400527,"6":0.1609468,"7":0.146964,"8":0.08023227,"9":0.08597751,"10":0.09679049,"11":0.07291956,"12":0.07294678,"13":0.05783609,"14":0.02880542,"15":0.03124725,"16":0.02541851,"17":0.02401786,"18":0.008968832,"19":0.0129117,"20":0.007623797,"21":0.00373341,"22":0.001723781},"RateNeg":{"0":-0.1503504,"1":-0.09279513,"2":-0.09781961,"3":-0.1010054,"4":-0.1292667,"5":-0.08400527,"6":-0.1609468,"7":-0.146964,"8":-0.08023227,"9":-0.08597751,"10":-0.09679049,"11":-0.07291956,"12":-0.07294678,"13":-0.05783609,"14":-0.02880542,"15":-0.03124725,"16":-0.02541851,"17":-0.02401786,"18":-0.008968832,"19":-0.0129117,"20":-0.007623797,"21":-0.00373341,"22":-0.001440397},"FracExp":{"0":1.0,"1":1.0,"2":1.0,"3":1.0,"4":1.0,"5":1.0,"6":1.0,"7":1.0,"8":1.0,"9":1.0,"10":1.0,"11":1.0,"12":0.665588,"13":0.496002,"14":0.246476,"15":1.0,"16":1.0,"17":0.55088,"18":1.0,"19":1.0,"20":1.0,"21":0.301529,"22":0.359636},"BGrate":{"0":0.001355193,"1":0.001032921,"2":0.0006352465,"3":0.001114468,"4":0.0008469948,"5":0.002070433,"6":0.0007058287,"7":0.002280371,"8":0.001261482,"9":0.00153999,"10":0.001085891,"11":0.001140185,"12":0.0009705677,"13":0.002247823,"14":0.001453751,"15":0.0006211508,"16":0.0009547319,"17":0.0008521673,"18":0.0004837683,"19":0.0003890271,"20":0.000292505,"21":0.000425355,"22":0.000133058},"BGerr":{"0":0.0006775964,"1":0.0004619363,"2":0.0003667597,"3":0.0004984052,"4":0.0004890127,"5":0.0006242591,"6":0.0004990962,"7":0.0008618993,"8":0.0004767954,"9":0.0005444688,"10":0.0004856252,"11":0.0004309495,"12":0.0004340511,"13":0.0005451771,"14":0.0003885313,"15":0.0002070503,"16":0.0002315565,"17":0.0002008578,"18":0.0000829656,"19":0.0000892489,"20":0.000058501,"21":0.0000427498,"22":0.0000087927},"CorrFact":{"0":2.107259,"1":2.132936,"2":2.140772,"3":2.151774,"4":2.121743,"5":2.119133,"6":2.113407,"7":2.142117,"8":2.114005,"9":2.120761,"10":2.116246,"11":2.125722,"12":1.799308,"13":1.549427,"14":1.390067,"15":1.453995,"16":1.453468,"17":1.457205,"18":1.370173,"19":1.37079,"20":1.371427,"21":1.326134,"22":1.920322},"CtsInSrc":{"0":20.0,"1":20.0,"2":21.0,"3":20.0,"4":21.0,"5":20.0,"6":21.0,"7":20.0,"8":20.0,"9":20.0,"10":20.0,"11":20.0,"12":20.0,"13":37.0,"14":16.0,"15":20.0,"16":20.0,"17":25.0,"18":15.0,"19":15.0,"20":16.0,"21":29.0,"22":14.0},"BGInSrc":{"0":0.084947,"1":0.106184,"2":0.06371,"3":0.106184,"4":0.06371,"5":0.233605,"6":0.042474,"7":0.148658,"8":0.148658,"9":0.169894,"10":0.106184,"11":0.148658,"12":0.107069,"13":0.366338,"14":0.280665,"15":0.129266,"16":0.244169,"17":0.258531,"18":0.286258,"19":0.159968,"20":0.210484,"21":0.813734,"22":0.609517},"Exposure":{"0":62.682748,"1":102.79974,"2":100.29242,"3":95.27776,"4":75.21936,"5":112.82896,"6":60.17552,"7":65.1901,"8":117.84364,"9":110.32174,"10":97.78516,"11":130.38024,"12":110.3162,"13":162.974412,"14":193.06242,"15":208.10678,"16":255.74566,"17":303.38104,"18":591.72532,"19":411.19938,"20":719.5904,"21":1913.0699,"22":4580.8371},"Sigma":{"0":468.880667,"1":418.932404,"2":569.180417,"3":418.932404,"4":569.180417,"5":280.635101,"6":697.807903,"7":353.306575,"8":353.306575,"9":330.134486,"10":418.932404,"11":353.306575,"12":415.449874,"13":412.309442,"14":209.560955,"15":461.160247,"16":333.603081,"17":406.020932,"18":299.712595,"19":404.370403,"20":375.076741,"21":344.645617,"22":332.451419},"SNR":{"0":4.45294,"1":4.448142,"2":4.568526,"3":4.448142,"4":4.568526,"5":4.419352,"6":4.573209,"7":4.438545,"8":4.438545,"9":4.433746,"10":4.448142,"11":4.438545,"12":4.44794,"13":6.021895,"14":3.929143,"15":4.443025,"16":4.417151,"17":4.947926,"18":3.798767,"19":3.831508,"20":3.94716,"21":5.233455,"22":3.896973}}