{"Time":{"0":52309.753,"1":52654.486,"2":58161.662,"3":58411.711,"4":63944.576,"5":64257.638,"6":68792.712,"7":69013.178,"8":69382.047,"9":74876.428,"10":80457.724,"11":80850.36,"12":86276.434,"13":86666.565,"14":92148.248,"15":97982.68,"16":106279.538,"17":141414.65,"18":150125.367,"19":368016.219,"20":388936.999,"21":409167.309,"22":437682.963,"23":458123.762,"24":531797.076,"25":588349.431,"26":634937.725,"27":697300.925,"28":809957.575,"29":1066940.9709999999,"30":1395924.0449999999},"TimePos":{"0":103.922,"1":157.848,"2":139.707,"3":160.446,"4":139.359,"5":134.695,"6":104.592,"7":119.813,"8":169.66,"9":435.116,"10":210.147,"11":221.183,"12":193.886,"13":224.979,"14":503.285,"15":488.852,"16":3772.003,"17":3376.877,"18":426.163,"19":9275.618,"20":5693.239,"21":8622.948,"22":9005.512,"23":11746.585,"24":13314.365,"25":19881.357,"26":31133.272,"27":20850.935,"28":99474.582,"29":79249.527,"30":218386.557},"TimeNeg":{"0":-94.156,"1":-240.812,"2":-126.068,"3":-110.342,"4":-148.982,"5":-173.703,"6":-136.11,"7":-115.874,"8":-249.056,"9":-399.815,"10":-221.111,"11":-182.489,"12":-219.821,"13":-196.244,"14":-331.646,"15":-346.079,"16":-2882.936,"17":-3278.048,"18":-408.768,"19":-43816.423,"20":-7004.797,"21":-9833.925,"22":-15247.959,"23":-6771.179,"24":-10964.28,"25":-32775.848,"26":-22077.536,"27":-15199.931,"28":-87416.779,"29":-83285.189,"30":-181393.843},"Rate":{"0":0.09460102,"1":0.06865354,"2":0.07047037,"3":0.07774121,"4":0.06470434,"5":0.06014873,"6":0.07758408,"7":0.09514698,"8":0.05089221,"9":0.03430955,"10":0.0452248,"11":0.06154047,"12":0.04730741,"13":0.06165263,"14":0.02828193,"15":0.03416108,"16":0.02573018,"17":0.01919346,"18":0.02398339,"19":0.005241243,"20":0.006627062,"21":0.006582616,"22":0.004905708,"23":0.005217861,"24":0.004126882,"25":0.002283125,"26":0.001996321,"27":0.002672562,"28":0.000751206,"29":0.000968465,"30":0.0003050908},"RatePos":{"0":0.02463023,"1":0.01477279,"2":0.01844534,"3":0.01899479,"4":0.01681181,"5":0.01574382,"6":0.02019929,"7":0.02266078,"8":0.01242255,"9":0.007400227,"10":0.01182219,"11":0.01420361,"12":0.01229442,"13":0.01393376,"14":0.006759017,"15":0.007386649,"16":0.004572316,"17":0.004005621,"18":0.006314029,"19":0.001283723,"20":0.001717178,"21":0.00156261,"22":0.001181121,"23":0.001356703,"24":0.001109656,"25":0.0005767352,"26":0.0005502732,"27":0.0007450086,"28":0.0002257702,"29":0.0002548852,"30":0.0001040787},"RateNeg":{"0":-0.02463023,"1":-0.01477279,"2":-0.01844534,"3":-0.01899479,"4":-0.01681181,"5":-0.01574382,"6":-0.02019929,"7":-0.02266078,"8":-0.01242255,"9":-0.007400227,"10":-0.01182219,"11":-0.01420361,"12":-0.01229442,"13":-0.01393376,"14":-0.006759017,"15":-0.007386649,"16":-0.004572316,"17":-0.004005621,"18":-0.006314029,"19":-0.001283723,"20":-0.001717178,"21":-0.00156261,"22":-0.001181121,"23":-0.001356703,"24":-0.001109656,"25":-0.0005767352,"26":-0.0005502732,"27":-0.0007450086,"28":-0.0002257702,"29":-0.0002548852,"30":-0.0001040787},"FracExp":{"0":1.0,"1":1.0,"2":0.990563,"3":1.0,"4":1.0,"5":0.991865,"6":1.0,"7":1.0,"8":1.0,"9":1.0,"10":1.0,"11":1.0,"12":1.0,"13":1.0,"14":1.0,"15":1.0,"16":0.250921,"17":0.250544,"18":1.0,"19":0.094498,"20":0.264196,"21":0.229852,"22":0.222575,"23":0.241282,"24":0.213256,"25":0.204175,"26":0.211993,"27":0.226869,"28":0.137901,"29":0.155944,"30":0.152923},"BGrate":{"0":0.0006235408,"1":0.000503443,"2":0.0007662591,"3":0.0004584461,"4":0.0003231069,"5":0.0006599024,"6":0.0005118351,"7":0.000784088,"8":0.0002574535,"9":0.0003027962,"10":0.0004253636,"11":0.0002813152,"12":0.0002340276,"13":0.0005014944,"14":0.0002950437,"15":0.0003675562,"16":0.0004013741,"17":0.0003140685,"18":0.0003443629,"19":0.0001349096,"20":0.0001674564,"21":0.0001500492,"22":0.0001656022,"23":0.0001376458,"24":0.0001149798,"25":0.0001118852,"26":0.0000840643,"27":0.0001351101,"28":0.0000819363,"29":0.0000960897,"30":0.0000698797},"BGerr":{"0":0.0002204549,"1":0.00013963,"2":0.000212522,"3":0.0001620852,"4":0.0001319078,"5":0.000183024,"6":0.000180961,"7":0.0002263467,"8":0.0000973083,"9":0.0000562278,"10":0.0000928219,"11":0.0000780228,"12":0.000070562,"13":0.0001023671,"14":0.000055758,"15":0.0000621283,"16":0.0000460408,"17":0.0000405461,"18":0.0000599459,"19":0.0000094922,"20":0.0000143593,"21":0.0000118997,"22":0.0000108723,"23":0.000010465,"24":0.0000079533,"25":0.0000056511,"26":0.0000041772,"27":0.0000068328,"28":0.0000024418,"29":0.0000028998,"30":0.0000013466},"CorrFact":{"0":1.259593,"1":1.255519,"2":1.253694,"3":1.247427,"4":1.251566,"5":1.243322,"6":1.255288,"7":1.258755,"8":1.261493,"9":1.317233,"10":1.316337,"11":1.315345,"12":1.313238,"13":1.312338,"14":1.330061,"15":1.314801,"16":1.328987,"17":1.363172,"18":1.361054,"19":1.517962,"20":1.440078,"21":1.520727,"22":1.46261,"23":1.515336,"24":1.483354,"25":1.461359,"26":1.602592,"27":1.573116,"28":1.502176,"29":1.481906,"30":1.59039},"CtsInSrc":{"0":15.0,"1":22.0,"2":15.0,"3":17.0,"4":15.0,"5":15.0,"6":15.0,"7":18.0,"8":17.0,"9":22.0,"10":15.0,"11":19.0,"12":15.0,"13":20.0,"14":18.0,"15":22.0,"16":33.0,"17":24.0,"18":15.0,"19":18.0,"20":16.0,"21":19.0,"22":19.0,"23":16.0,"24":15.0,"25":18.0,"26":15.0,"27":15.0,"28":15.0,"29":19.0,"30":16.0},"BGInSrc":{"0":0.123509,"1":0.200703,"2":0.20173,"3":0.124142,"4":0.093165,"5":0.201857,"6":0.1232,"7":0.1848,"8":0.1078,"9":0.252814,"10":0.183442,"11":0.113559,"12":0.096819,"13":0.211241,"14":0.246341,"15":0.306884,"16":0.670239,"17":0.523664,"18":0.287519,"19":0.676856,"20":0.561777,"21":0.636561,"22":0.893957,"23":0.615002,"24":0.595317,"25":1.202912,"26":0.948274,"27":1.10504,"28":2.111707,"29":2.435517,"30":4.272132},"Exposure":{"0":198.077348,"1":398.660052,"2":263.26664,"3":270.78826,"4":288.34064,"5":305.88946,"6":240.70232,"7":235.68764,"8":418.71614,"9":834.9309,"10":431.2586,"11":403.6723,"12":413.7073,"13":421.2236,"14":834.9309,"15":834.9309,"16":1669.8618,"17":1667.3545,"18":834.9309,"19":5017.1073,"20":3354.7674,"21":4242.3516,"22":5398.2169,"23":4468.0086,"24":5177.5745,"25":10751.3024,"26":11280.3427,"27":8178.8126,"28":25772.5367,"29":25346.2957,"30":61135.4959},"Sigma":{"0":340.679365,"1":391.61665,"2":264.491139,"3":384.496812,"4":391.930412,"5":264.322832,"6":341.542021,"7":333.948651,"8":414.588076,"9":463.23479,"10":370.13396,"11":599.652563,"12":510.522712,"13":458.928855,"14":381.355556,"15":418.197733,"16":420.512971,"17":347.259066,"18":293.951706,"19":363.752654,"20":320.481324,"21":363.757769,"22":308.497098,"23":329.036192,"24":349.807314,"25":276.466897,"26":298.210906,"27":248.638098,"28":204.800508,"29":225.365735,"30":142.459877},"SNR":{"0":3.840849,"1":4.647299,"2":3.820498,"3":4.092765,"4":3.848743,"5":3.820465,"6":3.84093,"7":4.198751,"8":4.09676,"9":4.636283,"10":3.825415,"11":4.332734,"12":3.847876,"13":4.424695,"14":4.184326,"15":4.624705,"16":5.627385,"17":4.791631,"18":3.798429,"19":4.082847,"20":3.859276,"21":4.212579,"22":4.153435,"23":3.845987,"24":3.719063,"25":3.958706,"26":3.627872,"27":3.58729,"28":3.327304,"29":3.799613,"30":2.931346}}