{"Time":{"0":223.797,"1":238.448,"2":260.331,"3":286.784,"4":353.217,"5":5349.746,"6":5828.986,"7":71460.429},"TimePos":{"0":7.314,"1":10.214,"2":10.897,"3":19.546,"4":58.419,"5":150.2,"6":317.842,"7":66454.294},"TimeNeg":{"0":-10.237,"1":-7.337,"2":-11.668,"3":-15.557,"4":-46.887,"5":-168.229,"6":-329.04,"7":-21957.745},"Rate":{"0":4.595,"1":4.469862,"2":3.723784,"3":2.318036,"4":1.273222,"5":0.0568383,"6":0.05228776,"7":0.005321536},"RatePos":{"0":1.028925,"1":1.009459,"2":0.8136895,"3":0.5078841,"4":0.2166107,"5":0.01510324,"6":0.01016321,"7":0.001067964},"RateNeg":{"0":-1.028925,"1":-1.009459,"2":-0.8136895,"3":-0.5078841,"4":-0.2166107,"5":-0.01510324,"6":-0.01016321,"7":-0.001067964},"FracExp":{"0":1.0,"1":1.0,"2":1.0,"3":1.0,"4":1.0,"5":1.0,"6":1.0,"7":0.092366},"BGrate":{"0":0.001585564,"1":0.01109892,"2":0.001233218,"3":0.002378345,"4":0.0021141,"5":0.001324475,"6":0.001191539,"7":0.0002648381},"BGerr":{"0":0.001585564,"1":0.004194999,"2":0.001233218,"3":0.001373138,"4":0.0007474473,"5":0.0002459488,"6":0.0001636705,"7":0.0000108482},"CorrFact":{"0":4.037998,"1":3.961153,"2":4.006739,"3":3.890156,"4":3.85533,"5":1.241503,"6":1.242196,"7":1.619284},"CtsInSrc":{"0":20.0,"1":20.0,"2":21.0,"3":21.0,"4":35.0,"5":15.0,"6":28.0,"7":29.0},"BGInSrc":{"0":0.027828,"1":0.194799,"2":0.027828,"3":0.083485,"4":0.222628,"5":0.42175,"6":0.770785,"7":2.162741},"Exposure":{"0":17.55116,"1":17.5512,"2":22.56576,"3":35.10234,"4":105.30624,"5":318.4285,"6":646.882,"7":8166.2761},"Sigma":{"0":717.687873,"1":268.992732,"2":753.622266,"3":433.949318,"4":441.837008,"5":186.14389,"6":257.181417,"7":302.940082},"SNR":{"0":4.465827,"1":4.427977,"2":4.576419,"3":4.564105,"4":5.877929,"5":3.763318,"6":5.144808,"7":4.98288}}