{"Time":{"0":3626.829,"1":3704.5,"2":3793.436,"3":3872.038,"4":3941.861,"5":4018.11,"6":4085.048,"7":4171.831,"8":4259.12,"9":4361.589,"10":4461.441,"11":4549.758,"12":4645.511,"13":4756.69,"14":4842.624,"15":4962.54,"16":9067.766,"17":9201.52,"18":9299.955,"19":9409.956,"20":9525.867,"21":9629.215,"22":9734.035,"23":9893.829,"24":10047.651,"25":10215.139,"26":10340.584,"27":10539.963,"28":10675.114,"29":10803.342,"30":15208.062,"31":15353.202,"32":15484.558,"33":15681.06,"34":16008.505,"35":26044.652,"36":26282.798,"37":26561.723},"TimePos":{"0":35.912,"1":53.519,"2":39.802,"3":33.912,"4":39.31,"5":28.251,"6":29.01,"7":34.998,"8":58.031,"9":38.304,"10":46.266,"11":45.706,"12":55.26,"13":46.881,"14":31.152,"15":74.201,"16":80.528,"17":54.588,"18":36.387,"19":68.469,"20":52.242,"21":49.187,"22":52.182,"23":97.988,"24":72.04,"25":47.469,"26":79.985,"27":56.119,"28":53.856,"29":108.659,"30":81.242,"31":63.976,"32":88.074,"33":94.664,"34":413.063,"35":124.329,"36":116.856,"37":203.995},"TimeNeg":{"0":-34.293,"1":-41.759,"2":-35.417,"3":-38.8,"4":-35.91,"5":-36.939,"6":-38.688,"7":-57.773,"8":-52.291,"9":-44.438,"10":-61.549,"11":-42.051,"12":-50.048,"13":-55.919,"14":-39.053,"15":-88.764,"16":-79.09,"17":-53.226,"18":-43.847,"19":-73.614,"20":-47.442,"21":-51.105,"22":-55.633,"23":-107.612,"24":-55.834,"25":-95.448,"26":-77.977,"27":-119.394,"28":-79.032,"29":-74.372,"30":-106.042,"31":-63.897,"32":-67.38,"33":-108.429,"34":-232.781,"35":-101.329,"36":-113.817,"37":-162.069},"Rate":{"0":0.6279086,"1":0.4624583,"2":0.5776999,"3":0.6023519,"4":0.5726932,"5":0.6644009,"6":0.7073522,"7":0.4960411,"8":0.3923543,"9":0.5331166,"10":0.4060297,"11":0.5018626,"12":0.4127722,"13":0.4205157,"14":0.6577989,"15":0.4117968,"16":0.2795418,"17":0.2281589,"18":0.3091666,"19":0.2239524,"20":0.341839,"21":0.2457804,"22":0.2463727,"23":0.2124068,"24":0.3430107,"25":0.2127615,"26":0.2269144,"27":0.1545683,"28":0.1930145,"29":0.1634602,"30":0.1547698,"31":0.1945269,"32":0.1593281,"33":0.09011884,"34":0.1891711,"35":0.1104213,"36":0.08033884,"37":0.06965441},"RatePos":{"0":0.1421047,"1":0.1045458,"2":0.130598,"3":0.1354265,"4":0.1297515,"5":0.1500331,"6":0.1526187,"7":0.1099533,"8":0.08938561,"9":0.1199915,"10":0.09189032,"11":0.1134538,"12":0.09341625,"13":0.09527355,"14":0.1448942,"15":0.07506695,"16":0.06406356,"17":0.05174748,"18":0.06952387,"19":0.04953558,"20":0.07672602,"21":0.05558514,"22":0.05566491,"23":0.04842864,"24":0.07784223,"25":0.0484278,"26":0.05146053,"27":0.03558735,"28":0.04300459,"29":0.03407535,"30":0.03511813,"31":0.04400923,"32":0.03622348,"33":0.02401298,"34":0.03840007,"35":0.02514446,"36":0.02131752,"37":0.01595614},"RateNeg":{"0":-0.1421047,"1":-0.1045458,"2":-0.130598,"3":-0.1354265,"4":-0.1297515,"5":-0.1500331,"6":-0.1526187,"7":-0.1099533,"8":-0.08938561,"9":-0.1199915,"10":-0.09189032,"11":-0.1134538,"12":-0.09341625,"13":-0.09527355,"14":-0.1448942,"15":-0.07506695,"16":-0.06406356,"17":-0.05174748,"18":-0.06952387,"19":-0.04953558,"20":-0.07672602,"21":-0.05558514,"22":-0.05566491,"23":-0.04842864,"24":-0.07784223,"25":-0.0484278,"26":-0.05146053,"27":-0.03558735,"28":-0.04300459,"29":-0.03407535,"30":-0.03511813,"31":-0.04400923,"32":-0.03622348,"33":-0.02401298,"34":-0.03840007,"35":-0.02514446,"36":-0.02131752,"37":-0.01595614},"FracExp":{"0":1.0,"1":1.0,"2":1.0,"3":1.0,"4":1.0,"5":1.0,"6":1.0,"7":1.0,"8":1.0,"9":1.0,"10":1.0,"11":1.0,"12":1.0,"13":1.0,"14":1.0,"15":1.0,"16":0.659744,"17":1.0,"18":1.0,"19":0.811741,"20":0.72942,"21":1.0,"22":0.999984,"23":1.0,"24":1.0,"25":0.999975,"26":0.999994,"27":0.999992,"28":1.0,"29":1.0,"30":0.856814,"31":1.0,"32":1.0,"33":1.0,"34":0.659969,"35":1.0,"36":1.0,"37":1.0},"BGrate":{"0":0.003372269,"1":0.002258934,"2":0.002861317,"3":0.001479991,"4":0.00343358,"5":0.002971367,"6":0.003815088,"7":0.003479977,"8":0.003316525,"9":0.001560716,"10":0.002195893,"11":0.002452553,"12":0.002248174,"13":0.002512372,"14":0.002759123,"15":0.002773459,"16":0.004571926,"17":0.002591641,"18":0.001393006,"19":0.002422663,"20":0.001024748,"21":0.002228811,"22":0.001896473,"23":0.001857582,"24":0.00227558,"25":0.00244256,"26":0.001757734,"27":0.003252466,"28":0.003224058,"29":0.005495801,"30":0.001794951,"31":0.001801429,"32":0.002099246,"33":0.002268465,"34":0.01636944,"35":0.001587348,"36":0.001739181,"37":0.002700696},"BGerr":{"0":0.001016777,"1":0.0007143375,"2":0.0009048277,"3":0.0006618719,"4":0.0009911891,"5":0.0009904556,"6":0.001101321,"7":0.0008985261,"8":0.0008043754,"9":0.0006371598,"10":0.0006620867,"11":0.0007755655,"12":0.0006778501,"13":0.0007252593,"14":0.0009197077,"15":0.0006052185,"16":0.0008966284,"17":0.0006691587,"18":0.0005686923,"19":0.000625529,"20":0.0005123741,"21":0.0006434022,"22":0.000571808,"23":0.0004053576,"24":0.0005688951,"25":0.0005603616,"26":0.0004538449,"27":0.0005841602,"28":0.0006722626,"29":0.0007478837,"30":0.0004634543,"31":0.0005200278,"32":0.0005091419,"33":0.0004630485,"34":0.0008813011,"35":0.0003174695,"36":0.0003286742,"37":0.0003251256},"CorrFact":{"0":2.230514,"1":2.227073,"2":2.196351,"3":2.201765,"4":2.182064,"5":2.186803,"6":2.202494,"7":2.225554,"8":2.204597,"9":2.219878,"10":2.215019,"11":2.226034,"12":2.199436,"13":2.189731,"14":2.219557,"15":2.196816,"16":1.508189,"17":1.24737,"18":1.247257,"19":1.24656,"20":1.247431,"21":1.24643,"22":1.341827,"23":2.226053,"24":2.225476,"25":1.547334,"26":1.817404,"27":1.396276,"28":1.246835,"29":1.2469,"30":1.259922,"31":1.258231,"32":1.258949,"33":1.258829,"34":2.68569,"35":1.268594,"36":1.269417,"37":1.274172},"CtsInSrc":{"0":20.0,"1":20.0,"2":20.0,"3":20.0,"4":20.0,"5":20.0,"6":22.0,"7":21.0,"8":20.0,"9":20.0,"10":20.0,"11":20.0,"12":20.0,"13":20.0,"14":21.0,"15":31.0,"16":20.0,"17":20.0,"18":20.0,"19":21.0,"20":20.0,"21":20.0,"22":20.0,"23":20.0,"24":20.0,"25":20.0,"26":20.0,"27":20.0,"28":21.0,"29":25.0,"30":20.0,"31":20.0,"32":20.0,"33":15.0,"34":37.0,"35":20.0,"36":15.0,"37":21.0},"BGInSrc":{"0":0.23675,"1":0.215227,"2":0.215227,"3":0.107613,"4":0.258272,"5":0.193704,"6":0.258272,"7":0.32284,"8":0.365886,"9":0.129136,"10":0.23675,"11":0.215227,"12":0.23675,"13":0.258272,"14":0.193704,"15":0.451976,"16":0.481455,"17":0.279417,"18":0.111767,"19":0.279417,"20":0.074511,"21":0.223533,"22":0.204464,"23":0.381919,"24":0.290986,"25":0.349075,"26":0.277652,"27":0.570844,"28":0.428439,"29":1.0059,"30":0.288031,"31":0.230354,"32":0.326336,"33":0.460709,"34":6.977264,"35":0.358198,"36":0.401182,"37":0.988626},"Exposure":{"0":70.204828,"1":95.27808,"2":75.21952,"3":72.71224,"4":75.21952,"5":65.19026,"6":67.69758,"7":92.77082,"8":110.322,"9":82.74156,"10":107.8147,"11":87.75624,"12":105.30746,"13":102.80016,"14":70.20498,"15":162.964852,"16":105.306808,"17":107.81464,"18":80.2342,"19":115.334552,"20":72.71166,"21":100.2927,"22":107.81304,"23":205.60022,"24":127.87336,"25":142.9137,"26":157.9603,"27":175.51114,"28":132.88814,"29":183.03074,"30":160.46754,"31":127.87318,"32":155.4537,"33":203.0928,"34":426.23718,"35":225.65812,"36":230.6728,"37":366.06348},"Sigma":{"0":276.86341,"1":290.693022,"2":290.693022,"3":413.338082,"4":264.787859,"5":306.750683,"6":291.613055,"7":248.055456,"8":221.253621,"9":376.916071,"10":276.86341,"11":290.693022,"12":276.86341,"13":264.787859,"14":322.238217,"15":309.725528,"16":206.718087,"17":273.346099,"18":435.872366,"19":287.207053,"20":534.832445,"21":306.476255,"22":321.103987,"23":235.393583,"24":270.927229,"25":245.380905,"26":275.107968,"27":189.503532,"28":230.272504,"29":175.285637,"30":265.054953,"31":297.298579,"32":248.568089,"33":154.604519,"34":79.923524,"35":274.17529,"36":192.555387,"37":168.139342},"SNR":{"0":4.418634,"1":4.423498,"2":4.423498,"3":4.447815,"4":4.413771,"5":4.428361,"6":4.634766,"7":4.51138,"8":4.389457,"9":4.442952,"10":4.418634,"11":4.423498,"12":4.418634,"13":4.413771,"14":4.539855,"15":5.485726,"16":4.363507,"17":4.409083,"18":4.446913,"19":4.521042,"20":4.45532,"21":4.421692,"22":4.425996,"23":4.385975,"24":4.406487,"25":4.393376,"26":4.409485,"27":4.34335,