{"Time":{"0":144.14,"1":159.102,"2":178.407,"3":202.798,"4":256.751,"5":304.774,"6":353.805,"7":419.512,"8":483.33,"9":559.039,"10":666.479,"11":762.31,"12":843.639,"13":938.111,"14":1051.934,"15":1149.727,"16":1256.814,"17":1357.823,"18":1498.352,"19":4993.981,"20":12432.148,"21":12587.503,"22":12720.181,"23":16296.114,"24":16535.084,"25":16740.456,"26":16951.478,"27":17099.204,"28":17302.649,"29":17702.515,"30":22452.819,"31":22659.157,"32":22855.665,"33":23091.127,"34":23293.21,"35":23517.328,"36":23707.976,"37":23986.556,"38":28105.885,"39":28400.373,"40":28595.057,"41":28799.382,"42":29108.032,"43":29341.139,"44":29583.485,"45":33627.8,"46":33904.136,"47":34210.366,"48":34579.185,"49":107379.232,"50":120453.805,"51":126689.083,"52":127210.007,"53":198950.417,"54":214210.302,"55":258990.543,"56":393922.435,"57":564604.655,"58":806073.672,"59":1356430.327},"TimePos":{"0":7.496,"1":7.578,"2":10.839,"3":11.522,"4":30.28,"5":24.882,"6":25.997,"7":30.495,"8":29.359,"9":43.914,"10":49.303,"11":33.707,"12":45.149,"13":48.462,"14":54.99,"15":54.982,"16":45.68,"17":52.487,"18":104.202,"19":87.501,"20":90.173,"21":62.692,"22":60.391,"23":81.538,"24":98.315,"25":111.079,"26":73.062,"27":78.282,"28":133.092,"29":249.72,"30":82.17,"31":96.476,"32":128.134,"33":85.735,"34":116.832,"35":105.836,"36":100.729,"37":112.986,"38":106.278,"39":97.623,"40":106.032,"41":107.306,"42":137.143,"43":114.651,"44":168.158,"45":151.647,"46":143.594,"47":113.168,"48":270.877,"49":3174.93,"50":5901.324,"51":272.817,"52":401.279,"53":3349.921,"54":3930.043,"55":5730.838,"56":60278.269,"57":21114.975,"58":129088.439,"59":312488.131},"TimeNeg":{"0":-5.04,"1":-7.466,"2":-11.727,"3":-13.551,"4":-42.432,"5":-17.743,"6":-24.149,"7":-39.71,"8":-33.323,"9":-46.349,"10":-63.526,"11":-46.527,"12":-47.622,"13":-49.323,"14":-65.362,"15":-42.803,"16":-52.105,"17":-55.328,"18":-88.043,"19":-123.112,"20":-75.31,"21":-65.181,"22":-69.986,"23":-61.38,"24":-157.432,"25":-107.058,"26":-99.943,"27":-74.664,"28":-125.162,"29":-266.775,"30":-90.835,"31":-124.168,"32":-100.032,"33":-107.328,"34":-116.348,"35":-107.286,"36":-84.812,"37":-177.851,"38":-89.293,"39":-188.211,"40":-97.061,"41":-98.293,"42":-201.344,"43":-95.963,"44":-127.695,"45":-124.158,"46":-124.689,"47":-162.636,"48":-255.65,"49":-3805.865,"50":-6398.6,"51":-333.954,"52":-248.107,"53":-8794.619,"54":-2947.358,"55":-7532.746,"56":-56461.651,"57":-20688.664,"58":-67259.505,"59":-324532.211},"Rate":{"0":4.032397,"1":3.16447,"2":2.251399,"3":1.98691,"4":0.6157456,"5":1.059586,"6":0.8930923,"7":0.6489887,"8":0.7299364,"9":0.5020772,"10":0.4206456,"11":0.5686755,"12":0.4913569,"13":0.4628641,"14":0.3859066,"15":0.4668051,"16":0.4687965,"17":0.4297454,"18":0.4552784,"19":0.2317009,"20":0.1666944,"21":0.2173969,"22":0.2314879,"23":0.2116338,"24":0.1153473,"25":0.135894,"26":0.1706543,"27":0.1948358,"28":0.09756692,"29":0.1087373,"30":0.1465657,"31":0.116281,"32":0.117146,"33":0.09890883,"34":0.09861829,"35":0.08906936,"36":0.1375235,"37":0.1492065,"38":0.09756788,"39":0.06573441,"40":0.1301009,"41":0.09215006,"42":0.05534436,"43":0.0900937,"44":0.0824201,"45":0.06877899,"46":0.06970983,"47":0.0679239,"48":0.05699156,"49":0.02403,"50":0.01493293,"51":0.03218938,"52":0.03220162,"53":0.01817599,"54":0.01334528,"55":0.008662053,"56":0.005220296,"57":0.003132839,"58":0.002358474,"59":0.001326398},"RatePos":{"0":0.8807642,"1":0.7082919,"2":0.5039226,"3":0.4343912,"4":0.1385003,"5":0.2369305,"6":0.2004884,"7":0.1455467,"8":0.1637006,"9":0.1125993,"10":0.09274569,"11":0.1277866,"12":0.1110694,"13":0.1040098,"14":0.0865461,"15":0.1051027,"16":0.1054469,"17":0.09666306,"18":0.07987123,"19":0.03734012,"20":0.03682344,"21":0.04773009,"22":0.048538,"23":0.047549,"24":0.02593346,"25":0.03049044,"26":0.03842062,"27":0.04377488,"28":0.02391203,"29":0.01780513,"30":0.03291021,"31":0.02616475,"32":0.02573354,"33":0.02563308,"34":0.02335266,"35":0.02312608,"36":0.03096621,"37":0.02566208,"38":0.02534874,"39":0.01721598,"40":0.02860705,"41":0.02398381,"42":0.01453389,"43":0.02351143,"44":0.01904132,"45":0.01787638,"46":0.01820884,"47":0.01771284,"48":0.01177266,"49":0.00433623,"50":0.003934358,"51":0.008433857,"52":0.00813064,"53":0.003536601,"54":0.002923294,"55":0.001844554,"56":0.00106534,"57":0.0007823734,"58":0.0006483712,"59":0.0004694499},"RateNeg":{"0":-0.8807642,"1":-0.7082919,"2":-0.5039226,"3":-0.4343912,"4":-0.1385003,"5":-0.2369305,"6":-0.2004884,"7":-0.1455467,"8":-0.1637006,"9":-0.1125993,"10":-0.09274569,"11":-0.1277866,"12":-0.1110694,"13":-0.1040098,"14":-0.0865461,"15":-0.1051027,"16":-0.1054469,"17":-0.09666306,"18":-0.07987123,"19":-0.03734012,"20":-0.03682344,"21":-0.04773009,"22":-0.048538,"23":-0.047549,"24":-0.02593346,"25":-0.03049044,"26":-0.03842062,"27":-0.04377488,"28":-0.02391203,"29":-0.01780513,"30":-0.03291021,"31":-0.02616475,"32":-0.02573354,"33":-0.02563308,"34":-0.02335266,"35":-0.02312608,"36":-0.03096621,"37":-0.02566208,"38":-0.02534874,"39":-0.01721598,"40":-0.02860705,"41":-0.02398381,"42":-0.01453389,"43":-0.02351143,"44":-0.01904132,"45":-0.01787638,"46":-0.01820884,"47":-0.01771284,"48":-0.01177266,"49":-0.00433623,"50":-0.003934358,"51":-0.008433857,"52":-0.00813064,"53":-0.003536601,"54":-0.002923294,"55":-0.001844554,"56":-0.00106534,"57":-0.0007823734,"58":-0.0006483712,"59":-0.0003865195},"FracExp":{"0":1.0,"1":1.0,"2":1.0,"3":1.0,"4":1.0,"5":1.0,"6":1.0,"7":1.0,"8":1.0,"9":1.0,"10":1.0,"11":1.0,"12":1.0,"13":1.0,"14":1.0,"15":1.0,"16":1.0,"17":1.0,"18":0.860746,"19":1.0,"20":1.0,"21":1.0,"22":1.0,"23":1.0,"24":1.0,"25":1.0,"26":1.0,"27":1.0,"28":1.0,"29":1.0,"30":1.0,"31":1.0,"32":1.0,"33":1.0,"34":1.0,"35":1.0,"36":1.0,"37":1.0,"38":1.0,"39":1.0,"40":1.0,"41":1.0,"42":1.0,"43":1.0,"44":1.0,"45":1.0,"46":1.0,"47":1.0,"48":1.0,"49":0.312479,"50":0.122512,"51":1.0,"52":1.0,"53":0.213061,"54":0.342697,"55":0.363706,"56":0.086362,"57":0.21706,"58":0.047261,"59":0.019483},"BGrate":{"0":0.00155032,"1":0.001291933,"2":0.0008612888,"3":0.001550319,"4":0.001603779,"5":0.0,"6":0.001550319,"7":0.0008305279,"8":0.0009301915,"9":0.0006459661,"10":0.001894834,"11":0.001211186,"12":0.002304527,"13":0.0009937933,"14":0.000484474,"15":0.00139131,"16":0.001192551,"17":0.001081616,"18":0.001526914,"19":0.001170669,"20":0.001527097,"21":0.0009881208,"22":0.0009691434,"23":0.0006614043,"24":0.0004224097,"25":0.0003095246,"26":0.0007805406,"27":0.0006180348,"28":0.0006797529,"29":0.0006797695,"30":0.0004783734,"31":0.0005626324,"32":0.0006045383,"33":0.0002857817,"34":0.0003549225,"35":0.0003883266,"36":0.0007434181,"37":0.0003319882,"38":0.0004714087,"39":0.0007372408,"40":0.0007781992,"41":0.0005765318,"42":0.0007392891,"43":0.0007504057,"44":0.0004451713,"45":0.0003559822,"46":0.0006404357,"47":0.0005339741,"48":0.000536102,"49":0.00029758,"50":0.0001985743,"51":0.0003580215,"52":0.0002422439,"53":0.0003100296,"54":0.0002484909,"55":0.000205672,"56":0.000100491,"57":0.0001112901,"58":0.0000981398,"59":0.0000931186},"BGerr":{"0":0.00155032,"1":0.001291933,"2":0.0008612888,"3":0.001096241,"4":0.0006547399,"5":0.0,"6":0.0007751597,"7":0.0004795055,"8":0.0005370463,"9":0.0003729487,"10":0.0005713138,"11":0.0005416588,"12":0.000694841,"13":0.0004444379,"14":0.0002797112,"15":0.0005258659,"16":0.0004868569,"17":0.0004415679,"18":0.0004234898,"19":0.0003246851,"20":0.000440835,"21":0.0004033986,"22":0.0003956511,"23":0.0002499873,"24":0.0001493444,"25":0.0001384236,"26":0.0002468286,"27":0.0002335952,"28":0.0001885295,"29":0.0001333138,"30":0.0001952951,"31":0.0001875441,"32":0.0001911718,"33":0.0001428909,"34":0.0001448965,"35":0.0001585337,"36":0.0002350894,"37":0.0001254797,"38":0.0001781757,"39":0.0001843102,"40":0.0002246467,"41":0.0001921773,"42":0.0001696046,"43":0.0002166235,"44":0.0001407755,"45":0.0001258587,"46":0.0001711636,"47":0.000154145,"48":0.000111785,"49":0.0000320889,"50":0.0000265356,"51":0.0000664829,"52":0.000052862,"53":0.0000286622,"54":0.00002634,"55":0.000013898,"56":0.0000046206,"57":0.0000061263,