{"Time":{"0":47242.768,"1":68240.76,"2":363538.563},"TimePos":{"0":2934.218,"1":16130.839,"2":316577.344},"TimeNeg":{"0":-1348.633,"1":-12822.405,"2":-33554.035},"Rate":{"0":0.02131397,"1":0.01226647,"2":0.001540892},"RatePos":{"0":0.005529165,"1":0.002190855,"2":0.0006782611},"RateNeg":{"0":-0.005529165,"1":-0.002190855,"2":-0.0005585887},"FracExp":{"0":0.238269,"1":0.13033,"2":0.023309},"BGrate":{"0":0.001080143,"1":0.000921012,"2":0.0004022527},"BGerr":{"0":0.0000893933,"1":0.0000400819,"2":0.0000122063},"CorrFact":{"0":1.368137,"1":1.340707,"2":1.442655},"CtsInSrc":{"0":17.0,"1":38.0,"2":12.0},"BGInSrc":{"0":1.102255,"1":3.475427,"2":3.282889},"Exposure":{"0":1020.4711,"1":3773.4865,"2":8161.2615},"Sigma":{"0":174.272929,"1":228.263868,"2":3.719816},"SNR":{"0":3.854826,"1":5.59894,"2":2.758544}}