{"Time":{"0":322.504,"1":338.727,"2":360.958,"3":384.529,"4":408.059,"5":434.294,"6":489.419,"7":558.71,"8":629.722,"9":728.472,"10":879.11,"11":987.721,"12":1184.645,"13":1375.816,"14":1707.831,"15":6320.065,"16":11486.893},"TimePos":{"0":4.732,"1":8.568,"2":13.918,"3":7.897,"4":14.455,"5":20.815,"6":33.387,"7":31.794,"8":43.524,"9":52.589,"10":59.911,"11":114.276,"12":75.313,"13":104.785,"14":366.997,"15":1539.216,"16":435.04},"TimeNeg":{"0":-7.804,"1":-11.491,"2":-13.663,"3":-9.654,"4":-15.633,"5":-11.78,"6":-34.31,"7":-35.904,"8":-39.218,"9":-55.226,"10":-98.05,"11":-48.7,"12":-82.648,"13":-115.859,"14":-227.23,"15":-1072.048,"16":-397.775},"Rate":{"0":3.637413,"1":2.205875,"2":1.752568,"3":2.728769,"4":1.610209,"5":1.347725,"6":0.6521405,"7":0.6487834,"8":0.5335307,"9":0.4059473,"10":0.2753348,"11":0.1728061,"12":0.1624649,"13":0.1100864,"14":0.05735126,"15":0.007378511,"16":0.008214126},"RatePos":{"0":0.7937485,"1":0.493723,"2":0.3739754,"3":0.5827937,"4":0.3441997,"5":0.3019406,"6":0.1468105,"7":0.1452119,"8":0.1202252,"9":0.09138722,"10":0.06222436,"11":0.03910211,"12":0.03585577,"13":0.02503462,"14":0.01114363,"15":0.002025736,"16":0.004549388},"RateNeg":{"0":-0.7937485,"1":-0.493723,"2":-0.3739754,"3":-0.5827937,"4":-0.3441997,"5":-0.3019406,"6":-0.1468105,"7":-0.1452119,"8":-0.1202252,"9":-0.09138722,"10":-0.06222436,"11":-0.03910211,"12":-0.03585577,"13":-0.02503462,"14":-0.01114363,"15":-0.002025736,"16":-0.003357183},"FracExp":{"0":1.0,"1":1.0,"2":1.0,"3":1.0,"4":1.0,"5":1.0,"6":1.0,"7":1.0,"8":1.0,"9":1.0,"10":1.0,"11":0.999976,"12":1.0,"13":1.0,"14":1.0,"15":0.97747,"16":0.960391},"BGrate":{"0":0.0,"1":0.000949054,"2":0.0006902193,"3":0.002169267,"4":0.001898104,"5":0.001168065,"6":0.001968404,"7":0.0002812006,"8":0.001840586,"9":0.001235974,"10":0.001325659,"11":0.001434537,"12":0.001480042,"13":0.001501066,"14":0.001278659,"15":0.000349042,"16":0.0003073636},"BGerr":{"0":0.0,"1":0.000949054,"2":0.0006902193,"3":0.001533904,"4":0.001095871,"5":0.0008259464,"6":0.0007439869,"7":0.0002812006,"8":0.0006507453,"9":0.0004671544,"10":0.0003997013,"11":0.0004141151,"12":0.0004272514,"13":0.0003640621,"14":0.0002047493,"15":0.0000267703,"16":0.0000426237},"CorrFact":{"0":2.171464,"1":2.214432,"2":2.199024,"3":2.180732,"4":2.207896,"5":2.200649,"6":2.22222,"7":2.198143,"8":2.22419,"9":2.20303,"10":2.197616,"11":1.42478,"12":1.235811,"13":1.234944,"14":1.25108,"15":1.334823,"16":1.381972},"CtsInSrc":{"0":21.0,"1":20.0,"2":22.0,"3":22.0,"4":22.0,"5":20.0,"6":20.0,"7":20.0,"8":20.0,"9":20.0,"10":20.0,"11":20.0,"12":21.0,"13":20.0,"14":28.0,"15":15.0,"16":5.0},"BGInSrc":{"0":0.0,"1":0.019037,"2":0.019037,"3":0.038073,"4":0.05711,"5":0.038073,"6":0.133256,"7":0.019037,"8":0.152293,"9":0.133256,"10":0.209402,"11":0.233789,"12":0.233789,"13":0.331201,"14":0.759814,"15":0.890906,"16":0.245838},"Exposure":{"0":12.536588,"1":20.05848,"2":27.58048,"3":17.55116,"4":30.08778,"5":32.59508,"6":67.6975,"7":67.6975,"8":82.7414,"9":107.81458,"10":157.96092,"11":162.971652,"12":157.9609,"13":220.64368,"14":594.2269,"15":2552.4314,"16":799.8287},"Sigma":{"0":1000.0,"1":1049.608899,"2":1154.669789,"3":815.767731,"4":665.494213,"5":741.478464,"6":394.447088,"7":1049.608899,"8":368.617911,"9":394.447088,"10":313.453877,"11":292.880411,"12":307.697637,"13":244.856086,"14":223.890305,"15":206.486557,"16":4.482198},"SNR":{"0":4.582576,"1":4.467839,"2":4.686319,"3":4.682221,"4":4.678124,"5":4.463542,"6":4.442057,"7":4.467839,"8":4.437761,"9":4.442057,"10":4.424871,"11":4.419356,"12":4.531067,"13":4.397368,"14":5.146551,"15":3.642386,"16":2.446732}}