{"Time":{"0":125.748,"1":146.916,"2":169.101,"3":202.88,"4":252.229,"5":306.452,"6":348.675,"7":408.286,"8":463.048,"9":522.513,"10":604.628,"11":692.48,"12":840.838,"13":1012.335,"14":1162.819,"15":1382.844,"16":5025.105,"17":6546.51,"18":6769.375,"19":7080.406,"20":10673.612,"21":13084.812,"22":26361.873},"TimePos":{"0":8.776,"1":10.175,"2":13.063,"3":21.908,"4":20.197,"5":16.122,"6":29.059,"7":32.131,"8":19.994,"9":25.718,"10":38.882,"11":61.352,"12":78.477,"13":62.434,"14":59.882,"15":165.798,"16":151.91,"17":92.737,"18":90.516,"19":205.723,"20":72.788,"21":3896.321,"22":8629.662},"TimeNeg":{"0":-8.775,"1":-12.391,"2":-12.011,"3":-20.716,"4":-27.442,"5":-34.025,"6":-26.102,"7":-30.552,"8":-22.631,"9":-39.472,"10":-56.396,"11":-48.97,"12":-87.006,"13":-93.02,"14":-88.05,"15":-160.143,"16":-153.981,"17":-105.341,"18":-130.128,"19":-220.514,"20":-140.334,"21":-2338.413,"22":-4287.986},"Rate":{"0":5.078509,"1":3.768087,"2":3.354451,"3":1.929433,"4":1.853712,"5":1.94409,"6":1.617845,"7":1.34099,"8":1.981475,"9":1.287588,"10":0.879517,"11":0.7692875,"12":0.5064636,"13":0.5372692,"14":0.5628669,"15":0.3424109,"16":0.116866,"17":0.1264544,"18":0.08464791,"19":0.05525911,"20":0.09902076,"21":0.04517188,"22":0.0134078},"RatePos":{"0":1.109773,"1":0.8438086,"2":0.7556242,"3":0.4385145,"4":0.4067881,"5":0.4074514,"6":0.3565319,"7":0.3020718,"8":0.4463474,"9":0.2904719,"10":0.2007918,"11":0.1738038,"12":0.1154516,"13":0.1217454,"14":0.1286941,"15":0.06773792,"16":0.02223671,"17":0.02852561,"18":0.0222232,"19":0.0129862,"20":0.02423882,"21":0.007267909,"22":0.002453568},"RateNeg":{"0":-1.109773,"1":-0.8438086,"2":-0.7556242,"3":-0.4385145,"4":-0.4067881,"5":-0.4074514,"6":-0.3565319,"7":-0.3020718,"8":-0.4463474,"9":-0.2904719,"10":-0.2007918,"11":-0.1738038,"12":-0.1154516,"13":-0.1217454,"14":-0.1286941,"15":-0.06773792,"16":-0.02223671,"17":-0.02852561,"18":-0.0222232,"19":-0.0129862,"20":-0.02423882,"21":-0.007267909,"22":-0.002453568},"FracExp":{"0":1.0,"1":1.0,"2":1.0,"3":1.0,"4":1.0,"5":1.0,"6":1.0,"7":1.0,"8":1.0,"9":1.0,"10":1.0,"11":1.0,"12":1.0,"13":1.0,"14":1.0,"15":1.0,"16":1.0,"17":1.0,"18":1.0,"19":1.0,"20":1.0,"21":0.222791,"22":0.243206},"BGrate":{"0":0.001649104,"1":0.001282639,"2":0.005771874,"3":0.007469476,"4":0.002430261,"5":0.002308748,"6":0.003673006,"7":0.002308746,"8":0.003395218,"9":0.002663939,"10":0.004252953,"11":0.001836502,"12":0.002273764,"13":0.001675701,"14":0.002934843,"15":0.002220019,"16":0.0006175688,"17":0.000877014,"18":0.001115368,"19":0.001052864,"20":0.0007279871,"21":0.0004953913,"22":0.0003450849},"BGerr":{"0":0.001649104,"1":0.001282639,"2":0.00258126,"3":0.002252132,"4":0.00121513,"5":0.001154374,"6":0.001388266,"7":0.001032503,"8":0.001518388,"9":0.001087548,"10":0.001136649,"11":0.0006941323,"12":0.0006306287,"13":0.0005585671,"14":0.0007577732,"15":0.0004440037,"16":0.0001712828,"17":0.0002531721,"18":0.0002705165,"19":0.0001891,"20":0.0002194964,"21":0.0000579812,"22":0.000026545},"CorrFact":{"0":4.250338,"1":4.25766,"2":4.235982,"3":4.178564,"4":4.228503,"5":4.260095,"6":4.291016,"7":4.233495,"8":4.253735,"9":4.233671,"10":4.276581,"11":4.286896,"12":4.270907,"13":4.231138,"14":4.255681,"15":4.247374,"16":1.285394,"17":1.263367,"18":1.265909,"19":1.269646,"20":1.252816,"21":1.596099,"22":1.36249},"CtsInSrc":{"0":21.0,"1":20.0,"2":20.0,"3":20.0,"4":21.0,"5":23.0,"6":21.0,"7":20.0,"8":20.0,"9":20.0,"10":20.0,"11":20.0,"12":20.0,"13":20.0,"14":20.0,"15":27.0,"16":28.0,"17":20.0,"18":15.0,"19":19.0,"20":17.0,"21":40.0,"22":32.0},"BGInSrc":{"0":0.028944,"1":0.028944,"2":0.144719,"3":0.318382,"4":0.115775,"5":0.115775,"6":0.202607,"7":0.144719,"8":0.144719,"9":0.173663,"10":0.405213,"11":0.202607,"12":0.376269,"13":0.260494,"14":0.434157,"15":0.723595,"16":0.188908,"17":0.173717,"18":0.2461,"19":0.44877,"20":0.15515,"21":0.68812,"22":1.084135},"Exposure":{"0":17.551229,"1":22.56582,"2":25.07314,"3":42.62438,"4":47.639,"5":50.14632,"6":55.16098,"7":62.68294,"8":42.62436,"9":65.19024,"10":95.27808,"11":110.32204,"12":165.48304,"13":155.45384,"14":147.93194,"15":325.940952,"16":305.8906,"17":198.07832,"18":220.64444,"19":426.23734,"20":213.12188,"21":1389.04282,"22":3141.6469},"Sigma":{"0":724.544,"1":689.994286,"2":306.785971,"3":205.025991,"4":360.772,"5":395.321714,"6":271.584104,"7":306.785971,"8":306.785971,"9":279.647746,"10":180.934334,"11":258.52554,"12":188.041782,"13":227.331429,"14":174.540974,"15":181.568457,"16":530.808947,"17":395.356097,"18":247.183886,"19":230.159886,"20":360.09059,"21":488.113927,"22":370.71608},"SNR":{"0":4.576168,"1":4.46557,"2":4.439311,"3":4.39993,"4":4.556948,"5":4.771343,"6":4.53773,"7":4.439311,"8":4.439311,"9":4.432747,"10":4.380243,"11":4.426183,"12":4.386805,"13":4.413056,"14":4.373682,"15":5.054936,"16":5.255545,"17":4.433013,"18":3.808988,"19":4.255217,"20":4.085213,"21":6.21525,"22":5.464611}}