{"Time":{"0":29650.015},"TimePos":{"0":12649.443},"TimeNeg":{"0":-10041.611},"Rate":{"0":0.003980656},"RatePos":{"0":0.000785219},"RateNeg":{"0":-0.000785219},"FracExp":{"0":0.438232},"BGrate":{"0":0.0001707053},"BGerr":{"0":0.0000073324},"CorrFact":{"0":1.44981},"CtsInSrc":{"0":29.0},"BGInSrc":{"0":1.697485},"Exposure":{"0":9943.9518},"Sigma":{"0":374.452136},"SNR":{"0":5.069485}}