{"Time":{"0":144.682,"1":271.857,"2":503.115,"3":800.842,"4":1215.387,"5":1681.054,"6":11734.146},"TimePos":{"0":52.098,"1":120.494,"2":137.461,"3":220.848,"4":192.432,"5":310.952,"6":40073.957},"TimeNeg":{"0":-48.195,"1":-75.077,"2":-110.764,"3":-160.266,"4":-193.697,"5":-273.236,"6":-5502.942},"Rate":{"0":0.2492727,"1":0.1263342,"2":0.07487659,"3":0.04803628,"4":0.04685359,"5":0.03090272,"6":0.002022369},"RatePos":{"0":0.05590188,"1":0.02860318,"2":0.01967684,"3":0.01273669,"4":0.01257344,"5":0.00834341,"6":0.0006066241},"RateNeg":{"0":-0.05590188,"1":-0.02860318,"2":-0.01967684,"3":-0.01273669,"4":-0.01257344,"5":-0.00834341,"6":-0.0006066241},"FracExp":{"0":1.0,"1":1.0,"2":1.0,"3":1.0,"4":1.0,"5":1.0,"6":0.19645},"BGrate":{"0":0.0005765889,"1":0.001256668,"2":0.001048343,"3":0.001024203,"4":0.00146019,"5":0.001113619,"6":0.0002329414},"BGerr":{"0":0.0002882944,"1":0.0003047867,"2":0.0002470967,"3":0.0001971079,"4":0.0002338175,"5":0.0001660085,"6":0.0000086039},"CorrFact":{"0":1.253639,"1":1.250736,"2":1.260959,"3":1.253094,"4":1.253206,"5":1.258097,"6":1.402117},"CtsInSrc":{"0":20.0,"1":20.0,"2":15.0,"3":15.0,"4":15.0,"5":15.0,"6":15.0},"BGInSrc":{"0":0.057828,"1":0.245768,"2":0.260225,"3":0.390337,"4":0.563821,"5":0.650562,"6":2.085656},"Exposure":{"0":100.2929,"1":195.5712,"2":248.2251,"3":381.11348,"4":386.1284,"5":584.18772,"6":8953.5683},"Sigma":{"0":689.709203,"1":331.405142,"2":240.313493,"3":194.483095,"4":159.898179,"5":147.962676,"6":167.641504},"SNR":{"0":4.459112,"1":4.416788,"2":3.805316,"3":3.771489,"4":3.726393,"5":3.703848,"6":3.33381}}