{"Time":{"0":185.29,"1":227.5,"2":294.242,"3":456.668,"4":789.068,"5":1225.483,"6":1817.236,"7":173080.438},"TimePos":{"0":17.363,"1":25.299,"2":58.85,"3":147.154,"4":205.895,"5":225.81,"6":280.936,"7":92144.594},"TimeNeg":{"0":-20.247,"1":-24.847,"2":-41.443,"3":-103.577,"4":-185.245,"5":-230.52,"6":-365.944,"7":-69258.966},"Rate":{"0":1.397537,"1":1.024244,"2":0.493977,"3":0.1560823,"4":0.04935767,"5":0.04232187,"6":0.03063577,"7":0.002467748},"RatePos":{"0":0.3134127,"1":0.2301464,"2":0.1111046,"3":0.03524683,"4":0.01309125,"5":0.01130207,"6":0.008134,"7":0.0006705974},"RateNeg":{"0":-0.3134127,"1":-0.2301464,"2":-0.1111046,"3":-0.03524683,"4":-0.01309125,"5":-0.01130207,"6":-0.008134,"7":-0.0006705974},"FracExp":{"0":1.0,"1":1.0,"2":1.0,"3":0.999994,"4":1.0,"5":1.0,"6":1.0,"7":0.05917},"BGrate":{"0":0.001535933,"1":0.001919917,"2":0.00115195,"3":0.0007750581,"4":0.001007286,"5":0.001079236,"6":0.001431296,"7":0.000133881},"BGerr":{"0":0.0008867712,"1":0.0008586132,"2":0.0004702815,"3":0.0002450949,"4":0.000225236,"5":0.0002158473,"6":0.000208776,"7":0.0000063609},"CorrFact":{"0":2.635661,"1":2.580521,"2":2.491503,"3":1.975921,"4":1.321769,"5":1.331223,"6":1.314681,"7":1.600918},"CtsInSrc":{"0":20.0,"1":20.0,"2":20.0,"3":20.0,"4":15.0,"5":15.0,"6":16.0,"7":16.0},"BGInSrc":{"0":0.057766,"1":0.096277,"2":0.115532,"3":0.19433,"4":0.39399,"5":0.492488,"6":0.925877,"7":1.278605},"Exposure":{"0":37.609708,"1":50.14624,"2":100.29254,"3":250.729612,"4":391.14034,"5":456.32986,"6":646.88,"7":9550.3057},"Sigma":{"0":597.946424,"1":462.272881,"2":421.587227,"3":322.292111,"4":165.79108,"5":147.28805,"6":111.616319,"7":242.33409},"SNR":{"0":4.459095,"1":4.450402,"2":4.446055,"3":4.428264,"4":3.77028,"5":3.744613,"6":3.766385,"7":3.679924}}