{"Time":{"0":358.627,"1":386.146,"2":417.717,"3":453.602,"4":486.096,"5":730.289,"6":925.002,"7":5446.878,"8":5505.302,"9":5565.346,"10":5626.031,"11":5671.798,"12":5732.768,"13":5810.435,"14":5866.349,"15":5950.319,"16":6013.779,"17":6087.839,"18":6162.355,"19":6237.109,"20":6307.672,"21":6386.973,"22":6454.704,"23":6530.765,"24":6588.733,"25":6644.24,"26":6703.322,"27":6762.349,"28":6835.8,"29":6902.641,"30":6985.144,"31":11235.735,"32":11324.435,"33":11436.549,"34":11550.746,"35":11653.066,"36":11754.491,"37":11876.324,"38":16989.787,"39":17221.898,"40":17423.412,"41":17598.953,"42":17865.425,"43":29577.605,"44":30234.418,"45":35485.974,"46":40238.066,"47":47607.069,"48":51605.71,"49":57350.303,"50":57814.915,"51":72927.056,"52":85954.991,"53":181268.361,"54":273628.578},"TimePos":{"0":11.942,"1":14.511,"2":18.043,"3":17.26,"4":22.375,"5":41.73,"6":79.489,"7":25.601,"8":29.86,"9":27.485,"10":21.961,"11":21.326,"12":43.098,"13":25.607,"14":37.391,"15":31.148,"16":32.879,"17":46.576,"18":32.236,"19":35.209,"20":49.895,"21":33.278,"22":30.738,"23":29.897,"24":27.09,"25":41.788,"26":20.316,"27":34.003,"28":30.757,"29":29.107,"30":51.889,"31":40.519,"32":42.082,"33":47.813,"34":46.446,"35":59.463,"36":48.301,"37":76.9,"38":134.355,"39":67.728,"40":79.337,"41":81.816,"42":208.982,"43":129.681,"44":558.526,"45":227.79,"46":215.419,"47":408.246,"48":310.156,"49":240.007,"50":339.531,"51":1965.886,"52":350.799,"53":13749.327,"54":13424.793},"TimeNeg":{"0":-13.132,"1":-15.577,"2":-17.06,"3":-17.843,"4":-15.233,"5":-33.49,"6":-85.992,"7":-27.053,"8":-32.823,"9":-30.184,"10":-33.2,"11":-23.806,"12":-39.644,"13":-34.569,"14":-30.307,"15":-46.579,"16":-32.312,"17":-41.18,"18":-27.94,"19":-42.518,"20":-35.354,"21":-29.406,"22":-34.453,"23":-45.323,"24":-28.072,"25":-28.417,"26":-17.294,"27":-38.71,"28":-39.449,"29":-36.084,"30":-53.397,"31":-39.716,"32":-48.182,"33":-70.031,"34":-66.384,"35":-55.874,"36":-41.962,"37":-73.531,"38":-78.767,"39":-97.756,"40":-133.786,"41":-96.204,"42":-184.655,"43":-133.589,"44":-527.132,"45":-281.192,"46":-361.26,"47":-669.893,"48":-294.104,"49":-336.679,"50":-224.605,"51":-4393.635,"52":-228.394,"53":-9513.532,"54":-10109.559},"Rate":{"0":2.831854,"1":2.214295,"2":1.908326,"3":1.91405,"4":1.751215,"5":0.6505739,"6":0.2731758,"7":0.8393634,"8":0.7117775,"9":0.7763822,"10":0.7976876,"11":1.041786,"12":0.5689508,"13":0.7526852,"14":0.6597881,"15":0.6079781,"16":0.6949839,"17":0.5373425,"18":0.7514802,"19":0.6100198,"20":0.5507482,"21":0.7659759,"22":0.6809837,"23":0.6548094,"24":0.8396929,"25":0.6395552,"26":1.199441,"27":0.6066903,"28":0.6508564,"29":0.689781,"30":0.6766491,"31":0.3094798,"32":0.298241,"33":0.2077422,"34":0.2179799,"35":0.2113343,"36":0.2705224,"37":0.2693733,"38":0.1130836,"39":0.1472165,"40":0.1190103,"41":0.1361484,"42":0.08507828,"43":0.09840332,"44":0.04148969,"45":0.04614311,"46":0.04781446,"47":0.02982181,"48":0.04195231,"49":0.03394479,"50":0.0443617,"51":0.02720703,"52":0.03457734,"53":0.007392456,"54":0.005452946},"RatePos":{"0":0.6197933,"1":0.4990032,"2":0.4307249,"3":0.4299966,"4":0.3952637,"5":0.1362177,"6":0.06126645,"7":0.1885049,"8":0.1603171,"9":0.1743606,"10":0.1794058,"11":0.2285953,"12":0.1251894,"13":0.1690387,"14":0.1481758,"15":0.133222,"16":0.1556281,"17":0.1175815,"18":0.1687681,"19":0.1347873,"20":0.1211842,"21":0.1683083,"22":0.1529359,"23":0.1407154,"24":0.1891281,"25":0.1446821,"26":0.2693714,"27":0.137852,"28":0.1468093,"29":0.1555893,"30":0.1203772,"31":0.06953187,"32":0.06375028,"33":0.04694279,"34":0.0489276,"35":0.04748118,"36":0.06066345,"37":0.0470815,"38":0.02554163,"39":0.0331766,"40":0.0263041,"41":0.03064799,"42":0.01632437,"43":0.02470444,"44":0.007926294,"45":0.0109756,"46":0.01054175,"47":0.006977559,"48":0.01030456,"49":0.008851384,"50":0.01027787,"51":0.00589221,"52":0.009107433,"53":0.001641759,"54":0.002071932},"RateNeg":{"0":-0.6197933,"1":-0.4990032,"2":-0.4307249,"3":-0.4299966,"4":-0.3952637,"5":-0.1362177,"6":-0.06126645,"7":-0.1885049,"8":-0.1603171,"9":-0.1743606,"10":-0.1794058,"11":-0.2285953,"12":-0.1251894,"13":-0.1690387,"14":-0.1481758,"15":-0.133222,"16":-0.1556281,"17":-0.1175815,"18":-0.1687681,"19":-0.1347873,"20":-0.1211842,"21":-0.1683083,"22":-0.1529359,"23":-0.1407154,"24":-0.1891281,"25":-0.1446821,"26":-0.2693714,"27":-0.137852,"28":-0.1468093,"29":-0.1555893,"30":-0.1203772,"31":-0.06953187,"32":-0.06375028,"33":-0.04694279,"34":-0.0489276,"35":-0.04748118,"36":-0.06066345,"37":-0.0470815,"38":-0.02554163,"39":-0.0331766,"40":-0.0263041,"41":-0.03064799,"42":-0.01632437,"43":-0.02470444,"44":-0.007926294,"45":-0.0109756,"46":-0.01054175,"47":-0.006977559,"48":-0.01030456,"49":-0.008851384,"50":-0.01027787,"51":-0.00589221,"52":-0.009107433,"53":-0.001641759,"54":-0.001674992},"FracExp":{"0":1.0,"1":1.0,"2":1.0,"3":1.0,"4":1.0,"5":0.966654,"6":1.0,"7":1.0,"8":1.0,"9":1.0,"10":1.0,"11":1.0,"12":1.0,"13":1.0,"14":1.0,"15":1.0,"16":1.0,"17":1.0,"18":1.0,"19":1.0,"20":1.0,"21":1.0,"22":1.0,"23":1.0,"24":1.0,"25":1.0,"26":1.0,"27":1.0,"28":1.0,"29":1.0,"30":1.0,"31":1.0,"32":1.0,"33":1.0,"34":1.0,"35":1.0,"36":1.0,"37":1.0,"38":1.0,"39":1.0,"40":1.0,"41":1.0,"42":1.0,"43":1.0,"44":1.0,"45":1.0,"46":1.0,"47":1.0,"48":1.0,"49":1.0,"50":1.0,"51":0.171109,"52":0.99566,"53":0.212437,"54":0.110054},"BGrate":{"0":0.002438604,"1":0.005080411,"2":0.005225577,"3":0.002612785,"4":0.004877469,"5":0.001288852,"6":0.009627332,"7":0.001624372,"8":0.002274121,"9":0.001483122,"10":0.00206738,"11":0.002526799,"12":0.002067382,"13":0.001421324,"14":0.0012634,"15":0.001100379,"16":0.0004373304,"17":0.0006497478,"18":0.001421324,"19":0.003301136,"20":0.002006574,"21":0.002274117,"22":0.001311989,"23":0.002274117,"24":0.002584222,"25":0.003248737,"26":0.002274115,"27":0.004312977,"28":0.002436551,"29":0.002623978,"30":0.001895503,"31":0.00117234,"32":0.0006252473,"33":0.001756013,"34":0.0006669302,"35":0.0008155396,"36":0.000625247,"37":0.0008753953,"38":0.0009281081,"39":0.0009296702,"40":0.001237476,"41":0.0007407428,"42":0.001060826,"43":0.0002540421,"44":0.0002772204,"45":0.0003196974,"46":0.0003709242,"47":0.0003422796,"48":0.0003527334,"49":0.0002543216,"50":0.0003283946,"51":0.0003133578,"52":0.0005108964,"53":0.0001778098,"54":0.0002649937},"BGerr":{"0":0.001724353,"1":0.002272029,"2":0.002133333,"3":0.001508492,"4":0.001991218,"5":0.0007441189,"6":0.001348096,"7":0.0009378317,"8":0.001017018,"9":0.0008562806,"10":0.00103369,"11":0.001263399,"12":0.000844005,"13":0.0008206016,"14":0.0007294241,"15":0.0006353043,"16":0.0004373304,"17":0.0004594411,"18":0.0008206016,"19":0.001100379,"20":0.0008191805,"21":0.001017016,"22":0.0007574774,"23":0.0009284046,"24":0.001155699,"25":0.001148602,"26":0.001312961,"27":0.001300411,"28":0.0009947179,"29":0.001071234,"30":0.0007164326,"31":0.0005242863,"32":0.0003609867,"33":0.0005294579,"34":0.0003334651,"35":0.0003647204,"36":0.0003609865,"37":0.0003308683,"38":0.0003093694,"39":0.0003513823,"40":0.0003572286,"41":0.000302407,"42":0.0002433701,"43":0.0000803352,"44":0.0000413256,"45":0.0000666615,"46":0.0000700981,"47":0.000046153,"48":0.0000633528,"49":0.0000583454,"50":0.0000670333,"51":0.0000457079,"52":0.0000851494,"53":0.0000111131,"54":0.000021931},"CorrFact":{"0":3.391011,"1":3.356844,"2":3.380365,"3":3.37489,"4":3.323459,"5":2.065125,"6":2.111736,"7":2.219281,"8":2.246842,"9":2.24826,"10":2.212693,"11":2.251172,"12":2.26013,"13":2.274406,"14":2.242908,"15":2.259514,"16":2.268557,"17":2.25161,"18":2.270765,"19":2.285799,"20":2.254121,"21":2.302005,"22":2.229226,"23":2.256398,"24":2.332558,"25":2.27091,"26":2.265239,"27":2.240844,"28":2.304393,"29":2.267765,"30":2.240265,"31":1.247413,"32":1.2268,"33":1.236861,"34":1.234376,"35":1.224493,"36":1.224375,"37":1.232864,"38":1.217073,"39":1.227539,"40":1.223164,"41":1.219904,"42":1.214177,"43":1.625957,"44":1.62618,"45":1.316681,"46":1.32654,"47":1.725731,"48":1.510114,"49":1.317917,"50":1.330129,"51":1.366906,"52":1.355968,"53":1.729662,"54":1.516357},"CtsInSrc":{"0":21.0,