{"Time":{"0":3053.989,"1":3144.371,"2":3218.96,"3":3335.334,"4":3504.536,"5":3625.189,"6":3707.87,"7":3802.518,"8":4012.084,"9":4156.433,"10":4260.025,"11":4377.751,"12":4467.243,"13":4570.544,"14":4677.826,"15":16046.78,"16":20578.564,"17":20969.441,"18":21556.814,"19":21955.258,"20":33072.03,"21":47845.439,"22":61553.456,"23":77903.195},"TimePos":{"0":30.269,"1":45.195,"2":35.796,"3":77.384,"4":56.114,"5":45.783,"6":43.337,"7":41.459,"8":87.641,"9":33.557,"10":82.911,"11":30.376,"12":58.727,"13":45.69,"14":71.295,"15":676.67,"16":199.71,"17":237.585,"18":146.663,"19":212.057,"20":4696.702,"21":2027.306,"22":10957.745,"23":579.04},"TimeNeg":{"0":-27.4,"1":-60.112,"2":-29.395,"3":-80.577,"4":-91.818,"5":-64.539,"6":-36.897,"7":-51.312,"8":-168.106,"9":-56.707,"10":-70.036,"11":-34.815,"12":-59.117,"13":-44.573,"14":-61.592,"15":-454.122,"16":-146.301,"17":-191.168,"18":-349.788,"19":-251.78,"20":-1394.38,"21":-4703.815,"22":-6952.193,"23":-373.734},"Rate":{"0":0.794489,"1":0.461491,"2":0.6888106,"3":0.2773758,"4":0.3030815,"5":0.4051858,"6":0.4588179,"7":0.2680692,"8":0.2386165,"9":0.3087434,"10":0.2864836,"11":0.397755,"12":0.2116253,"13":0.3258946,"14":0.2237929,"15":0.0535475,"16":0.05617764,"17":0.04478831,"18":0.03853587,"19":0.05546731,"20":0.02234427,"21":0.02222235,"22":0.01041762,"23":0.007672385},"RatePos":{"0":0.1782425,"1":0.09918528,"2":0.1547048,"3":0.06299511,"4":0.06829804,"5":0.09130678,"6":0.1027102,"7":0.06041733,"8":0.05333767,"9":0.06817445,"10":0.06477359,"11":0.08914106,"12":0.04764207,"13":0.07369954,"14":0.04624446,"15":0.01172676,"16":0.01465151,"17":0.011747,"18":0.01012426,"19":0.01251234,"20":0.005030413,"21":0.004624285,"22":0.002246424,"23":0.004765518},"RateNeg":{"0":-0.1782425,"1":-0.09918528,"2":-0.1547048,"3":-0.06299511,"4":-0.06829804,"5":-0.09130678,"6":-0.1027102,"7":-0.06041733,"8":-0.05333767,"9":-0.06817445,"10":-0.06477359,"11":-0.08914106,"12":-0.04764207,"13":-0.07369954,"14":-0.04624446,"15":-0.01172676,"16":-0.01465151,"17":-0.011747,"18":-0.01012426,"19":-0.01251234,"20":-0.005030413,"21":-0.004624285,"22":-0.002246424,"23":-0.003390354},"FracExp":{"0":1.0,"1":1.0,"2":1.0,"3":1.0,"4":1.0,"5":1.0,"6":0.999912,"7":1.0,"8":0.999986,"9":0.999983,"10":1.0,"11":0.999973,"12":1.0,"13":0.999972,"14":1.0,"15":1.0,"16":1.0,"17":1.0,"18":1.0,"19":1.0,"20":0.197173,"21":0.208224,"22":0.193333,"23":1.0},"BGrate":{"0":0.001134494,"1":0.001656722,"2":0.001338119,"3":0.001932841,"4":0.00103194,"5":0.001383737,"6":0.00027707,"7":0.001677249,"8":0.001931567,"9":0.002704279,"10":0.001425865,"11":0.0006819771,"12":0.001131762,"13":0.002460247,"14":0.002174574,"15":0.0005132892,"16":0.0004316994,"17":0.0005419376,"18":0.000518184,"19":0.0003757099,"20":0.0005351138,"21":0.0006908452,"22":0.0003690824,"23":0.00013405},"BGerr":{"0":0.0006550005,"1":0.0005857395,"2":0.0006690596,"3":0.0005165734,"4":0.0003900365,"5":0.0005230034,"6":0.00027707,"7":0.0006339407,"8":0.0003942795,"9":0.0008153709,"10":0.000450898,"11":0.0004822307,"12":0.0004620398,"13":0.0007779985,"14":0.0006031184,"15":0.0000550304,"16":0.0001017525,"17":0.0001024166,"18":0.0000930686,"19":0.0000819866,"20":0.0000570433,"21":0.0000638687,"22":0.0000243896,"23":0.0000176016},"CorrFact":{"0":2.298365,"1":2.22668,"2":2.255031,"3":2.224696,"4":2.259019,"5":2.252244,"6":1.842537,"7":1.253204,"8":2.975942,"9":1.342648,"10":2.214992,"11":1.299346,"12":1.255313,"13":1.487296,"14":1.254231,"15":2.826905,"16":1.308906,"17":1.300352,"18":1.297666,"19":1.297696,"20":1.318218,"21":1.296054,"22":1.587528,"23":1.887926},"CtsInSrc":{"0":20.0,"1":22.0,"2":20.0,"3":20.0,"4":20.0,"5":20.0,"6":20.0,"7":20.0,"8":21.0,"9":21.0,"10":20.0,"11":20.0,"12":20.0,"13":20.0,"14":24.0,"15":22.0,"16":15.0,"17":15.0,"18":15.0,"19":20.0,"20":21.0,"21":25.0,"22":24.0,"23":4.0},"BGInSrc":{"0":0.065424,"1":0.174465,"2":0.087233,"3":0.305314,"4":0.152657,"5":0.152657,"6":0.022229,"7":0.1556,"8":0.493986,"9":0.244094,"10":0.218082,"11":0.044457,"12":0.133372,"13":0.222065,"14":0.288972,"15":0.580424,"16":0.149373,"17":0.232357,"18":0.257253,"19":0.174268,"20":0.64267,"21":0.968275,"22":1.277978,"23":0.127719},"Exposure":{"0":57.668428,"1":105.30756,"2":65.1905,"3":157.96144,"4":147.93224,"5":110.32238,"6":80.227432,"7":92.77112,"8":255.74386,"9":90.26224,"10":152.94694,"11":65.18874,"12":117.84432,"13":90.2612,"14":132.8867,"15":1130.7923,"16":346.01078,"17":428.75312,"18":496.45086,"19":463.83684,"20":1200.9967,"21":1401.5807,"22":3462.5813,"23":952.774},"Sigma":{"0":527.748822,"1":353.835014,"2":456.543886,"3":241.36036,"4":343.980845,"5":343.980845,"6":898.741165,"7":337.424444,"8":203.362952,"9":282.020299,"10":286.84634,"11":634.798865,"12":364.868303,"13":281.644392,"14":295.846409,"15":344.211597,"16":421.803337,"17":336.305229,"18":319.079595,"19":521.339997,"20":297.148925,"21":268.459647,"22":269.055204,"23":4.377977},"SNR":{"0":4.457348,"1":4.652817,"2":4.452418,"3":4.403133,"4":4.437631,"5":4.437631,"6":4.46711,"7":4.436959,"8":4.473696,"9":4.528726,"10":4.422846,"11":4.462085,"12":4.441984,"13":4.421936,"14":4.839346,"15":4.566267,"16":3.834257,"17":3.812744,"18":3.80629,"19":4.433008,"20":4.441837,"21":4.805575,"22":4.637424,"23":2.263004}}