{"Time":{"0":120.387,"1":607.769},"TimePos":{"0":21.247,"1":17087.826},"TimeNeg":{"0":-13.856,"1":-466.135},"Rate":{"0":3.347019,"1":0.01545808},"RatePos":{"0":0.7509443,"1":0.002628104},"RateNeg":{"0":-0.7509443,"1":-0.002628104},"FracExp":{"0":1.0,"1":0.423645},"BGrate":{"0":0.001907432,"1":0.0002339142},"BGerr":{"0":0.0007787059,"1":0.0000094787},"CorrFact":{"0":5.894165,"1":3.170295},"CtsInSrc":{"0":20.0,"1":38.0},"BGInSrc":{"0":0.066956,"1":1.739538},"Exposure":{"0":35.102468,"1":7436.651532},"Sigma":{"0":729.226651,"1":514.408331},"SNR":{"0":4.457081,"1":5.881839}}