{"Time":{"0":121.296,"1":127.137,"2":136.429,"3":149.765,"4":171.713,"5":219.556,"6":337.586,"7":393.477,"8":432.197,"9":463.456,"10":496.808,"11":527.907,"12":556.576,"13":604.224,"14":680.443,"15":752.432,"16":839.181,"17":936.184,"18":1044.121,"19":1158.873,"20":1346.467,"21":1519.182,"22":1776.935,"23":1953.996,"24":2110.413,"25":5678.489,"26":5789.058,"27":5919.685,"28":6081.465,"29":6241.952,"30":6372.638,"31":6518.254,"32":6678.263,"33":6807.074,"34":6982.982,"35":7156.4,"36":7294.692,"37":7471.757,"38":7623.234,"39":7816.614,"40":11545.944,"41":11861.901,"42":12047.449,"43":12277.103,"44":12512.345,"45":12771.975,"46":17424.673,"47":17699.674,"48":18012.029,"49":18304.776,"50":18633.74,"51":23324.657,"52":29076.79,"53":29726.36,"54":30584.821,"55":35131.096,"56":119203.589},"TimePos":{"0":2.095,"1":3.776,"2":7.021,"3":8.728,"4":14.361,"5":79.347,"6":31.522,"7":23.27,"8":17.145,"9":13.467,"10":15.217,"11":11.699,"12":18.132,"13":33.167,"14":44.704,"15":30.384,"16":33.898,"17":54.738,"18":57.123,"19":85.289,"20":73.207,"21":133.673,"22":81.519,"23":59.912,"24":119.123,"25":43.465,"26":45.725,"27":80.58,"28":94.312,"29":71.728,"30":61.393,"31":76.244,"32":61.659,"33":70.751,"34":97.936,"35":74.956,"36":69.552,"37":80.535,"38":76.99,"39":129.315,"40":108.49,"41":92.677,"42":105.206,"43":101.21,"44":121.714,"45":135.375,"46":137.19,"47":140.501,"48":111.473,"49":114.588,"50":211.86,"51":382.421,"52":264.396,"53":367.019,"54":315.903,"55":1454.139,"56":19144.596},"TimeNeg":{"0":-5.427,"1":-3.746,"2":-5.516,"3":-6.315,"4":-13.22,"5":-33.482,"6":-38.683,"7":-24.369,"8":-15.45,"9":-14.114,"10":-19.886,"11":-15.882,"12":-16.97,"13":-29.516,"14":-43.052,"15":-27.285,"16":-56.366,"17":-63.106,"18":-53.199,"19":-57.628,"20":-102.305,"21":-99.508,"22":-124.081,"23":-95.542,"24":-96.505,"25":-56.827,"26":-67.104,"27":-84.903,"28":-81.2,"29":-66.174,"30":-58.958,"31":-84.224,"32":-83.765,"33":-67.151,"34":-105.157,"35":-75.483,"36":-63.336,"37":-107.514,"38":-70.942,"39":-116.39,"40":-157.284,"41":-117.937,"42":-92.872,"43":-124.448,"44":-134.032,"45":-137.916,"46":-126.077,"47":-137.811,"48":-171.853,"49":-181.275,"50":-214.375,"51":-414.9,"52":-563.016,"53":-385.175,"54":-491.441,"55":-929.519,"56":-10069.615},"Rate":{"0":21.92833,"1":20.70038,"2":9.408165,"3":5.608065,"4":3.216023,"5":0.7381391,"6":1.198783,"7":1.751023,"8":2.573037,"9":3.051301,"10":2.512164,"11":3.2119,"12":2.400366,"13":1.345949,"14":1.001738,"15":1.46584,"16":0.9199854,"17":0.7087679,"18":0.7496441,"19":0.5862044,"20":0.4742579,"21":0.3538055,"22":0.4012542,"23":0.3308573,"24":0.2068058,"25":0.2516493,"26":0.2229538,"27":0.1510865,"28":0.1427753,"29":0.1830971,"30":0.2070802,"31":0.1574836,"32":0.1825848,"33":0.1926697,"34":0.1235352,"35":0.1660816,"36":0.197705,"37":0.132291,"38":0.1694571,"39":0.1267601,"40":0.08364824,"41":0.09840042,"42":0.1314759,"43":0.1151353,"44":0.101431,"45":0.1287551,"46":0.07515582,"47":0.07053593,"48":0.06950559,"49":0.06641629,"50":0.05505851,"51":0.04218646,"52":0.02385761,"53":0.02628422,"54":0.03265911,"55":0.02389342,"56":0.003324707},"RatePos":{"0":3.519869,"1":3.432329,"2":1.78601,"3":1.257962,"4":0.7028476,"5":0.1679611,"6":0.2689026,"7":0.3933988,"8":0.5817593,"9":0.6866154,"10":0.549848,"11":0.7040611,"12":0.5392853,"13":0.3023915,"14":0.2212508,"15":0.3293272,"16":0.2086713,"17":0.1607629,"18":0.170579,"19":0.1331756,"20":0.1082625,"21":0.081157,"22":0.09218971,"23":0.07481806,"24":0.03491633,"25":0.05653111,"26":0.05037646,"27":0.03429777,"28":0.03218517,"29":0.0410838,"30":0.04684437,"31":0.03558347,"32":0.04001896,"33":0.04246341,"34":0.02807625,"35":0.037439,"36":0.04362151,"37":0.03013679,"38":0.03824435,"39":0.02577979,"40":0.02062974,"41":0.02483182,"42":0.02959776,"43":0.02593867,"44":0.02285125,"45":0.02493059,"46":0.01961772,"47":0.01848543,"48":0.01819722,"49":0.01738841,"50":0.0132493,"51":0.008952789,"52":0.006281535,"53":0.006924464,"54":0.007442555,"55":0.005754029,"56":0.001152477},"RateNeg":{"0":-3.519869,"1":-3.432329,"2":-1.78601,"3":-1.257962,"4":-0.7028476,"5":-0.1679611,"6":-0.2689026,"7":-0.3933988,"8":-0.5817593,"9":-0.6866154,"10":-0.549848,"11":-0.7040611,"12":-0.5392853,"13":-0.3023915,"14":-0.2212508,"15":-0.3293272,"16":-0.2086713,"17":-0.1607629,"18":-0.170579,"19":-0.1331756,"20":-0.1082625,"21":-0.081157,"22":-0.09218971,"23":-0.07481806,"24":-0.03491633,"25":-0.05653111,"26":-0.05037646,"27":-0.03429777,"28":-0.03218517,"29":-0.0410838,"30":-0.04684437,"31":-0.03558347,"32":-0.04001896,"33":-0.04246341,"34":-0.02807625,"35":-0.037439,"36":-0.04362151,"37":-0.03013679,"38":-0.03824435,"39":-0.02577979,"40":-0.02062974,"41":-0.02483182,"42":-0.02959776,"43":-0.02593867,"44":-0.02285125,"45":-0.02493059,"46":-0.01961772,"47":-0.01848543,"48":-0.01819722,"49":-0.01738841,"50":-0.0132493,"51":-0.008952789,"52":-0.006281535,"53":-0.006924464,"54":-0.007442555,"55":-0.005754029,"56":-0.0009488866},"FracExp":{"0":1.0,"1":1.0,"2":1.0,"3":1.0,"4":1.0,"5":1.0,"6":1.0,"7":1.0,"8":1.0,"9":1.0,"10":1.0,"11":1.0,"12":1.0,"13":1.0,"14":1.0,"15":1.0,"16":1.0,"17":1.0,"18":1.0,"19":1.0,"20":1.0,"21":1.0,"22":1.0,"23":0.99992,"24":1.0,"25":1.0,"26":1.0,"27":1.0,"28":1.0,"29":1.0,"30":1.0,"31":1.0,"32":1.0,"33":1.0,"34":1.0,"35":1.0,"36":1.0,"37":1.0,"38":1.0,"39":1.0,"40":1.0,"41":1.0,"42":1.0,"43":1.0,"44":1.0,"45":1.0,"46":1.0,"47":1.0,"48":1.0,"49":1.0,"50":1.0,"51":1.0,"52":1.0,"53":1.0,"54":1.0,"55":0.441786,"56":0.170019},"BGrate":{"0":0.0123673,"1":0.04122423,"2":0.009893788,"3":0.004122417,"4":0.001124298,"5":0.003023107,"6":0.0008833752,"7":0.001952726,"8":0.00665928,"9":0.004497193,"10":0.001766748,"11":0.003372887,"12":0.002650128,"13":0.00148407,"14":0.0028268,"15":0.00161312,"16":0.003091812,"17":0.002368197,"18":0.003091811,"19":0.002169693,"20":0.002296774,"21":0.002127699,"22":0.002563941,"23":0.00141589,"24":0.00211157,"25":0.0009089843,"26":0.001817967,"27":0.001790421,"28":0.0009089832,"29":0.0004958087,"30":0.001893714,"31":0.001278257,"32":0.0006268845,"33":0.001487425,"34":0.001571081,"35":0.001060479,"36":0.001715061,"37":0.001939162,"38":0.001232518,"39":0.00166964,"40":0.001052976,"41":0.000703724,"42":0.0006734367,"43":0.0006568083,"44":0.0005795366,"45":0.0005965619,"46":0.0006129329,"47":0.0007906377,"48":0.0007248676,"49":0.0006941526,"50":0.0008604141,"51":0.0005016519,"52":0.0003492795,"53":0.0003955068,"54":0.0004632441,"55":0.0003617985,"56":0.0001867678},"BGerr":{"0":0.007140264,"1":0.01303624,"2":0.004946894,"3":0.002914989,"4":0.001124298,"5":0.0009115011,"6":0.0006246406,"7":0.001127407,"8":0.002516971,"9":0.002248596,"10":0.001249279,"11":0.001947337,"12":0.001530052,"13":0.0008568282,"14":0.0009994249,"15":0.0009313351,"16":0.001030604,"17":0.0007893989,"18":0.0009322161,"19":0.0006861172,"20":0.0006370106,"21":0.0005319247,"22":0.000621847,"23":0.0005351562,"24":0.0005643408,"25":0.0004544921,"26":0.0006059891,"27":0.0004965735,"28":0.0003435634,"29":0.0002862553,"30":0.0005988451,"31":0.0004260856,"32":0.0003134423,"33":0.0004958085,"34":0.000419889,"35":0.0004008236,"36":0.0005423499,"37":0.0004847905,"38":0.000435761,"39":0.000393538,"40":0.0002415693,"41":0.0002225371,"42":0.0002244789,"43":0.000207701,"44":0.0001832656,"45":0.0001798702,"46":0.0001848062,"47":0.0002041418,"48":0.000193729,"49":0.0001855201,"50":0.0001720828,"51":0.0000709443,"52":0.0000599009,"53":0.0000668528,"54":0.0000698367,"55":0.0000539337,"56":0.0000117887},"CorrFact":{"0":4.239424,"1":4.243864,"2":4.231114,"3":4.231479,"4":4.23002,"5":4.236433,"6":4.221107,"7":4.190337,"8":4.239439,"9":4.234066,"10":4.211637,"11":4.237139,"12":4.232618,"13":4.238112,"14":4.236165,"15":4.246374,"16":4.210809,"17":4.235298,"18":4.206859,"19":4.2549,"20":4.247514,"21":4.22996,"22":4.23656,"23":2.600055,"24":1.254562,"25":1.267704,"26":1.270816,"27":1.268907,"28":1.263013,"29":1.266806,"30":1.260479,"31":1.276648,"32":1.269905,"33":1.277698,"34":1.27479,"35":1.259301,"36":1.2648,"37":1.266957,"38":1.264934,"39":1.266607,