{"Time":{"0":27070.993,"1":27329.486,"2":27516.604,"3":27767.671,"4":28088.813,"5":28319.84,"6":28548.323,"7":28800.247,"8":29093.29,"9":33131.779,"10":33427.437,"11":33729.506,"12":33963.519,"13":34213.926,"14":34466.001,"15":34762.329,"16":261243.964,"17":276982.178},"TimePos":{"0":127.568,"1":87.212,"2":145.811,"3":180.578,"4":92.617,"5":112.322,"6":91.947,"7":113.322,"8":161.256,"9":175.653,"10":138.249,"11":134.55,"12":148.763,"13":111.478,"14":95.092,"15":192.407,"16":10346.249,"17":428.262},"TimeNeg":{"0":-125.671,"1":-130.924,"2":-99.906,"3":-105.256,"4":-140.564,"5":-138.41,"6":-116.161,"7":-159.977,"8":-179.721,"9":-147.791,"10":-120.005,"11":-163.821,"12":-99.462,"13":-101.645,"14":-140.596,"15":-201.236,"16":-7930.017,"17":-539.556},"Rate":{"0":0.07229145,"1":0.08483495,"2":0.08115133,"3":0.06438284,"4":0.07920922,"5":0.07318291,"6":0.125033,"7":0.06744424,"8":0.07895961,"9":0.06108627,"10":0.07170166,"11":0.06236555,"12":0.07554536,"13":0.0989794,"14":0.07844787,"15":0.07526545,"16":0.007250568,"17":0.005699121},"RatePos":{"0":0.01912427,"1":0.02209509,"2":0.02045342,"3":0.01689922,"4":0.02066989,"5":0.01926543,"6":0.02743487,"7":0.01763398,"8":0.01703484,"9":0.01551785,"10":0.01878358,"11":0.01629583,"12":0.01967225,"13":0.02579657,"14":0.02058623,"15":0.01561126,"16":0.001613279,"17":0.00358712},"RateNeg":{"0":-0.01912427,"1":-0.02209509,"2":-0.02045342,"3":-0.01689922,"4":-0.02066989,"5":-0.01926543,"6":-0.02743487,"7":-0.01763398,"8":-0.01703484,"9":-0.01551785,"10":-0.01878358,"11":-0.01629583,"12":-0.01967225,"13":-0.02579657,"14":-0.02058623,"15":-0.01561126,"16":-0.001613279,"17":-0.002552001},"FracExp":{"0":1.0,"1":1.0,"2":1.0,"3":1.0,"4":1.0,"5":1.0,"6":1.0,"7":1.0,"8":1.0,"9":1.0,"10":1.0,"11":1.0,"12":1.0,"13":0.882307,"14":1.0,"15":1.0,"16":0.212917,"17":1.0},"BGrate":{"0":0.00141086,"1":0.0005896422,"2":0.0005234575,"3":0.0008499802,"4":0.0006741773,"5":0.001139972,"6":0.0005493837,"7":0.0006797992,"8":0.0007544347,"9":0.0007802552,"10":0.0008306301,"11":0.0005920749,"12":0.0005083467,"13":0.0007381574,"14":0.001017233,"15":0.0009616663,"16":0.0002358692,"17":0.0001848471},"BGerr":{"0":0.000282172,"1":0.0001965474,"2":0.0001744858,"3":0.0002061505,"4":0.0002032721,"5":0.0002549054,"6":0.0001942365,"7":0.0001885424,"8":0.000177822,"9":0.0001744704,"10":0.0002014574,"11":0.0001582387,"12":0.0001607533,"13":0.0002225628,"14":0.0002333694,"15":0.0001755754,"16":0.0000165957,"17":0.000024065},"CorrFact":{"0":1.250247,"1":1.244377,"2":1.256367,"3":1.247054,"4":1.24438,"5":1.247051,"6":1.245848,"7":1.244238,"8":1.238271,"9":1.254663,"10":1.252392,"11":1.255323,"12":1.260756,"13":1.252392,"14":1.252639,"15":1.254271,"16":1.338305,"17":1.443526},"CtsInSrc":{"0":15.0,"1":15.0,"2":16.0,"3":15.0,"4":15.0,"5":15.0,"6":21.0,"7":15.0,"8":22.0,"9":16.0,"10":15.0,"11":15.0,"12":15.0,"13":15.0,"14":15.0,"15":24.0,"16":22.0,"17":4.0},"BGInSrc":{"0":0.357285,"1":0.128622,"2":0.128622,"3":0.242954,"4":0.157205,"5":0.285828,"6":0.114331,"7":0.185788,"8":0.257245,"9":0.252369,"10":0.214513,"11":0.176658,"12":0.126184,"13":0.138803,"14":0.23975,"15":0.378553,"16":0.917845,"17":0.178898},"Exposure":{"0":253.23886,"1":218.13646,"2":245.7171,"3":285.83438,"4":233.18084,"5":250.7323,"6":208.1079,"7":273.29838,"8":340.97708,"9":323.44382,"10":258.25382,"11":298.37118,"12":248.225,"13":188.03956,"14":235.68856,"15":393.64286,"16":3891.3296,"17":967.8178},"Sigma":{"0":204.916667,"1":346.861111,"2":370.185185,"3":250.438244,"4":313.144657,"5":230.221832,"6":516.688818,"7":287.496489,"8":358.5948,"9":279.058156,"10":284.187939,"11":313.96164,"12":372.749333,"13":355.101033,"14":268.356047,"15":341.775046,"16":326.453649,"17":4.081982},"SNR":{"0":3.78009,"1":3.839538,"2":3.967616,"3":3.809812,"4":3.832106,"5":3.798666,"6":4.557449,"7":3.824675,"8":4.635184,"9":3.936516,"10":3.817252,"11":3.827086,"12":3.840199,"13":3.836921,"14":3.810696,"15":4.821228,"16":4.494305,"17":2.233197}}