{"Time":{"0":632.536,"1":650.188,"2":680.25,"3":706.11,"4":730.406,"5":769.463,"6":816.128,"7":873.935,"8":936.022,"9":1009.68,"10":1080.851,"11":1182.568,"12":1298.019,"13":1399.166,"14":1563.112,"15":1751.355,"16":1935.475,"17":2052.129,"18":2301.809,"19":2549.486,"20":2692.5,"21":2844.895,"22":6243.849,"23":6424.604,"24":6625.933,"25":6814.84,"26":7004.269,"27":7156.376,"28":7370.856,"29":7575.539,"30":7801.819,"31":8019.565,"32":8199.277,"33":8376.821,"34":8592.053,"35":12148.03,"36":12457.585,"37":12757.258,"38":13016.81,"39":13208.971,"40":13447.38,"41":13643.931,"42":13873.601,"43":14186.031,"44":15900.849,"45":25615.788,"46":31462.391,"47":37289.928,"48":43103.701,"49":51075.145,"50":62593.394,"51":66177.91,"52":70497.405,"53":146194.101,"54":151733.629,"55":245028.346,"56":567134.3689999999,"57":683300.495,"58":699407.874,"59":861399.676,"60":959345.593,"61":1228426.7109999999,"62":1489225.1839999999},"TimePos":{"0":6.154,"1":11.068,"2":13.6,"3":10.306,"4":16.098,"5":24.679,"6":20.639,"7":28.022,"8":38.647,"9":40.208,"10":46.764,"11":50.354,"12":35.196,"13":56.906,"14":75.994,"15":128.452,"16":54.654,"17":60.858,"18":142.143,"19":67.47,"20":62.358,"21":130.605,"22":88.173,"23":72.901,"24":89.708,"25":83.836,"26":54.874,"27":120.903,"28":117.037,"29":110.431,"30":104.794,"31":82.618,"32":75.911,"33":93.937,"34":164.527,"35":119.776,"36":163.753,"37":127.348,"38":85.931,"39":121.936,"40":79.097,"41":130.77,"42":111.714,"43":100.161,"44":2345.816,"45":480.093,"46":411.244,"47":357.797,"48":316.864,"49":3903.553,"50":2143.96,"51":387.086,"52":1060.301,"53":1304.031,"54":1238.299,"55":70029.258,"56":30103.344,"57":6757.131,"58":13149.629,"59":14299.487,"60":64851.337,"61":167111.45,"62":74192.358},"TimeNeg":{"0":-8.89,"1":-11.498,"2":-18.995,"3":-12.26,"4":-13.99,"5":-22.96,"6":-21.985,"7":-37.168,"8":-34.065,"9":-35.011,"10":-30.963,"11":-54.953,"12":-65.097,"13":-65.952,"14":-107.039,"15":-112.249,"16":-55.668,"17":-62.0,"18":-188.822,"19":-105.534,"20":-75.544,"21":-90.037,"22":-77.31,"23":-92.582,"24":-128.428,"25":-99.198,"26":-105.594,"27":-97.233,"28":-93.577,"29":-87.646,"30":-115.849,"31":-112.952,"32":-97.093,"33":-101.633,"34":-121.295,"35":-103.375,"36":-189.779,"37":-135.92,"38":-132.205,"39":-106.229,"40":-116.473,"41":-117.454,"42":-98.9,"43":-200.716,"44":-1614.657,"45":-294.721,"46":-322.738,"47":-384.363,"48":-2191.2,"49":-2531.431,"50":-2523.73,"51":-415.25,"52":-740.916,"53":-1346.185,"54":-1103.52,"55":-13420.591,"56":-17328.581,"57":-6393.954,"58":-5221.737,"59":-63085.549,"60":-73489.981,"61":-139309.403,"62":-76761.699},"Rate":{"0":6.264887,"1":4.187087,"2":3.052604,"3":4.195567,"4":3.303106,"5":2.105505,"6":2.259033,"7":1.460568,"8":1.312274,"9":1.340652,"10":1.228951,"11":0.9028359,"12":1.003163,"13":0.8212376,"14":0.5235205,"15":0.3912966,"16":0.8668927,"17":0.7770824,"18":0.2814397,"19":0.2220134,"20":0.6049613,"21":0.2340475,"22":0.1430604,"23":0.1427374,"24":0.08018708,"25":0.1290071,"26":0.1470575,"27":0.08004765,"28":0.09399538,"29":0.1184213,"30":0.1057172,"31":0.09636891,"32":0.1419224,"33":0.119998,"34":0.1112285,"35":0.08407936,"36":0.05133677,"37":0.07007018,"38":0.08509024,"39":0.1085322,"40":0.09410878,"41":0.09978183,"42":0.08798115,"43":0.06236404,"44":0.1002318,"45":0.05912958,"46":0.04265019,"47":0.03913465,"48":0.0378929,"49":0.0293171,"50":0.02843852,"51":0.0296238,"52":0.03414363,"53":0.01366412,"54":0.01579537,"55":0.007327163,"56":0.005353576,"57":0.004813021,"58":0.00756521,"59":0.003247495,"60":0.001959923,"61":0.0008122681,"62":0.0004328018},"RatePos":{"0":1.410891,"1":0.9402676,"2":0.6715834,"3":0.9421721,"4":0.7227522,"5":0.4632184,"6":0.5065742,"7":0.3294,"8":0.2942695,"9":0.2937463,"10":0.2763719,"11":0.204494,"12":0.2216058,"13":0.1804291,"14":0.1182383,"15":0.08901349,"16":0.1952295,"17":0.1750037,"18":0.06430149,"19":0.05001105,"20":0.1364361,"21":0.04060505,"22":0.03236068,"23":0.03240044,"24":0.02122378,"25":0.02924969,"26":0.0333035,"27":0.02122015,"28":0.02339737,"29":0.02697511,"30":0.02422281,"31":0.02444288,"32":0.03166208,"33":0.02733426,"34":0.02175736,"35":0.02203439,"36":0.0137234,"37":0.01846677,"38":0.02223686,"39":0.02454018,"40":0.02480207,"41":0.02267265,"42":0.02303536,"43":0.0165292,"44":0.01823433,"45":0.01108863,"46":0.01072034,"47":0.008668699,"48":0.008057567,"49":0.006414988,"50":0.005683502,"51":0.007594766,"52":0.006675819,"53":0.003078323,"54":0.004175614,"55":0.001617541,"56":0.001234822,"57":0.001216668,"58":0.001696582,"59":0.0008165383,"60":0.0004417124,"61":0.0002343989,"62":0.0002500828},"RateNeg":{"0":-1.410891,"1":-0.9402676,"2":-0.6715834,"3":-0.9421721,"4":-0.7227522,"5":-0.4632184,"6":-0.5065742,"7":-0.3294,"8":-0.2942695,"9":-0.2937463,"10":-0.2763719,"11":-0.204494,"12":-0.2216058,"13":-0.1804291,"14":-0.1182383,"15":-0.08901349,"16":-0.1952295,"17":-0.1750037,"18":-0.06430149,"19":-0.05001105,"20":-0.1364361,"21":-0.04060505,"22":-0.03236068,"23":-0.03240044,"24":-0.02122378,"25":-0.02924969,"26":-0.0333035,"27":-0.02122015,"28":-0.02339737,"29":-0.02697511,"30":-0.02422281,"31":-0.02444288,"32":-0.03166208,"33":-0.02733426,"34":-0.02175736,"35":-0.02203439,"36":-0.0137234,"37":-0.01846677,"38":-0.02223686,"39":-0.02454018,"40":-0.02480207,"41":-0.02267265,"42":-0.02303536,"43":-0.0165292,"44":-0.01823433,"45":-0.01108863,"46":-0.01072034,"47":-0.008668699,"48":-0.008057567,"49":-0.006414988,"50":-0.005683502,"51":-0.007594766,"52":-0.006675819,"53":-0.003078323,"54":-0.004175614,"55":-0.001617541,"56":-0.001234822,"57":-0.001216668,"58":-0.001696582,"59":-0.0008165383,"60":-0.0004417124,"61":-0.0002343989,"62":-0.0001896755},"FracExp":{"0":1.0,"1":1.0,"2":1.0,"3":1.0,"4":1.0,"5":1.0,"6":1.0,"7":1.0,"8":1.0,"9":1.0,"10":1.0,"11":1.0,"12":1.0,"13":1.0,"14":1.0,"15":1.0,"16":1.0,"17":1.0,"18":1.0,"19":0.999962,"20":0.999997,"21":0.999998,"22":1.0,"23":1.0,"24":1.0,"25":1.0,"26":1.0,"27":1.0,"28":1.0,"29":1.0,"30":1.0,"31":1.0,"32":1.0,"33":1.0,"34":1.0,"35":1.0,"36":1.0,"37":1.0,"38":1.0,"39":1.0,"40":1.0,"41":1.0,"42":1.0,"43":1.0,"44":0.124714,"45":0.886665,"46":0.888167,"47":1.0,"48":0.352892,"49":0.191701,"50":0.315851,"51":1.0,"52":0.566545,"53":1.0,"54":1.0,"55":0.064688,"56":0.11418,"57":0.366055,"58":0.21782,"59":0.102903,"60":0.132885,"61":0.088069,"62":0.114856},"BGrate":{"0":0.009311653,"1":0.003724655,"2":0.005157221,"3":0.003724665,"4":0.001862328,"5":0.003528628,"6":0.001314585,"7":0.002578613,"8":0.0007706197,"9":0.001117399,"10":0.001441805,"11":0.002394426,"12":0.002514149,"13":0.001140204,"14":0.001071479,"15":0.001396751,"16":0.001269774,"17":0.001140204,"18":0.001269773,"19":0.0008371521,"20":0.001218985,"21":0.001743847,"22":0.00137169,"23":0.001783197,"24":0.001664949,"25":0.001488191,"26":0.001556014,"27":0.001769011,"28":0.002047743,"29":0.001833556,"30":0.002160419,"31":0.001160664,"32":0.002624109,"33":0.001857061,"34":0.001508923,"35":0.0009853822,"36":0.001438327,"37":0.001148441,"38":0.0008190297,"39":0.0009637276,"40":0.00154598,"41":0.001273411,"42":0.0009787858,"43":0.001278946,"44":0.0007937956,"45":0.0004116241,"46":0.0009115646,"47":0.0004188377,"48":0.0005026595,"49":0.0004557334,"50":0.0003284274,"51":0.0004938701,"52":0.0004139268,"53":0.0000561786,"54":0.0001489056,"55":0.0001393243,"56":0.0005080749,"57":0.0001429342,"58":0.000141129,"59":0.000141269,"60":0.0000934851,"61":0.0000791904,"62":0.0000625606},"BGerr":{"0":0.004164298,"1":0.002150431,"2":0.002105427,"3":0.002150436,"4":0.001316865,"5":0.001440556,"6":0.0009295519,"7":0.001052714,"8":0.0005449104,"9":0.0006451304,"10":0.0007209023,"11":0.0007981421,"12":0.0008380496,"13":0.0005099148,"14":0.0004049812,"15":0.0004032072,"16":0.0005678601,"17":0.0005099148,"18":0.0003278539,"19":0.0003743858,"20":0.0004976486,"21":0.0004836563,"22":0.0004337666,"23":0.0004945699,"24":0.0004162373,"25":0.0004296039,"26":0.0004691558,"27":0.0004290482,"28":0.0004697844,"29":0.0004583889,"30":0.0004714421,"31":0.0003670341,"32":0.0005867687,"33":0.0004642653,