{"Time":{"0":4048.279,"1":4105.557,"2":4194.801,"3":4282.15,"4":4380.051,"5":4505.923,"6":4601.72,"7":4712.278,"8":4808.847,"9":4890.415,"10":4970.485,"11":5056.225,"12":5146.913,"13":5244.854,"14":5339.653,"15":5425.155,"16":5503.472,"17":5602.154,"18":5688.037,"19":5780.705,"20":5861.999,"21":5989.507,"22":6081.206,"23":6159.928,"24":6247.053,"25":6337.696,"26":6415.648,"27":9852.101,"28":9982.027,"29":10126.912,"30":10250.882,"31":10369.513,"32":10549.714,"33":10702.378,"34":10875.941,"35":11027.189,"36":11177.273,"37":11399.145,"38":16180.605,"39":16404.316,"40":16557.94,"41":16714.739,"42":16882.391,"43":17041.598,"44":17180.219,"45":17382.736,"46":17513.627,"47":17731.947,"48":22500.956,"49":22796.763,"50":23058.49,"51":23402.889,"52":29249.473,"53":58497.823,"54":130618.926},"TimePos":{"0":29.243,"1":44.678,"2":43.19,"3":41.09,"4":48.496,"5":58.02,"6":49.979,"7":52.25,"8":40.929,"9":29.566,"10":32.237,"11":34.254,"12":51.38,"13":48.717,"14":41.674,"15":38.913,"16":50.859,"17":39.933,"18":49.328,"19":31.88,"20":65.923,"21":56.258,"22":39.779,"23":41.291,"24":36.907,"25":41.542,"26":53.851,"27":52.279,"28":70.285,"29":68.317,"30":49.654,"31":101.52,"32":56.715,"33":59.504,"34":73.99,"35":83.209,"36":60.999,"37":129.964,"38":79.524,"39":73.948,"40":63.241,"41":84.461,"42":64.741,"43":68.51,"44":132.981,"45":58.337,"46":45.29,"47":212.185,"48":122.454,"49":152.599,"50":139.096,"51":286.122,"52":10079.788,"53":15084.694,"54":242716.985},"TimeNeg":{"0":-33.44,"1":-28.034,"2":-44.566,"3":-44.159,"4":-56.811,"5":-77.376,"6":-37.777,"7":-60.579,"8":-44.32,"9":-40.639,"10":-50.504,"11":-53.502,"12":-56.435,"13":-46.561,"14":-46.082,"15":-43.828,"16":-39.404,"17":-47.823,"18":-45.95,"19":-43.34,"20":-49.414,"21":-61.586,"22":-35.441,"23":-38.943,"24":-45.835,"25":-53.736,"26":-36.41,"27":-65.565,"28":-77.647,"29":-74.6,"30":-55.653,"31":-68.977,"32":-78.68,"33":-95.949,"34":-114.058,"35":-77.259,"36":-66.874,"37":-160.873,"38":-48.35,"39":-144.188,"40":-79.676,"41":-93.558,"42":-83.19,"43":-94.466,"44":-70.112,"45":-69.536,"46":-72.554,"47":-173.03,"48":-138.307,"49":-173.352,"50":-109.129,"51":-205.304,"52":-2279.054,"53":-8507.754,"54":-51197.079},"Rate":{"0":0.6825476,"1":0.6012673,"2":0.4887467,"3":0.4992791,"4":0.40571,"5":0.3125757,"6":0.4854502,"7":0.2738848,"8":0.2825954,"9":0.3785357,"10":0.3054989,"11":0.2890699,"12":0.234351,"13":0.2544842,"14":0.2753821,"15":0.2919728,"16":0.2678988,"17":0.2746662,"18":0.2659323,"19":0.3211302,"20":0.209317,"21":0.2037961,"22":0.5340349,"23":0.5251796,"24":0.5075694,"25":0.4390098,"26":0.5111694,"27":0.216187,"28":0.1654729,"29":0.1712664,"30":0.2423833,"31":0.1433855,"32":0.1795478,"33":0.164229,"34":0.1294654,"35":0.1529553,"36":0.1908547,"37":0.1496837,"38":0.1962688,"39":0.08423015,"40":0.1748771,"41":0.1467377,"42":0.1700371,"43":0.1532834,"44":0.1213604,"45":0.1934772,"46":0.2098404,"47":0.1302507,"48":0.07936754,"49":0.06343238,"50":0.08439652,"51":0.06350354,"52":0.02701011,"53":0.006034136,"54":0.003450106},"RatePos":{"0":0.1530949,"1":0.1351428,"2":0.1096255,"3":0.1119879,"4":0.09100044,"5":0.07047419,"6":0.1092243,"7":0.0614984,"8":0.06352425,"9":0.08101389,"10":0.06706835,"11":0.06333395,"12":0.0515526,"13":0.05720517,"14":0.0617071,"15":0.06556288,"16":0.06009357,"17":0.0616116,"18":0.05814767,"19":0.0718825,"20":0.04695283,"21":0.0459568,"22":0.1200314,"23":0.1182857,"24":0.1138474,"25":0.09867324,"26":0.1094938,"27":0.04756012,"28":0.03711895,"29":0.03850045,"30":0.05326894,"31":0.03233628,"32":0.04044835,"33":0.03612961,"34":0.02910366,"35":0.03445762,"36":0.0430876,"37":0.0252447,"38":0.04393589,"39":0.02234428,"40":0.03932233,"41":0.03243291,"42":0.03844895,"43":0.03454408,"44":0.02744214,"45":0.0436511,"46":0.04713137,"47":0.02222823,"48":0.02065791,"49":0.01661451,"50":0.02200631,"51":0.01371357,"52":0.004518496,"53":0.001565607,"54":0.0006337109},"RateNeg":{"0":-0.1530949,"1":-0.1351428,"2":-0.1096255,"3":-0.1119879,"4":-0.09100044,"5":-0.07047419,"6":-0.1092243,"7":-0.0614984,"8":-0.06352425,"9":-0.08101389,"10":-0.06706835,"11":-0.06333395,"12":-0.0515526,"13":-0.05720517,"14":-0.0617071,"15":-0.06556288,"16":-0.06009357,"17":-0.0616116,"18":-0.05814767,"19":-0.0718825,"20":-0.04695283,"21":-0.0459568,"22":-0.1200314,"23":-0.1182857,"24":-0.1138474,"25":-0.09867324,"26":-0.1094938,"27":-0.04756012,"28":-0.03711895,"29":-0.03850045,"30":-0.05326894,"31":-0.03233628,"32":-0.04044835,"33":-0.03612961,"34":-0.02910366,"35":-0.03445762,"36":-0.0430876,"37":-0.0252447,"38":-0.04393589,"39":-0.02234428,"40":-0.03932233,"41":-0.03243291,"42":-0.03844895,"43":-0.03454408,"44":-0.02744214,"45":-0.0436511,"46":-0.04713137,"47":-0.02222823,"48":-0.02065791,"49":-0.01661451,"50":-0.02200631,"51":-0.01371357,"52":-0.004518496,"53":-0.001565607,"54":-0.0006337109},"FracExp":{"0":1.0,"1":1.0,"2":1.0,"3":1.0,"4":1.0,"5":1.0,"6":1.0,"7":0.999956,"8":1.0,"9":1.0,"10":1.0,"11":1.0,"12":1.0,"13":1.0,"14":1.0,"15":1.0,"16":1.0,"17":1.0,"18":1.0,"19":1.0,"20":1.0,"21":1.0,"22":0.999901,"23":1.0,"24":1.0,"25":1.0,"26":1.0,"27":1.0,"28":1.0,"29":1.0,"30":1.0,"31":1.0,"32":1.0,"33":1.0,"34":1.0,"35":1.0,"36":1.0,"37":1.0,"38":1.0,"39":1.0,"40":1.0,"41":1.0,"42":1.0,"43":1.0,"44":1.0,"45":1.0,"46":1.0,"47":0.859146,"48":1.0,"49":1.0,"50":1.0,"51":1.0,"52":0.149925,"53":0.186939,"54":0.046185},"BGrate":{"0":0.0009750794,"1":0.001400974,"2":0.0006964849,"3":0.0007169694,"4":0.0005804041,"5":0.001203801,"6":0.001392971,"7":0.0007301597,"8":0.001220914,"9":0.001186031,"10":0.001509494,"11":0.0009488255,"12":0.001544599,"13":0.001092398,"14":0.0004744128,"15":0.00100633,"16":0.0006918522,"17":0.0007116191,"18":0.000436959,"19":0.0002767407,"20":0.000541449,"21":0.001413143,"22":0.001354413,"23":0.001777489,"24":0.0007386963,"25":0.001069166,"26":0.001128598,"27":0.001424868,"28":0.0004256487,"29":0.0007343063,"30":0.001395183,"31":0.0009848353,"32":0.001085143,"33":0.001080143,"34":0.0005580741,"35":0.0009155906,"36":0.001477255,"37":0.001443351,"38":0.0001720296,"39":0.001815209,"40":0.0007696067,"41":0.001482848,"42":0.001487038,"43":0.0009448408,"44":0.00108315,"45":0.001376238,"46":0.0007466818,"47":0.000997021,"48":0.0004572888,"49":0.0006503664,"50":0.0005871361,"51":0.0005661753,"52":0.0003436678,"53":0.0001320667,"54":0.0001268814},"BGerr":{"0":0.0005629624,"1":0.0006265346,"2":0.0004021157,"3":0.0004139425,"4":0.0003350965,"5":0.0004256081,"6":0.000568678,"7":0.0003650799,"8":0.0005460095,"9":0.0005930156,"10":0.0006162483,"11":0.0004744127,"12":0.0005460982,"13":0.0004885353,"14":0.0003354605,"15":0.000503165,"16":0.000399441,"17":0.0004108535,"18":0.0003089767,"19":0.0002767407,"20":0.0003126057,"21":0.0004996215,"22":0.0006057118,"23":0.0006718277,"24":0.0004264865,"25":0.0004781456,"26":0.0005047245,"27":0.0005037668,"28":0.0002457484,"29":0.0003283918,"30":0.0005273296,"31":0.0003481919,"32":0.0004101455,"33":0.0003818882,"34":0.0002495783,"35":0.0003460607,"36":0.0004924184,"37":0.0003227432,"38":0.0001720296,"39":0.0004278489,"40":0.0003441786,"41":0.0004280614,"42":0.0004702426,"43":0.0003571162,"44":0.0003425222,"45":0.0004865735,"46":0.0003733409,"47":0.0002574297,"48":0.0001524296,"49":0.0001625916,"50":0.0001770282,"51":0.0001235496,"52":0.0000379518,"53":0.0000092693,"54":0.000005435},"CorrFact":{"0":2.145761,"1":2.197167,"2":2.1511,"3":2.134673,"4":2.142761,"5":2.133448,"6":2.143159,"7":1.551433,"8":1.210846,"9":1.212545,"10":1.210888,"11":1.21279,"12":1.212781,"13":1.218677,"14":1.210841,"15":1.212961,"16":1.212858,"17":1.208955,"18":1.208943,"19":1.20902,"20":1.210875,"21":1.210888,"22":2.018572,"23":2.121997,"24":2.106289,"25":2.102106,"26":2.106961,"27":1.222937,"28":1.227801,"29":1.230301,"30":1.224028,"31":1.232693,"32":1.22449,"33":1.225513,"34":1.223711,"35":1.236304,"36":1.231894,"37":1.223533,"38":1.256257,"39":1.258123,"40":1.256555,"41":1.259747,"42":1.271679,"43":1.258762,"44":1.246075,"45":1.248007,"46":1.241884,"47":1.243355,"48":1.390785,"49":1.398148,"50":1.410319,