{"Time":{"0":259.9,"1":280.67,"2":301.557,"3":351.063,"4":444.354,"5":560.825,"6":811.88,"7":4964.975,"8":5569.963,"9":6461.428,"10":10943.56,"11":12152.847,"12":40682.063,"13":47338.843},"TimePos":{"0":8.129,"1":9.925,"2":14.111,"3":34.809,"4":51.84,"5":85.807,"6":406.416,"7":265.026,"8":281.85,"9":528.697,"10":481.84,"11":599.351,"12":860.872,"13":4337.7},"TimeNeg":{"0":-9.422,"1":-12.641,"2":-10.962,"3":-35.395,"4":-58.481,"5":-64.631,"6":-165.248,"7":-476.584,"8":-339.962,"9":-609.615,"10":-709.13,"11":-727.446,"12":-1008.891,"13":-1790.14},"Rate":{"0":2.158318,"1":2.028417,"2":1.829156,"3":0.6187941,"4":0.3568622,"5":0.1655994,"6":0.05110346,"7":0.03812657,"8":0.03053281,"9":0.02442564,"10":0.01567675,"11":0.01698837,"12":0.0142411,"13":0.009350081},"RatePos":{"0":0.4615421,"1":0.442637,"2":0.3999943,"3":0.1388255,"4":0.08068773,"5":0.03736529,"6":0.01074347,"7":0.01000332,"8":0.008051313,"9":0.005333188,"10":0.004209809,"11":0.004208468,"12":0.0032666,"13":0.002604387},"RateNeg":{"0":-0.4615421,"1":-0.442637,"2":-0.3999943,"3":-0.1388255,"4":-0.08068773,"5":-0.03736529,"6":-0.01074347,"7":-0.01000332,"8":-0.008051313,"9":-0.005333188,"10":-0.004209809,"11":-0.004208468,"12":-0.0032666,"13":-0.002604387},"FracExp":{"0":1.0,"1":1.0,"2":1.0,"3":1.0,"4":0.999991,"5":1.0,"6":1.0,"7":0.676179,"8":1.0,"9":1.0,"10":1.0,"11":0.978882,"12":0.985615,"13":0.344108},"BGrate":{"0":0.003726791,"1":0.0,"2":0.001739166,"3":0.0009316959,"4":0.00198034,"5":0.001182902,"6":0.001206256,"7":0.0004738001,"8":0.0005006782,"9":0.0004534334,"10":0.0004832218,"11":0.0006703473,"12":0.000552457,"13":0.0005182597},"BGerr":{"0":0.002151664,"1":0.0,"2":0.001229776,"3":0.0005379149,"4":0.0006262385,"5":0.000418219,"6":0.00021665,"7":0.0000879825,"8":0.0000812207,"9":0.0000571272,"10":0.0000547141,"11":0.0000617105,"12":0.0000475479,"13":0.0000360215},"CorrFact":{"0":1.726996,"1":2.17966,"2":2.188479,"3":2.17924,"4":1.990205,"5":1.256811,"6":1.253258,"7":1.295113,"8":1.292538,"9":1.294181,"10":1.294364,"11":1.288087,"12":1.313411,"13":1.417682},"CtsInSrc":{"0":22.0,"1":21.0,"2":21.0,"3":20.0,"4":20.0,"5":20.0,"6":24.0,"7":15.0,"8":15.0,"9":22.0,"10":15.0,"11":18.0,"12":21.0,"13":15.0},"BGInSrc":{"0":0.065409,"1":0.0,"2":0.043606,"3":0.065409,"4":0.218473,"5":0.177954,"6":0.689573,"7":0.237592,"8":0.311328,"9":0.516149,"10":0.575503,"11":0.870633,"12":1.018104,"13":1.092823},"Exposure":{"0":17.55114,"1":22.5658,"2":25.0731,"3":70.2047,"4":110.32074,"5":150.4387,"6":571.66362,"7":501.46084,"8":621.81206,"9":1138.3117,"10":1190.97044,"11":1298.77846,"12":1842.8655,"13":2108.6393},"Sigma":{"0":580.831017,"1":1000.0,"2":679.645501,"3":527.870738,"4":286.327401,"5":315.054108,"6":188.213623,"7":334.598507,"8":290.841611,"9":330.375371,"10":221.360668,"11":213.721099,"12":228.040202,"13":183.094133},"SNR":{"0":4.676319,"1":4.582576,"2":4.572957,"3":4.457351,"4":4.422756,"5":4.431906,"6":4.756701,"7":3.81139,"8":3.792276,"9":4.579932,"10":3.723862,"11":4.03671,"12":4.35961,"13":3.590127}}