{"Time":{"0":105.851,"1":137.018,"2":187.784,"3":335.247,"4":547.872,"5":749.067,"6":943.68,"7":1162.646,"8":1330.327,"9":1483.023,"10":1641.398,"11":1810.275,"12":1973.351,"13":2110.425,"14":2323.23,"15":7244.701,"16":7572.399,"17":7889.982,"18":12982.069,"19":13645.683,"20":18144.682,"21":18975.151,"22":19505.822,"23":24270.503,"24":24958.88,"25":29730.042,"26":30744.585},"TimePos":{"0":7.961,"1":19.418,"2":61.423,"3":109.531,"4":97.491,"5":101.896,"6":87.81,"7":71.937,"8":67.231,"9":95.062,"10":49.517,"11":83.734,"12":68.59,"13":56.881,"14":189.958,"15":212.807,"16":100.738,"17":259.537,"18":275.638,"19":321.587,"20":435.972,"21":272.452,"22":218.157,"23":380.613,"24":509.61,"25":322.414,"26":4333.592},"TimeNeg":{"0":-7.083,"1":-23.207,"2":-31.348,"3":-86.04,"4":-103.095,"5":-103.704,"6":-92.717,"7":-131.156,"8":-95.744,"9":-85.465,"10":-63.313,"11":-119.359,"12":-79.342,"13":-68.485,"14":-155.923,"15":-170.814,"16":-114.891,"17":-216.844,"18":-223.319,"19":-387.975,"20":-947.503,"21":-394.496,"22":-258.22,"23":-404.177,"24":-307.764,"25":-562.669,"26":-692.129},"Rate":{"0":3.71233,"1":1.293217,"2":0.4466388,"3":0.1253001,"4":0.09641664,"5":0.09454081,"6":0.1350011,"7":0.09605544,"8":0.1495821,"9":0.1344622,"10":0.2174707,"11":0.1197889,"12":0.1680326,"13":0.2002582,"14":0.1040406,"15":0.04888026,"16":0.08754398,"17":0.07183875,"18":0.04566335,"19":0.03578097,"20":0.02784292,"21":0.0291673,"22":0.04105321,"23":0.02527401,"24":0.027385,"25":0.02305413,"26":0.01865723},"RatePos":{"0":0.8328198,"1":0.2920307,"2":0.1005386,"3":0.02836877,"4":0.02451757,"5":0.02387,"6":0.03039218,"7":0.02435611,"8":0.03382786,"9":0.03044312,"10":0.04901364,"11":0.02727619,"12":0.03791421,"13":0.0450832,"14":0.02053547,"15":0.01282329,"16":0.02276099,"17":0.01399416,"18":0.01195759,"19":0.009049135,"20":0.007382943,"21":0.007693826,"22":0.0108228,"23":0.006670707,"24":0.006874269,"25":0.005898149,"26":0.004603187},"RateNeg":{"0":-0.8328198,"1":-0.2920307,"2":-0.1005386,"3":-0.02836877,"4":-0.02451757,"5":-0.02387,"6":-0.03039218,"7":-0.02435611,"8":-0.03382786,"9":-0.03044312,"10":-0.04901364,"11":-0.02727619,"12":-0.03791421,"13":-0.0450832,"14":-0.02053547,"15":-0.01282329,"16":-0.02276099,"17":-0.01399416,"18":-0.01195759,"19":-0.009049135,"20":-0.007382943,"21":-0.007693826,"22":-0.0108228,"23":-0.006670707,"24":-0.006874269,"25":-0.005898149,"26":-0.004603187},"FracExp":{"0":1.0,"1":1.0,"2":0.999992,"3":1.0,"4":1.0,"5":1.0,"6":1.0,"7":1.0,"8":1.0,"9":1.0,"10":1.0,"11":1.0,"12":1.0,"13":1.0,"14":0.920578,"15":1.0,"16":1.0,"17":1.0,"18":1.0,"19":1.0,"20":0.507453,"21":1.0,"22":1.0,"23":1.0,"24":1.0,"25":1.0,"26":0.253936},"BGrate":{"0":0.004292142,"1":0.004544617,"2":0.001415198,"3":0.001250852,"4":0.001330453,"5":0.0007571681,"6":0.0007391403,"7":0.001095022,"8":0.001364565,"9":0.001355089,"10":0.001379727,"11":0.001752033,"12":0.001202667,"13":0.00106436,"14":0.003701733,"15":0.0006129266,"16":0.0004770666,"17":0.000678668,"18":0.0004190314,"19":0.000978268,"20":0.0005589099,"21":0.0004740955,"22":0.0006458143,"23":0.0004136985,"24":0.0007003376,"25":0.000410928,"26":0.001040529},"BGerr":{"0":0.002478069,"1":0.001514872,"2":0.000577752,"3":0.0003771462,"4":0.0003840687,"5":0.0002861827,"6":0.0003017528,"7":0.0003462764,"8":0.0004315135,"9":0.0004085747,"10":0.0005214876,"11":0.0004380082,"12":0.0004252068,"13":0.000434523,"14":0.0005084721,"15":0.0001532317,"16":0.0001803142,"17":0.0001446925,"18":0.0000838063,"19":0.0001073789,"20":0.0000824068,"21":0.0000779408,"22":0.0001076357,"23":0.0000671108,"24":0.0000855599,"25":0.0000619497,"26":0.0000810051},"CorrFact":{"0":2.801442,"1":2.783088,"2":2.085425,"3":1.240425,"4":1.229239,"5":1.226786,"6":1.226751,"7":1.236447,"8":1.232619,"9":1.228733,"10":1.23648,"11":1.238449,"12":1.254025,"13":1.263712,"14":1.235125,"15":1.270004,"16":1.267163,"17":1.282868,"18":1.540408,"19":1.557035,"20":1.338143,"21":1.324797,"22":1.331087,"23":1.351573,"24":1.362576,"25":1.304966,"26":1.347354},"CtsInSrc":{"0":20.0,"1":20.0,"2":20.0,"3":20.0,"4":16.0,"5":16.0,"6":20.0,"7":16.0,"8":20.0,"9":20.0,"10":20.0,"11":20.0,"12":20.0,"13":20.0,"14":28.0,"15":15.0,"16":15.0,"17":27.0,"18":15.0,"19":17.0,"20":15.0,"21":15.0,"22":15.0,"23":15.0,"24":17.0,"25":16.0,"26":19.0},"BGInSrc":{"0":0.064571,"1":0.193712,"2":0.131288,"3":0.24463,"4":0.266869,"5":0.155674,"6":0.133435,"7":0.222391,"8":0.222391,"9":0.24463,"10":0.155674,"11":0.355826,"12":0.177913,"13":0.133435,"14":1.178673,"15":0.235131,"16":0.10287,"17":0.323305,"18":0.209079,"19":0.694141,"20":0.392382,"21":0.316197,"22":0.307651,"23":0.324666,"24":0.572438,"25":0.363706,"26":1.327933},"Exposure":{"0":15.043908,"1":42.62444,"2":92.770052,"3":195.57088,"4":200.5854,"5":205.60008,"6":180.5269,"7":203.09288,"8":162.97582,"9":180.5271,"10":112.82948,"11":203.09316,"12":147.93206,"13":125.3662,"14":318.41124,"15":383.62008,"16":215.62986,"17":476.38176,"18":498.9571,"19":709.5615,"20":702.04832,"21":666.94758,"22":476.3769,"23":784.79004,"24":817.37466,"25":885.0833,"26":1276.2093},"Sigma":{"0":534.750817,"1":306.738528,"2":370.698209,"3":267.837424,"4":204.224088,"5":269.281919,"6":364.694828,"7":224.348735,"8":281.226488,"9":267.837424,"10":337.263837,"11":220.82906,"12":315.127879,"13":364.694828,"14":165.66271,"15":251.176941,"16":383.14552,"17":387.017711,"18":353.716578,"19":214.010371,"20":252.493083,"21":282.476193,"22":286.539267,"23":278.639284,"24":234.89938,"25":285.174244,"26":170.94374},"SNR":{"0":4.457543,"1":4.428359,"2":4.44246,"3":4.416834,"4":3.932553,"5":3.960653,"6":4.44197,"7":3.943793,"8":4.421861,"9":4.416834,"10":4.436942,"11":4.391702,"12":4.431915,"13":4.44197,"14":5.066383,"15":3.811834,"16":3.846229,"17":5.133481,"18":3.818777,"19":3.954077,"20":3.77125,"21":3.791,"22":3.793216,"23":3.788805,"24":3.983696,"25":3.908706,"26":4.05311}}