{"Time":{"0":215.304,"1":238.751,"2":266.653,"3":318.508,"4":355.301,"5":405.064,"6":444.732,"7":534.929,"8":617.684,"9":718.166,"10":876.2,"11":1039.19,"12":1218.135,"13":1378.889,"14":1531.715,"15":1726.824,"16":5083.632,"17":7364.141,"18":7520.183,"19":11113.026,"20":13206.175,"21":17689.711,"22":18984.105,"23":23162.564,"24":24783.989,"25":28441.099,"26":34751.448,"27":36322.033,"28":43974.676,"29":117489.145},"TimePos":{"0":9.545,"1":11.171,"2":25.894,"3":19.171,"4":19.987,"5":22.878,"6":33.357,"7":35.931,"8":38.424,"9":68.323,"10":85.801,"11":90.801,"12":69.817,"13":67.024,"14":97.231,"15":82.638,"16":82.892,"17":82.8,"18":72.181,"19":1908.58,"20":166.453,"21":1121.908,"22":171.013,"23":1524.309,"24":153.614,"25":2278.124,"26":1347.199,"27":177.782,"28":7451.006,"29":253856.73},"TimeNeg":{"0":-8.006,"1":-13.903,"2":-16.731,"3":-25.961,"4":-17.622,"5":-29.776,"6":-16.79,"7":-56.84,"8":-46.825,"9":-62.058,"10":-89.711,"11":-77.189,"12":-88.144,"13":-90.937,"14":-85.802,"15":-97.877,"16":-65.039,"17":-112.771,"18":-73.242,"19":-330.461,"20":-184.569,"21":-1072.97,"22":-172.487,"23":-766.862,"24":-97.116,"25":-312.771,"26":-790.006,"27":-223.386,"28":-4271.691,"29":-54620.443},"Rate":{"0":4.957502,"1":3.780936,"2":1.910715,"3":1.89818,"4":2.179329,"5":1.626243,"6":1.638114,"7":0.9220884,"8":0.9540246,"9":0.6249597,"10":0.4585899,"11":0.4809399,"12":0.5415128,"13":0.5105263,"14":0.4397669,"15":0.4694206,"16":0.1934112,"17":0.1237867,"18":0.1766341,"19":0.1260654,"20":0.08831161,"21":0.179427,"22":0.1187729,"23":0.09076275,"24":0.08951449,"25":0.06330799,"26":0.05449375,"27":0.04969427,"28":0.02664664,"29":0.0006079539},"RatePos":{"0":1.083414,"1":0.7937264,"2":0.4299133,"3":0.4172955,"4":0.4888275,"5":0.3575129,"6":0.366862,"7":0.2030135,"8":0.215328,"9":0.1408362,"10":0.1046512,"11":0.1092336,"12":0.1192233,"13":0.1159534,"14":0.09972532,"15":0.1036595,"16":0.04056805,"17":0.02819654,"18":0.03879883,"19":0.03312645,"20":0.01782132,"21":0.04551582,"22":0.02068938,"23":0.02369059,"24":0.02138038,"25":0.01545325,"26":0.01422128,"27":0.01296284,"28":0.004792255,"29":0.0002216162},"RateNeg":{"0":-1.083414,"1":-0.7937264,"2":-0.4299133,"3":-0.4172955,"4":-0.4888275,"5":-0.3575129,"6":-0.366862,"7":-0.2030135,"8":-0.215328,"9":-0.1408362,"10":-0.1046512,"11":-0.1092336,"12":-0.1192233,"13":-0.1159534,"14":-0.09972532,"15":-0.1036595,"16":-0.04056805,"17":-0.02819654,"18":-0.03879883,"19":-0.03312645,"20":-0.01782132,"21":-0.04551582,"22":-0.02068938,"23":-0.02369059,"24":-0.02138038,"25":-0.01545325,"26":-0.01422128,"27":-0.01296284,"28":-0.004792255,"29":-0.0001839464},"FracExp":{"0":1.0,"1":1.0,"2":1.0,"3":1.0,"4":1.0,"5":1.0,"6":1.0,"7":1.0,"8":1.0,"9":1.0,"10":1.0,"11":1.0,"12":1.0,"13":1.0,"14":1.0,"15":1.0,"16":1.0,"17":1.0,"18":1.0,"19":0.067189,"20":1.0,"21":0.050263,"22":1.0,"23":0.089735,"24":1.0,"25":0.147096,"26":0.194746,"27":1.0,"28":0.1371,"29":0.091724},"BGrate":{"0":0.001739159,"1":0.00608706,"2":0.002864495,"3":0.003381698,"4":0.001623215,"5":0.002898596,"6":0.0006087057,"7":0.001974181,"8":0.002148374,"9":0.001170588,"10":0.00226091,"11":0.001817035,"12":0.001159442,"13":0.001932405,"14":0.001500924,"15":0.001352764,"16":0.0009074367,"17":0.001854462,"18":0.0009352329,"19":0.001718494,"20":0.0006307874,"21":0.002081965,"22":0.001514083,"23":0.0007819544,"24":0.0009387845,"25":0.0002841937,"26":0.0003812288,"27":0.0003786841,"28":0.0003384451,"29":0.0000738686},"BGerr":{"0":0.001739159,"1":0.002722216,"2":0.001432247,"3":0.001512342,"4":0.001147786,"5":0.001296291,"6":0.0006087057,"7":0.0008059559,"8":0.00087707,"9":0.0005235031,"10":0.0006270636,"11":0.000574597,"12":0.0004733403,"13":0.0006110802,"14":0.0005003079,"15":0.0004782744,"16":0.0003429788,"17":0.0004636155,"18":0.0003818072,"19":0.0004766246,"20":0.0001628686,"21":0.0005774332,"22":0.0003157081,"23":0.0002357681,"24":0.0002346961,"25":0.0000733785,"26":0.0000874599,"27":0.0000892567,"28":0.0000390803,"29":0.000001995},"CorrFact":{"0":4.149381,"1":4.14928,"2":4.097177,"3":4.109305,"4":4.110756,"5":4.107368,"6":4.113557,"7":4.109312,"8":4.104059,"9":4.105462,"10":4.105871,"11":4.102269,"12":4.109066,"13":4.094648,"14":4.080662,"15":4.082608,"16":1.251279,"17":1.232804,"18":1.231145,"19":1.286508,"20":1.251053,"21":1.255182,"22":1.218596,"23":1.257526,"24":1.263407,"25":1.428352,"26":1.52823,"27":1.342647,"28":1.361452,"29":1.576717},"CtsInSrc":{"0":21.0,"1":23.0,"2":20.0,"3":21.0,"4":20.0,"5":21.0,"6":20.0,"7":21.0,"8":20.0,"9":20.0,"10":20.0,"11":20.0,"12":21.0,"13":20.0,"14":20.0,"15":21.0,"16":23.0,"17":20.0,"18":21.0,"19":15.0,"20":25.0,"21":16.0,"22":34.0,"23":15.0,"24":18.0,"25":17.0,"26":15.0,"27":15.0,"28":32.0,"29":13.0},"BGInSrc":{"0":0.030524,"1":0.152622,"2":0.122098,"3":0.152622,"4":0.061049,"5":0.152622,"6":0.030524,"7":0.183146,"8":0.183146,"9":0.152622,"10":0.396817,"11":0.305244,"12":0.183146,"13":0.305244,"14":0.27472,"15":0.244195,"16":0.134238,"17":0.362677,"18":0.136004,"19":0.258527,"20":0.22142,"21":0.229685,"22":0.520088,"23":0.160769,"24":0.235381,"25":0.108309,"26":0.158672,"27":0.151916,"28":0.543942,"29":2.090103},"Exposure":{"0":17.551248,"1":25.0732,"2":42.6245,"3":45.13178,"4":37.60982,"5":52.6538,"6":50.14642,"7":92.77088,"8":85.24888,"9":130.38064,"10":175.51224,"11":167.9902,"12":157.96084,"13":157.96072,"14":183.03376,"15":180.515772,"16":147.9307,"17":195.57016,"18":145.42264,"19":150.43804,"20":351.02196,"21":110.32128,"22":343.50002,"23":205.5988,"24":250.7298,"25":381.1096,"26":416.21222,"27":401.16758,"28":1607.1793,"29":28294.8805},"Sigma":{"0":686.973897,"1":334.737239,"2":325.606618,"3":305.435212,"4":461.891508,"5":305.435212,"6":654.213235,"7":278.414678,"8":265.040193,"9":290.784199,"10":178.117904,"11":204.03434,"12":278.414678,"13":204.03434,"14":215.404412,"15":240.407077,"16":450.671435,"17":216.581683,"18":375.76931,"19":205.592272,"20":433.415798,"21":247.559358,"22":308.724993,"23":306.129906,"24":301.886728,"25":604.024302,"26":407.707815,"27":414.671112,"28":500.820764,"29":193.273172},"SNR":{"0":4.575813,"1":4.763525,"2":4.44442,"3":4.548766,"4":4.458277,"5":4.548766,"6":4.465206,"7":4.542005,"8":4.430564,"9":4.437492,"10":4.382078,"11":4.402856,"12":4.542005,"13":4.402856,"14":4.409782,"15":4.528484,"16":4.767574,"17":4.390137,"18":4.552563,"19":3.80558,"20":4.955392,"21":3.942079,"22":5.740765,"23":3.831173,"24":4.186758,"25":4.096743,"26":3.831845,"27":3.833595,"28":5.560355,"29":3.305059}}