{"Time":{"0":133.589,"1":280.652,"2":386.07,"3":514.791,"4":644.567,"5":788.443,"6":1049.808,"7":1268.087,"8":1536.406,"9":5555.67,"10":155034.215},"TimePos":{"0":85.605,"1":56.385,"2":58.781,"3":70.469,"4":56.029,"5":87.664,"6":124.669,"7":132.047,"8":169.619,"9":395.996,"10":20166.858},"TimeNeg":{"0":-67.34,"1":-61.458,"2":-49.033,"3":-69.94,"4":-59.307,"5":-87.847,"6":-173.701,"7":-93.61,"8":-136.271,"9":-306.048,"10":-11269.913},"Rate":{"0":0.2479676,"1":0.3702069,"2":0.2892781,"3":0.1834607,"4":0.2144472,"5":0.1874816,"6":0.1651806,"7":0.1139986,"8":0.1159329,"9":0.04716009,"10":0.001513187},"RatePos":{"0":0.05600728,"1":0.08311099,"2":0.06514628,"3":0.04034665,"4":0.04819663,"5":0.04123092,"6":0.03770214,"7":0.02516868,"8":0.02181858,"9":0.009713868,"10":0.0005596926},"RateNeg":{"0":-0.05600728,"1":-0.08311099,"2":-0.06514628,"3":-0.04034665,"4":-0.04819663,"5":-0.04123092,"6":-0.03770214,"7":-0.02516868,"8":-0.02181858,"9":-0.009713868,"10":-0.0004571859},"FracExp":{"0":1.0,"1":1.0,"2":0.999997,"3":1.0,"4":1.0,"5":0.999995,"6":0.999999,"7":1.0,"8":1.0,"9":1.0,"10":0.47248},"BGrate":{"0":0.001294894,"1":0.0006677515,"2":0.001301819,"3":0.001145999,"4":0.0008719563,"5":0.0009168034,"6":0.001350305,"7":0.001069598,"8":0.001249333,"9":0.0003063353,"10":0.0000687595},"BGerr":{"0":0.0004094816,"1":0.0003338757,"2":0.0004920412,"3":0.0004051719,"4":0.0003899507,"5":0.0003241389,"6":0.0002946607,"7":0.0003087664,"8":0.0002866166,"9":0.0000559289,"10":0.0000027329},"CorrFact":{"0":1.915241,"1":2.189935,"2":1.570429,"3":1.236116,"4":1.242924,"5":1.579004,"6":2.5149,"7":1.239226,"8":1.239181,"9":1.391993,"10":2.252303},"CtsInSrc":{"0":20.0,"1":20.0,"2":20.0,"3":21.0,"4":20.0,"5":21.0,"6":20.0,"7":21.0,"8":29.0,"9":24.0,"10":11.0},"BGInSrc":{"0":0.198048,"1":0.07869,"2":0.140354,"3":0.160909,"4":0.100568,"5":0.160909,"6":0.402889,"7":0.241363,"8":0.382158,"9":0.215061,"10":1.021301},"Exposure":{"0":152.94544,"1":117.8432,"2":107.81376,"3":140.40904,"4":115.33594,"5":175.51052,"6":298.36902,"7":225.6576,"8":305.88968,"9":702.044,"10":14853.2452},"Sigma":{"0":316.181987,"1":506.323991,"2":374.365496,"3":366.306317,"4":442.452144,"5":366.306317,"6":222.903124,"7":297.933155,"8":326.415448,"9":605.760925,"10":245.822697},"SNR":{"0":4.427417,"1":4.454368,"2":4.440439,"3":4.547112,"4":4.449423,"5":4.547112,"6":4.381201,"7":4.529382,"8":5.313496,"9":4.854924,"10":3.309784}}