{"Time":{"0":1588.692,"1":2063.604,"2":2562.315,"3":7987.957},"TimePos":{"0":217.032,"1":208.479,"2":501.818,"3":563.18},"TimeNeg":{"0":-224.254,"1":-257.88,"2":-290.231,"3":-778.226},"Rate":{"0":0.09073831,"1":0.0890038,"2":0.06992944,"3":0.01601769},"RatePos":{"0":0.02359879,"1":0.02314768,"2":0.01778304,"3":0.003994066},"RateNeg":{"0":-0.02359879,"1":-0.02314768,"2":-0.01778304,"3":-0.003994066},"FracExp":{"0":1.0,"1":1.0,"2":0.794558,"3":1.0},"BGrate":{"0":0.0002444145,"1":0.000231274,"2":0.0004284595,"3":0.0003453006},"BGerr":{"0":0.0000611036,"1":0.0000578185,"2":0.0000677454,"3":0.0000431626},"CorrFact":{"0":2.688773,"1":2.787225,"2":2.797688,"3":1.299296},"CtsInSrc":{"0":15.0,"1":15.0,"2":16.0,"3":17.0},"BGInSrc":{"0":0.107857,"1":0.107857,"2":0.269642,"3":0.463188},"Exposure":{"0":441.28648,"1":466.35936,"2":629.32906,"3":1341.4055},"Sigma":{"0":552.293103,"1":552.293103,"2":368.961472,"3":285.617164},"SNR":{"0":3.845042,"1":3.845042,"2":3.932366,"3":4.010371}}