{"Time":{"0":7640.713,"1":7928.051,"2":8124.955,"3":8335.878,"4":8594.035,"5":8880.309,"6":22020.461,"7":25400.933,"8":26350.106,"9":30779.318},"TimePos":{"0":196.519,"1":114.782,"2":103.42,"3":158.273,"4":150.848,"5":155.41,"6":2919.578,"7":333.928,"8":658.455,"9":137.378},"TimeNeg":{"0":-114.388,"1":-90.818,"2":-82.122,"3":-107.503,"4":-99.884,"5":-135.426,"6":-1169.751,"7":-460.893,"8":-615.245,"9":-208.63},"Rate":{"0":0.05869152,"1":0.0938079,"2":0.09767974,"3":0.08647591,"4":0.0966272,"5":0.09537393,"6":0.0344138,"7":0.02466107,"8":0.01470408,"9":0.01841985},"RatePos":{"0":0.01545268,"1":0.02397311,"2":0.02571775,"3":0.02020888,"4":0.02197271,"5":0.0203484,"6":0.009148051,"7":0.006606822,"8":0.004119132,"9":0.009979315},"RateNeg":{"0":-0.01545268,"1":-0.02397311,"2":-0.02571775,"3":-0.02020888,"4":-0.02197271,"5":-0.0203484,"6":-0.009148051,"7":-0.006606822,"8":-0.004119132,"9":-0.00736415},"FracExp":{"0":1.0,"1":1.0,"2":1.0,"3":1.0,"4":1.0,"5":1.0,"6":0.139181,"7":1.0,"8":1.0,"9":1.0},"BGrate":{"0":0.0009257275,"1":0.001679856,"2":0.001551218,"3":0.001299511,"4":0.001320086,"5":0.001781305,"6":0.00075333,"7":0.0006811174,"8":0.0009188246,"9":0.000404137},"BGerr":{"0":0.000206999,"1":0.0003428992,"2":0.000346863,"3":0.0002652615,"4":0.0002752569,"5":0.0002968842,"6":0.000099781,"7":0.0000825976,"8":0.0000757834,"9":0.0000980176},"CorrFact":{"0":1.240308,"1":1.232028,"2":1.231882,"3":1.23204,"4":1.231763,"5":1.2338,"6":1.344216,"7":1.35567,"8":1.354231,"9":1.3114},"CtsInSrc":{"0":15.0,"1":16.0,"2":15.0,"3":19.0,"4":20.0,"5":23.0,"6":15.0,"7":15.0,"8":15.0,"9":5.0},"BGInSrc":{"0":0.287816,"1":0.345379,"2":0.287816,"3":0.345379,"4":0.330988,"5":0.518068,"6":0.428764,"7":0.541367,"8":1.170307,"9":0.139834},"Exposure":{"0":310.907688,"1":205.60032,"2":185.54176,"3":265.77614,"4":250.7323,"5":290.836392,"6":569.15778,"7":794.82134,"8":1273.70048,"9":346.0074},"Sigma":{"0":228.600683,"1":222.050781,"2":228.600683,"3":264.603861,"4":284.992867,"5":260.374074,"6":256.575924,"7":220.23696,"8":143.275284,"9":143.305068},"SNR":{"0":3.798145,"1":3.913048,"2":3.798145,"3":4.279104,"4":4.397601,"5":4.687047,"6":3.761873,"7":3.732667,"8":3.569703,"9":2.501287}}