{"Time":{"0":3784.427,"1":4040.947,"2":4169.631,"3":4251.073,"4":4354.405,"5":4429.619,"6":4529.806,"7":4639.49,"8":4737.747,"9":4814.726,"10":4926.428,"11":5011.442,"12":5101.367,"13":5210.309,"14":5328.583,"15":5433.391,"16":5573.801,"17":5722.219,"18":5804.144,"19":5938.433,"20":9331.058,"21":9574.655,"22":9782.99,"23":10002.591,"24":10293.11,"25":10541.849,"26":10804.163,"27":11043.375,"28":11302.85,"29":11625.425,"30":16633.655,"31":17126.974,"32":21019.672,"33":21544.511,"34":22178.321,"35":22729.831,"36":27154.29,"37":28290.66,"38":32947.236,"39":34208.335,"40":39637.407,"41":71313.175,"42":87102.105,"43":97397.167,"44":103191.799,"45":113494.106,"46":136824.774,"47":198721.177,"48":391010.247},"TimePos":{"0":77.854,"1":82.094,"2":36.151,"3":57.509,"4":34.41,"5":39.43,"6":72.131,"7":52.71,"8":37.194,"9":50.477,"10":36.561,"11":49.332,"12":44.654,"13":66.093,"14":60.647,"15":66.161,"16":83.711,"17":45.614,"18":41.416,"19":144.545,"20":97.803,"21":82.371,"22":99.695,"23":160.912,"24":106.079,"25":108.071,"26":131.589,"27":128.065,"28":114.306,"29":255.866,"30":224.445,"31":300.285,"32":262.429,"33":311.764,"34":194.459,"35":569.505,"36":533.15,"37":888.65,"38":372.739,"39":814.431,"40":1169.716,"41":4207.481,"42":5768.796,"43":1250.978,"44":1207.139,"45":8310.844,"46":13905.364,"47":78471.084,"48":146462.552},"TimeNeg":{"0":-67.57,"1":-178.666,"2":-46.59,"3":-45.291,"4":-45.823,"5":-40.804,"6":-60.756,"7":-37.553,"8":-45.547,"9":-39.785,"10":-61.224,"11":-48.453,"12":-40.594,"13":-64.287,"14":-52.181,"15":-44.16,"16":-74.25,"17":-64.707,"18":-36.311,"19":-92.873,"20":-90.245,"21":-145.794,"22":-125.963,"23":-119.907,"24":-129.607,"25":-142.659,"26":-154.243,"27":-107.622,"28":-131.41,"29":-208.27,"30":-226.869,"31":-268.874,"32":-208.946,"33":-262.41,"34":-322.046,"35":-357.051,"36":-557.529,"37":-603.219,"38":-564.476,"39":-888.361,"40":-1470.666,"41":-4151.765,"42":-8140.019,"43":-1369.691,"44":-1357.67,"45":-5872.652,"46":-11737.303,"47":-33051.176,"48":-108995.665},"Rate":{"0":0.5627167,"1":0.1937735,"2":0.3083637,"3":0.2462607,"4":0.3152631,"5":0.3157046,"6":0.1993354,"7":0.2808731,"8":0.305684,"9":0.2808362,"10":0.2594681,"11":0.2714161,"12":0.3123707,"13":0.1931552,"14":0.2248881,"15":0.228959,"16":0.1625027,"17":0.2399491,"18":0.3299439,"19":0.2194584,"20":0.145417,"21":0.1214011,"22":0.09085011,"23":0.09272057,"24":0.0919224,"25":0.08134236,"26":0.07120144,"27":0.09173848,"28":0.08347576,"29":0.1064381,"30":0.04440692,"31":0.04939388,"32":0.04255041,"33":0.03484144,"34":0.03887292,"35":0.03481997,"36":0.02027353,"37":0.01751485,"38":0.02313252,"39":0.019892,"40":0.01165439,"41":0.005046508,"42":0.003921823,"43":0.007863524,"44":0.00981416,"45":0.003175456,"46":0.003219173,"47":0.001338299,"48":0.0007529173},"RatePos":{"0":0.1267494,"1":0.04355777,"2":0.06911998,"3":0.0551727,"4":0.07070089,"5":0.07069665,"6":0.04374123,"7":0.06286617,"8":0.06858608,"9":0.06285791,"10":0.05801882,"11":0.05944771,"12":0.0681964,"13":0.04350761,"14":0.05035985,"15":0.05142144,"16":0.03644286,"17":0.05267779,"18":0.07395722,"19":0.04354337,"20":0.03271295,"21":0.02726322,"22":0.02363335,"23":0.02142656,"24":0.02316718,"25":0.02109918,"26":0.01851135,"27":0.02313335,"28":0.02171502,"29":0.01906657,"30":0.01163895,"31":0.01087827,"32":0.01117288,"33":0.009187627,"34":0.01022351,"35":0.007724924,"36":0.005384031,"37":0.00439836,"38":0.00611092,"39":0.004175738,"40":0.002718748,"41":0.001256815,"42":0.000980168,"43":0.002120017,"44":0.002514212,"45":0.0009063007,"46":0.0006587334,"47":0.0003685023,"48":0.0002228929},"RateNeg":{"0":-0.1267494,"1":-0.04355777,"2":-0.06911998,"3":-0.0551727,"4":-0.07070089,"5":-0.07069665,"6":-0.04374123,"7":-0.06286617,"8":-0.06858608,"9":-0.06285791,"10":-0.05801882,"11":-0.05944771,"12":-0.0681964,"13":-0.04350761,"14":-0.05035985,"15":-0.05142144,"16":-0.03644286,"17":-0.05267779,"18":-0.07395722,"19":-0.04354337,"20":-0.03271295,"21":-0.02726322,"22":-0.02363335,"23":-0.02142656,"24":-0.02316718,"25":-0.02109918,"26":-0.01851135,"27":-0.02313335,"28":-0.02171502,"29":-0.01906657,"30":-0.01163895,"31":-0.01087827,"32":-0.01117288,"33":-0.009187627,"34":-0.01022351,"35":-0.007724924,"36":-0.005384031,"37":-0.00439836,"38":-0.00611092,"39":-0.004175738,"40":-0.002718748,"41":-0.001256815,"42":-0.000980168,"43":-0.002120017,"44":-0.002514212,"45":-0.0009063007,"46":-0.0006587334,"47":-0.0003685023,"48":-0.0002228929},"FracExp":{"0":1.0,"1":0.999995,"2":1.0,"3":1.0,"4":1.0,"5":1.0,"6":1.0,"7":1.0,"8":1.0,"9":1.0,"10":1.0,"11":1.0,"12":1.0,"13":1.0,"14":1.0,"15":1.0,"16":1.0,"17":1.0,"18":1.0,"19":0.633626,"20":1.0,"21":1.0,"22":1.0,"23":1.0,"24":1.0,"25":1.0,"26":1.0,"27":1.0,"28":1.0,"29":0.885928,"30":1.0,"31":0.999996,"32":1.0,"33":1.0,"34":1.0,"35":0.874045,"36":1.0,"37":0.946199,"38":0.936347,"39":0.948265,"40":0.883126,"41":0.600787,"42":0.45986,"43":0.94813,"44":0.868089,"45":0.441409,"46":0.455158,"47":0.151847,"48":0.130921},"BGrate":{"0":0.0009963182,"1":0.0004009573,"2":0.0005838857,"3":0.0003759654,"4":0.000722559,"5":0.0003612795,"6":0.0008725243,"7":0.0002140917,"8":0.0008174412,"9":0.0002140918,"10":0.0,"11":0.0007904929,"12":0.0001133427,"13":0.00111163,"14":0.00025691,"15":0.0007882467,"16":0.0003670142,"17":0.001138578,"18":0.0006215561,"19":0.001991106,"20":0.000636852,"21":0.0003749129,"22":0.0004928026,"23":0.0004873874,"24":0.0005444225,"25":0.0002729373,"26":0.0003591281,"27":0.0005807177,"28":0.0004525745,"29":0.001019371,"30":0.0004925483,"31":0.0003366967,"32":0.0005288957,"33":0.0005427538,"34":0.0005279342,"35":0.0004232854,"36":0.0003802512,"37":0.0004102137,"38":0.0003849212,"39":0.0004088859,"40":0.0003543801,"41":0.000191751,"42":0.0001599271,"43":0.0002546506,"44":0.0004056924,"45":0.000228079,"46":0.0001831578,"47":0.0000869132,"48":0.0000572966},"BGerr":{"0":0.0002416427,"1":0.0001157464,"2":0.0002611216,"3":0.0001879827,"4":0.0002949835,"5":0.0002085848,"6":0.0002518761,"7":0.0001513857,"8":0.0003089637,"9":0.0001513858,"10":0.0,"11":0.0002794815,"12":0.0001133427,"13":0.0002870217,"14":0.0001483271,"15":0.0002627489,"16":0.0001498329,"17":0.0003157847,"18":0.0002779683,"19":0.0003576131,"20":0.0001702059,"21":0.0001185579,"22":0.0001366789,"23":0.0001218468,"24":0.0001405693,"25":0.0000964979,"26":0.0001036714,"27":0.0001451794,"28":0.0001255216,"29":0.0001456245,"30":0.0000914639,"31":0.0000673394,"32":0.0000934964,"33":0.0000858169,"34":0.0000892372,"35":0.0000638127,"36":0.0000522315,"37":0.0000476864,"38":0.0000580291,"39":0.0000440913,"40":0.0000342592,"41":0.0000110892,"42":0.0000089402,"43":0.0000237463,"44":0.0000312998,"45":0.000010812,"46":0.0000070919,"47":0.0000031403,"48":0.0000014658},"CorrFact":{"0":4.121483,"1":2.539684,"2":1.278807,"3":1.268226,"4":1.268414,"5":1.268347,"6":1.26839,"7":1.268848,"8":1.268922,"9":1.268681,"10":1.268602,"11":1.268496,"12":1.268635,"13":1.268368,"14":1.270533,"15":1.268469,"16":1.287179,"17":1.268135,"18":1.285374,"19":1.284571,"20":1.375508,"21":1.390925,"22":1.376944,"23":1.380346,"24":1.365003,"25":1.365899,"26":1.366129,"27":1.363005,"28":1.377635,"29":1.385852,"30":1.356199,"31":1.351035,"32":1.359745,"33":1.361965,"34":1.363321,"35":1.365094,"36":1.516045,"37":1.505643,"38":1.38452,"39":1.376173,"40":1.417339,"41":1.487596,"42":1.477546,"43":1.359951,"44":1.357484,"45":1.464823,"46":1.452791,"47":1.559945,"48":1.924622},"CtsInSrc":{"0":20.0,"1":20.0,"2":20.0,"3":20.0,"4":20.0,"5":20.0,"6":21.0,"7":20.0,"8":20.0,"9":20.0,"10":20.0,"11":21.0,"12":21.0,"13":20.0,"14":20.0,"15":20.0,"16":20.0,"17":21.0,"18":20.0,"19":26.0,"20":20.0,"21":20.0,"22":15.0,"23":19.0,"24":16.0,"25":15.0,"26":15.0,"27":16.0,"28":15.0,"29":32.0,"30":15.0,"31":21.0,"32":15.0,"33":15.0,"34":15.0,"35":21.0,"36":15.0,"37":17.0,"38":15.0,"39":24.0,"40":20.0,"41":18.0,"42":18.0,"43":15.0,"44":17.0,"45":15.0,"46":28.0,"47":16.0,"48":15.0},"BGInSrc":{"0":0.144889,"1":0.104553,"2":0.048311,"3":0.038649,"4":0.057974,"5":0.028987,"6":0.115947,"7":0.019325,"8":0.067636,