{"Time":{"0":140.162,"1":159.895,"2":192.258,"3":231.162,"4":270.344,"5":324.257,"6":365.009,"7":405.097,"8":10734.761,"9":11364.722},"TimePos":{"0":8.629,"1":13.969,"2":19.215,"3":22.936,"4":26.379,"5":20.104,"6":19.47,"7":27.018,"8":168.967,"9":506.821},"TimeNeg":{"0":-8.922,"1":-11.104,"2":-18.394,"3":-19.689,"4":-16.246,"5":-27.535,"6":-20.647,"7":-20.618,"8":-287.364,"9":-460.994},"Rate":{"0":5.509234,"1":3.460424,"2":2.389374,"3":2.121796,"4":2.128468,"5":1.991254,"6":2.237072,"7":2.653221,"8":0.04149423,"9":0.02649213},"RatePos":{"0":1.178997,"1":0.7780562,"2":0.5372369,"3":0.4777343,"4":0.4779127,"5":0.435669,"6":0.5043882,"7":0.5058858,"8":0.01093892,"9":0.00602914},"RateNeg":{"0":-1.178997,"1":-0.7780562,"2":-0.5372369,"3":-0.4777343,"4":-0.4779127,"5":-0.435669,"6":-0.5043882,"7":-0.5058858,"8":-0.01093892,"9":-0.00602914},"FracExp":{"0":1.0,"1":1.0,"2":1.0,"3":1.0,"4":1.0,"5":1.0,"6":1.0,"7":1.0,"8":1.0,"9":1.0},"BGrate":{"0":0.004640772,"1":0.004331381,"2":0.00288759,"3":0.00318484,"4":0.001910904,"5":0.001139838,"6":0.004060671,"7":0.005129539,"8":0.0006739095,"9":0.0003595626},"BGerr":{"0":0.002679351,"1":0.002165691,"2":0.001443795,"3":0.001424304,"4":0.001103261,"5":0.0008059869,"6":0.001657762,"7":0.001709846,"8":0.0001093226,"9":0.0000548328},"CorrFact":{"0":4.411507,"1":4.361884,"2":4.517726,"3":4.552923,"4":4.554791,"5":4.528927,"6":4.524097,"7":4.553682,"8":1.288763,"9":1.304674},"CtsInSrc":{"0":22.0,"1":20.0,"2":20.0,"3":20.0,"4":20.0,"5":21.0,"6":20.0,"7":28.0,"8":15.0,"9":20.0},"BGInSrc":{"0":0.081451,"1":0.108602,"2":0.108602,"3":0.135752,"4":0.081451,"5":0.054301,"6":0.162903,"7":0.244354,"8":0.307526,"9":0.34799},"Exposure":{"0":17.551228,"1":25.07322,"2":37.6098,"3":42.62446,"4":42.62446,"5":47.6391,"6":40.11714,"7":47.636592,"8":456.33142,"9":967.81498},"Sigma":{"0":466.095201,"1":366.31844,"2":366.31844,"3":327.19796,"4":423.56545,"5":545.510767,"6":298.281257,"7":340.763878,"8":294.513211,"9":370.317639},"SNR":{"0":4.672815,"1":4.447524,"2":4.447524,"3":4.441372,"4":4.453677,"5":4.570566,"6":4.435219,"7":5.244703,"8":3.793266,"9":4.394014}}