{"Time":{"0":3644.622,"1":3739.028,"2":3833.942,"3":3941.584,"4":5443.566,"5":5537.817,"6":5644.275,"7":5728.65,"8":5865.923,"9":6007.957,"10":9357.661,"11":9485.747,"12":9595.1,"13":9736.876,"14":11748.371,"15":15188.583,"16":15477.09,"17":407067.913},"TimePos":{"0":44.609,"1":40.467,"2":48.353,"3":53.538,"4":39.169,"5":55.24,"6":41.553,"7":44.934,"8":68.129,"9":114.139,"10":43.277,"11":48.079,"12":44.033,"13":97.825,"14":142.209,"15":97.376,"16":167.412,"17":168745.483},"TimeNeg":{"0":-40.639,"1":-49.797,"2":-54.447,"3":-59.288,"4":-53.602,"5":-55.082,"6":-51.218,"7":-42.822,"8":-92.339,"9":-73.905,"10":-52.001,"11":-84.809,"12":-61.274,"13":-97.743,"14":-131.086,"15":-108.224,"16":-191.131,"17":-85533.177},"Rate":{"0":0.7272082,"1":0.7182284,"2":0.6246724,"3":0.6896283,"4":0.4406363,"5":0.3905702,"6":0.4575287,"7":0.4662935,"8":0.2618764,"9":0.2672898,"10":0.5709947,"11":0.1842866,"12":0.2342991,"13":0.1639895,"14":0.1753627,"15":0.1431455,"16":0.07609329,"17":0.0004675468},"RatePos":{"0":0.1640564,"1":0.1615511,"2":0.1405076,"3":0.1418126,"4":0.09972076,"5":0.08883782,"6":0.1032316,"7":0.1056337,"8":0.05992965,"9":0.05510904,"10":0.1287428,"11":0.04152496,"12":0.05289599,"13":0.0325919,"14":0.02835534,"15":0.03151757,"16":0.01720806,"17":0.0002167756},"RateNeg":{"0":-0.1640564,"1":-0.1615511,"2":-0.1405076,"3":-0.1418126,"4":-0.09972076,"5":-0.08883782,"6":-0.1032316,"7":-0.1056337,"8":-0.05992965,"9":-0.05510904,"10":-0.1287428,"11":-0.04152496,"12":-0.05289599,"13":-0.0325919,"14":-0.02835534,"15":-0.03151757,"16":-0.01720806,"17":-0.0001752458},"FracExp":{"0":1.0,"1":1.0,"2":1.0,"3":1.0,"4":1.0,"5":1.0,"6":1.0,"7":1.0,"8":1.0,"9":1.0,"10":0.999994,"11":1.0,"12":1.0,"13":1.0,"14":1.0,"15":1.0,"16":1.0,"17":0.091308},"BGrate":{"0":0.002050457,"1":0.001291028,"2":0.001133586,"3":0.001549272,"4":0.002551026,"5":0.003039006,"6":0.001913269,"7":0.002921534,"8":0.002826725,"9":0.00125854,"10":0.001720181,"11":0.001139075,"12":0.001796756,"13":0.001741495,"14":0.001369062,"15":0.0009040278,"16":0.0006220774,"17":0.0001019631},"BGerr":{"0":0.0006834856,"1":0.0005270602,"2":0.0004627847,"3":0.000516424,"4":0.0007364179,"5":0.0007370672,"6":0.0006377564,"7":0.0008102877,"8":0.0005894129,"9":0.0003633092,"10":0.0005733937,"11":0.0004027239,"12":0.0005681841,"13":0.0004104742,"14":0.0003226911,"15":0.000233419,"16":0.0001466251,"17":0.00000293},"CorrFact":{"0":3.127012,"1":3.260486,"2":3.229634,"3":3.265802,"4":2.068383,"5":2.191156,"6":2.141268,"7":2.072573,"8":2.149902,"9":2.115115,"10":2.74262,"11":1.233809,"12":1.245452,"13":1.249876,"14":1.240772,"15":1.413975,"16":1.37952,"17":1.422156},"CtsInSrc":{"0":20.0,"1":20.0,"2":20.0,"3":24.0,"4":20.0,"5":20.0,"6":20.0,"7":20.0,"8":20.0,"9":24.0,"10":20.0,"11":20.0,"12":20.0,"13":26.0,"14":39.0,"15":21.0,"16":20.0,"17":10.0},"BGInSrc":{"0":0.174799,"1":0.116533,"2":0.116533,"3":0.174799,"4":0.236661,"5":0.335269,"6":0.177495,"7":0.256382,"8":0.4536,"9":0.236661,"10":0.163894,"11":0.151369,"12":0.189211,"13":0.340581,"14":0.374159,"15":0.185868,"16":0.223041,"17":2.367338},"Exposure":{"0":85.248808,"1":90.26344,"2":102.8,"3":112.826552,"4":92.770748,"5":110.322,"6":92.77078,"7":87.75608,"8":160.46822,"9":188.043772,"10":95.2774,"11":132.88772,"12":105.30724,"13":195.56794,"14":273.2957,"15":205.59968,"16":358.54282,"17":23217.598},"Sigma":{"0":340.251382,"1":417.94588,"2":417.94588,"3":408.901658,"4":289.284343,"5":241.834784,"6":335.036787,"7":277.658057,"8":206.660796,"9":347.834032,"10":363.089431,"11":370.884146,"12":331.09641,"13":319.64159,"14":437.983904,"15":433.710279,"16":376.192635,"17":3.69221},"SNR":{"0":4.432674,"1":4.445827,"2":4.445827,"3":4.862955,"4":4.418701,"5":4.396441,"6":4.432059,"7":4.414249,"8":4.369731,"9":4.8502,"10":4.435157,"11":4.437971,"12":4.429431,"13":5.031603,"14":6.184468,"15":4.541767,"16":4.421957,"17":2.667948}}