{"Time":{"0":200.088,"1":420.83,"2":607.026,"3":74185.085},"TimePos":{"0":89.885,"1":104.83,"2":201.957,"3":5651.017},"TimeNeg":{"0":-65.568,"1":-130.857,"2":-81.367,"3":-6479.531},"Rate":{"0":0.1611214,"1":0.07961721,"2":0.13156,"3":0.001741795},"RatePos":{"0":0.03639485,"1":0.02078059,"2":0.02441334,"3":0.001137702},"RateNeg":{"0":-0.03639485,"1":-0.02078059,"2":-0.02441334,"3":-0.0008094003},"FracExp":{"0":1.0,"1":1.0,"2":1.0,"3":0.322855},"BGrate":{"0":0.001284671,"1":0.0006778678,"2":0.001691681,"3":0.0000812942},"BGerr":{"0":0.0004062485,"1":0.0002396625,"2":0.0003453129,"3":0.0000051518},"CorrFact":{"0":1.26497,"1":1.26445,"2":1.262643,"3":1.852681},"CtsInSrc":{"0":20.0,"1":15.0,"2":30.0,"3":4.0},"BGInSrc":{"0":0.199706,"1":0.159765,"2":0.479294,"3":0.318381},"Exposure":{"0":155.45284,"1":235.68688,"2":283.32398,"3":3916.4026},"Sigma":{"0":313.531508,"1":262.727385,"2":301.73846,"3":3.536017},"SNR":{"0":4.427039,"1":3.831325,"2":5.388859,"3":2.151958}}