{"Time":{"0":108.829,"1":161.327,"2":215.258,"3":248.247,"4":293.446,"5":365.398,"6":451.032,"7":512.273,"8":568.135,"9":636.645,"10":717.572,"11":797.624,"12":878.719,"13":962.906,"14":1048.275,"15":1142.119,"16":1287.162,"17":1396.74,"18":1524.12,"19":1691.972,"20":5185.649,"21":5639.468,"22":6226.141,"23":6741.565,"24":7204.102,"25":11873.557,"26":25640.867,"27":57130.303},"TimePos":{"0":23.151,"1":28.322,"2":17.015,"3":19.128,"4":31.598,"5":44.895,"6":26.959,"7":28.401,"8":30.207,"9":34.409,"10":33.716,"11":51.449,"12":30.529,"13":36.606,"14":41.5,"15":65.5,"16":58.36,"17":56.595,"18":87.176,"19":74.776,"20":209.846,"21":227.403,"22":242.486,"23":203.452,"24":302.536,"25":884.648,"26":4819.876,"27":47938.348},"TimeNeg":{"0":-24.488,"1":-29.347,"2":-25.609,"3":-15.974,"4":-26.07,"5":-40.354,"6":-40.739,"7":-34.282,"8":-27.462,"9":-38.303,"10":-46.518,"11":-46.336,"12":-29.646,"13":-53.657,"14":-48.763,"15":-52.343,"16":-79.542,"17":-51.219,"18":-70.784,"19":-80.676,"20":-153.716,"21":-243.974,"22":-359.27,"23":-272.938,"24":-259.085,"25":-1105.212,"26":-7280.324,"27":-22155.095},"Rate":{"0":0.8942167,"1":0.7456904,"2":1.059875,"3":1.298177,"4":0.7403226,"5":0.5022444,"6":0.6352554,"7":0.6819978,"8":0.7453083,"9":0.6179027,"10":0.5383534,"11":0.4570353,"12":0.7165344,"13":0.4754954,"14":0.4700219,"15":0.3665949,"16":0.3086265,"17":0.4193243,"18":0.1538845,"19":0.2563458,"20":0.05340184,"21":0.04091323,"22":0.0318014,"23":0.04031596,"24":0.04603063,"25":0.01843845,"26":0.00585913,"27":0.002575329},"RatePos":{"0":0.2003649,"1":0.1672573,"2":0.2315104,"3":0.2843994,"4":0.1665687,"5":0.1128856,"6":0.1427814,"7":0.1528136,"8":0.1671716,"9":0.1356343,"10":0.1210015,"11":0.1008191,"12":0.1610499,"13":0.1067631,"14":0.1053167,"15":0.08239668,"16":0.06951125,"17":0.09213558,"18":0.03459056,"19":0.04493884,"20":0.01394827,"21":0.01068632,"22":0.00835714,"23":0.01053031,"24":0.0103564,"25":0.003892638,"26":0.001351948,"27":0.0006568642},"RateNeg":{"0":-0.2003649,"1":-0.1672573,"2":-0.2315104,"3":-0.2843994,"4":-0.1665687,"5":-0.1128856,"6":-0.1427814,"7":-0.1528136,"8":-0.1671716,"9":-0.1356343,"10":-0.1210015,"11":-0.1008191,"12":-0.1610499,"13":-0.1067631,"14":-0.1053167,"15":-0.08239668,"16":-0.06951125,"17":-0.09213558,"18":-0.03459056,"19":-0.04493884,"20":-0.01394827,"21":-0.01068632,"22":-0.00835714,"23":-0.01053031,"24":-0.0103564,"25":-0.003892638,"26":-0.001351948,"27":-0.0006568642},"FracExp":{"0":1.0,"1":1.0,"2":1.0,"3":1.0,"4":1.0,"5":1.0,"6":1.0,"7":1.0,"8":1.0,"9":1.0,"10":1.0,"11":1.0,"12":1.0,"13":1.0,"14":1.0,"15":1.0,"16":1.0,"17":1.0,"18":0.999943,"19":1.0,"20":1.0,"21":1.0,"22":1.0,"23":1.0,"24":1.0,"25":0.831626,"26":0.385206,"27":0.136859},"BGrate":{"0":0.0008546187,"1":0.001058984,"2":0.0004775811,"3":0.00231968,"4":0.002117968,"5":0.001193953,"6":0.001503497,"7":0.0006495107,"8":0.001058985,"9":0.001679771,"10":0.001268576,"11":0.002289944,"12":0.001691436,"13":0.000902099,"14":0.0004510499,"15":0.0008637128,"16":0.001033315,"17":0.001321682,"18":0.0006555647,"19":0.001471677,"20":0.0004713018,"21":0.0003635042,"22":0.0004338977,"23":0.0003596789,"24":0.0002179243,"25":0.000478367,"26":0.0002439762,"27":0.0000869231},"BGerr":{"0":0.0006043066,"1":0.0006114046,"2":0.0004775811,"3":0.00115984,"4":0.000864657,"5":0.000533952,"6":0.0006723843,"7":0.0004592734,"8":0.0006114052,"9":0.0006857636,"10":0.0005673245,"11":0.0006904441,"12":0.0007564334,"13":0.0004510495,"14":0.0003189405,"15":0.0003862641,"16":0.0003905563,"17":0.0004995487,"18":0.0002931774,"19":0.0004437273,"20":0.0001028465,"21":0.0000793231,"22":0.000076703,"23":0.0000784884,"24":0.0000562678,"25":0.0000488231,"26":0.0000160524,"27":0.0000046265},"CorrFact":{"0":2.134328,"1":2.156723,"2":2.153353,"3":2.17841,"4":2.147776,"5":2.151739,"6":2.161262,"7":2.141842,"8":2.155616,"9":2.151995,"10":2.170764,"11":2.151096,"12":2.166921,"13":2.154764,"14":2.125613,"15":2.171094,"16":2.143284,"17":2.167528,"18":1.221641,"19":1.215989,"20":1.30928,"21":1.300558,"22":1.29838,"23":1.295202,"24":1.300548,"25":1.314709,"26":1.374922,"27":1.52819},"CtsInSrc":{"0":20.0,"1":20.0,"2":21.0,"3":21.0,"4":20.0,"5":20.0,"6":20.0,"7":20.0,"8":20.0,"9":21.0,"10":20.0,"11":21.0,"12":20.0,"13":20.0,"14":20.0,"15":20.0,"16":20.0,"17":21.0,"18":20.0,"19":33.0,"20":15.0,"21":15.0,"22":15.0,"23":15.0,"24":20.0,"25":24.0,"26":21.0,"27":17.0},"BGInSrc":{"0":0.040713,"1":0.06107,"2":0.020357,"3":0.081427,"4":0.12214,"5":0.101783,"6":0.101783,"7":0.040713,"8":0.06107,"9":0.12214,"10":0.101783,"11":0.223923,"12":0.101783,"13":0.081427,"14":0.040713,"15":0.101783,"16":0.142496,"17":0.142496,"18":0.103548,"19":0.228775,"20":0.171347,"21":0.171347,"22":0.261101,"23":0.171347,"24":0.122391,"25":0.79161,"26":1.13719,"27":0.833848},"Exposure":{"0":47.639088,"1":57.66838,"2":42.62444,"3":35.10248,"4":57.66836,"5":85.24886,"6":67.6976,"7":62.68296,"8":57.66832,"9":72.71216,"10":80.23416,"11":97.78532,"12":60.17556,"13":90.26338,"14":90.2633,"15":117.84372,"16":137.9022,"17":107.81446,"18":157.951652,"19":155.4519,"20":363.56172,"21":471.37632,"22":601.75618,"23":476.38962,"24":561.62126,"25":1654.818,"26":4661.0707,"27":9592.9298},"Sigma":{"0":693.304792,"1":565.503642,"2":1030.605092,"3":513.802546,"4":398.646715,"5":437.14281,"6":437.14281,"7":693.304792,"8":565.503642,"9":418.701526,"10":437.14281,"11":307.724014,"12":437.14281,"13":489.24052,"14":693.304792,"15":437.14281,"16":368.697177,"17":387.264324,"18":429.656056,"19":475.095071,"20":396.583001,"21":396.583001,"22":319.324406,"23":396.583001,"24":629.014366,"25":287.256042,"26":265.468872,"27":364.256544},"SNR":{"0":4.46294,"1":4.458342,"2":4.578088,"3":4.564627,"4":4.444548,"5":4.449146,"6":4.449146,"7":4.46294,"8":4.458342,"9":4.555653,"10":4.449146,"11":4.53322,"12":4.449146,"13":4.453744,"14":4.46294,"15":4.449146,"16":4.439951,"17":4.551166,"18":4.448744,"19":5.704327,"20":3.828563,"21":3.828563,"22":3.805297,"23":3.828563,"24":4.444658,"25":4.736749,"26":4.333843,"27":3.920641}}