{"Time":{"0":268.486,"1":5184.826,"2":14763.747},"TimePos":{"0":423.241,"1":1249.022,"2":8896.303},"TimeNeg":{"0":-186.033,"1":-1070.231,"2":-4151.245},"Rate":{"0":0.03342656,"1":0.01092751,"2":0.005157975},"RatePos":{"0":0.008506213,"1":0.002574218,"2":0.001317787},"RateNeg":{"0":-0.008506213,"1":-0.002574218,"2":-0.001317787},"FracExp":{"0":1.0,"1":1.0,"2":0.381066},"BGrate":{"0":0.0004598538,"1":0.0004363465,"2":0.0001729856},"BGerr":{"0":0.0000800503,"1":0.0000388728,"2":0.0000116627},"CorrFact":{"0":1.295557,"1":1.33472,"2":1.588938},"CtsInSrc":{"0":16.0,"1":20.0,"2":17.0},"BGInSrc":{"0":0.280177,"1":1.011998,"2":0.86008},"Exposure":{"0":609.2739,"1":2319.2525,"2":4971.9759},"Sigma":{"0":322.308881,"1":210.612948,"2":278.338809},"SNR":{"0":3.929664,"1":4.244984,"2":3.914118}}