{"Time":{"0":3371.832,"1":3468.199,"2":3602.922,"3":3754.794,"4":3860.068,"5":3985.189,"6":4115.374,"7":4297.89,"8":4444.912,"9":4607.856,"10":4803.604,"11":5006.712,"12":5281.137,"13":8759.208,"14":8983.701,"15":9231.378,"16":9579.948,"17":9837.898,"18":10122.483,"19":10424.705,"20":10846.705,"21":15372.65,"22":41905.939,"23":64884.103},"TimePos":{"0":39.224,"1":65.717,"2":68.895,"3":57.434,"4":44.93,"5":52.697,"6":77.966,"7":65.947,"8":46.798,"9":107.005,"10":104.321,"11":121.857,"12":168.361,"13":122.215,"14":110.845,"15":101.363,"16":151.457,"17":136.717,"18":110.385,"19":121.578,"20":356.476,"21":1573.935,"22":9495.058,"23":3148.755},"TimeNeg":{"0":-48.532,"1":-57.142,"2":-69.007,"3":-82.976,"4":-47.841,"5":-80.191,"6":-77.488,"7":-104.551,"8":-81.075,"9":-116.146,"10":-88.743,"11":-98.787,"12":-152.568,"13":-115.98,"14":-102.278,"15":-136.832,"16":-247.207,"17":-106.493,"18":-147.869,"19":-191.837,"20":-300.422,"21":-984.221,"22":-3086.618,"23":-8624.573},"Rate":{"0":0.3463112,"1":0.2209045,"2":0.2313998,"3":0.3127668,"4":0.3057396,"5":0.2027597,"6":0.17289,"7":0.1573066,"8":0.2105287,"9":0.1203243,"10":0.1478035,"11":0.1216934,"12":0.147911,"13":0.09812487,"14":0.08548194,"15":0.1031737,"16":0.04502065,"17":0.08611389,"18":0.07122428,"19":0.05846009,"20":0.04904197,"21":0.02442388,"22":0.005215443,"23":0.003647284},"RatePos":{"0":0.07806648,"1":0.04994906,"2":0.0513261,"3":0.07156981,"4":0.06749463,"5":0.04593986,"6":0.03937303,"7":0.03586091,"8":0.04765149,"9":0.027402,"10":0.0330456,"11":0.0278566,"12":0.02705183,"13":0.02273876,"14":0.02251953,"15":0.02341994,"16":0.0120947,"17":0.02125901,"18":0.01883298,"19":0.01548659,"20":0.009802658,"21":0.006161952,"22":0.001534376,"23":0.001454229},"RateNeg":{"0":-0.07806648,"1":-0.04994906,"2":-0.0513261,"3":-0.07156981,"4":-0.06749463,"5":-0.04593986,"6":-0.03937303,"7":-0.03586091,"8":-0.04765149,"9":-0.027402,"10":-0.0330456,"11":-0.0278566,"12":-0.02705183,"13":-0.02273876,"14":-0.02251953,"15":-0.02341994,"16":-0.0120947,"17":-0.02125901,"18":-0.01883298,"19":-0.01548659,"20":-0.009802658,"21":-0.006161952,"22":-0.001534376,"23":-0.001175629},"FracExp":{"0":1.0,"1":1.0,"2":0.999984,"3":0.999994,"4":1.0,"5":1.0,"6":1.0,"7":1.0,"8":1.0,"9":1.0,"10":0.986972,"11":1.0,"12":0.914073,"13":1.0,"14":1.0,"15":1.0,"16":1.0,"17":1.0,"18":1.0,"19":1.0,"20":1.0,"21":0.540046,"22":0.274411,"23":0.296659},"BGrate":{"0":0.001818127,"1":0.001785659,"2":0.002440404,"3":0.003219201,"4":0.002579777,"5":0.001951056,"6":0.002309315,"7":0.002222527,"8":0.001871601,"9":0.001608734,"10":0.002616653,"11":0.002078963,"12":0.005370925,"13":0.0007923236,"14":0.00139156,"15":0.001245081,"16":0.001454019,"17":0.00121941,"18":0.001357171,"19":0.001204332,"20":0.001518596,"21":0.0004747834,"22":0.0005303681,"23":0.0003218277},"BGerr":{"0":0.0006428048,"1":0.0005383966,"2":0.000591885,"3":0.0006712498,"4":0.0007447174,"5":0.0005411257,"6":0.0005443108,"7":0.0005098826,"8":0.0005402845,"9":0.0003791823,"10":0.0005233306,"11":0.0004334938,"12":0.0006042762,"13":0.0002117574,"14":0.0002966816,"15":0.0002654521,"16":0.0002217358,"17":0.000259979,"18":0.0002661632,"19":0.0002275974,"20":0.0001765332,"21":0.0000402706,"22":0.0000288482,"23":0.0000180472},"CorrFact":{"0":1.531766,"1":1.372051,"2":1.544275,"3":2.246534,"4":1.36622,"5":1.364908,"6":1.36838,"7":1.366918,"8":1.362352,"9":1.367065,"10":1.373746,"11":1.374062,"12":1.380774,"13":1.242495,"14":1.239038,"15":1.247271,"16":1.244638,"17":1.253859,"18":1.255602,"19":1.253015,"20":1.238943,"21":2.064487,"22":1.36736,"23":1.435191},"CtsInSrc":{"0":20.0,"1":20.0,"2":21.0,"3":20.0,"4":21.0,"5":20.0,"6":20.0,"7":20.0,"8":20.0,"9":20.0,"10":21.0,"11":20.0,"12":33.0,"13":19.0,"14":15.0,"15":20.0,"16":15.0,"17":17.0,"18":15.0,"19":15.0,"20":27.0,"21":17.0,"22":15.0,"23":10.0},"BGInSrc":{"0":0.159552,"1":0.219384,"2":0.336532,"3":0.452004,"4":0.239328,"5":0.259272,"6":0.358991,"7":0.378935,"8":0.239328,"9":0.358991,"10":0.498599,"11":0.458711,"12":1.575573,"13":0.188728,"14":0.296572,"15":0.296572,"16":0.579664,"17":0.296572,"18":0.350495,"19":0.377456,"20":0.997562,"21":0.655924,"22":1.831124,"23":1.124038},"Exposure":{"0":87.7561,"1":122.85858,"2":137.90022,"3":140.40886,"4":92.77064,"5":132.88776,"6":155.4536,"7":170.49752,"8":127.8732,"9":223.1514,"10":190.54842,"11":220.6442,"12":293.3523,"13":238.19554,"14":213.12234,"15":238.1954,"16":398.66358,"17":243.20986,"18":258.25392,"19":313.41508,"20":656.89758,"21":1381.5223,"22":3452.5521,"23":3492.6689},"Sigma":{"0":351.718355,"1":299.041887,"2":253.163389,"3":207.407073,"4":300.496445,"5":274.523827,"6":232.12188,"7":225.701432,"8":286.022133,"9":232.12188,"10":205.590044,"11":204.304453,"12":177.272907,"13":372.946004,"14":232.540743,"15":311.617796,"16":163.129667,"17":264.171564,"18":213.121908,"19":204.991444,"20":224.228092,"21":293.774687,"22":132.217646,"23":140.81476},"SNR":{"0":4.436106,"1":4.422597,"2":4.508423,"3":4.370094,"4":4.529835,"5":4.413591,"6":4.391077,"7":4.386575,"8":4.418094,"9":4.391077,"10":4.472714,"11":4.368566,"12":5.467688,"13":4.315313,"14":3.795903,"15":4.40538,"16":3.722345,"17":4.0507,"18":3.78189,"19":3.774884,"20":5.002926,"21":3.96366,"22":3.399065,"23":3.102412}}