{"Time":{"0":239.712,"1":263.557,"2":291.338,"3":328.66,"4":378.075,"5":436.084,"6":501.593,"7":550.609,"8":603.408,"9":660.814,"10":710.814,"11":764.823,"12":821.916,"13":886.785,"14":962.497,"15":1042.029,"16":1123.945,"17":1197.323,"18":1283.181,"19":1372.227,"20":1459.77,"21":1538.999,"22":4850.856,"23":5005.936,"24":5124.979,"25":5237.622,"26":5348.716,"27":5508.421,"28":5626.746,"29":5735.881,"30":5852.984,"31":6013.558,"32":6166.765,"33":6321.754,"34":6455.563,"35":6632.854,"36":6776.65,"37":6905.749,"38":7036.131,"39":7214.235,"40":10619.698,"41":10792.188,"42":10972.547,"43":11186.741,"44":11375.792,"45":11591.795,"46":11863.924,"47":12049.339,"48":12249.891,"49":12451.774,"50":12696.056,"51":12932.613,"52":34851.657,"53":35447.968,"54":41111.175,"55":46901.657,"56":100462.367,"57":202363.425},"TimePos":{"0":15.82,"1":9.526,"2":16.848,"3":22.15,"4":17.867,"5":27.555,"6":27.237,"7":20.845,"8":33.237,"9":23.469,"10":26.124,"11":34.797,"12":35.373,"13":33.187,"14":42.724,"15":43.426,"16":36.73,"17":46.094,"18":30.441,"19":41.687,"20":26.857,"21":47.909,"22":98.537,"23":56.286,"24":62.61,"25":62.796,"26":74.559,"27":60.279,"28":62.306,"29":43.434,"30":86.8,"31":84.186,"32":86.433,"33":79.376,"34":73.441,"35":79.184,"36":50.725,"37":57.022,"38":49.499,"39":112.078,"40":92.596,"41":70.545,"42":88.264,"43":92.207,"44":118.785,"45":140.978,"46":64.419,"47":99.649,"48":112.219,"49":143.518,"50":99.822,"51":131.527,"52":229.731,"53":571.145,"54":645.521,"55":5616.097,"56":21612.873,"57":56691.389},"TimeNeg":{"0":-14.268,"1":-8.025,"2":-18.255,"3":-20.474,"4":-27.265,"5":-40.142,"6":-37.954,"7":-21.78,"8":-31.954,"9":-24.17,"10":-26.53,"11":-27.886,"12":-22.295,"13":-29.496,"14":-42.525,"15":-36.808,"16":-38.49,"17":-36.648,"18":-39.764,"19":-58.606,"20":-45.855,"21":-52.372,"22":-107.063,"23":-56.543,"24":-62.756,"25":-50.034,"26":-48.299,"27":-85.145,"28":-58.046,"29":-46.83,"30":-73.669,"31":-73.775,"32":-69.021,"33":-68.556,"34":-54.433,"35":-103.851,"36":-64.612,"37":-78.374,"38":-73.36,"39":-128.605,"40":-135.57,"41":-79.894,"42":-109.814,"43":-125.93,"44":-96.844,"45":-97.218,"46":-131.152,"47":-120.995,"48":-100.903,"49":-89.663,"50":-100.764,"51":-136.736,"52":-414.65,"53":-366.58,"54":-593.086,"55":-419.019,"56":-14680.067,"57":-36528.423},"Rate":{"0":1.611557,"1":3.056143,"2":1.558817,"3":1.185786,"4":1.120749,"5":0.7474757,"6":0.7593113,"7":1.18622,"8":0.7731584,"9":1.110778,"10":0.9941027,"11":0.7873595,"12":0.8258575,"13":0.8338579,"14":0.5928633,"15":0.6118335,"16":0.6485766,"17":0.5889875,"18":0.6774542,"19":0.5108077,"20":0.6608134,"21":0.5220359,"22":0.1874169,"23":0.2293616,"24":0.2068203,"25":0.2299748,"26":0.2107749,"27":0.1767118,"28":0.2151654,"29":0.2878749,"30":0.1597554,"31":0.1642086,"32":0.1663618,"33":0.1749051,"34":0.2025068,"35":0.1417987,"36":0.2252769,"37":0.1914547,"38":0.2110082,"39":0.1825926,"40":0.08075641,"41":0.1648126,"42":0.1253166,"43":0.08450731,"44":0.120051,"45":0.1037924,"46":0.09459677,"47":0.09504888,"48":0.08651239,"49":0.08467086,"50":0.1230656,"51":0.09166378,"52":0.03032106,"53":0.0208339,"54":0.01569271,"55":0.02400681,"56":0.007456196,"57":0.001830928},"RatePos":{"0":0.3613655,"1":0.6686854,"2":0.3331877,"3":0.2651499,"4":0.2516625,"5":0.1685542,"6":0.1712231,"7":0.266364,"8":0.1736115,"9":0.2436892,"10":0.2175101,"11":0.1770488,"12":0.1857057,"13":0.1829369,"14":0.1331265,"15":0.1375794,"16":0.1462527,"17":0.1324421,"18":0.1519081,"19":0.1125158,"20":0.1488023,"21":0.1122973,"22":0.04243314,"23":0.05155692,"24":0.046539,"25":0.05158608,"26":0.04747894,"27":0.04005958,"28":0.04831494,"29":0.06457378,"30":0.0363314,"31":0.03683394,"32":0.03739555,"33":0.03939895,"34":0.04547249,"35":0.03187414,"36":0.05053229,"37":0.04317244,"38":0.04768245,"39":0.03152812,"40":0.0210986,"41":0.03692817,"42":0.02809767,"43":0.02205844,"44":0.02640138,"45":0.02336676,"46":0.0246023,"47":0.02321905,"48":0.02258181,"49":0.02131189,"50":0.02774352,"51":0.02077774,"52":0.007993559,"53":0.005508112,"54":0.004157228,"55":0.005350215,"56":0.001587837,"57":0.0006805593},"RateNeg":{"0":-0.3613655,"1":-0.6686854,"2":-0.3331877,"3":-0.2651499,"4":-0.2516625,"5":-0.1685542,"6":-0.1712231,"7":-0.266364,"8":-0.1736115,"9":-0.2436892,"10":-0.2175101,"11":-0.1770488,"12":-0.1857057,"13":-0.1829369,"14":-0.1331265,"15":-0.1375794,"16":-0.1462527,"17":-0.1324421,"18":-0.1519081,"19":-0.1125158,"20":-0.1488023,"21":-0.1122973,"22":-0.04243314,"23":-0.05155692,"24":-0.046539,"25":-0.05158608,"26":-0.04747894,"27":-0.04005958,"28":-0.04831494,"29":-0.06457378,"30":-0.0363314,"31":-0.03683394,"32":-0.03739555,"33":-0.03939895,"34":-0.04547249,"35":-0.03187414,"36":-0.05053229,"37":-0.04317244,"38":-0.04768245,"39":-0.03152812,"40":-0.0210986,"41":-0.03692817,"42":-0.02809767,"43":-0.02205844,"44":-0.02640138,"45":-0.02336676,"46":-0.0246023,"47":-0.02321905,"48":-0.02258181,"49":-0.02131189,"50":-0.02774352,"51":-0.02077774,"52":-0.007993559,"53":-0.005508112,"54":-0.004157228,"55":-0.005350215,"56":-0.001587837,"57":-0.0005559161},"FracExp":{"0":1.0,"1":1.0,"2":1.0,"3":1.0,"4":1.0,"5":1.0,"6":1.0,"7":1.0,"8":1.0,"9":1.0,"10":1.0,"11":1.0,"12":1.0,"13":1.0,"14":1.0,"15":1.0,"16":1.0,"17":1.0,"18":1.0,"19":1.0,"20":1.0,"21":1.0,"22":0.999996,"23":1.0,"24":1.0,"25":1.0,"26":1.0,"27":1.0,"28":1.0,"29":1.0,"30":1.0,"31":1.0,"32":1.0,"33":1.0,"34":1.0,"35":1.0,"36":1.0,"37":1.0,"38":1.0,"39":1.0,"40":1.0,"41":1.0,"42":1.0,"43":1.0,"44":1.0,"45":1.0,"46":1.0,"47":1.0,"48":1.0,"49":1.0,"50":1.0,"51":1.0,"52":1.0,"53":1.0,"54":1.0,"55":0.184876,"56":0.137341,"57":0.096667},"BGrate":{"0":0.001833167,"1":0.003142571,"2":0.001571282,"3":0.0,"4":0.001833166,"5":0.002444218,"6":0.002538228,"7":0.001940997,"8":0.001269113,"9":0.002315575,"10":0.001047522,"11":0.001759837,"12":0.001912866,"13":0.001759836,"14":0.0009704976,"15":0.001374871,"16":0.002199794,"17":0.001333208,"18":0.0007856405,"19":0.001924819,"20":0.001896374,"21":0.001925052,"22":0.001192555,"23":0.0009191682,"24":0.0009927013,"25":0.0005515007,"26":0.001181787,"27":0.001854182,"28":0.0006893756,"29":0.0006893754,"30":0.002068125,"31":0.0003939286,"32":0.0006671367,"33":0.0009814826,"34":0.0006488227,"35":0.0005666089,"36":0.0005395099,"37":0.001225553,"38":0.001688262,"39":0.0009479655,"40":0.0007657488,"41":0.0002680118,"42":0.0002714043,"43":0.0007393425,"44":0.0007479393,"45":0.0005642348,"46":0.000549767,"47":0.0005482048,"48":0.0007567374,"49":0.0004610942,"50":0.0008040328,"51":0.00100199,"52":0.0004776683,"53":0.0003725985,"54":0.0003058937,"55":0.0003906713,"56":0.0001992835,"57":0.0001187634},"BGerr":{"0":0.001296245,"1":0.002222133,"2":0.001111064,"3":0.0,"4":0.001058379,"5":0.000997848,"6":0.001036227,"7":0.001120635,"8":0.000732723,"9":0.001157788,"10":0.0007407097,"11":0.0008799183,"12":0.0009564329,"13":0.000879918,"14":0.0005603171,"15":0.0006874356,"16":0.000898062,"17":0.0006666041,"18":0.0005555317,"19":0.0007275132,"20":0.0008480841,"21":0.0007276012,"22":0.000344261,"23":0.0004110645,"24":0.0004052686,"25":0.0003184091,"26":0.0004466734,"27":0.0005142576,"28":0.0003446878,"29":0.0003980111,"30":0.0005170313,"31":0.0002274348,"32":0.0002983526,"33":0.0003709656,"34":0.0003244114,"35":0.0002533952,"36":0.0003114862,"37":0.0004332984,"38":0.0005338753,"39":0.0002858224,"40":0.0002123805,"41":0.0001547367,"42":0.0001357022,"43":0.0002134298,"44":0.0002159115,"45":0.0001784267,"46":0.000194372,"47":0.0001827349,"48":0.0002184513,"49":0.0001630214,"50":0.0002321043,"51":0.0002240517,"52":0.0000785282,"53":0.0000574932,"54":0.0000428337,"55":0.0000536628,"56":0.000012784,"57":0.000005734},"CorrFact":{"0":2.431115,"1":2.560966,"2":2.493451,"3":2.527173,"4":2.539573,"5":2.551225,"6":2.495635,"7":2.538602,"8":2.530591,"9":2.533137,"10":2.499099,"11":2.481391,"12":2.394501,"13":2.502133,"14":2.537547,"15":2.468117,"16":2.459637,"17":2.450206,"18":2.384613,"19":2.462178,"20":2.419145,"21":2.40062,"22":1.950549,"23":1.300679,"24":1.304527,"25":1.301443,"26":1.304243,