{"Time":{"0":71912.799},"TimePos":{"0":3467.962},"TimeNeg":{"0":-6891.83},"Rate":{"0":0.01328148},"RatePos":{"0":0.002754805},"RateNeg":{"0":-0.002754805},"FracExp":{"0":0.239844},"BGrate":{"0":0.0007811725},"BGerr":{"0":0.0000504245},"CorrFact":{"0":1.31693},"CtsInSrc":{"0":27.0},"BGInSrc":{"0":1.941006},"Exposure":{"0":2484.7343},"Sigma":{"0":200.00568},"SNR":{"0":4.821204}}