{"Time":{"0":252.23,"1":285.706,"2":363.588,"3":679.626},"TimePos":{"0":10.226,"1":21.882,"2":84.41,"3":400.211},"TimeNeg":{"0":-12.34,"1":-23.249,"2":-56.0,"3":-231.629},"Rate":{"0":4.039554,"1":1.797796,"2":0.5697045,"3":0.06960842},"RatePos":{"0":0.8634422,"1":0.4050354,"2":0.1289605,"3":0.01546362},"RateNeg":{"0":-0.8634422,"1":-0.4050354,"2":-0.1289605,"3":-0.01546362},"FracExp":{"0":1.0,"1":1.0,"2":1.0,"3":0.999998},"BGrate":{"0":0.002468425,"1":0.00329123,"2":0.00171908,"3":0.00138991},"BGerr":{"0":0.001425146,"1":0.001163626,"2":0.0004767869,"3":0.0002071956},"CorrFact":{"0":4.153959,"1":4.087229,"2":4.048456,"3":2.08227},"CtsInSrc":{"0":22.0,"1":20.0,"2":20.0,"3":22.0},"BGInSrc":{"0":0.055702,"1":0.148539,"2":0.241375,"3":0.878199},"Exposure":{"0":22.565788,"1":45.13162,"2":140.4095,"3":631.838592},"Sigma":{"0":682.357392,"1":378.005681,"2":295.145302,"3":161.340853},"SNR":{"0":4.67843,"1":4.438616,"2":4.417668,"3":4.50143}}