{"Time":{"0":464.942,"1":478.549,"2":489.844,"3":506.908,"4":523.438,"5":540.19,"6":565.585,"7":588.711,"8":618.181,"9":652.424,"10":676.118,"11":700.667,"12":735.554,"13":786.546,"14":834.09,"15":900.842,"16":954.635,"17":987.382,"18":1028.962,"19":1085.161,"20":1141.911,"21":1214.907,"22":1324.651,"23":1499.346,"24":5433.72,"25":5767.737,"26":6110.709,"27":6460.366,"28":6786.22,"29":7088.474,"30":11527.974,"31":12538.87,"32":28443.467,"33":29132.58,"34":29694.565,"35":30199.819,"36":34054.842,"37":35216.813,"38":41240.397,"39":68951.657,"40":74780.599,"41":76047.381,"42":82195.229,"43":114773.197,"44":121532.937,"45":127206.815,"46":150650.171,"47":157012.108,"48":176449.629,"49":220298.682,"50":236401.997,"51":256153.655,"52":327039.856,"53":414574.8,"54":578004.851},"TimePos":{"0":7.237,"1":6.166,"2":7.407,"3":10.402,"4":6.409,"5":17.237,"6":9.394,"7":13.848,"8":16.973,"9":10.311,"10":11.69,"11":17.228,"12":14.936,"13":21.612,"14":31.736,"15":30.175,"16":19.006,"17":18.853,"18":17.391,"19":23.875,"20":37.33,"21":49.582,"22":87.769,"23":83.571,"24":162.412,"25":194.463,"26":172.428,"27":186.33,"28":118.73,"29":272.795,"30":412.009,"31":604.611,"32":352.098,"33":334.945,"34":174.13,"35":283.152,"36":454.206,"37":1047.356,"38":4414.968,"39":673.633,"40":607.51,"41":677.12,"42":11869.441,"43":2318.738,"44":772.693,"45":920.225,"46":694.909,"47":4774.968,"48":8737.193,"49":5927.18,"50":7343.375,"51":10092.704,"52":21286.977,"53":25912.537,"54":121681.839},"TimeNeg":{"0":-5.3,"1":-6.371,"2":-5.129,"3":-9.656,"4":-6.128,"5":-10.344,"6":-8.157,"7":-13.733,"8":-15.622,"9":-17.27,"10":-13.383,"11":-12.86,"12":-17.659,"13":-36.056,"14":-25.932,"15":-35.015,"16":-23.618,"17":-13.742,"18":-22.726,"19":-38.808,"20":-32.875,"21":-35.667,"22":-60.163,"23":-86.926,"24":-153.51,"25":-171.605,"26":-148.509,"27":-177.23,"28":-139.523,"29":-183.524,"30":-360.245,"31":-598.888,"32":-430.186,"33":-337.016,"34":-227.04,"35":-331.125,"36":-217.756,"37":-707.765,"38":-1801.492,"39":-534.886,"40":-560.9,"41":-659.272,"42":-781.676,"43":-4467.477,"44":-859.569,"45":-714.535,"46":-756.817,"47":-1294.487,"48":-9213.808,"49":-7073.311,"50":-5532.127,"51":-7516.248,"52":-15183.918,"53":-21884.913,"54":-98342.477},"Rate":{"0":6.159478,"1":6.465626,"2":5.821131,"3":3.971757,"4":5.879599,"5":2.626362,"6":4.428474,"7":2.736476,"8":2.218415,"9":2.61783,"10":2.879681,"11":2.427916,"12":2.316433,"13":1.43347,"14":1.316741,"15":1.099491,"16":1.690449,"17":2.196289,"18":1.961727,"19":1.321457,"20":1.021219,"21":0.8462578,"22":0.4837646,"23":0.3831024,"24":0.05870959,"25":0.0505885,"26":0.05780138,"27":0.05092897,"28":0.07224829,"29":0.04859927,"30":0.02936107,"31":0.02261573,"32":0.02495348,"33":0.02932683,"34":0.04929521,"35":0.0317929,"36":0.03091641,"37":0.02141257,"38":0.02534358,"39":0.01662295,"40":0.01623257,"41":0.02411298,"42":0.02305877,"43":0.01223322,"44":0.01510204,"45":0.01794415,"46":0.01622715,"47":0.01450494,"48":0.007152759,"49":0.009044318,"50":0.007033465,"51":0.005067884,"52":0.002403597,"53":0.002403352,"54":0.0008234847},"RatePos":{"0":1.345931,"1":1.378476,"2":1.301645,"3":0.8500777,"4":1.318467,"5":0.589788,"6":0.9689965,"7":0.6020391,"8":0.496759,"9":0.5878721,"10":0.6485264,"11":0.5436714,"12":0.5089326,"13":0.3003847,"14":0.2892951,"15":0.248682,"16":0.379615,"17":0.4953303,"18":0.4193257,"19":0.2769123,"20":0.2313111,"21":0.190857,"22":0.109575,"23":0.07779506,"24":0.01536933,"25":0.01328024,"26":0.01511758,"27":0.01334484,"28":0.01877448,"29":0.01168623,"30":0.007757931,"31":0.005449578,"32":0.006572967,"33":0.007678467,"34":0.01281032,"35":0.00836609,"36":0.008074278,"37":0.004203876,"38":0.004210934,"39":0.004445399,"40":0.004303227,"41":0.004907383,"42":0.00469752,"43":0.002808394,"44":0.003645007,"45":0.003862455,"46":0.004341985,"47":0.003516197,"48":0.00166624,"49":0.002212548,"50":0.001763166,"51":0.001329539,"52":0.0005952688,"53":0.0006090159,"54":0.0002801497},"RateNeg":{"0":-1.345931,"1":-1.378476,"2":-1.301645,"3":-0.8500777,"4":-1.318467,"5":-0.589788,"6":-0.9689965,"7":-0.6020391,"8":-0.496759,"9":-0.5878721,"10":-0.6485264,"11":-0.5436714,"12":-0.5089326,"13":-0.3003847,"14":-0.2892951,"15":-0.248682,"16":-0.379615,"17":-0.4953303,"18":-0.4193257,"19":-0.2769123,"20":-0.2313111,"21":-0.190857,"22":-0.109575,"23":-0.07779506,"24":-0.01536933,"25":-0.01328024,"26":-0.01511758,"27":-0.01334484,"28":-0.01877448,"29":-0.01168623,"30":-0.007757931,"31":-0.005449578,"32":-0.006572967,"33":-0.007678467,"34":-0.01281032,"35":-0.00836609,"36":-0.008074278,"37":-0.004203876,"38":-0.004210934,"39":-0.004445399,"40":-0.004303227,"41":-0.004907383,"42":-0.00469752,"43":-0.002808394,"44":-0.003645007,"45":-0.003862455,"46":-0.004341985,"47":-0.003516197,"48":-0.00166624,"49":-0.002212548,"50":-0.001763166,"51":-0.001329539,"52":-0.0005952688,"53":-0.0006090159,"54":-0.0002340939},"FracExp":{"0":1.0,"1":1.0,"2":1.0,"3":1.0,"4":1.0,"5":1.0,"6":1.0,"7":1.0,"8":1.0,"9":1.0,"10":1.0,"11":1.0,"12":1.0,"13":1.0,"14":1.0,"15":1.0,"16":1.0,"17":1.0,"18":1.0,"19":1.0,"20":1.0,"21":1.0,"22":1.0,"23":0.999971,"24":1.0,"25":1.0,"26":1.0,"27":1.0,"28":1.0,"29":1.0,"30":1.0,"31":1.0,"32":1.0,"33":1.0,"34":1.0,"35":1.0,"36":1.0,"37":0.987134,"38":0.330329,"39":1.0,"40":0.997851,"41":0.992491,"42":0.116535,"43":0.467749,"44":0.984633,"45":1.0,"46":1.0,"47":0.280496,"48":0.226971,"49":0.255928,"50":0.255686,"51":0.244195,"52":0.290735,"53":0.219584,"54":0.116144},"BGrate":{"0":0.002236982,"1":0.0,"2":0.0,"3":0.004194338,"4":0.004473966,"5":0.003050424,"6":0.003195687,"7":0.006100861,"8":0.000860378,"9":0.003050428,"10":0.005592458,"11":0.000932077,"12":0.004301885,"13":0.001945203,"14":0.002431503,"15":0.003441513,"16":0.00197381,"17":0.005162274,"18":0.001398115,"19":0.001789588,"20":0.003595155,"21":0.00197381,"22":0.001706175,"23":0.002183162,"24":0.0006462069,"25":0.0006692229,"26":0.0005937036,"27":0.0005989685,"28":0.0003689038,"29":0.0007754703,"30":0.0004414294,"31":0.0003254404,"32":0.000377883,"33":0.0003079469,"34":0.0002394841,"35":0.0004571732,"36":0.0002525839,"37":0.0003066705,"38":0.0004360854,"39":0.0004265885,"40":0.0003334989,"41":0.0003243403,"42":0.0003085554,"43":0.0001634202,"44":0.0002617541,"45":0.0004384428,"46":0.0003606955,"47":0.0002916587,"48":0.0001964777,"49":0.0001971195,"50":0.000167464,"51":0.0001747781,"52":0.0001317989,"53":0.0001196346,"54":0.0000748447},"BGerr":{"0":0.002236982,"1":0.0,"2":0.0,"3":0.002421602,"4":0.003163572,"5":0.001761163,"6":0.002259692,"7":0.002490666,"8":0.000860378,"9":0.001761166,"10":0.002501023,"11":0.000932077,"12":0.001923861,"13":0.0009726016,"14":0.001087401,"15":0.001216759,"16":0.00113958,"17":0.00210749,"18":0.0009886165,"19":0.0008947938,"20":0.001198385,"21":0.0008058044,"22":0.0005687251,"23":0.0006055001,"24":0.0001668499,"25":0.0001577373,"26":0.000158674,"27":0.0001497421,"28":0.0001394325,"29":0.0001520822,"30":0.0000643891,"31":0.0000442868,"32":0.0000597486,"33":0.0000581965,"34":0.0000664209,"35":0.0000741633,"36":0.0000526674,"37":0.0000361415,"38":0.0000433921,"39":0.0000529118,"40":0.0000486458,"41":0.0000449779,"42":0.0000379805,"43":0.0000133432,"44":0.0000302248,"45":0.0000467382,"46":0.0000443985,"47":0.0000359007,"48":0.0000146041,"49":0.000015833,"50":0.0000149189,"51":0.0000126465,"52":0.0000061586,"53":0.0000057426,"54":0.0000022354},"CorrFact":{"0":3.681999,"1":3.684407,"2":3.648842,"3":3.635155,"4":3.695862,"5":3.637118,"6":3.711104,"7":3.622993,"8":3.620545,"9":3.625298,"10":3.635619,"11":3.657651,"12":3.619614,"13":3.611772,"14":3.640215,"15":3.624455,"16":3.617927,"17":3.609773,"18":3.586351,"19":3.619068,"20":3.630534,"21":3.637718,"22":3.623929,"23":2.652123,"24":1.253572,"25":1.255088,"26":1.252616,"27":1.252567,"28":1.25184,"29":1.256749,"30":1.546765,"31":1.545745,"32":1.327542,"33":1.332142,"34":1.326882,"35":1.326817,"36":1.400828,"37":1.401585,"38":1.402592,"39":1.386945,"40":1.295279,"41":1.301695,"42":1.385017,"43":1.993258,"44":1.380696,"45":1.316432,"46":1.627299,