{"Time":{"0":237.464,"1":250.2,"2":264.829,"3":288.192,"4":313.839,"5":344.659,"6":389.427,"7":448.129,"8":520.214,"9":620.09,"10":711.359,"11":819.539,"12":4406.419,"13":5254.441,"14":5426.348,"15":5596.312,"16":5817.232,"17":6017.703,"18":6128.988,"19":6278.356,"20":6502.804,"21":10031.682,"22":10287.801,"23":12162.848,"24":15760.505,"25":16031.332,"26":20849.109,"27":45302.595,"28":50507.187,"29":51866.662,"30":57333.175},"TimePos":{"0":7.511,"1":4.803,"2":12.74,"3":9.436,"4":11.369,"5":20.667,"6":23.538,"7":25.011,"8":50.711,"9":43.606,"10":37.586,"11":87.363,"12":313.946,"13":65.692,"14":74.312,"15":104.934,"16":119.701,"17":49.611,"18":76.228,"19":94.85,"20":148.705,"21":87.16,"22":192.09,"23":233.403,"24":137.892,"25":70.157,"26":7450.903,"27":1417.356,"28":602.369,"29":749.776,"30":1028.323},"TimeNeg":{"0":-7.533,"1":-5.226,"2":-9.825,"3":-10.622,"4":-16.211,"5":-19.45,"6":-24.101,"7":-35.165,"8":-47.074,"9":-49.164,"10":-47.663,"11":-70.595,"12":-322.909,"13":-104.805,"14":-106.215,"15":-95.652,"16":-115.987,"17":-80.77,"18":-61.675,"19":-73.14,"20":-129.597,"21":-118.44,"22":-168.96,"23":-205.375,"24":-173.015,"25":-132.935,"26":-4747.62,"27":-965.105,"28":-418.108,"29":-757.106,"30":-1500.736},"Rate":{"0":3.277602,"1":5.040004,"2":2.204803,"3":2.12461,"4":1.628943,"5":1.082644,"6":0.9125758,"7":0.7945705,"8":0.4224285,"9":0.4911141,"10":0.5139045,"11":0.4439796,"12":0.1192581,"13":0.1623637,"14":0.1549483,"15":0.1374161,"16":0.1176257,"17":0.2165752,"18":0.2066915,"19":0.1722961,"20":0.190576,"21":0.1193447,"22":0.1312776,"23":0.0892368,"24":0.05807484,"25":0.1218809,"26":0.04308121,"27":0.02541249,"28":0.01814798,"29":0.01949382,"30":0.009884733},"RatePos":{"0":0.6851338,"1":1.078746,"2":0.4706784,"3":0.4771272,"4":0.3579052,"5":0.2438324,"6":0.2064229,"7":0.1711858,"8":0.09738566,"9":0.1092557,"10":0.1160761,"11":0.07858262,"12":0.02423896,"13":0.03686535,"14":0.03521786,"15":0.03159042,"16":0.02732506,"17":0.04984005,"18":0.04678593,"19":0.03904031,"20":0.03194216,"21":0.02720772,"22":0.02147861,"23":0.01636545,"24":0.01555561,"25":0.02761668,"26":0.006594831,"27":0.00459822,"28":0.004945853,"29":0.004268566,"30":0.002556317},"RateNeg":{"0":-0.6851338,"1":-1.078746,"2":-0.4706784,"3":-0.4771272,"4":-0.3579052,"5":-0.2438324,"6":-0.2064229,"7":-0.1711858,"8":-0.09738566,"9":-0.1092557,"10":-0.1160761,"11":-0.07858262,"12":-0.02423896,"13":-0.03686535,"14":-0.03521786,"15":-0.03159042,"16":-0.02732506,"17":-0.04984005,"18":-0.04678593,"19":-0.03904031,"20":-0.03194216,"21":-0.02720772,"22":-0.02147861,"23":-0.01636545,"24":-0.01555561,"25":-0.02761668,"26":-0.006594831,"27":-0.00459822,"28":-0.004945853,"29":-0.004268566,"30":-0.002556317},"FracExp":{"0":1.0,"1":1.0,"2":1.0,"3":1.0,"4":1.0,"5":1.0,"6":1.0,"7":1.0,"8":1.0,"9":1.0,"10":1.0,"11":1.0,"12":1.0,"13":1.0,"14":1.0,"15":1.0,"16":1.0,"17":1.0,"18":1.0,"19":1.0,"20":1.0,"21":1.0,"22":1.0,"23":1.0,"24":1.0,"25":1.0,"26":0.198758,"27":0.708265,"28":1.0,"29":1.0,"30":0.989414},"BGrate":{"0":0.003755061,"1":0.00844883,"2":0.001251687,"3":0.004224428,"4":0.005120528,"5":0.003520358,"6":0.004743224,"7":0.003755056,"8":0.006065854,"9":0.004262496,"10":0.002319298,"11":0.003397505,"12":0.0006252267,"13":0.001763631,"14":0.001776694,"15":0.002698355,"16":0.003147018,"17":0.00430507,"18":0.001744393,"19":0.001551295,"20":0.002521072,"21":0.001845217,"22":0.002276638,"23":0.001451019,"24":0.001727092,"25":0.001286242,"26":0.0006961103,"27":0.0007394081,"28":0.0007698955,"29":0.001075693,"30":0.001538778},"BGerr":{"0":0.002655229,"1":0.004877935,"2":0.001251687,"3":0.002438975,"4":0.00228997,"5":0.001574352,"6":0.001676983,"7":0.001327613,"8":0.001323678,"9":0.0011392,"10":0.0008766124,"11":0.0007794411,"12":0.0000813976,"13":0.0004553676,"14":0.0004441736,"15":0.0005192986,"16":0.0005173665,"17":0.0008135817,"18":0.000503563,"19":0.0004302518,"20":0.0004261389,"21":0.0004349217,"22":0.0003645539,"23":0.0001974587,"24":0.0002839322,"25":0.0003031701,"26":0.0000467199,"27":0.0000570466,"28":0.0000789896,"29":0.0000768352,"30":0.0000701622},"CorrFact":{"0":2.149094,"1":2.306507,"2":2.264412,"3":2.139895,"4":2.153864,"5":2.187068,"6":2.198547,"7":2.195902,"8":2.128489,"9":2.211204,"10":2.212354,"11":2.160276,"12":3.087171,"13":1.405257,"14":1.421412,"15":1.416517,"16":1.439533,"17":1.452625,"18":1.442511,"19":1.466307,"20":1.461161,"21":1.250583,"22":1.241495,"23":1.289552,"24":1.248416,"25":1.254035,"26":2.3572,"27":1.350496,"28":1.302881,"29":1.312605,"30":1.362813},"CtsInSrc":{"0":23.0,"1":22.0,"2":22.0,"3":20.0,"4":21.0,"5":20.0,"6":20.0,"7":22.0,"8":20.0,"9":21.0,"10":20.0,"11":33.0,"12":25.0,"13":20.0,"14":20.0,"15":20.0,"16":20.0,"17":20.0,"18":20.0,"19":20.0,"20":37.0,"21":20.0,"22":39.0,"23":31.0,"24":15.0,"25":20.0,"26":46.0,"27":33.0,"28":15.0,"29":24.0,"30":22.0},"BGInSrc":{"0":0.056491,"1":0.084736,"2":0.028245,"3":0.084736,"4":0.141226,"5":0.141226,"6":0.225962,"7":0.225962,"8":0.593151,"9":0.395434,"10":0.197717,"11":0.53666,"12":0.398178,"13":0.300695,"14":0.320741,"15":0.54125,"16":0.741714,"17":0.561297,"18":0.240556,"19":0.260602,"20":0.701621,"21":0.379376,"22":0.821981,"23":0.636674,"24":0.536965,"25":0.261226,"26":1.687758,"27":1.247687,"28":0.785661,"29":1.620942,"30":3.850461},"Exposure":{"0":15.043848,"1":10.0293,"2":22.56578,"3":20.05854,"4":27.58044,"5":40.11706,"6":47.63896,"7":60.17548,"8":97.78524,"9":92.77052,"10":85.24862,"11":157.957212,"12":636.8542,"13":170.49748,"14":180.52682,"15":200.58536,"16":235.68776,"17":130.3804,"18":137.90224,"19":167.99002,"20":278.30262,"21":205.59958,"22":361.05022,"23":438.7775,"24":310.90708,"25":203.09266,"26":2424.55586,"27":1687.4129,"28":1020.47714,"29":1506.88126,"30":2502.2854},"Sigma":{"0":574.379442,"1":447.960911,"2":777.891058,"3":407.079733,"4":330.26139,"5":314.428178,"6":247.516641,"7":272.551147,"8":149.933755,"9":194.96358,"10":264.984384,"11":263.675897,"12":474.58687,"13":253.729407,"14":245.422442,"15":186.809333,"16":157.936425,"17":183.254141,"18":284.544127,"19":273.103804,"20":306.068569,"21":219.42166,"22":290.057445,"23":350.452197,"24":163.837832,"25":320.582298,"26":391.191973,"27":329.856056,"28":176.341055,"29":193.286857,"30":103.377356},"SNR":{"0":4.783886,"1":4.672096,"2":4.684309,"3":4.452922,"4":4.551325,"5":4.440114,"6":4.420904,"7":4.641567,"8":4.337687,"9":4.49509,"10":4.427307,"11":5.649845,"12":4.9201,"13":4.404235,"14":4.399709,"15":4.349929,"16":4.304684,"17":4.345404,"18":4.417813,"19":4.413287,"20":5.966283,"21":4.386428,"22":6.112018,"23":5.452754,"24":3.73337,"25":4.413306,"26":6.532573,"27":5.526592,"28":3.669332,"29":4.566831,"30":3.866787}}