{"Time":{"0":143.604,"1":247.002,"2":856.11,"3":5229.337,"4":5645.299,"5":6745.363,"6":11464.063,"7":12632.007,"8":17172.941,"9":18332.332,"10":30605.097,"11":110994.855},"TimePos":{"0":45.054,"1":87.08,"2":789.29,"3":227.968,"4":323.499,"5":652.591,"6":584.583,"7":514.828,"8":432.812,"9":557.152,"10":22813.107,"11":73128.93},"TimeNeg":{"0":-27.658,"1":-58.344,"2":-522.027,"3":-200.782,"4":-187.994,"5":-776.565,"6":-659.046,"7":-583.361,"8":-607.723,"9":-726.58,"10":-7475.101,"11":-7971.69},"Rate":{"0":1.25279,"1":0.4164588,"2":0.06261224,"3":0.0556885,"4":0.04503266,"5":0.02748761,"6":0.01849435,"7":0.0247234,"8":0.01814011,"9":0.01458094,"10":0.007441493,"11":0.001308574},"RatePos":{"0":0.2821547,"1":0.09394232,"2":0.01231472,"3":0.01462463,"4":0.01176642,"5":0.005509208,"6":0.004916454,"7":0.006264589,"8":0.00480584,"9":0.004041958,"10":0.001457444,"11":0.0008973827},"RateNeg":{"0":-0.2821547,"1":-0.09394232,"2":-0.01231472,"3":-0.01462463,"4":-0.01176642,"5":-0.005509208,"6":-0.004916454,"7":-0.006264589,"8":-0.00480584,"9":-0.004041958,"10":-0.001457444,"11":-0.0006380559},"FracExp":{"0":0.999993,"1":1.0,"2":1.0,"3":1.0,"4":1.0,"5":1.0,"6":1.0,"7":1.0,"8":1.0,"9":1.0,"10":0.182781,"11":0.048507},"BGrate":{"0":0.001959945,"1":0.001192121,"2":0.0008310073,"3":0.0005863287,"4":0.0003453649,"5":0.0003898329,"6":0.0003452466,"7":0.001631287,"8":0.0003648296,"9":0.001219067,"10":0.0001771061,"11":0.0001252366},"BGerr":{"0":0.0005657874,"1":0.0003186078,"2":0.0000885857,"3":0.0000963918,"4":0.0000677316,"5":0.0000430498,"6":0.0000453331,"7":0.0001048631,"8":0.0000521185,"9":0.0000857733,"10":0.0000113381,"11":0.0000084435},"CorrFact":{"0":4.587311,"1":3.054642,"2":3.051045,"3":1.618896,"4":1.553891,"5":1.544011,"6":1.578524,"7":1.577762,"8":1.291034,"9":1.296707,"10":1.524712,"11":1.467884},"CtsInSrc":{"0":20.0,"1":20.0,"2":28.0,"3":15.0,"4":15.0,"5":26.0,"6":15.0,"7":19.0,"8":15.0,"9":16.0,"10":28.0,"11":4.0},"BGInSrc":{"0":0.142511,"1":0.173364,"2":1.089714,"3":0.251389,"4":0.176652,"5":0.557132,"6":0.429359,"7":1.791462,"8":0.379618,"9":1.564956,"10":0.98048,"11":0.492675},"Exposure":{"0":72.7117,"1":145.42444,"2":1311.31686,"3":428.75052,"4":511.49244,"5":1429.15554,"6":1243.62886,"7":1098.18934,"8":1040.535,"9":1283.7321,"10":5536.1184,"11":3933.9537},"Sigma":{"0":482.688317,"1":427.912715,"2":231.657916,"3":356.866826,"4":427.873663,"5":413.537648,"6":258.447567,"7":149.432158,"8":269.593878,"9":131.096707,"10":430.460782,"11":3.083819},"SNR":{"0":4.440082,"1":4.433133,"2":5.084341,"3":3.807858,"4":3.827219,"5":4.989394,"6":3.761725,"7":3.946532,"8":3.774596,"9":3.607395,"10":5.10585,"11":2.050877}}