{"Time":{"0":183.218,"1":199.101,"2":215.49,"3":235.916,"4":259.339,"5":295.986,"6":363.329,"7":491.203,"8":672.317,"9":4259.153,"10":4444.694,"11":4663.796,"12":4901.258,"13":5152.345,"14":5446.968,"15":5830.286,"16":6296.274,"17":10342.642,"18":11042.551,"19":11889.188,"20":16031.008,"21":16857.102,"22":17679.282,"23":22941.788,"24":28641.592,"25":36396.837,"26":50654.114,"27":89703.319,"28":201270.918,"29":368488.393,"30":649769.9},"TimePos":{"0":7.057,"1":8.726,"2":7.381,"3":12.028,"4":18.693,"5":12.133,"6":52.605,"7":62.634,"8":114.696,"9":112.988,"10":130.539,"11":114.53,"12":125.291,"13":142.488,"14":121.162,"15":204.206,"16":272.261,"17":186.679,"18":289.112,"19":460.433,"20":358.781,"21":350.073,"22":453.077,"23":4861.623,"24":1054.843,"25":4398.434,"26":7952.932,"27":3597.921,"28":53318.53,"29":163182.118,"30":165100.097},"TimeNeg":{"0":-7.987,"1":-8.826,"2":-7.663,"3":-13.046,"4":-11.395,"5":-17.955,"6":-55.21,"7":-75.269,"8":-118.48,"9":-115.178,"10":-72.554,"11":-88.563,"12":-122.933,"13":-125.795,"14":-152.135,"15":-262.156,"16":-261.782,"17":-367.437,"18":-513.229,"19":-557.525,"20":-363.326,"21":-467.313,"22":-472.106,"23":-1251.636,"24":-838.181,"25":-2648.544,"26":-4758.128,"27":-4633.567,"28":-46137.294,"29":-108106.407,"30":-112479.616},"Rate":{"0":4.373489,"1":3.416583,"2":3.790251,"3":2.165069,"4":1.816924,"5":1.908422,"6":0.5015453,"7":0.4120573,"8":0.2785617,"9":0.08139851,"10":0.09168095,"11":0.09144134,"12":0.07429881,"13":0.06908342,"14":0.06758058,"15":0.03939742,"16":0.04607781,"17":0.03483288,"18":0.02425569,"19":0.03167826,"20":0.02595939,"21":0.0229716,"22":0.02173393,"23":0.008541028,"24":0.0116464,"25":0.009109709,"26":0.007580775,"27":0.004728181,"28":0.001828636,"29":0.0007722638,"30":0.0003218083},"RatePos":{"0":0.8948732,"1":0.7312775,"2":0.8282315,"3":0.4855164,"4":0.4092101,"5":0.4181649,"6":0.1132859,"7":0.09091133,"8":0.05782834,"9":0.0212961,"10":0.02383855,"11":0.02383917,"12":0.01950769,"13":0.01804219,"14":0.0177123,"15":0.01038097,"16":0.01046793,"17":0.009145709,"18":0.006421036,"19":0.006451795,"20":0.006895241,"21":0.006090699,"22":0.005557771,"23":0.002315846,"24":0.00297169,"25":0.002248078,"26":0.001738176,"27":0.00121919,"28":0.000507829,"29":0.0002358564,"30":0.0001574125},"RateNeg":{"0":-0.8948732,"1":-0.7312775,"2":-0.8282315,"3":-0.4855164,"4":-0.4092101,"5":-0.4181649,"6":-0.1132859,"7":-0.09091133,"8":-0.05782834,"9":-0.0212961,"10":-0.02383855,"11":-0.02383917,"12":-0.01950769,"13":-0.01804219,"14":-0.0177123,"15":-0.01038097,"16":-0.01046793,"17":-0.009145709,"18":-0.006421036,"19":-0.006451795,"20":-0.006895241,"21":-0.006090699,"22":-0.005557771,"23":-0.002315846,"24":-0.00297169,"25":-0.002248078,"26":-0.001738176,"27":-0.00121919,"28":-0.000507829,"29":-0.0002358564,"30":-0.000127211},"FracExp":{"0":1.0,"1":1.0,"2":1.0,"3":1.0,"4":1.0,"5":1.0,"6":1.0,"7":1.0,"8":1.0,"9":1.0,"10":1.0,"11":1.0,"12":1.0,"13":1.0,"14":1.0,"15":1.0,"16":1.0,"17":0.999996,"18":1.0,"19":1.0,"20":1.0,"21":1.0,"22":1.0,"23":0.372818,"24":0.988073,"25":0.361135,"26":0.291738,"27":0.59153,"28":0.121816,"29":0.096553,"30":0.129096},"BGrate":{"0":0.003759423,"1":0.004833528,"2":0.001879713,"3":0.002255651,"4":0.004699269,"5":0.002819563,"6":0.001835994,"7":0.001640472,"8":0.001697835,"9":0.0008560742,"10":0.0005129396,"11":0.0007052916,"12":0.0009967344,"13":0.0006309868,"14":0.0008099963,"15":0.000642207,"16":0.0005852016,"17":0.0004478415,"18":0.0004589444,"19":0.0004403722,"20":0.0005776505,"21":0.0004784215,"22":0.000385107,"23":0.000313387,"24":0.0004480677,"25":0.0003166217,"26":0.0002727429,"27":0.0002070605,"28":0.0001774707,"29":0.0000884554,"30":0.0000771546},"BGerr":{"0":0.002658314,"1":0.002790639,"2":0.001879713,"3":0.001594986,"4":0.002101577,"5":0.001627876,"6":0.0006939404,"7":0.0005799945,"8":0.0004537655,"9":0.0002210374,"10":0.0001813515,"11":0.0002126534,"12":0.0002286666,"13":0.0001750043,"14":0.0001964529,"15":0.0001339094,"16":0.0001194538,"17":0.0000804347,"18":0.0000676677,"19":0.0000588472,"20":0.0000833767,"21":0.0000713189,"22":0.0000601436,"23":0.0000274859,"24":0.0000423384,"25":0.0000261145,"26":0.0000192378,"27":0.0000128414,"28":0.0000068976,"29":0.0000024402,"30":0.0000018636},"CorrFact":{"0":2.747904,"1":2.736248,"2":2.718903,"3":2.721955,"4":2.752827,"5":2.745389,"6":2.730726,"7":2.735361,"8":2.751805,"9":1.254491,"10":1.249995,"11":1.250007,"12":1.250138,"13":1.249697,"14":1.249751,"15":1.249851,"16":1.249906,"17":1.308404,"18":1.330075,"19":1.313437,"20":1.285443,"21":1.285285,"22":1.285365,"23":1.362628,"24":1.347858,"25":1.348324,"26":1.406391,"27":1.439636,"28":1.491891,"29":1.594927,"30":1.593889},"CtsInSrc":{"0":24.0,"1":22.0,"2":21.0,"3":20.0,"4":20.0,"5":21.0,"6":20.0,"7":21.0,"8":24.0,"9":15.0,"10":15.0,"11":15.0,"12":15.0,"13":15.0,"14":15.0,"15":15.0,"16":20.0,"17":15.0,"18":15.0,"19":25.0,"20":15.0,"21":15.0,"22":16.0,"23":15.0,"24":17.0,"25":18.0,"26":21.0,"27":17.0,"28":17.0,"29":15.0,"30":10.0},"BGInSrc":{"0":0.056556,"1":0.084835,"2":0.028278,"3":0.056556,"4":0.141391,"5":0.084835,"6":0.197947,"7":0.226225,"8":0.395894,"9":0.195327,"10":0.104174,"11":0.143239,"12":0.247414,"13":0.169283,"14":0.22137,"15":0.299501,"16":0.312522,"17":0.248155,"18":0.36823,"19":0.44828,"20":0.417125,"21":0.391055,"22":0.356295,"23":0.714252,"24":0.838086,"25":0.805774,"26":1.011412,"27":1.008214,"28":2.150106,"29":2.316979,"30":2.764785},"Exposure":{"0":15.043888,"1":17.55126,"2":15.04388,"3":25.07318,"4":30.08784,"5":30.08782,"6":107.81474,"7":137.9026,"8":233.175992,"9":228.16542,"10":203.09244,"11":203.09254,"12":248.2242,"13":268.28292,"14":273.29764,"15":466.36156,"16":534.04238,"17":554.11374,"18":802.34168,"19":1017.95768,"20":722.10676,"21":817.38582,"22":925.18332,"23":2279.1357,"24":1870.4458,"25":2544.9095,"26":3708.2967,"27":4869.1766,"28":12115.2736,"29":26193.7631,"30":35834.3316},"Sigma":{"0":598.71522,"1":447.437944,"2":741.622286,"3":498.693648,"4":314.059915,"5":427.021126,"6":264.673145,"7":259.7282,"8":223.085948,"9":293.550774,"10":404.435826,"11":343.999497,"12":259.909045,"13":315.878814,"14":275.257867,"15":235.395521,"16":308.613189,"17":330.981641,"18":269.498504,"19":409.851303,"20":242.212872,"21":250.603592,"22":281.139842,"23":228.046529,"24":204.085896,"25":258.718942,"26":280.189749,"27":255.758966,"28":177.702107,"29":198.425864,"30":3.376485},"SNR":{"0":4.887272,"1":4.672074,"2":4.576318,"3":4.459311,"4":4.440076,"5":4.563803,"6":4.427254,"7":4.532519,"8":4.817045,"9":3.822226,"10":3.845912,"11":3.835761,"12":3.808692,"13":3.828993,"14":3.815459,"15":3.795159,"16":4.401806,"17":3.808658,"18":3.777536,"19":4.909992,"20":3.764827,"21":3.771586,"22":3.910548,"23":3.688082,"24":3.919117,"25":4.052221,"26":4.361339,"27":3.878132,"28":3.600889,"29":3.274296,"30":2.52972}}