{"Time":{"0":384.77,"1":423.132,"2":457.42,"3":498.551,"4":531.187,"5":565.13,"6":614.263,"7":654.485,"8":689.756,"9":723.855,"10":766.973,"11":817.364,"12":871.705,"13":925.201,"14":966.792,"15":1027.068,"16":1092.24,"17":1166.993,"18":1253.212,"19":1313.276,"20":1365.479,"21":1429.593,"22":1502.824,"23":1567.311,"24":1635.78,"25":1735.115,"26":1833.972,"27":1918.656,"28":2001.356,"29":18702.409,"30":18938.185,"31":19137.202,"32":19357.794,"33":40435.694,"34":40994.062,"35":41568.897,"36":46152.626,"37":48179.207,"38":95393.969,"39":113195.428},"TimePos":{"0":21.841,"1":23.596,"2":19.396,"3":10.859,"4":15.833,"5":19.5,"6":18.006,"7":20.408,"8":15.225,"9":16.228,"10":25.764,"11":30.533,"12":28.846,"13":12.96,"14":31.544,"15":41.474,"16":31.462,"17":39.45,"18":38.48,"19":23.547,"20":23.998,"21":30.089,"22":27.063,"23":32.781,"24":42.038,"25":48.011,"26":41.924,"27":32.46,"28":67.594,"29":106.519,"30":108.938,"31":123.043,"32":158.192,"33":160.566,"34":254.099,"35":316.113,"36":249.328,"37":3937.237,"38":9904.624,"39":13424.699},"TimeNeg":{"0":-25.798,"1":-16.521,"2":-10.692,"3":-21.736,"4":-21.776,"5":-18.11,"6":-29.633,"7":-22.216,"8":-14.863,"9":-18.874,"10":-26.89,"11":-24.628,"12":-23.808,"13":-24.65,"14":-28.631,"15":-28.731,"16":-23.699,"17":-43.291,"18":-46.769,"19":-21.584,"20":-28.656,"21":-40.116,"22":-43.142,"23":-37.424,"24":-35.689,"25":-57.297,"26":-50.847,"27":-42.76,"28":-50.241,"29":-174.299,"30":-129.257,"31":-90.079,"32":-97.549,"33":-248.125,"34":-397.802,"35":-320.736,"36":-242.105,"37":-1777.254,"38":-9281.46,"39":-3047.348},"Rate":{"0":1.414478,"1":1.526946,"2":2.038691,"3":1.866733,"4":1.800281,"5":1.70785,"6":1.303101,"7":1.445677,"8":2.069321,"9":1.746162,"10":1.406136,"11":1.098487,"12":1.159013,"13":1.806196,"14":1.015335,"15":0.8709938,"16":1.111189,"17":0.7370176,"18":0.7927789,"19":1.417507,"20":1.229393,"21":0.867028,"22":0.8716041,"23":0.8655997,"24":0.835034,"25":0.5793544,"26":0.6584976,"27":0.8186323,"28":0.6995638,"29":0.06514922,"30":0.08361294,"31":0.08689909,"32":0.07232285,"33":0.04851024,"34":0.03048339,"35":0.03348184,"36":0.03952726,"37":0.02876937,"38":0.01229441,"39":0.007986144},"RatePos":{"0":0.304256,"1":0.3428637,"2":0.4590519,"3":0.4209206,"4":0.3867501,"5":0.3751639,"6":0.2934192,"7":0.3264357,"8":0.4640028,"9":0.3926343,"10":0.2893699,"11":0.248737,"12":0.2624423,"13":0.386057,"14":0.2295857,"15":0.1966715,"16":0.2509079,"17":0.1687851,"18":0.170963,"19":0.3122151,"20":0.2711436,"21":0.1963264,"22":0.1962591,"23":0.196833,"24":0.1841675,"25":0.1310026,"26":0.1488983,"27":0.1845894,"28":0.1363133,"29":0.0172045,"30":0.02111402,"31":0.02276786,"32":0.0190989,"33":0.01270077,"34":0.008066931,"35":0.008697202,"36":0.01039726,"37":0.004721409,"38":0.002716995,"39":0.002570068},"RateNeg":{"0":-0.304256,"1":-0.3428637,"2":-0.4590519,"3":-0.4209206,"4":-0.3867501,"5":-0.3751639,"6":-0.2934192,"7":-0.3264357,"8":-0.4640028,"9":-0.3926343,"10":-0.2893699,"11":-0.248737,"12":-0.2624423,"13":-0.386057,"14":-0.2295857,"15":-0.1966715,"16":-0.2509079,"17":-0.1687851,"18":-0.170963,"19":-0.3122151,"20":-0.2711436,"21":-0.1963264,"22":-0.1962591,"23":-0.196833,"24":-0.1841675,"25":-0.1310026,"26":-0.1488983,"27":-0.1845894,"28":-0.1363133,"29":-0.0172045,"30":-0.02111402,"31":-0.02276786,"32":-0.0190989,"33":-0.01270077,"34":-0.008066931,"35":-0.008697202,"36":-0.01039726,"37":-0.004721409,"38":-0.002716995,"39":-0.002133214},"FracExp":{"0":1.0,"1":1.0,"2":1.0,"3":1.0,"4":1.0,"5":1.0,"6":1.0,"7":1.0,"8":1.0,"9":1.0,"10":1.0,"11":1.0,"12":1.0,"13":1.0,"14":1.0,"15":1.0,"16":1.0,"17":1.0,"18":1.0,"19":1.0,"20":1.0,"21":1.0,"22":1.0,"23":1.0,"24":1.0,"25":1.0,"26":1.0,"27":1.0,"28":1.0,"29":1.0,"30":1.0,"31":1.0,"32":1.0,"33":1.0,"34":1.0,"35":1.0,"36":1.0,"37":0.304061,"38":0.124672,"39":0.131971},"BGrate":{"0":0.004025498,"1":0.002048689,"2":0.004552649,"3":0.005042929,"4":0.004370539,"5":0.003642113,"6":0.002875354,"7":0.004499086,"8":0.001821053,"9":0.003121818,"10":0.003642113,"11":0.004469865,"12":0.00468272,"13":0.001456845,"14":0.003642114,"15":0.002731584,"16":0.003476562,"17":0.005628719,"18":0.002892265,"19":0.00424913,"20":0.004162413,"21":0.003512036,"22":0.00195113,"23":0.004682712,"24":0.0028197,"25":0.002081205,"26":0.002362451,"27":0.002185267,"28":0.002789907,"29":0.00118091,"30":0.0006658488,"31":0.001014796,"32":0.001296712,"33":0.0005050408,"34":0.0005572536,"35":0.001763127,"36":0.0005595705,"37":0.0005427575,"38":0.0005411396,"39":0.0002952745},"BGerr":{"0":0.001521495,"1":0.001182811,"2":0.002036006,"3":0.002058767,"4":0.001784265,"5":0.001628803,"6":0.001285898,"7":0.001700495,"8":0.001287679,"9":0.001560909,"10":0.001376589,"11":0.001489955,"12":0.001560907,"13":0.001030145,"14":0.001287682,"15":0.001032442,"16":0.001314017,"17":0.001365165,"18":0.0009640883,"19":0.00160602,"20":0.001471635,"21":0.001170679,"22":0.0008725721,"23":0.001351782,"24":0.0009969144,"25":0.000735817,"26":0.0008352524,"27":0.0008921315,"28":0.0008053768,"29":0.0002462367,"30":0.000200761,"31":0.0002620192,"32":0.0002703831,"33":0.0001010082,"34":0.0000840091,"35":0.0001511869,"36":0.0000959656,"37":0.0000503938,"38":0.0000406745,"39":0.0000240291},"CorrFact":{"0":3.08985,"1":3.075461,"2":3.088126,"3":3.067523,"4":3.100803,"5":3.078734,"6":3.12532,"7":3.110874,"8":3.121618,"9":3.0816,"10":3.109768,"11":3.067491,"12":3.089391,"13":3.095458,"14":3.088761,"15":3.086995,"16":3.094379,"17":3.121786,"18":3.106789,"19":3.074476,"20":3.114982,"21":3.081464,"22":3.080639,"23":3.089243,"24":3.123284,"25":3.08431,"26":3.088303,"27":3.104366,"28":3.090712,"29":1.24725,"30":1.257223,"31":1.252735,"32":1.260936,"33":1.340155,"34":1.357691,"35":1.342993,"36":1.319184,"37":1.313517,"38":1.354847,"39":1.4048},"CtsInSrc":{"0":22.0,"1":20.0,"2":20.0,"3":20.0,"4":22.0,"5":21.0,"6":20.0,"7":20.0,"8":20.0,"9":20.0,"10":24.0,"11":20.0,"12":20.0,"13":22.0,"14":20.0,"15":20.0,"16":20.0,"17":20.0,"18":22.0,"19":21.0,"20":21.0,"21":20.0,"22":20.0,"23":20.0,"24":21.0,"25":20.0,"26":20.0,"27":20.0,"28":27.0,"29":15.0,"30":16.0,"31":15.0,"32":15.0,"33":15.0,"34":15.0,"35":17.0,"36":15.0,"37":39.0,"38":23.0,"39":13.0},"BGInSrc":{"0":0.19177,"1":0.082187,"2":0.136979,"3":0.164374,"4":0.164374,"5":0.136979,"6":0.136979,"7":0.19177,"8":0.054791,"9":0.109583,"10":0.19177,"11":0.246562,"12":0.246562,"13":0.054791,"14":0.219166,"15":0.19177,"16":0.19177,"17":0.465728,"18":0.246562,"19":0.19177,"20":0.219166,"21":0.246562,"22":0.136979,"23":0.328749,"24":0.219166,"25":0.219166,"26":0.219166,"27":0.164374,"28":0.328749,"29":0.331622,"30":0.158602,"31":0.216275,"32":0.331622,"33":0.206406,"34":0.363274,"35":1.122847,"36":0.274991,"37":0.943072,"38":1.294386,"39":0.641876},"Exposure":{"0":47.63888,"1":40.11698,"2":30.0877,"3":32.59504,"4":37.60966,"5":37.60968,"6":47.6389,"7":42.62426,"8":30.0878,"9":35.1023,"10":52.65356,"11":55.16088,"12":52.65352,"13":37.60968,"14":60.17548,"15":70.20476,"16":55.16088,"17":82.74132,"18":85.24866,"19":45.13164,"20":52.65358,"21":70.20478,"22":70.2048,"23":70.20482,"24":77.7267,"25":105.30726,"26":92.7706,"27":75.2194,"28":117.83508,"29":280.81896,"30":238.19488,"31":213.12176,"32":255.7406,"33":408.69126,"34":651.901,"35":636.84984,"36":491.433028,"37":1737.556672,"38":2391.9642,"39":2173.8291},"Sigma":{"0":300.876512,"1":419.756964,"2":324.247919,"3":295.588251,"4":325.392025,"5":340.572118,"6":324.247919,"7":273.283579,"8":514.802295,"9":363.020194,"10":328.469445,"11":240.346796,"12":240.346796,"13":566.423946,"14":255.279827,"15":273.283579,"16":273.283579,"17":172.937696,"18":264.681475,"19":287.080046,"20":268.18524,"21":240.346796,"22":324.247919,"23":207.280406,"24":268.18524,"25":255.279827,"26":255.279827,"27":295.588251,"28":281.040983,"29":212.130371,"30":331.269797,"31":264.742042,"32":212.130371,"33":358.36193,"34":267.261111,"35":164.900258,"36":312.230887,"37":434.628182,"38":223.097515,"39":236.586356},"SNR":{"0":4.648975,"1":4.453508,"2":4.44109,"3":4.434881,"4":4.654895,"5":4.552278,"6":4.44109,