{"Time":{"0":471.491,"1":487.138,"2":504.804,"3":522.456,"4":544.864,"5":566.885,"6":587.29,"7":609.022,"8":629.104,"9":652.976,"10":676.729,"11":697.888,"12":732.525,"13":778.717,"14":813.346,"15":843.286,"16":880.02,"17":915.248,"18":963.071,"19":5116.67,"20":5383.079,"21":5809.365,"22":6038.467,"23":6257.676,"24":6452.18,"25":6637.119,"26":11220.127,"27":11542.566,"28":11821.526,"29":12188.155,"30":16922.532,"31":17876.303,"32":21877.611,"33":27779.973,"34":68362.714,"35":69826.54,"36":81657.304,"37":98685.001,"38":111232.973,"39":139472.119,"40":196400.67,"41":227031.931,"42":301673.222,"43":410693.851},"TimePos":{"0":6.177,"1":8.081,"2":7.966,"3":7.866,"4":10.531,"5":8.568,"6":10.729,"7":9.055,"8":9.033,"9":17.755,"10":11.553,"11":17.975,"12":20.947,"13":17.38,"14":12.839,"15":18.001,"16":16.369,"17":16.244,"18":41.13,"19":88.411,"20":193.085,"21":114.634,"22":121.22,"23":97.582,"24":103.662,"25":151.898,"26":173.608,"27":159.569,"28":123.818,"29":381.502,"30":539.984,"31":476.303,"32":523.377,"33":5362.31,"34":964.733,"35":571.525,"36":4472.72,"37":627.21,"38":5367.083,"39":11567.455,"40":12720.045,"41":11008.36,"42":69326.604,"43":122308.002},"TimeNeg":{"0":-6.359,"1":-9.47,"2":-9.585,"3":-9.685,"4":-14.543,"5":-11.49,"6":-11.837,"7":-11.003,"8":-11.026,"9":-14.84,"10":-5.998,"11":-9.606,"12":-16.662,"13":-25.244,"14":-17.249,"15":-17.101,"16":-18.733,"17":-18.859,"18":-31.58,"19":-104.652,"20":-177.998,"21":-78.429,"22":-114.467,"23":-97.989,"24":-96.922,"25":-81.277,"26":-124.763,"27":-148.831,"28":-119.391,"29":-242.81,"30":-1144.186,"31":-413.787,"32":-354.178,"33":-511.647,"34":-459.422,"35":-499.092,"36":-1424.205,"37":-786.907,"38":-8712.006,"39":-11384.263,"40":-5375.138,"41":-12901.32,"42":-23950.058,"43":-34744.237},"Rate":{"0":4.991908,"1":3.145597,"2":3.165833,"3":3.599477,"4":2.290086,"5":2.891473,"6":2.436657,"7":2.619959,"8":2.883352,"9":1.614282,"10":2.900756,"11":1.925072,"12":1.542205,"13":1.280559,"14":1.750431,"15":1.486761,"16":1.573394,"17":1.583996,"18":1.197077,"19":0.1236154,"20":0.09652546,"21":0.1329173,"22":0.08693082,"23":0.1253995,"24":0.09131427,"25":0.07811986,"26":0.06550139,"27":0.06398719,"28":0.08184224,"29":0.05984192,"30":0.05166602,"31":0.04113758,"32":0.03331296,"33":0.04134736,"34":0.01318478,"35":0.01733775,"36":0.02441986,"37":0.01674101,"38":0.01559914,"39":0.01494481,"40":0.006598127,"41":0.006618002,"42":0.00339307,"43":0.001312596},"RatePos":{"0":1.021552,"1":0.6864256,"2":0.6928438,"3":0.736603,"4":0.4909566,"5":0.6207451,"6":0.5340371,"7":0.5858406,"8":0.6155819,"9":0.3620631,"10":0.6525893,"11":0.4311133,"12":0.3306234,"13":0.2814746,"14":0.3920032,"15":0.3334619,"16":0.3448375,"17":0.3481718,"18":0.2095405,"19":0.02817544,"20":0.01793477,"21":0.0291755,"22":0.02139278,"23":0.02823515,"24":0.02391982,"25":0.02040003,"26":0.01722738,"27":0.01682914,"28":0.02139235,"29":0.0114425,"30":0.01354047,"31":0.007745291,"32":0.00709665,"33":0.008404349,"34":0.003545314,"35":0.0046254,"36":0.00455016,"37":0.003975495,"38":0.003113367,"39":0.003240666,"40":0.00179442,"41":0.001675285,"42":0.000914656,"43":0.0003782853},"RateNeg":{"0":-1.021552,"1":-0.6864256,"2":-0.6928438,"3":-0.736603,"4":-0.4909566,"5":-0.6207451,"6":-0.5340371,"7":-0.5858406,"8":-0.6155819,"9":-0.3620631,"10":-0.6525893,"11":-0.4311133,"12":-0.3306234,"13":-0.2814746,"14":-0.3920032,"15":-0.3334619,"16":-0.3448375,"17":-0.3481718,"18":-0.2095405,"19":-0.02817544,"20":-0.01793477,"21":-0.0291755,"22":-0.02139278,"23":-0.02823515,"24":-0.02391982,"25":-0.02040003,"26":-0.01722738,"27":-0.01682914,"28":-0.02139235,"29":-0.0114425,"30":-0.01354047,"31":-0.007745291,"32":-0.00709665,"33":-0.008404349,"34":-0.003545314,"35":-0.0046254,"36":-0.00455016,"37":-0.003975495,"38":-0.003113367,"39":-0.003240666,"40":-0.00179442,"41":-0.001675285,"42":-0.000914656,"43":-0.0003782853},"FracExp":{"0":1.0,"1":1.0,"2":1.0,"3":1.0,"4":1.0,"5":1.0,"6":1.0,"7":1.0,"8":1.0,"9":1.0,"10":1.0,"11":1.0,"12":1.0,"13":1.0,"14":1.0,"15":1.0,"16":1.0,"17":1.0,"18":1.0,"19":1.0,"20":0.993234,"21":1.0,"22":1.0,"23":1.0,"24":1.0,"25":1.0,"26":1.0,"27":1.0,"28":1.0,"29":1.0,"30":0.217358,"31":1.0,"32":1.0,"33":0.129762,"34":0.980627,"35":1.0,"36":0.31634,"37":1.0,"38":0.178621,"39":0.086192,"40":0.169322,"41":0.164534,"42":0.071824,"43":0.107139},"BGrate":{"0":0.004770123,"1":0.0,"2":0.00340723,"3":0.00340723,"4":0.00477013,"5":0.007453305,"6":0.003975103,"7":0.0,"8":0.001490661,"9":0.001834666,"10":0.006814459,"11":0.001084118,"12":0.003180084,"13":0.003507444,"14":0.0009937777,"15":0.001703616,"16":0.002555425,"17":0.004259047,"18":0.002467397,"19":0.001941799,"20":0.001398575,"21":0.0006311103,"22":0.001033947,"23":0.0007008973,"24":0.001063028,"25":0.0007184988,"26":0.0009134032,"27":0.0008836996,"28":0.0007470456,"29":0.0005196831,"30":0.000603213,"31":0.000444987,"32":0.0005531685,"33":0.0005241344,"34":0.0004254307,"35":0.000448859,"36":0.0003230437,"37":0.0004538314,"38":0.0003826389,"39":0.0004446893,"40":0.0002471472,"41":0.0001807297,"42":0.0001730715,"43":0.0000927111},"BGerr":{"0":0.003372986,"1":0.0,"2":0.002409275,"3":0.002409275,"4":0.002385065,"5":0.00333322,"6":0.002295027,"7":0.0,"8":0.001490661,"9":0.001297305,"10":0.00340723,"11":0.001084118,"12":0.001590042,"13":0.001568577,"14":0.0009937777,"15":0.001204638,"16":0.001475375,"17":0.001904704,"18":0.00100731,"19":0.0004854497,"20":0.0002981771,"21":0.0002231312,"22":0.0002584868,"23":0.0002336324,"24":0.0002841063,"25":0.0002166355,"26":0.0001993209,"27":0.0001928391,"28":0.0001996563,"29":0.0001039366,"30":0.0001316319,"31":0.0000656098,"32":0.0000739202,"33":0.0000772794,"34":0.0000515911,"35":0.0000605241,"36":0.0000354587,"37":0.0000527568,"38":0.0000316674,"39":0.0000438165,"40":0.0000195387,"41":0.0000127795,"42":0.0000093861,"43":0.0000032027},"CorrFact":{"0":2.614072,"1":2.629003,"2":2.653469,"3":2.638873,"4":2.624246,"5":2.654344,"6":2.629573,"7":2.627619,"8":2.63248,"9":2.638767,"10":2.560902,"11":2.658693,"12":2.650859,"13":2.617826,"14":2.637266,"15":2.617269,"16":2.641274,"17":2.666696,"18":2.651956,"19":1.216076,"20":1.206617,"21":1.229105,"22":1.222734,"23":1.234683,"24":1.238692,"25":1.228088,"26":1.327025,"27":1.339922,"28":1.343259,"29":1.349928,"30":1.279724,"31":1.280109,"32":1.298447,"33":1.281102,"34":1.27819,"35":1.27843,"36":1.549579,"37":1.289544,"38":1.506623,"39":1.336542,"40":1.419397,"41":1.598311,"42":1.531746,"43":1.643332},"CtsInSrc":{"0":24.0,"1":21.0,"2":21.0,"3":24.0,"4":22.0,"5":22.0,"6":21.0,"7":20.0,"8":22.0,"9":20.0,"10":20.0,"11":20.0,"12":22.0,"13":21.0,"14":20.0,"15":20.0,"16":21.0,"17":21.0,"18":33.0,"19":20.0,"20":30.0,"21":21.0,"22":17.0,"23":20.0,"24":15.0,"25":15.0,"26":15.0,"27":15.0,"28":15.0,"29":28.0,"30":15.0,"31":29.0,"32":23.0,"33":25.0,"34":15.0,"35":15.0,"36":30.0,"37":19.0,"38":27.0,"39":23.0,"40":15.0,"41":17.0,"42":16.0,"43":15.0},"BGInSrc":{"0":0.059801,"1":0.0,"2":0.059801,"3":0.059801,"4":0.119602,"5":0.149502,"6":0.089701,"7":0.0,"8":0.0299,"9":0.059801,"10":0.119602,"11":0.0299,"12":0.119602,"13":0.149502,"14":0.0299,"15":0.059801,"16":0.089701,"17":0.149502,"18":0.179403,"19":0.374891,"20":0.515475,"21":0.121844,"22":0.243688,"23":0.137075,"24":0.213227,"25":0.167536,"26":0.272533,"27":0.272533,"28":0.181689,"29":0.324444,"30":0.220817,"31":0.396078,"32":0.485436,"33":0.399505,"34":0.594142,"35":0.480556,"36":0.602616,"37":0.641771,"38":0.962269,"39":0.879711,"40":0.75724,"41":0.710982,"42":1.159494,"43":1.560003},"Exposure":{"0":12.536568,"1":17.55122,"2":17.5512,"3":17.5512,"4":25.0731,"5":20.05854,"6":22.56582,"7":20.05848,"8":20.05854,"9":32.59502,"10":17.5512,"11":27.58046,"12":37.60968,"13":42.62432,"14":30.0877,"15":35.10238,"16":35.10236,"17":35.10232,"18":72.709392,"19":193.06364,"20":368.57156,"21":193.06324,"22":235.68748,"23":195.57034,"24":200.5848,"25":233.17474,"26":298.37104,"27":308.40012,"28":243.20968,"29":624.31156,"30":366.06786,"31":890.08944,"32":877.555,"33":762.2192,"34":1396.5661,"35":1070.6171,