{"Time":{"0":11766.728},"TimePos":{"0":108969.711},"TimeNeg":{"0":-8678.372},"Rate":{"0":0.0009514776},"RatePos":{"0":0.000282103},"RateNeg":{"0":-0.000282103},"FracExp":{"0":0.215037},"BGrate":{"0":0.0000765177},"BGerr":{"0":0.0000022389},"CorrFact":{"0":1.842524},"CtsInSrc":{"0":15.0},"BGInSrc":{"0":1.935796},"Exposure":{"0":25298.657},"Sigma":{"0":230.645402},"SNR":{"0":3.372802}}