{"Time":{"0":2780.177,"1":2876.682,"2":2967.559,"3":3059.919,"4":3139.195,"5":3226.099,"6":3313.387,"7":3398.046,"8":3490.947,"9":3589.676,"10":3694.012,"11":3796.101,"12":3916.036,"13":4080.944,"14":4221.091,"15":4391.303,"16":20536.041,"17":39857.202},"TimePos":{"0":45.994,"1":49.781,"2":61.704,"3":32.027,"4":40.508,"5":53.897,"6":39.321,"7":47.433,"8":62.346,"9":51.374,"10":42.316,"11":45.534,"12":60.995,"13":71.6,"14":81.892,"15":72.134,"16":323.531,"17":32841.348},"TimeNeg":{"0":-36.748,"1":-50.512,"2":-41.096,"3":-30.656,"4":-47.248,"5":-46.396,"6":-33.392,"7":-45.338,"8":-45.469,"9":-36.382,"10":-52.963,"11":-59.773,"12":-74.401,"13":-103.913,"14":-68.547,"15":-88.32,"16":-501.37,"17":-14213.908},"Rate":{"0":0.4163118,"1":0.427518,"2":0.410686,"3":0.676296,"4":0.4805976,"5":0.4196858,"6":0.585983,"7":0.4741052,"8":0.390132,"9":0.488729,"10":0.4651007,"11":0.4041699,"12":0.3142165,"13":0.2409223,"14":0.2800922,"15":0.3971667,"16":0.02725968,"17":0.008663265},"RatePos":{"0":0.09340048,"1":0.09686563,"2":0.09213414,"3":0.1520549,"4":0.1077002,"5":0.09509104,"6":0.1311731,"7":0.1044361,"8":0.08839483,"9":0.1094027,"10":0.1019174,"11":0.09047398,"12":0.07049196,"13":0.05428699,"14":0.06304374,"15":0.07283063,"16":0.006712347,"17":0.001575705},"RateNeg":{"0":-0.09340048,"1":-0.09686563,"2":-0.09213414,"3":-0.1520549,"4":-0.1077002,"5":-0.09509104,"6":-0.1311731,"7":-0.1044361,"8":-0.08839483,"9":-0.1094027,"10":-0.1019174,"11":-0.09047398,"12":-0.07049196,"13":-0.05428699,"14":-0.06304374,"15":-0.07283063,"16":-0.006712347,"17":-0.001575705},"FracExp":{"0":0.999997,"1":1.0,"2":1.0,"3":1.0,"4":1.0,"5":1.0,"6":1.0,"7":1.0,"8":1.0,"9":1.0,"10":1.0,"11":1.0,"12":1.0,"13":1.0,"14":1.0,"15":1.0,"16":1.0,"17":0.110192},"BGrate":{"0":0.0007944409,"1":0.002586349,"2":0.0006308165,"3":0.001724232,"4":0.0004926375,"5":0.002586347,"6":0.0002972812,"7":0.002097037,"8":0.002405903,"9":0.0002463187,"10":0.0009074893,"11":0.0002052654,"12":0.0004789526,"13":0.0008621145,"14":0.0008621144,"15":0.0008083058,"16":0.0003086616,"17":0.0002725172},"BGerr":{"0":0.0004586707,"1":0.0007466146,"2":0.0003642021,"3":0.0007711,"4":0.0003483473,"5":0.0007466141,"6":0.0002972812,"7":0.0006990123,"8":0.0006945244,"9":0.0002463187,"10":0.0004537447,"11":0.0002052654,"12":0.0002765234,"13":0.0003258486,"14":0.0003519567,"15":0.0003299894,"16":0.000052935,"17":0.000015813},"CorrFact":{"0":1.727986,"1":2.172018,"2":2.117795,"3":2.131129,"4":2.113339,"5":2.132227,"6":2.132714,"7":2.114021,"8":2.130735,"9":2.146771,"10":2.118914,"11":2.13041,"12":2.134093,"13":2.130364,"14":2.120598,"15":2.133458,"16":1.342851,"17":1.422101},"CtsInSrc":{"0":20.0,"1":20.0,"2":20.0,"3":20.0,"4":20.0,"5":20.0,"6":20.0,"7":21.0,"8":20.0,"9":20.0,"10":21.0,"11":20.0,"12":20.0,"13":20.0,"14":20.0,"15":30.0,"16":17.0,"17":33.0},"BGInSrc":{"0":0.065733,"1":0.259392,"2":0.064848,"3":0.10808,"4":0.043232,"5":0.259392,"6":0.021616,"7":0.194544,"8":0.259392,"9":0.021616,"10":0.086464,"11":0.021616,"12":0.064848,"13":0.151312,"14":0.129696,"15":0.129696,"16":0.254615,"17":1.413028},"Exposure":{"0":82.7412,"1":100.29274,"2":102.8001,"3":62.68298,"4":87.75622,"5":100.2928,"6":72.7123,"7":92.7709,"8":107.81482,"9":87.75624,"10":95.27826,"11":105.30756,"12":135.39544,"13":175.51266,"14":150.43944,"15":160.45414,"16":824.9017,"17":5185.0964},"Sigma":{"0":525.263792,"1":263.629834,"2":532.45582,"3":411.544077,"4":652.829641,"5":263.629834,"6":924.240532,"7":320.834186,"8":263.629834,"9":924.240532,"10":483.751279,"11":924.240532,"12":532.45582,"13":347.062299,"14":375.278376,"15":564.142309,"16":383.486289,"17":385.2436},"SNR":{"0":4.457277,"1":4.413516,"2":4.457479,"3":4.447709,"4":4.462365,"5":4.413516,"6":4.46725,"7":4.539668,"8":4.413516,"9":4.46725,"10":4.563505,"11":4.46725,"12":4.457479,"13":4.437939,"14":4.442824,"15":5.453292,"16":4.061125,"17":5.498026}}