{"Time":{"0":1606.564,"1":1666.511,"2":1736.525,"3":1800.075,"4":1893.963,"5":1976.193,"6":2072.047,"7":2155.819,"8":5687.468,"9":5868.263,"10":6063.489,"11":6356.003,"12":7492.814,"13":7771.281,"14":11519.11,"15":12067.941,"16":17519.17,"17":32108.683},"TimePos":{"0":27.639,"1":40.404,"2":30.566,"3":37.221,"4":48.64,"5":39.122,"6":46.067,"7":85.15,"8":59.323,"9":96.665,"10":117.067,"11":115.397,"12":82.625,"13":207.359,"14":285.411,"15":225.5,"16":5306.813,"17":10386.858},"TimeNeg":{"0":-17.493,"1":-32.308,"2":-29.61,"3":-32.984,"4":-56.667,"5":-33.59,"6":-56.733,"7":-37.704,"8":-88.608,"9":-121.472,"10":-98.562,"11":-175.446,"12":-135.511,"13":-195.843,"14":-316.345,"15":-263.42,"16":-537.897,"17":-3558.967},"Rate":{"0":0.9963118,"1":0.6126675,"2":0.760283,"3":0.6552615,"4":0.4288887,"5":0.6246507,"6":0.4418352,"7":0.3860068,"8":0.1659081,"9":0.1127338,"10":0.1138691,"11":0.09234557,"12":0.1187206,"13":0.05363593,"14":0.04070269,"15":0.05234782,"16":0.02647653,"17":0.01134834},"RatePos":{"0":0.2236458,"1":0.1383321,"2":0.1706635,"3":0.1472316,"4":0.09655495,"5":0.1414513,"6":0.09966328,"7":0.08525254,"8":0.03737987,"9":0.0253121,"10":0.0256907,"11":0.01991136,"12":0.02670682,"13":0.01426674,"14":0.01064161,"15":0.01324119,"16":0.005186495,"17":0.002589597},"RateNeg":{"0":-0.2236458,"1":-0.1383321,"2":-0.1706635,"3":-0.1472316,"4":-0.09655495,"5":-0.1414513,"6":-0.09966328,"7":-0.08525254,"8":-0.03737987,"9":-0.0253121,"10":-0.0256907,"11":-0.01991136,"12":-0.02670682,"13":-0.01426674,"14":-0.01064161,"15":-0.01324119,"16":-0.005186495,"17":-0.002589597},"FracExp":{"0":1.0,"1":1.0,"2":1.0,"3":1.0,"4":1.0,"5":1.0,"6":1.0,"7":1.0,"8":1.0,"9":1.0,"10":1.0,"11":1.0,"12":1.0,"13":0.864365,"14":1.0,"15":1.0,"16":0.220499,"17":0.19579},"BGrate":{"0":0.001695186,"1":0.002630458,"2":0.001271388,"3":0.001362201,"4":0.001271388,"5":0.003419593,"6":0.001674511,"7":0.002023909,"8":0.00101202,"9":0.0003743522,"10":0.0008205283,"11":0.0008423085,"12":0.0005459674,"13":0.001252986,"14":0.0003085727,"15":0.0003797876,"16":0.0003665996,"17":0.0003352288},"BGerr":{"0":0.0008475929,"1":0.0008318239,"2":0.0006356941,"3":0.0006091949,"4":0.0004805394,"5":0.0009484244,"6":0.0005581702,"7":0.0005613314,"8":0.0003051355,"9":0.0001528286,"10":0.0002275736,"11":0.000198534,"12":0.0001819891,"13":0.0002181169,"14":0.0000617146,"15":0.0000759575,"16":0.000045825,"17":0.0000266694},"CorrFact":{"0":2.256892,"1":2.248925,"2":2.296307,"3":2.311178,"4":2.273475,"5":2.299575,"6":2.290748,"7":2.285279,"8":1.236408,"9":1.234609,"10":1.238631,"11":1.234569,"12":1.302621,"13":1.283557,"14":1.65334,"15":1.618399,"16":1.286274,"17":1.542772},"CtsInSrc":{"0":20.0,"1":20.0,"2":20.0,"3":20.0,"4":20.0,"5":20.0,"6":20.0,"7":21.0,"8":20.0,"9":20.0,"10":20.0,"11":22.0,"12":20.0,"13":15.0,"14":15.0,"15":16.0,"16":27.0,"17":21.0},"BGInSrc":{"0":0.076506,"1":0.191266,"2":0.076506,"3":0.095633,"4":0.133886,"5":0.248646,"6":0.17214,"7":0.248646,"8":0.14971,"9":0.08166,"10":0.17693,"11":0.24498,"12":0.119095,"13":0.436683,"14":0.185686,"15":0.185686,"16":0.472456,"17":0.915325},"Exposure":{"0":45.131628,"1":72.71214,"2":60.17556,"3":70.20484,"4":105.30728,"5":72.7122,"6":102.79996,"7":122.854392,"8":147.931668,"9":218.13652,"10":215.62906,"11":290.843152,"12":218.13626,"13":348.51354,"14":601.756108,"15":488.919392,"16":1288.7522,"17":2730.4497},"Sigma":{"0":520.831395,"1":327.505331,"2":520.831395,"3":465.398548,"4":392.577634,"5":286.409126,"6":345.554264,"7":300.90986,"8":439.757252,"9":597.475376,"10":403.963137,"11":376.76082,"12":500.798319,"13":191.580506,"14":398.908683,"15":425.835928,"16":449.185429,"17":275.814967},"SNR":{"0":4.454866,"1":4.428962,"2":4.454866,"3":4.450548,"4":4.441914,"5":4.416012,"6":4.433279,"7":4.527804,"8":4.438434,"9":4.453753,"10":4.432306,"11":4.637834,"12":4.44533,"13":3.759508,"14":3.824864,"15":3.953408,"16":5.104899,"17":4.382282}}