{"Time":{"0":146237.028},"TimePos":{"0":290943.941},"TimeNeg":{"0":-62646.627},"Rate":{"0":0.006289009},"RatePos":{"0":0.0009664435},"RateNeg":{"0":-0.0009664435},"FracExp":{"0":0.033583},"BGrate":{"0":0.0002451521},"BGerr":{"0":0.0000082547},"CorrFact":{"0":1.656267},"CtsInSrc":{"0":48.0},"BGInSrc":{"0":2.911077},"Exposure":{"0":11874.5728},"Sigma":{"0":459.992206},"SNR":{"0":6.507374}}