{"Time":{"0":10022.602,"1":10437.394,"2":15781.463,"3":16344.996,"4":21675.887,"5":35020.112},"TimePos":{"0":178.297,"1":290.036,"2":281.507,"3":447.594,"4":456.536,"5":67189.648},"TimeNeg":{"0":-167.713,"1":-236.494,"2":-272.611,"3":-282.026,"4":-340.793,"5":-12887.689},"Rate":{"0":0.05972579,"1":0.06609378,"2":0.03651087,"3":0.03480046,"4":0.02421506,"5":0.01397817},"RatePos":{"0":0.01566975,"1":0.01335257,"2":0.009544565,"3":0.008091538,"4":0.006394767,"5":0.002118601},"RateNeg":{"0":-0.01566975,"1":-0.01335257,"2":-0.009544565,"3":-0.008091538,"4":-0.006394767,"5":-0.002118601},"FracExp":{"0":1.0,"1":1.0,"2":1.0,"3":1.0,"4":1.0,"5":0.057549},"BGrate":{"0":0.0006836385,"1":0.0004728992,"2":0.0003321263,"3":0.0003456587,"4":0.0004177065,"5":0.0002708843},"BGerr":{"0":0.0001568374,"1":0.0001057435,"2":0.0000639177,"3":0.0000568259,"4":0.0000602907,"5":0.0000170641},"CorrFact":{"0":1.39979,"1":1.406018,"2":1.36551,"3":1.35435,"4":1.316385,"5":1.439436},"CtsInSrc":{"0":15.0,"1":25.0,"2":15.0,"3":19.0,"4":15.0,"5":46.0},"BGInSrc":{"0":0.236546,"1":0.248996,"2":0.184037,"3":0.252199,"4":0.333049,"5":1.248346},"Exposure":{"0":346.01024,"1":526.53016,"2":554.11838,"3":729.61922,"4":797.32846,"5":4608.41034},"Sigma":{"0":272.050354,"1":444.545221,"2":418.31745,"3":452.175945,"4":305.106827,"5":569.081451},"SNR":{"0":3.811533,"1":4.949894,"2":3.825305,"3":4.300846,"4":3.786699,"5":6.597828}}