{"Time":{"0":6070.427,"1":11583.847},"TimePos":{"0":649.644,"1":11127.932},"TimeNeg":{"0":-696.777,"1":-1509.198},"Rate":{"0":0.02210863,"1":0.0128654},"RatePos":{"0":0.004798851,"1":0.002951266},"RateNeg":{"0":-0.004798851,"1":-0.002951266},"FracExp":{"0":1.0,"1":0.168249},"BGrate":{"0":0.0006697741,"1":0.0007283002},"BGerr":{"0":0.0000632877,"1":0.0000471098},"CorrFact":{"0":1.347055,"1":1.33752},"CtsInSrc":{"0":23.0,"1":22.0},"BGInSrc":{"0":0.901797,"1":1.548505},"Exposure":{"0":1346.4201,"1":2126.1904},"Sigma":{"0":259.332561,"1":204.179161},"SNR":{"0":4.607067,"1":4.35928}}