{"Time":{"0":196.41,"1":308.279,"2":575.996,"3":1196.83,"4":5376.793,"5":6567.18,"6":51154.276,"7":51542.751,"8":51938.865,"9":52355.117,"10":52800.626,"11":86543.193,"12":87239.213,"13":89032.789,"14":152520.071,"15":215517.718,"16":234301.28,"17":242471.339,"18":290756.869,"19":303176.598,"20":318906.765,"21":382707.24,"22":461851.77,"23":586141.689,"24":682949.153,"25":799684.89,"26":927697.427,"27":1220192.652,"28":1597598.358,"29":2124905.4640000002},"TimePos":{"0":18.153,"1":116.898,"2":295.482,"3":369.168,"4":408.38,"5":775.022,"6":202.116,"7":142.098,"8":229.895,"9":182.218,"10":188.016,"11":423.862,"12":199.216,"13":3158.092,"14":3944.026,"15":11507.819,"16":4242.446,"17":5186.383,"18":4726.454,"19":3886.689,"20":5498.231,"21":23537.562,"22":30852.75,"23":16663.395,"24":57916.064,"25":34120.007,"26":73027.057,"27":225972.637,"28":199986.456,"29":361314.76},"TimeNeg":{"0":-14.442,"1":-93.716,"2":-150.819,"3":-325.352,"4":-306.204,"5":-782.008,"6":-148.908,"7":-186.36,"8":-254.016,"9":-186.356,"10":-263.291,"11":-340.867,"12":-272.158,"13":-1594.36,"14":-3234.513,"15":-6293.409,"16":-2758.928,"17":-665.191,"18":-18479.117,"19":-3250.388,"20":-7460.752,"21":-24556.451,"22":-16993.359,"23":-13287.909,"24":-46410.321,"25":-52628.373,"26":-66211.65,"27":-168685.6,"28":-147288.325,"29":-298791.832},"Rate":{"0":1.377592,"1":0.1758363,"2":0.04125213,"3":0.03009354,"4":0.02758091,"5":0.02243784,"6":0.054394,"7":0.05820352,"8":0.03905458,"9":0.05131717,"10":0.04451755,"11":0.02592913,"12":0.04302854,"13":0.02932848,"14":0.01266529,"15":0.01018637,"16":0.00744944,"17":0.01296643,"18":0.009784985,"19":0.01071951,"20":0.009054474,"21":0.00547853,"22":0.004239704,"23":0.003558044,"24":0.001883462,"25":0.001786932,"26":0.001306344,"27":0.0003614525,"28":0.0004458748,"29":0.0005430236},"RatePos":{"0":0.3085032,"1":0.0398334,"2":0.01094579,"3":0.007689781,"4":0.007318281,"5":0.004494849,"6":0.01434267,"7":0.01522709,"8":0.01029171,"9":0.01351497,"10":0.01142199,"11":0.006963126,"12":0.01131293,"13":0.005740557,"14":0.003132516,"15":0.002855737,"16":0.002057307,"17":0.003505945,"18":0.002255881,"19":0.002401,"20":0.002041416,"21":0.001149213,"22":0.0008453495,"23":0.0009470703,"24":0.0005890784,"25":0.0004450169,"26":0.0003765654,"27":0.0001488944,"28":0.0001667873,"29":0.0001839115},"RateNeg":{"0":-0.3085032,"1":-0.0398334,"2":-0.01094579,"3":-0.007689781,"4":-0.007318281,"5":-0.004494849,"6":-0.01434267,"7":-0.01522709,"8":-0.01029171,"9":-0.01351497,"10":-0.01142199,"11":-0.006963126,"12":-0.01131293,"13":-0.005740557,"14":-0.003132516,"15":-0.002855737,"16":-0.002057307,"17":-0.003505945,"18":-0.002255881,"19":-0.002401,"20":-0.002041416,"21":-0.001149213,"22":-0.0008453495,"23":-0.0009470703,"24":-0.0005890784,"25":-0.0004450169,"26":-0.0003765654,"27":-0.0001488944,"28":-0.0001667873,"29":-0.0001839115},"FracExp":{"0":1.0,"1":0.999996,"2":1.0,"3":1.0,"4":1.0,"5":1.0,"6":1.0,"7":1.0,"8":1.0,"9":1.0,"10":1.0,"11":1.0,"12":1.0,"13":0.262734,"14":0.553255,"15":0.101694,"16":0.486679,"17":0.304651,"18":0.121445,"19":0.386086,"20":0.319048,"21":0.146025,"22":0.214435,"23":0.210872,"24":0.097094,"25":0.17946,"26":0.129418,"27":0.106878,"28":0.123692,"29":0.059299},"BGrate":{"0":0.0009165415,"1":0.001219126,"2":0.0008976723,"3":0.001996778,"4":0.0005627938,"5":0.0006792043,"6":0.0008846094,"7":0.0005942418,"8":0.0006233528,"9":0.0007943454,"10":0.0009042856,"11":0.0007528031,"12":0.0005688269,"13":0.0007705025,"14":0.0003458335,"15":0.0006525264,"16":0.0004439063,"17":0.0003784727,"18":0.0005854833,"19":0.0003834867,"20":0.0002888487,"21":0.0003942217,"22":0.000299301,"23":0.0003257329,"24":0.0003165057,"25":0.0002401163,"26":0.0001819652,"27":0.0001490374,"28":0.0001234804,"29":0.0001564984},"BGerr":{"0":0.0006480927,"1":0.0002956816,"2":0.000176048,"3":0.0002104788,"4":0.0000765865,"5":0.0000569976,"6":0.0001495263,"7":0.0001266928,"8":0.0001069041,"9":0.0001382778,"10":0.0001333296,"11":0.0000881089,"12":0.000097553,"13":0.000069758,"14":0.0000193327,"15":0.0000506459,"16":0.0000260222,"17":0.0000304982,"18":0.0000372534,"19":0.000026093,"20":0.0000154396,"21":0.0000160673,"22":0.0000103269,"23":0.0000141757,"24":0.0000107615,"25":0.0000067431,"26":0.0000046204,"27":0.0000024548,"28":0.0000020695,"29":0.0000027043},"CorrFact":{"0":2.24849,"1":1.875755,"2":1.261073,"3":1.258071,"4":1.350123,"5":1.346687,"6":1.299814,"7":1.291297,"8":1.285786,"9":1.286047,"10":1.288561,"11":1.374677,"12":1.376778,"13":1.354411,"14":2.853715,"15":1.334426,"16":1.752097,"17":1.613588,"18":1.355091,"19":1.410372,"20":1.799314,"21":1.524902,"22":1.557467,"23":1.409561,"24":1.491213,"25":1.444231,"26":1.599096,"27":1.569578,"28":1.790648,"29":1.651083},"CtsInSrc":{"0":20.0,"1":20.0,"2":15.0,"3":18.0,"4":15.0,"5":27.0,"6":15.0,"7":15.0,"8":15.0,"9":15.0,"10":16.0,"11":15.0,"12":15.0,"13":28.0,"14":19.0,"15":15.0,"16":16.0,"17":15.0,"18":22.0,"19":22.0,"20":22.0,"21":28.0,"22":31.0,"23":18.0,"24":16.0,"25":23.0,"26":18.0,"27":16.0,"28":16.0,"29":19.0},"BGInSrc":{"0":0.029875,"1":0.256764,"2":0.400632,"3":1.386803,"4":0.402164,"5":1.057541,"6":0.310519,"7":0.195183,"8":0.301647,"9":0.292775,"10":0.408111,"11":0.575691,"12":0.26813,"13":0.962073,"14":1.373499,"15":1.181249,"16":1.512576,"17":0.6747,"18":1.650012,"19":1.056706,"20":1.194256,"21":2.768598,"22":3.070789,"23":2.057293,"24":3.206042,"25":3.738088,"26":3.279006,"27":6.286445,"28":5.304106,"29":6.125966},"Exposure":{"0":32.595008,"1":210.613312,"2":446.30088,"3":694.5204,"4":714.58416,"5":1557.02964,"6":351.02398,"7":328.45796,"8":483.91078,"9":368.57412,"10":451.30746,"11":764.72954,"12":471.37352,"13":1248.63124,"14":3971.5632,"15":1810.2706,"16":3407.4207,"17":1782.6903,"18":2818.2052,"19":2755.5227,"20":4134.5377,"21":7022.9473,"22":10259.8716,"23":6315.8887,"24":10129.492,"25":15567.8257,"26":18019.9651,"27":42180.3079,"28":42955.0636,"29":39143.9676},"Sigma":{"0":945.349864,"1":317.035756,"2":185.812611,"3":113.647469,"4":266.736643,"5":292.319664,"6":279.867276,"7":355.771688,"8":284.124644,"9":288.571512,"10":259.119154,"11":214.075606,"12":320.370124,"13":310.416685,"14":229.568662,"15":150.723586,"16":163.388165,"17":263.483636,"18":193.831999,"19":291.284622,"20":325.92666,"21":223.604085,"22":263.601731,"23":178.066767,"24":117.366387,"25":183.488757,"26":176.807558,"27":93.810344,"28":120.317789,"29":121.617927},"SNR":{"0":4.465406,"1":4.414294,"2":3.768765,"3":3.913446,"4":3.768769,"5":4.991901,"6":3.792459,"7":3.822367,"8":3.79476,"9":3.79706,"10":3.897531,"11":3.723777,"12":3.803484,"13":5.108996,"14":4.043169,"15":3.566987,"16":3.620967,"17":3.698412,"18":4.337546,"19":4.464601,"20":4.435389,"21":4.767203,"22":5.015326,"23":3.756896,"24":3.197302,"25":4.015424,"26":3.469104,"27":2.427575,"28":2.673313,"29":2.952635}}