{"Time":{"0":394.985,"1":417.729,"2":450.698,"3":489.926,"4":525.063,"5":563.412,"6":610.814,"7":668.392,"8":729.591,"9":809.336,"10":886.562,"11":977.63,"12":1103.379,"13":1179.543,"14":1274.1,"15":1375.03,"16":1468.39,"17":1565.98,"18":1726.366,"19":11789.346,"20":12788.022,"21":17783.503,"22":24006.455,"23":24091.829,"24":24236.747,"25":24392.151,"26":24535.621,"27":24702.42,"28":24906.826,"29":29536.143,"30":29725.921,"31":29925.742,"32":30144.797,"33":30346.122,"34":30543.848,"35":30742.064,"36":35231.442,"37":35408.611,"38":35620.483,"39":35880.464,"40":52216.677,"41":75566.418,"42":81141.553,"43":140394.113,"44":225666.083},"TimePos":{"0":8.575,"1":15.918,"2":20.559,"3":16.433,"4":16.399,"5":13.152,"6":25.925,"7":26.016,"8":27.5,"9":35.511,"10":25.983,"11":57.773,"12":47.361,"13":46.417,"14":49.646,"15":38.979,"16":50.926,"17":31.064,"18":133.935,"19":100.114,"20":207.167,"21":740.463,"22":41.772,"23":81.764,"24":52.182,"25":84.827,"26":66.724,"27":100.51,"28":59.079,"29":86.8,"30":105.13,"31":125.954,"32":94.948,"33":94.209,"34":77.01,"35":159.601,"36":75.919,"37":96.829,"38":113.124,"39":181.594,"40":283.986,"41":393.983,"42":579.662,"43":32887.265,"44":10614.413},"TimeNeg":{"0":-11.484,"1":-14.17,"2":-17.051,"3":-18.669,"4":-18.704,"5":-21.95,"6":-34.25,"7":-31.652,"8":-35.183,"9":-52.245,"10":-41.715,"11":-65.085,"12":-67.975,"13":-28.803,"14":-48.14,"15":-51.285,"16":-54.381,"17":-46.663,"18":-129.322,"19":-486.598,"20":-281.761,"21":-259.955,"22":-58.521,"23":-43.602,"24":-63.155,"25":-103.222,"26":-58.642,"27":-100.076,"28":-103.896,"29":-103.756,"30":-102.978,"31":-94.691,"32":-93.101,"33":-106.377,"34":-103.517,"35":-121.206,"36":-87.056,"37":-101.249,"38":-115.042,"39":-146.857,"40":-335.317,"41":-461.006,"42":-598.769,"43":-30356.346,"44":-25199.301},"Rate":{"0":5.10781,"1":3.564614,"2":2.597155,"3":2.75737,"4":3.022242,"5":2.93298,"6":1.699428,"7":1.684703,"8":1.518489,"9":1.109143,"10":1.443398,"11":0.7853936,"12":0.8795875,"13":1.299013,"14":0.9890547,"15":1.126974,"16":0.905047,"17":1.245309,"18":0.7019137,"19":0.4700801,"20":0.5881383,"21":0.3561208,"22":0.240154,"23":0.1919863,"24":0.2874219,"25":0.1339207,"26":0.1925298,"27":0.2411,"28":0.1659552,"29":0.1324365,"30":0.1206778,"31":0.1146526,"32":0.1341002,"33":0.1251934,"34":0.1385466,"35":0.1068565,"36":0.1648512,"37":0.1294455,"38":0.08457187,"39":0.101694,"40":0.04760032,"41":0.02237654,"42":0.02916852,"43":0.004273753,"44":0.003440345},"RatePos":{"0":1.119452,"1":0.7631252,"2":0.5860581,"3":0.6241154,"4":0.6524145,"5":0.6418775,"6":0.3724547,"7":0.3795805,"8":0.3452865,"9":0.2506649,"10":0.3252123,"11":0.1783151,"12":0.1947457,"13":0.2922355,"14":0.223184,"15":0.2477093,"16":0.2064315,"17":0.2801539,"18":0.1156133,"19":0.09213965,"20":0.11794,"21":0.06262066,"22":0.05393952,"23":0.04355782,"24":0.06441101,"25":0.03079992,"26":0.04314673,"27":0.05497788,"28":0.03756592,"29":0.02981683,"30":0.02738861,"31":0.02587209,"32":0.03029528,"33":0.02834812,"34":0.03144405,"35":0.02218987,"36":0.03628187,"37":0.02918365,"38":0.02201098,"39":0.02012807,"40":0.01110313,"41":0.005911012,"42":0.005836605,"43":0.001077228,"44":0.001172762},"RateNeg":{"0":-1.119452,"1":-0.7631252,"2":-0.5860581,"3":-0.6241154,"4":-0.6524145,"5":-0.6418775,"6":-0.3724547,"7":-0.3795805,"8":-0.3452865,"9":-0.2506649,"10":-0.3252123,"11":-0.1783151,"12":-0.1947457,"13":-0.2922355,"14":-0.223184,"15":-0.2477093,"16":-0.2064315,"17":-0.2801539,"18":-0.1156133,"19":-0.09213965,"20":-0.11794,"21":-0.06262066,"22":-0.05393952,"23":-0.04355782,"24":-0.06441101,"25":-0.03079992,"26":-0.04314673,"27":-0.05497788,"28":-0.03756592,"29":-0.02981683,"30":-0.02738861,"31":-0.02587209,"32":-0.03029528,"33":-0.02834812,"34":-0.03144405,"35":-0.02218987,"36":-0.03628187,"37":-0.02918365,"38":-0.02201098,"39":-0.02012807,"40":-0.01110313,"41":-0.005911012,"42":-0.005836605,"43":-0.001077228,"44":-0.0009661452},"FracExp":{"0":1.0,"1":1.0,"2":1.0,"3":1.0,"4":1.0,"5":1.0,"6":1.0,"7":1.0,"8":1.0,"9":1.0,"10":1.0,"11":1.0,"12":1.0,"13":1.0,"14":1.0,"15":1.0,"16":1.0,"17":1.0,"18":1.0,"19":0.119657,"20":0.107691,"21":0.115288,"22":1.0,"23":1.0,"24":0.999981,"25":0.999998,"26":1.0,"27":0.999986,"28":0.999989,"29":1.0,"30":1.0,"31":1.0,"32":1.0,"33":1.0,"34":1.0,"35":1.0,"36":1.0,"37":1.0,"38":1.0,"39":1.0,"40":1.0,"41":1.0,"42":1.0,"43":0.090748,"44":0.158712},"BGrate":{"0":0.004456815,"1":0.002971198,"2":0.004753919,"3":0.006791313,"4":0.007640223,"5":0.001697829,"6":0.0014856,"7":0.002583651,"8":0.005229308,"9":0.002376958,"10":0.002200889,"11":0.002425467,"12":0.00258365,"13":0.001584638,"14":0.001828428,"15":0.001650665,"16":0.003678624,"17":0.00153352,"18":0.002150678,"19":0.006873325,"20":0.001237257,"21":0.002823822,"22":0.0008756958,"23":0.002276809,"24":0.0003769045,"25":0.002918991,"26":0.000350278,"27":0.001913815,"28":0.001477623,"29":0.000707125,"30":0.00140289,"31":0.0008142647,"32":0.001074829,"33":0.001231575,"34":0.001617219,"35":0.001439569,"36":0.00108728,"37":0.0008200472,"38":0.0005177518,"39":0.000719337,"40":0.0005033576,"41":0.0003944962,"42":0.0004374511,"43":0.000203154,"44":0.0001309657},"BGerr":{"0":0.002573143,"1":0.001715422,"2":0.001940779,"3":0.002401092,"4":0.002546741,"5":0.001200547,"6":0.0008577115,"7":0.001155444,"8":0.001576696,"9":0.0008984058,"10":0.0009842676,"11":0.0007669999,"12":0.0008170218,"13":0.0007923188,"14":0.0007464528,"15":0.0007381999,"16":0.001020267,"17":0.00076676,"18":0.0004933994,"19":0.001774685,"20":0.0008748725,"21":0.0008929708,"22":0.0004378479,"23":0.0006314731,"24":0.0002665117,"25":0.0005837982,"26":0.000247684,"27":0.0004510904,"28":0.0004455201,"29":0.0002886826,"30":0.0003890917,"31":0.000287886,"32":0.0003582763,"33":0.0003713338,"34":0.0004485358,"35":0.0003393098,"36":0.0003138706,"37":0.0002472535,"38":0.0001830529,"39":0.0001798342,"40":0.0000795878,"41":0.0000594725,"42":0.0000551137,"43":0.0000113038,"44":0.0000076251},"CorrFact":{"0":4.899663,"1":4.89496,"2":4.927977,"3":4.897905,"4":4.881701,"5":4.916561,"6":4.890542,"7":4.89416,"8":4.838473,"9":4.918003,"10":4.922399,"11":4.897595,"12":4.90043,"13":4.914856,"14":4.879382,"15":4.878645,"16":4.859538,"17":4.868723,"18":4.936272,"19":1.244527,"20":1.241933,"21":1.257057,"22":1.209597,"23":1.220851,"24":1.661093,"25":1.294714,"26":1.20949,"27":2.465348,"28":1.368792,"29":1.27039,"30":1.274301,"31":1.276337,"32":1.273744,"33":1.271304,"34":1.269098,"35":1.271673,"36":1.290257,"37":1.292515,"38":1.296642,"39":1.296454,"40":1.577408,"41":1.304787,"42":1.348784,"43":1.457044,"44":1.737304},"CtsInSrc":{"0":21.0,"1":22.0,"2":20.0,"3":20.0,"4":22.0,"5":21.0,"6":21.0,"7":20.0,"8":20.0,"9":20.0,"10":20.0,"11":20.0,"12":21.0,"13":20.0,"14":20.0,"15":21.0,"16":20.0,"17":20.0,"18":38.0,"19":27.0,"20":25.0,"21":33.0,"22":20.0,"23":20.0,"24":20.0,"25":20.0,"26":20.0,"27":20.0,"28":20.0,"29":20.0,"30":20.0,"31":20.0,"32":20.0,"33":20.0,"34":20.0,"35":24.0,"36":21.0,"37":20.0,"38":15.0,"39":26.0,"40":19.0,"41":15.0,"42":26.0,"43":18.0,"44":12.0},"BGInSrc":{"0":0.089397,"1":0.089397,"2":0.178794,"3":0.238392,"4":0.268191,"5":0.059598,"6":0.089397,"7":0.148995,"8":0.327789,"9":0.208593,"10":0.148995,"11":0.29799,"12":0.29799,"13":0.119196,"14":0.178794,"15":0.148995,"16":0.387387,"17":0.119196,"18":0.566181,"19":0.482538,"20":0.065146,"21":0.325688,"22":0.087826,"23":0.285434,"24":0.04347,"25":0.548912,"26":0.043913,"27":0.383879,"28":0.240813,"29":0.134747,"30":0.291952,"31":0.179663,"32":0.202121,"33":0.247036,"34":0.291952,"35":0.404241,"36":0.1772,"37":0.162434,"38":0.118134,"39":0.236267,"40":0.311731,"41":0.33729,"42":0.515506,"43":1.165943,"44":0.744415},"Exposure":{"0":20.05848,"1":30.08784,"2":37.60978,"3":35.10246,"4":35.10248,"5":35.10244,"6":60.17564,"7":57.66834,"8":62.683,"9":87.7562,"10":67.69758,"11":122.85874,"12":115.33674,"13":75.21966,"14":97.78554,"15":90.26354,"16":105.3075,"17":77.727,"18":263.25674,"19":70.2044,"20":52.6533,"21":115.3358,"22":100.292748,"23":125.36596,"24":115.334452,"25":188.04858,