{"Time":{"0":322.54,"1":361.71,"2":453.011,"3":634.762,"4":16651.468,"5":78474.861},"TimePos":{"0":16.31,"1":37.315,"2":51.321,"3":996.121,"4":13203.034,"5":78756.472},"TimeNeg":{"0":-16.285,"1":-22.86,"2":-53.986,"3":-130.43,"4":-11744.699,"5":-44681.754},"Rate":{"0":3.130593,"1":1.530993,"2":0.8843843,"3":0.03837168,"4":0.004037202,"5":0.0003191105},"RatePos":{"0":0.6679903,"1":0.3438854,"2":0.1984677,"3":0.006991448,"4":0.001021096,"5":0.0001494419},"RateNeg":{"0":-0.6679903,"1":-0.3438854,"2":-0.1984677,"3":-0.006991448,"4":-0.001021096,"5":-0.0001208119},"FracExp":{"0":1.0,"1":1.0,"2":1.0,"3":0.961468,"4":0.267738,"5":0.335374},"BGrate":{"0":0.0005465346,"1":0.001480197,"2":0.0006766619,"3":0.0008717654,"4":0.0001832316,"5":0.000059017},"BGerr":{"0":0.0005465346,"1":0.0006619644,"2":0.000338331,"3":0.0001245379,"4":0.0000087452,"5":0.0000013965},"CorrFact":{"0":4.642015,"1":4.62701,"2":4.673238,"3":1.338303,"4":1.607421,"5":1.748121},"CtsInSrc":{"0":22.0,"1":20.0,"2":20.0,"3":32.0,"4":18.0,"5":10.0},"BGInSrc":{"0":0.017814,"1":0.089071,"2":0.071257,"3":0.944247,"4":1.223885,"5":2.443187},"Exposure":{"0":32.594988,"1":60.17538,"2":105.30688,"3":1083.14302,"4":6679.4472,"5":41398.030299},"Sigma":{"0":1233.963659,"1":499.848058,"2":559.347118,"3":230.226157,"4":287.198957,"5":3.628875},"SNR":{"0":4.686584,"1":4.452042,"2":4.456061,"3":5.488373,"4":3.953793,"5":2.641384}}