{"Time":{"0":3626.207,"1":4509.762,"2":5193.717,"3":9458.163,"4":10614.193,"5":15736.499,"6":48447.172,"7":140987.167,"8":283294.066},"TimePos":{"0":458.367,"1":259.308,"2":553.19,"3":351.638,"4":910.61,"5":1556.125,"6":3164.183,"7":60724.422,"8":96346.6},"TimeNeg":{"0":-421.703,"1":-425.189,"2":-424.646,"3":-478.285,"4":-804.393,"5":-823.303,"6":-3255.868,"7":-39260.436,"8":-30025.604},"Rate":{"0":0.05519771,"1":0.07237192,"2":0.05363988,"3":0.02282682,"4":0.01607499,"5":0.01368473,"6":0.006836833,"7":0.00172725,"8":0.0007633906},"RatePos":{"0":0.01453031,"1":0.01891933,"2":0.01369693,"3":0.006041575,"4":0.003525579,"5":0.002851389,"6":0.00181473,"7":0.0003964213,"8":0.0003525876},"RateNeg":{"0":-0.01453031,"1":-0.01891933,"2":-0.01369693,"3":-0.006041575,"4":-0.003525579,"5":-0.002851389,"6":-0.00181473,"7":-0.0003964213,"8":-0.0002778961},"FracExp":{"0":1.0,"1":1.0,"2":1.0,"3":1.0,"4":0.998529,"5":1.0,"6":0.464745,"7":0.172704,"8":0.109262},"BGrate":{"0":0.00032539,"1":0.0002689453,"2":0.0003416662,"3":0.000440199,"4":0.0003571036,"5":0.0004201569,"6":0.0001367919,"7":0.0000904495,"8":0.0000760388},"BGerr":{"0":0.0000502088,"1":0.0000517585,"2":0.0000488094,"3":0.0000649038,"4":0.0000406957,"5":0.0000367093,"6":0.0000130426,"7":0.000003294,"8":0.0000030151},"CorrFact":{"0":3.301551,"1":3.343594,"2":3.348098,"3":1.294494,"4":1.287053,"5":1.356728,"6":1.39797,"7":1.459319,"8":1.516643},"CtsInSrc":{"0":15.0,"1":15.0,"2":16.0,"3":15.0,"4":22.0,"5":25.0,"6":15.0,"7":22.0,"8":8.0},"BGInSrc":{"0":0.286366,"1":0.184092,"2":0.334093,"3":0.365331,"4":0.611533,"5":0.999733,"6":0.408144,"7":1.561862,"8":1.04992},"Exposure":{"0":880.06934,"1":684.49716,"2":977.8357,"3":829.92268,"4":1712.47952,"5":2379.4277,"6":2983.687,"7":17267.7751,"8":13807.7011},"Sigma":{"0":332.984112,"1":418.190906,"2":328.235609,"3":271.690921,"4":306.906047,"5":274.768973,"6":374.96712,"7":359.322406,"8":4.29011},"SNR":{"0":3.798797,"1":3.825291,"2":3.916198,"3":3.77829,"4":4.559533,"5":4.799321,"6":3.767411,"7":4.357105,"8":2.747036}}