{"Time":{"0":64045.113,"1":514843.821},"TimePos":{"0":5181.308,"1":13277.278},"TimeNeg":{"0":-5583.328,"1":-16447.836},"Rate":{"0":0.01892602,"1":0.003231414},"RatePos":{"0":0.006005647,"1":0.001417636},"RateNeg":{"0":-0.004984823,"1":-0.001117327},"FracExp":{"0":0.103417,"1":0.113281},"BGrate":{"0":0.0004197509,"1":0.0002029179},"BGerr":{"0":0.0000576572,"1":0.0000150413},"CorrFact":{"0":1.6811,"1":1.487106},"CtsInSrc":{"0":13.0,"1":8.0},"BGInSrc":{"0":0.467284,"1":0.683286},"Exposure":{"0":1113.2412,"1":3367.3039},"Sigma":{"0":195.25503,"1":4.937982},"SNR":{"0":3.796728,"1":2.892095}}