{"Time":{"0":3261.828,"1":5136.011,"2":5510.895,"3":12745.674},"TimePos":{"0":188.326,"1":184.406,"2":195.644,"3":4527.321},"TimeNeg":{"0":-140.13,"1":-261.896,"2":-190.478,"3":-3840.806},"Rate":{"0":0.1164292,"1":0.0426404,"2":0.04934558,"3":0.01209373},"RatePos":{"0":0.02110417,"1":0.01116132,"2":0.01287212,"3":0.002788688},"RateNeg":{"0":-0.02110417,"1":-0.01116132,"2":-0.01287212,"3":-0.002788688},"FracExp":{"0":1.0,"1":1.0,"2":1.0,"3":0.278052},"BGrate":{"0":0.0008540761,"1":0.0004546685,"2":0.0003941492,"3":0.0002595143},"BGerr":{"0":0.0002282614,"1":0.0000928088,"2":0.0000929018,"3":0.0000263497},"CorrFact":{"0":1.244875,"1":1.286098,"2":1.283246,"3":1.45077},"CtsInSrc":{"0":31.0,"1":15.0,"2":15.0,"3":20.0},"BGInSrc":{"0":0.280527,"1":0.202919,"2":0.15219,"3":0.603831},"Exposure":{"0":328.4563,"1":446.3019,"2":386.1217,"3":2326.7744},"Sigma":{"0":409.735539,"1":357.238361,"2":413.917542,"3":316.36342},"SNR":{"0":5.51688,"1":3.820371,"2":3.833524,"3":4.336708}}