{"Time":{"0":200.105,"1":307.203,"2":450.268,"3":599.461,"4":719.381,"5":779.345,"6":853.482,"7":925.601,"8":1049.26,"9":1243.694,"10":1464.096,"11":1643.648,"12":1968.88,"13":2204.559,"14":2511.814,"15":6360.551,"16":7490.828,"17":12848.471,"18":32094.238},"TimePos":{"0":56.279,"1":51.981,"2":74.398,"3":68.122,"4":35.957,"5":33.662,"6":22.207,"7":42.858,"8":94.712,"9":113.399,"10":86.06,"11":149.717,"12":115.334,"13":117.85,"14":244.352,"15":296.57,"16":1036.736,"17":6787.935,"18":16670.705},"TimeNeg":{"0":-60.762,"1":-50.819,"2":-91.085,"3":-74.795,"4":-51.799,"5":-24.007,"6":-40.476,"7":-49.912,"8":-80.8,"9":-99.722,"10":-107.003,"11":-93.492,"12":-175.515,"13":-120.345,"14":-189.406,"15":-449.759,"16":-833.707,"17":-1060.547,"18":-1926.039},"Rate":{"0":0.3877012,"1":0.4248496,"2":0.2588246,"3":0.1990639,"4":0.662628,"5":1.194654,"6":1.222463,"7":0.7482927,"8":0.3914844,"9":0.1766687,"10":0.1332574,"11":0.08943716,"12":0.06287189,"13":0.09699682,"14":0.05322329,"15":0.02537045,"16":0.01971019,"17":0.011161,"18":0.004957769},"RatePos":{"0":0.08836424,"1":0.0957358,"2":0.05877931,"3":0.04511865,"4":0.1488122,"5":0.2685685,"6":0.2613922,"7":0.1680421,"8":0.0881987,"9":0.04030893,"10":0.0293928,"11":0.02161874,"12":0.01650466,"13":0.0227901,"14":0.01246006,"15":0.007261069,"16":0.003830948,"17":0.002809984,"18":0.00198088},"RateNeg":{"0":-0.08836424,"1":-0.0957358,"2":-0.05877931,"3":-0.04511865,"4":-0.1488122,"5":-0.2685685,"6":-0.2613922,"7":-0.1680421,"8":-0.0881987,"9":-0.04030893,"10":-0.0293928,"11":-0.02161874,"12":-0.01650466,"13":-0.0227901,"14":-0.01246006,"15":-0.007261069,"16":-0.003830948,"17":-0.002809984,"18":-0.001582828},"FracExp":{"0":0.771209,"1":1.0,"2":1.0,"3":0.999991,"4":0.999993,"5":1.0,"6":1.0,"7":1.0,"8":1.0,"9":0.99999,"10":1.0,"11":1.0,"12":1.0,"13":1.0,"14":1.0,"15":0.964184,"16":1.0,"17":0.247264,"18":0.124982},"BGrate":{"0":0.00414683,"1":0.001480818,"2":0.001839804,"3":0.001861173,"4":0.0009760425,"5":0.001834837,"6":0.00101283,"7":0.0009124594,"8":0.0008440248,"9":0.001853288,"10":0.001148115,"11":0.001822781,"12":0.0008383215,"13":0.001861153,"14":0.0008687339,"15":0.002032014,"16":0.0004128386,"17":0.0003203877,"18":0.0002336209},"BGerr":{"0":0.001005754,"1":0.0005596966,"2":0.0004917084,"3":0.0005372745,"4":0.0004880213,"5":0.0008205638,"6":0.0005847579,"7":0.0004562297,"8":0.0003190114,"9":0.0004368242,"10":0.0003630659,"11":0.0004075861,"12":0.0002527634,"13":0.0004161665,"14":0.0002106989,"15":0.0001523059,"16":0.000042581,"17":0.0000300071,"18":0.0000189492},"CorrFact":{"0":1.783125,"1":2.200469,"2":2.17465,"3":1.441637,"4":2.919959,"5":3.462995,"6":3.49314,"7":3.485728,"8":3.461142,"9":1.920502,"10":1.238168,"11":1.238955,"12":1.239223,"13":1.245058,"14":1.239637,"15":1.348563,"16":1.354012,"17":1.322462,"18":1.362561},"CtsInSrc":{"0":20.0,"1":20.0,"2":20.0,"3":20.0,"4":20.0,"5":20.0,"6":22.0,"7":20.0,"8":20.0,"9":20.0,"10":21.0,"11":18.0,"12":15.0,"13":19.0,"14":19.0,"15":15.0,"16":28.0,"17":17.0,"18":9.0},"BGInSrc":{"0":0.374305,"1":0.152228,"2":0.304455,"3":0.26599,"4":0.085653,"5":0.105812,"6":0.063487,"7":0.084649,"8":0.148136,"9":0.394971,"10":0.221659,"11":0.443317,"12":0.243824,"13":0.443317,"14":0.37682,"15":1.462234,"16":0.772191,"17":0.62176,"18":0.542997},"Exposure":{"0":90.26298,"1":102.79968,"2":165.4824,"3":142.91538,"4":87.75524,"5":57.66816,"6":62.68274,"7":92.7705,"8":175.5118,"9":213.11922,"10":193.06304,"11":243.20928,"12":290.84838,"13":238.1949,"14":433.7572,"15":719.59824,"16":1870.44266,"17":1940.6502,"18":2324.2671},"Sigma":{"0":216.184017,"1":344.958898,"2":242.051947,"3":257.004169,"4":465.001416,"5":420.414571,"6":598.471541,"7":470.53778,"8":354.559235,"9":210.590204,"10":296.432852,"11":177.109933,"12":200.721052,"13":187.197826,"14":203.772158,"15":123.52081,"16":341.862841,"17":281.252613,"18":192.017384},"SNR":{"0":4.387535,"1":4.43773,"2":4.403329,"3":4.412008,"4":4.452779,"5":4.448227,"6":4.676737,"7":4.453008,"8":4.438664,"9":4.382868,"10":4.533675,"11":4.137021,"12":3.809342,"13":4.256095,"14":4.271512,"15":3.494037,"16":5.144989,"17":3.97191,"18":3.132222}}