{"Time":{"0":24884.036,"1":26597.588,"2":31435.917},"TimePos":{"0":147.831,"1":99.268,"2":4647.621},"TimeNeg":{"0":-185.64,"1":-169.013,"2":-1040.936},"Rate":{"0":0.08071112,"1":0.09697247,"2":0.07058171},"RatePos":{"0":0.02017778,"1":0.02424312,"2":0.01268727},"RateNeg":{"0":-0.02017778,"1":-0.02424312,"2":-0.01268727},"FracExp":{"0":1.0,"1":1.0,"2":0.131347},"BGrate":{"0":0.0,"1":0.0,"2":0.00003395},"BGerr":{"0":0.0,"1":0.0,"2":0.000019601},"CorrFact":{"0":1.682176,"1":1.625992,"2":1.702584},"CtsInSrc":{"0":16.0,"1":16.0,"2":31.0},"BGInSrc":{"0":0.0,"1":0.0,"2":0.025367},"Exposure":{"0":333.4709,"1":268.2811,"2":747.1754},"Sigma":{"0":1000.0,"1":1000.0,"2":2114.970812},"SNR":{"0":4.0,"1":4.0,"2":5.563189}}