{"Time":{"0":36876.932,"1":37164.271,"2":41873.369,"3":42181.094,"4":42389.058,"5":42641.418,"6":42973.483,"7":47565.498,"8":47833.243,"9":48166.752,"10":48397.735,"11":49948.823,"12":433561.143},"TimePos":{"0":131.509,"1":195.191,"2":198.704,"3":101.593,"4":124.301,"5":130.194,"6":206.821,"7":116.634,"8":157.287,"9":119.641,"10":151.925,"11":2946.57,"12":8679.187},"TimeNeg":{"0":-121.729,"1":-155.83,"2":-225.031,"3":-109.021,"4":-106.371,"5":-128.059,"6":-201.87,"7":-98.995,"8":-151.112,"9":-176.221,"10":-111.342,"11":-1399.162,"12":-9186.582},"Rate":{"0":0.07354359,"1":0.08121314,"2":0.04827017,"3":0.09152324,"4":0.1119471,"5":0.07478523,"6":0.08315079,"7":0.08953026,"8":0.06224103,"9":0.06499233,"10":0.07269732,"11":0.05338736,"12":0.005478945},"RatePos":{"0":0.01918004,"1":0.01709574,"2":0.01263511,"3":0.02390986,"4":0.02523433,"5":0.01949885,"6":0.01656713,"7":0.02345863,"8":0.01630833,"9":0.0169957,"10":0.01912352,"11":0.01495277,"12":0.002183436},"RateNeg":{"0":-0.01918004,"1":-0.01709574,"2":-0.01263511,"3":-0.02390986,"4":-0.02523433,"5":-0.01949885,"6":-0.01656713,"7":-0.02345863,"8":-0.01630833,"9":-0.0169957,"10":-0.01912352,"11":-0.01495277,"12":-0.001744681},"FracExp":{"0":1.0,"1":1.0,"2":0.940827,"3":1.0,"4":1.0,"5":0.999987,"6":0.993861,"7":1.0,"8":1.0,"9":1.0,"10":1.0,"11":0.105005,"12":0.129675},"BGrate":{"0":0.0005864379,"1":0.0006153819,"2":0.0005079777,"3":0.0008241665,"4":0.0006897914,"5":0.0005601202,"6":0.0009971435,"7":0.001007022,"8":0.0007040968,"9":0.0006360739,"10":0.001044745,"11":0.01559155,"12":0.0002249031},"BGerr":{"0":0.0001768177,"1":0.0001538455,"2":0.0001357627,"3":0.0002379164,"4":0.0002079799,"5":0.0001771255,"6":0.0001884424,"7":0.000260012,"8":0.000181797,"9":0.0001764151,"10":0.000239681,"11":0.0006684824,"12":0.0000207923},"CorrFact":{"0":1.254018,"1":1.25121,"2":1.300454,"3":1.300116,"4":1.30151,"5":1.300088,"6":1.319571,"7":1.305924,"8":1.298468,"9":1.298207,"10":1.299756,"11":1.362131,"12":1.49703},"CtsInSrc":{"0":15.0,"1":23.0,"2":15.0,"3":15.0,"4":20.0,"5":15.0,"6":26.0,"7":15.0,"8":15.0,"9":15.0,"10":15.0,"11":25.0,"12":9.0},"BGInSrc":{"0":0.148508,"1":0.216012,"2":0.202511,"3":0.173581,"4":0.159116,"5":0.144651,"6":0.405022,"7":0.217143,"8":0.217143,"9":0.18819,"10":0.275047,"11":7.11481,"12":0.521043},"Exposure":{"0":253.238,"1":351.0213,"2":398.66146,"3":210.61396,"4":230.67246,"5":258.2496,"6":406.18252,"7":215.62858,"8":308.39898,"9":295.86244,"10":263.26754,"11":456.32466,"12":2316.7452},"Sigma":{"0":331.677108,"1":421.901933,"2":273.402918,"3":295.886253,"4":413.565039,"5":324.759606,"6":334.391232,"7":263.668786,"8":263.668786,"9":283.780409,"10":233.358201,"11":58.631319,"12":176.019873},"SNR":{"0":3.834382,"1":4.750489,"2":3.820322,"3":3.827845,"4":4.436301,"5":3.835367,"6":5.019023,"7":3.816517,"8":3.816517,"9":3.824046,"10":3.801462,"11":3.570399,"12":3.14037}}