{"Time":{"0":133.404,"1":280.904,"2":549.939,"3":885.839,"4":4539.906,"5":4920.658,"6":5068.753,"7":5208.443,"8":5424.138,"9":5602.32,"10":5754.824,"11":5948.127,"12":6158.14,"13":6335.955,"14":6608.031,"15":10532.564,"16":16144.212,"17":16484.191,"18":16795.937,"19":17233.091,"20":17620.906,"21":18065.497,"22":21832.2,"23":22185.545,"24":22780.315,"25":23424.019,"26":23795.031,"27":27840.437,"28":33479.415,"29":34326.671,"30":39697.887,"31":40769.002,"32":48897.593,"33":59680.727,"34":74852.749,"35":136022.803,"36":154981.804},"TimePos":{"0":60.673,"1":166.412,"2":102.978,"3":173.256,"4":270.586,"5":87.911,"6":55.153,"7":83.453,"8":100.939,"9":85.732,"10":96.204,"11":133.575,"12":68.987,"13":109.309,"14":208.3,"15":2040.536,"16":166.687,"17":167.703,"18":219.519,"19":186.044,"20":196.893,"21":261.267,"22":130.012,"23":233.0,"24":300.163,"25":198.041,"26":293.37,"27":470.803,"28":299.275,"29":404.789,"30":512.935,"31":562.581,"32":2272.886,"33":3489.209,"34":5546.108,"35":7428.9,"36":12127.612},"TimeNeg":{"0":-37.113,"1":-86.828,"2":-102.623,"3":-232.923,"4":-112.24,"5":-110.167,"6":-60.184,"7":-84.537,"8":-132.242,"9":-77.244,"10":-66.772,"11":-97.099,"12":-76.438,"13":-108.828,"14":-162.767,"15":-487.56,"16":-252.036,"17":-173.292,"18":-144.043,"19":-217.635,"20":-201.772,"21":-247.698,"22":-185.91,"23":-223.332,"24":-361.77,"25":-343.542,"26":-172.97,"27":-481.971,"28":-392.744,"29":-547.981,"30":-785.479,"31":-558.181,"32":-4226.665,"33":-3493.858,"34":-7234.164,"35":-10699.717,"36":-6727.076},"Rate":{"0":0.3615018,"1":0.106272,"2":0.09741949,"3":0.09799842,"4":0.1656745,"5":0.09842272,"6":0.2103585,"7":0.1443,"8":0.07747023,"9":0.1482769,"10":0.1482974,"11":0.09484975,"12":0.1662032,"13":0.1109056,"14":0.0811454,"15":0.03677072,"16":0.04641272,"17":0.05883956,"18":0.05560855,"19":0.04979507,"20":0.05065998,"21":0.05217336,"22":0.0629181,"23":0.04315635,"24":0.02974094,"25":0.03684366,"26":0.04271788,"27":0.03648939,"28":0.02727586,"29":0.02536339,"30":0.02800977,"31":0.02085091,"32":0.01340418,"33":0.01263911,"34":0.01300664,"35":0.007925994,"36":0.003726489},"RatePos":{"0":0.08147851,"1":0.02421987,"2":0.02559393,"3":0.01814411,"4":0.0394877,"5":0.02478331,"6":0.04726343,"7":0.03245253,"8":0.02028705,"9":0.03344336,"10":0.03344798,"11":0.02249964,"12":0.03748658,"13":0.02499029,"14":0.01643005,"15":0.009062245,"16":0.01253365,"17":0.01536714,"18":0.0145074,"19":0.01297654,"20":0.01318752,"21":0.01184438,"22":0.01643301,"23":0.01126031,"24":0.007779484,"25":0.009637377,"26":0.01121906,"27":0.007138132,"28":0.007256107,"29":0.005962501,"30":0.007347796,"31":0.005068952,"32":0.003399733,"33":0.0030833,"34":0.002373244,"35":0.001752268,"36":0.00190828},"RateNeg":{"0":-0.08147851,"1":-0.02421987,"2":-0.02559393,"3":-0.01814411,"4":-0.0394877,"5":-0.02478331,"6":-0.04726343,"7":-0.03245253,"8":-0.02028705,"9":-0.03344336,"10":-0.03344798,"11":-0.02249964,"12":-0.03748658,"13":-0.02499029,"14":-0.01643005,"15":-0.009062245,"16":-0.01253365,"17":-0.01536714,"18":-0.0145074,"19":-0.01297654,"20":-0.01318752,"21":-0.01184438,"22":-0.01643301,"23":-0.01126031,"24":-0.007779484,"25":-0.009637377,"26":-0.01121906,"27":-0.007138132,"28":-0.007256107,"29":-0.005962501,"30":-0.007347796,"31":-0.005068952,"32":-0.003399733,"33":-0.0030833,"34":-0.002373244,"35":-0.001752268,"36":-0.001448518},"FracExp":{"0":0.999996,"1":1.0,"2":1.0,"3":1.0,"4":0.412616,"5":1.0,"6":1.0,"7":1.0,"8":1.0,"9":1.0,"10":1.0,"11":1.0,"12":1.0,"13":1.0,"14":1.0,"15":0.338195,"16":1.0,"17":1.0,"18":1.0,"19":1.0,"20":1.0,"21":1.0,"22":1.0,"23":1.0,"24":1.0,"25":1.0,"26":1.0,"27":1.0,"28":1.0,"29":1.0,"30":0.546488,"31":1.0,"32":0.255762,"33":0.317045,"34":0.277602,"35":0.20248,"36":0.117422},"BGrate":{"0":0.001601692,"1":0.001475122,"2":0.001243154,"3":0.001016501,"4":0.001251301,"5":0.0005735549,"6":0.0008208483,"7":0.0006762808,"8":0.0008932237,"9":0.001045633,"10":0.001045633,"11":0.0004925081,"12":0.001171829,"13":0.0006944172,"14":0.0008164451,"15":0.00031498,"16":0.001565744,"17":0.0004984624,"18":0.0004229971,"19":0.0003408588,"20":0.0003045406,"21":0.0005884039,"22":0.000540118,"23":0.0003414121,"24":0.0002914071,"25":0.0003561638,"26":0.0005409004,"27":0.0004577824,"28":0.0006352521,"29":0.0004788105,"30":0.0003317155,"31":0.0004872386,"32":0.0004460215,"33":0.0002740757,"34":0.0002803589,"35":0.0002131311,"36":0.0002060291},"BGerr":{"0":0.0005662835,"1":0.0003384161,"2":0.0003447888,"3":0.0002218186,"4":0.000395696,"5":0.0002341528,"6":0.0003670945,"7":0.0002760905,"8":0.0002693171,"9":0.0003485443,"10":0.0003485444,"11":0.0002010656,"12":0.0003906096,"13":0.0002455135,"14":0.0002041113,"15":0.0000498027,"16":0.0001739716,"17":0.0001087734,"18":0.0000970422,"19":0.0000826704,"20":0.0000786321,"21":0.000096733,"22":0.0001126224,"23":0.0000745022,"24":0.0000571496,"25":0.0000698495,"26":0.0000927636,"27":0.0000606348,"28":0.0000872586,"29":0.0000645628,"30":0.0000577442,"31":0.0000574216,"32":0.0000419582,"33":0.0000268753,"34":0.0000213153,"35":0.0000157551,"36":0.0000161374},"CorrFact":{"0":1.781423,"1":1.371223,"2":1.358446,"3":1.345344,"4":1.470027,"5":1.227175,"6":1.218871,"7":1.218974,"8":1.221261,"9":1.218662,"10":1.21883,"11":1.223239,"12":1.218889,"13":1.218862,"14":1.219191,"15":1.879096,"16":1.354818,"17":1.352933,"18":1.361771,"19":1.352488,"20":1.35741,"21":1.347904,"22":1.340396,"23":1.326689,"24":1.329532,"25":1.347588,"26":1.350785,"27":1.308777,"28":1.296354,"29":1.303155,"30":1.34611,"31":1.338891,"32":1.370497,"33":1.608807,"34":1.488303,"35":1.371209,"36":1.48814},"CtsInSrc":{"0":20.0,"1":20.0,"2":15.0,"3":30.0,"4":18.0,"5":16.0,"6":20.0,"7":20.0,"8":15.0,"9":20.0,"10":20.0,"11":18.0,"12":20.0,"13":20.0,"14":25.0,"15":17.0,"16":15.0,"17":15.0,"18":15.0,"19":15.0,"20":15.0,"21":20.0,"22":15.0,"23":15.0,"24":15.0,"25":15.0,"26":15.0,"27":27.0,"28":15.0,"29":19.0,"30":15.0,"31":18.0,"32":17.0,"33":18.0,"34":32.0,"35":22.0,"36":6.0},"BGInSrc":{"0":0.156621,"1":0.373559,"2":0.255593,"3":0.412881,"4":0.197655,"5":0.113609,"6":0.094674,"7":0.113609,"8":0.208282,"9":0.170413,"10":0.170413,"11":0.113609,"12":0.170413,"13":0.151478,"14":0.302956,"15":0.269305,"16":0.655612,"17":0.169973,"18":0.153786,"19":0.137598,"20":0.12141,"21":0.299477,"22":0.170635,"23":0.155797,"24":0.192892,"25":0.192892,"26":0.252243,"27":0.436163,"28":0.439607,"29":0.456196,"30":0.235374,"31":0.546078,"32":0.741439,"33":0.606789,"34":0.994666,"35":0.782338,"36":0.456137},"Exposure":{"0":97.785,"1":253.2393,"2":205.60034,"3":406.17856,"4":157.9599,"5":198.078,"6":115.33658,"7":167.99028,"8":233.1806,"9":162.97582,"10":162.9758,"11":230.67358,"12":145.42474,"13":218.13708,"14":371.06752,"15":854.9893,"16":418.7222,"17":340.99556,"18":363.56166,"19":403.67902,"20":398.66474,"21":508.96512,"22":315.9222,"23":456.33242,"24":661.93328,"25":541.58238,"26":466.33992,"27":952.774,"28":692.01968,"29":952.76912,"30":709.56712,"31":1120.76188,"32":1662.3399,"33":2213.9459,"34":3547.8295,"35":3670.6872,"36":2213.9459},"Sigma":{"0":358.351687,"1":229.012636,"2":207.99377,"3":328.388336,"4":284.818807,"5":342.52295,"6":470.136899,"7":428.766059,"8":235.538717,"9":349.086022,"10":349.086022,"11":385.644504,"12":349.086022,"13":370.615193,"14":326.080645,"15":392.916572,"16":196.914495,"17":399.825464,"18":420.801325,"19":445.351301,"20":474.629062,"21":400.14285,"22":416.790348,"23":436.622638,"24":391.419621,"25":391.419621,"26":340.914541,"27":459.810927,"28":241.127368,"29":301.459398,"30":360.346414,"31":271.209098,"32":233.101846,"33":292.320272,"34":409.998614,"35":366.883999,"36":4.409404},"SNR":{"0":4.436774,"1":4.3878,"2":3.806352,"3":5.401114,"4":4.195598,"5":3.971331,"6":4.450767,"7":4.446493,"8":3.818703,"9":4.433673,"10":4.433673,"11":4.215611,"12":4.433673,"13":4.437946,"14":4.938842,"15":4.057573,"16":3.70305,"17":3.828921,"18":3.833117,"19":3.837313,"20":3.84151,"21":4.404904,"22":3.828764,"23":3.832609,"24":3.822996,"25":3.822996,"26":3.807617,"27":5.111897,"28":3.75902,"29":4.253817,