{"Time":{"0":122.987,"1":143.19,"2":180.516,"3":258.408,"4":400.008,"5":564.531,"6":728.429,"7":4188.282,"8":4407.389,"9":4660.159,"10":4900.968,"11":5172.381,"12":5415.104,"13":5622.221,"14":5891.421,"15":6139.943,"16":6482.121,"17":9934.715,"18":10173.312,"19":10360.219,"20":10543.898,"21":10818.782,"22":11057.398,"23":11414.272,"24":15875.604,"25":16322.211,"26":16743.013,"27":17164.865,"28":17442.761},"TimePos":{"0":9.602,"1":14.472,"2":32.307,"3":62.229,"4":96.141,"5":49.462,"6":146.323,"7":83.939,"8":115.563,"9":136.09,"10":128.46,"11":125.328,"12":95.727,"13":129.312,"14":85.77,"15":135.618,"16":167.019,"17":130.91,"18":102.928,"19":78.995,"20":133.511,"21":124.402,"22":103.922,"23":220.921,"24":133.24,"25":185.588,"26":183.507,"27":135.243,"28":120.608},"TimeNeg":{"0":-10.457,"1":-10.601,"2":-22.854,"3":-45.585,"4":-79.371,"5":-68.382,"6":-114.437,"7":-94.081,"8":-135.168,"9":-137.207,"10":-104.719,"11":-142.954,"12":-117.394,"13":-111.39,"14":-139.888,"15":-162.753,"16":-206.56,"17":-109.792,"18":-107.687,"19":-83.98,"20":-104.683,"21":-141.373,"22":-114.214,"23":-252.952,"24":-187.696,"25":-313.367,"26":-235.214,"27":-238.346,"28":-142.652},"Rate":{"0":2.314844,"1":1.896008,"2":0.7862878,"3":0.4078986,"4":0.2499827,"5":0.2221799,"6":0.2924358,"7":0.2031243,"8":0.09661888,"9":0.08719648,"10":0.1377266,"11":0.08871448,"12":0.1495437,"13":0.132431,"14":0.1447845,"15":0.1095227,"16":0.1087118,"17":0.07676771,"18":0.1180834,"19":0.1537992,"20":0.1064699,"21":0.07117857,"22":0.08681123,"23":0.07659811,"24":0.07719643,"25":0.04753619,"26":0.05568175,"27":0.06343533,"28":0.09079699},"RatePos":{"0":0.5083629,"1":0.4049303,"2":0.1776776,"3":0.09208447,"4":0.05687112,"5":0.05036174,"6":0.05195417,"7":0.04600796,"8":0.02553424,"9":0.02332884,"10":0.0311751,"11":0.02344528,"12":0.03387186,"13":0.03007367,"14":0.03273036,"15":0.02488758,"16":0.02225425,"17":0.02033517,"18":0.02680719,"19":0.03473102,"20":0.02417071,"21":0.01878749,"22":0.02283236,"23":0.0144917,"24":0.0202781,"25":0.01253169,"26":0.01478512,"27":0.01661241,"28":0.0238021},"RateNeg":{"0":-0.5083629,"1":-0.4049303,"2":-0.1776776,"3":-0.09208447,"4":-0.05687112,"5":-0.05036174,"6":-0.05195417,"7":-0.04600796,"8":-0.02553424,"9":-0.02332884,"10":-0.0311751,"11":-0.02344528,"12":-0.03387186,"13":-0.03007367,"14":-0.03273036,"15":-0.02488758,"16":-0.02225425,"17":-0.02033517,"18":-0.02680719,"19":-0.03473102,"20":-0.02417071,"21":-0.01878749,"22":-0.02283236,"23":-0.0144917,"24":-0.0202781,"25":-0.01253169,"26":-0.01478512,"27":-0.01661241,"28":-0.0238021},"FracExp":{"0":1.0,"1":1.0,"2":1.0,"3":1.0,"4":1.0,"5":0.999985,"6":0.999997,"7":1.0,"8":1.0,"9":1.0,"10":1.0,"11":1.0,"12":1.0,"13":1.0,"14":1.0,"15":1.0,"16":1.0,"17":1.0,"18":1.0,"19":1.0,"20":1.0,"21":1.0,"22":1.0,"23":1.0,"24":1.0,"25":1.0,"26":1.0,"27":1.0,"28":1.0},"BGrate":{"0":0.006575077,"1":0.001502879,"2":0.003757191,"3":0.001747531,"4":0.00193227,"5":0.002272826,"6":0.002528547,"7":0.001426852,"8":0.001367638,"9":0.001905307,"10":0.001034853,"11":0.001278168,"12":0.001191843,"13":0.001266332,"14":0.0009567839,"15":0.001064144,"16":0.001529837,"17":0.001564757,"18":0.001418302,"19":0.001195359,"20":0.001254079,"21":0.001221673,"22":0.001250319,"23":0.0011237,"24":0.0007947093,"25":0.000616411,"26":0.0009853399,"27":0.0005622266,"28":0.0008548402},"BGerr":{"0":0.002485145,"1":0.001062696,"2":0.001132836,"3":0.0005526177,"4":0.0004554403,"5":0.0006074383,"6":0.0004274024,"7":0.0003190537,"8":0.0002632021,"9":0.000297559,"10":0.0002374115,"11":0.0002459836,"12":0.0002665041,"13":0.000258489,"14":0.0002320542,"15":0.0002128287,"16":0.0002280546,"17":0.0002905681,"18":0.0002957365,"19":0.0003086403,"20":0.0002614936,"21":0.0002443346,"22":0.000272842,"23":0.0001754925,"24":0.0001362915,"25":0.0000962672,"26":0.0001328632,"27":0.0001062508,"28":0.0001560718},"CorrFact":{"0":2.225036,"1":2.164558,"2":2.191322,"3":2.219778,"4":2.231586,"5":1.326874,"6":2.357875,"7":1.831259,"8":1.652808,"9":1.645834,"10":1.625362,"11":1.623821,"12":1.614045,"13":1.618485,"14":1.651417,"15":1.660272,"16":1.662505,"17":1.263605,"18":1.262357,"19":1.265601,"20":1.287253,"21":1.289068,"22":1.285823,"23":1.275061,"24":1.680244,"25":1.614328,"26":1.598302,"27":1.602355,"28":1.617817},"CtsInSrc":{"0":21.0,"1":22.0,"2":20.0,"3":20.0,"4":20.0,"5":20.0,"6":33.0,"7":20.0,"8":15.0,"9":15.0,"10":20.0,"11":15.0,"12":20.0,"13":20.0,"14":20.0,"15":20.0,"16":25.0,"17":15.0,"18":20.0,"19":20.0,"20":20.0,"21":15.0,"22":15.0,"23":29.0,"24":15.0,"25":15.0,"26":15.0,"27":15.0,"28":15.0},"BGInSrc":{"0":0.131886,"1":0.037682,"2":0.20725,"3":0.188409,"4":0.339136,"5":0.267834,"6":0.659341,"7":0.254007,"8":0.342909,"9":0.520714,"10":0.241307,"11":0.342909,"12":0.254007,"13":0.304808,"14":0.215906,"15":0.317509,"16":0.571516,"17":0.37664,"18":0.298715,"19":0.194814,"20":0.298715,"21":0.32469,"22":0.27274,"23":0.532492,"24":0.255051,"25":0.307561,"26":0.412582,"27":0.210042,"28":0.225045},"Exposure":{"0":20.058508,"1":25.07306,"2":55.16084,"3":107.81436,"4":175.51176,"5":117.841832,"6":260.75884,"7":178.01916,"8":250.73102,"9":273.29668,"10":233.17962,"11":268.28188,"12":213.12118,"13":240.70168,"14":225.65794,"15":298.37014,"16":373.5794,"17":240.702168,"18":210.61432,"19":162.97532,"20":238.19454,"21":265.77484,"22":218.13598,"23":473.873432,"24":320.936,"25":498.95486,"26":418.7207,"27":373.5893,"28":263.25954},"Sigma":{"0":418.632319,"1":824.255321,"2":316.743987,"3":332.520123,"4":245.960249,"5":275.659594,"6":290.183602,"7":347.654953,"8":222.100906,"9":178.049046,"10":356.915871,"11":222.100906,"12":347.654953,"13":316.547603,"14":377.812347,"15":309.952043,"16":286.731036,"17":209.083271,"18":316.301873,"19":393.735361,"20":316.301873,"21":225.989574,"22":247.447712,"23":342.317147,"24":337.097877,"25":305.882165,"26":262.210013,"27":372.597662,"28":359.598391},"SNR":{"0":4.553526,"1":4.682306,"2":4.425362,"3":4.429613,"4":4.395601,"5":4.411681,"6":5.628727,"7":4.414982,"8":3.783895,"9":3.737712,"10":4.41784,"11":3.783895,"12":4.414982,"13":4.403553,"14":4.423555,"15":4.400695,"16":4.884988,"17":3.77512,"18":4.404914,"19":4.428294,"20":4.404914,"21":3.788616,"22":3.802113,"23":5.285653,"24":3.806887,"25":3.79328,"26":3.766067,"27":3.81855,"28":3.814662}}