{"Time":{"0":8339.071,"1":15186.026,"2":21292.172,"3":27277.696,"4":32977.355,"5":33784.021,"6":38357.912,"7":39114.582,"8":39865.902,"9":44339.712,"10":45052.967,"11":45673.374,"12":50597.982,"13":56508.743,"14":62004.838,"15":69182.399,"16":74094.703,"17":82335.91,"18":108506.937},"TimePos":{"0":3059.677,"1":392.802,"2":485.762,"3":715.081,"4":369.558,"5":369.522,"6":399.392,"7":389.225,"8":446.02,"9":310.42,"10":273.441,"11":431.579,"12":1292.729,"13":1169.595,"14":1460.863,"15":3949.647,"16":935.117,"17":4271.323,"18":12488.472},"TimeNeg":{"0":-2943.718,"1":-323.301,"2":-586.851,"3":-715.594,"4":-675.215,"5":-437.108,"6":-398.797,"7":-357.278,"8":-362.094,"9":-493.979,"10":-402.836,"11":-346.966,"12":-1034.712,"13":-1204.171,"14":-871.489,"15":-2178.437,"16":-962.657,"17":-3808.011,"18":-18315.027},"Rate":{"0":0.5227431,"1":0.3459127,"2":0.2156207,"3":0.144922,"4":0.1521088,"5":0.1308103,"6":0.08591515,"7":0.1469912,"8":0.1072299,"9":0.0854198,"10":0.1405853,"11":0.07690068,"12":0.05885917,"13":0.06870596,"14":0.04991523,"15":0.02768492,"16":0.06342482,"17":0.0584625,"18":0.0270568},"RatePos":{"0":0.08605669,"1":0.07947986,"2":0.04092085,"3":0.02435012,"4":0.03487673,"5":0.02831715,"6":0.02268631,"7":0.03392331,"8":0.02434177,"9":0.02271029,"10":0.03147636,"11":0.02049213,"12":0.01100221,"13":0.01308036,"14":0.01136089,"15":0.008038353,"16":0.01411942,"17":0.01464516,"18":0.005181799},"RateNeg":{"0":-0.08605669,"1":-0.07947986,"2":-0.04092085,"3":-0.02435012,"4":-0.03487673,"5":-0.02831715,"6":-0.02268631,"7":-0.03392331,"8":-0.02434177,"9":-0.02271029,"10":-0.03147636,"11":-0.02049213,"12":-0.01100221,"13":-0.01308036,"14":-0.01136089,"15":-0.008038353,"16":-0.01411942,"17":-0.01464516,"18":-0.005181799},"FracExp":{"0":0.026312,"1":0.21358,"2":0.236094,"3":0.213809,"4":0.227986,"5":0.245561,"6":0.257582,"7":0.261981,"8":0.276136,"9":0.255593,"10":0.259525,"11":0.296286,"12":0.254238,"13":0.210195,"14":0.208552,"15":0.096148,"16":0.214031,"17":0.042826,"18":0.041675},"BGrate":{"0":0.003457945,"1":0.003454537,"2":0.002427338,"3":0.002567276,"4":0.002049957,"5":0.00165323,"6":0.001592497,"7":0.003131781,"8":0.00132052,"9":0.00207124,"10":0.002986227,"11":0.001988113,"12":0.001161309,"13":0.002427687,"14":0.001752775,"15":0.002778708,"16":0.002255561,"17":0.003027491,"18":0.001479082},"BGerr":{"0":0.0008386749,"1":0.0008378482,"2":0.0005568695,"3":0.000524043,"4":0.0005124893,"5":0.0005227972,"6":0.0005035918,"7":0.0007184799,"8":0.0004401733,"9":0.0005744586,"10":0.0007465568,"11":0.0005313456,"12":0.0002534184,"13":0.0003991093,"14":0.0003437474,"15":0.0003929686,"16":0.0004262609,"17":0.0005351899,"18":0.000194213},"CorrFact":{"0":2.204649,"1":2.717065,"2":1.923643,"3":1.224097,"4":1.856902,"5":1.195544,"6":1.20388,"7":1.482757,"8":1.214308,"9":1.205023,"10":1.205041,"11":1.219883,"12":1.18816,"13":1.190781,"14":1.205096,"15":1.220713,"16":1.221887,"17":1.193246,"18":1.193551},"CtsInSrc":{"0":38.0,"1":20.0,"2":29.0,"3":37.0,"4":20.0,"5":22.0,"6":15.0,"7":20.0,"8":20.0,"9":15.0,"10":21.0,"11":15.0,"12":30.0,"13":30.0,"14":21.0,"15":15.0,"16":22.0,"17":18.0,"18":31.0},"BGInSrc":{"0":0.546217,"1":0.528355,"2":0.614693,"3":0.785306,"4":0.488286,"5":0.327466,"6":0.327415,"7":0.612481,"8":0.294674,"9":0.425844,"10":0.524116,"11":0.458601,"12":0.687173,"13":1.211301,"14":0.852578,"15":1.63723,"16":0.916169,"17":1.047534,"18":1.898753},"Exposure":{"0":157.9599,"1":152.9453,"2":253.2373,"3":305.890601,"4":238.1935,"5":198.0767,"6":205.5986,"7":195.5694,"8":223.1497,"9":205.5986,"10":175.511,"11":230.6716,"12":591.722801,"13":498.952701,"14":486.416201,"15":589.205489,"16":406.1826,"17":346.007399,"18":1283.737601},"Sigma":{"0":282.719118,"1":151.950159,"2":201.285493,"3":225.918468,"4":159.838259,"5":209.287382,"6":141.712397,"7":137.977001,"8":200.615087,"9":123.396972,"10":156.269939,"11":118.641036,"12":195.479497,"13":144.567561,"14":120.495825,"15":57.712761,"16":121.77348,"17":91.54605,"18":116.723151},"SNR":{"0":6.074403,"1":4.352206,"2":5.269213,"3":5.951593,"4":4.361327,"5":4.619474,"6":3.787092,"7":4.333043,"8":4.405183,"9":3.761282,"10":4.466379,"11":3.752694,"12":5.349761,"13":5.252603,"14":4.393604,"15":3.444103,"16":4.492028,"17":3.991934,"18":5.221506}}