{"Time":{"0":3240.977,"1":3457.598,"2":3757.675,"3":3985.039,"4":4283.556,"5":5480.273,"6":9106.598,"7":9498.707,"8":9878.911,"9":10320.851},"TimePos":{"0":109.307,"1":165.983,"2":121.652,"3":112.425,"4":154.895,"5":201.023,"6":116.53,"7":260.985,"8":216.761,"9":396.627},"TimeNeg":{"0":-106.322,"1":-107.314,"2":-134.094,"3":-105.712,"4":-186.093,"5":-262.827,"6":-134.201,"7":-275.579,"8":-119.219,"9":-225.179},"Rate":{"0":0.08564691,"1":0.06894701,"2":0.09522007,"3":0.11697,"4":0.1079677,"5":0.06699675,"6":0.08122696,"7":0.0387591,"8":0.06195034,"9":0.0463915},"RatePos":{"0":0.02281062,"1":0.01816097,"2":0.02196965,"3":0.02649448,"4":0.02020874,"5":0.01370871,"6":0.02136225,"7":0.01019917,"8":0.01622867,"9":0.01029411},"RateNeg":{"0":-0.02281062,"1":-0.01816097,"2":-0.02196965,"3":-0.02649448,"4":-0.02020874,"5":-0.01370871,"6":-0.02136225,"7":-0.01019917,"8":-0.01622867,"9":-0.01029411},"FracExp":{"0":1.0,"1":1.0,"2":1.0,"3":1.0,"4":1.0,"5":1.0,"6":1.0,"7":1.0,"8":1.0,"9":1.0},"BGrate":{"0":0.002110914,"1":0.001077671,"2":0.0004187742,"3":0.00116607,"4":0.0006674345,"5":0.001208394,"6":0.001086512,"7":0.0005231016,"8":0.0006388368,"9":0.0005576007},"BGerr":{"0":0.0003620187,"1":0.0002297601,"2":0.0001480591,"3":0.0002675149,"4":0.0001618766,"5":0.0001864593,"6":0.0001891375,"7":0.0000897112,"8":0.0001252862,"9":0.0000860397},"CorrFact":{"0":1.269727,"1":1.281361,"2":1.288957,"3":1.292203,"4":1.279547,"5":1.271568,"6":1.382857,"7":1.412888,"8":1.407745,"9":1.396704},"CtsInSrc":{"0":15.0,"1":15.0,"2":19.0,"3":20.0,"4":29.0,"5":25.0,"6":15.0,"7":15.0,"8":15.0,"9":21.0},"BGInSrc":{"0":0.455174,"1":0.294524,"2":0.1071,"3":0.254362,"4":0.227587,"5":0.560514,"6":0.272422,"7":0.280678,"8":0.214636,"9":0.346719},"Exposure":{"0":215.62894,"1":273.29726,"2":255.74588,"3":218.13606,"4":340.98786,"5":463.8505,"6":250.73116,"7":536.5644,"8":335.9792,"9":621.80604},"Sigma":{"0":186.324709,"1":234.190415,"2":498.947693,"3":338.373039,"4":521.258568,"5":282.572552,"6":310.559905,"7":305.787265,"8":351.250045,"9":386.042781},"SNR":{"0":3.754695,"1":3.796439,"2":4.334165,"3":4.414883,"4":5.342622,"5":4.887166,"6":3.802359,"7":3.800219,"8":3.817339,"9":4.506608}}