{"Time":{"0":31231.479,"1":43443.832},"TimePos":{"0":4040.963,"1":8807.021},"TimeNeg":{"0":-2925.577,"1":-3173.717},"Rate":{"0":0.0157204,"1":0.006437999},"RatePos":{"0":0.004003153,"1":0.002177016},"RateNeg":{"0":-0.004003153,"1":-0.001793471},"FracExp":{"0":0.317797,"1":0.224764},"BGrate":{"0":0.0003641559,"1":0.0002425153},"BGerr":{"0":0.0000315763,"1":0.0000192327},"CorrFact":{"0":2.149227,"1":1.527849},"CtsInSrc":{"0":17.0,"1":12.0},"BGInSrc":{"0":0.806221,"1":0.653055},"Exposure":{"0":2213.9459,"1":2692.8402},"Sigma":{"0":231.643281,"1":219.092678},"SNR":{"0":3.927004,"1":3.589687}}