{"Time":{"0":46831.659,"1":47089.163,"2":47272.017,"3":47557.389,"4":47832.191,"5":48014.496,"6":48249.116,"7":52457.904,"8":52663.815,"9":52899.695,"10":53168.268,"11":53445.23,"12":53681.63,"13":53987.256,"14":58385.203,"15":58618.512,"16":58939.63,"17":59240.839,"18":59528.011,"19":59799.798,"20":63378.405,"21":63752.079,"22":116117.159,"23":116898.961,"24":117425.531,"25":121633.455,"26":123126.775,"27":127497.656,"28":128297.408,"29":128797.223,"30":151326.522,"31":156854.54,"32":162968.843,"33":168399.156,"34":177587.525,"35":188498.838,"36":199468.799,"37":213754.754,"38":231490.642,"39":251186.236,"40":281644.231,"41":298078.854,"42":313529.523,"43":386581.8,"44":736924.373,"45":827760.8639999999,"46":1022430.6189999999},"TimePos":{"0":116.48,"1":84.635,"2":107.38,"3":145.451,"4":83.77,"5":107.064,"6":128.183,"7":78.508,"8":113.3,"9":113.107,"10":132.874,"11":116.672,"12":98.408,"13":173.886,"14":91.222,"15":153.776,"16":113.476,"17":105.623,"18":96.762,"19":145.903,"20":130.832,"21":231.037,"22":402.579,"23":293.394,"24":353.677,"25":535.737,"26":435.468,"27":377.761,"28":181.713,"29":243.532,"30":4987.695,"31":718.342,"32":4912.47,"33":753.358,"34":3145.73,"35":3695.207,"36":4304.619,"37":1538.391,"38":7322.347,"39":11085.754,"40":3730.182,"41":4694.411,"42":5864.361,"43":13932.535,"44":39908.618,"45":58753.596,"46":459394.52},"TimeNeg":{"0":-146.788,"1":-141.023,"2":-98.219,"3":-177.992,"4":-129.351,"5":-98.535,"6":-127.556,"7":-117.062,"8":-127.403,"9":-122.58,"10":-155.466,"11":-144.088,"12":-119.727,"13":-207.218,"14":-116.885,"15":-142.087,"16":-167.342,"17":-187.732,"18":-181.549,"19":-175.026,"20":-122.406,"21":-242.842,"22":-854.734,"23":-379.223,"24":-233.176,"25":-540.569,"26":-957.583,"27":-446.501,"28":-421.991,"29":-318.103,"30":-867.033,"31":-540.322,"32":-924.017,"33":-517.843,"34":-3965.018,"35":-3479.593,"36":-2632.056,"37":-5180.06,"38":-11414.881,"39":-7478.479,"40":-3205.145,"41":-8061.748,"42":-7193.896,"43":-15505.412,"44":-30638.412,"45":-46108.5,"46":-130531.904},"Rate":{"0":0.07003156,"1":0.1142973,"2":0.09556468,"3":0.05646087,"4":0.1148516,"5":0.0951717,"6":0.1097266,"7":0.09509502,"8":0.07826005,"9":0.08086927,"10":0.06519428,"11":0.07216302,"12":0.08489288,"13":0.04812427,"14":0.09022982,"15":0.06325895,"16":0.06622603,"17":0.06366556,"18":0.06696088,"19":0.05769999,"20":0.07510732,"21":0.07743611,"22":0.02911774,"23":0.05341523,"24":0.036716,"25":0.03944781,"26":0.03239152,"27":0.04481007,"28":0.0407353,"29":0.03428117,"30":0.01441874,"31":0.01648323,"32":0.0151023,"33":0.015629,"34":0.01416819,"35":0.008302563,"36":0.01136232,"37":0.01477961,"38":0.007003628,"39":0.007887973,"40":0.00892848,"41":0.005555283,"42":0.005936281,"43":0.003078556,"44":0.00111471,"45":0.001012144,"46":0.0002936319},"RatePos":{"0":0.01833249,"1":0.02511134,"2":0.02403322,"3":0.01479578,"4":0.02586505,"5":0.02398192,"6":0.0231172,"7":0.02473576,"8":0.02039998,"9":0.02110256,"10":0.0170667,"11":0.0187907,"12":0.02222345,"13":0.01266568,"14":0.02354575,"15":0.01649003,"16":0.01737454,"17":0.01663146,"18":0.01752974,"19":0.01520292,"20":0.01961943,"21":0.01450967,"22":0.007645004,"23":0.01390712,"24":0.009318766,"25":0.01030935,"26":0.006708139,"27":0.01166813,"28":0.01061998,"29":0.008959097,"30":0.003839111,"31":0.004354161,"32":0.004033429,"33":0.004056191,"34":0.002714915,"35":0.002207227,"36":0.002945848,"37":0.003372853,"38":0.00158913,"39":0.001518525,"40":0.002298809,"41":0.001442437,"42":0.001456787,"43":0.0007800499,"44":0.0003184742,"45":0.0002935823,"46":0.0000990292},"RateNeg":{"0":-0.01833249,"1":-0.02511134,"2":-0.02403322,"3":-0.01479578,"4":-0.02586505,"5":-0.02398192,"6":-0.0231172,"7":-0.02473576,"8":-0.02039998,"9":-0.02110256,"10":-0.0170667,"11":-0.0187907,"12":-0.02222345,"13":-0.01266568,"14":-0.02354575,"15":-0.01649003,"16":-0.01737454,"17":-0.01663146,"18":-0.01752974,"19":-0.01520292,"20":-0.01961943,"21":-0.01450967,"22":-0.007645004,"23":-0.01390712,"24":-0.009318766,"25":-0.01030935,"26":-0.006708139,"27":-0.01166813,"28":-0.01061998,"29":-0.008959097,"30":-0.003839111,"31":-0.004354161,"32":-0.004033429,"33":-0.004056191,"34":-0.002714915,"35":-0.002207227,"36":-0.002945848,"37":-0.003372853,"38":-0.00158913,"39":-0.001518525,"40":-0.002298809,"41":-0.001442437,"42":-0.001456787,"43":-0.0007800499,"44":-0.0003184742,"45":-0.0002935823,"46":-0.0000990292},"FracExp":{"0":1.0,"1":1.0,"2":1.0,"3":1.0,"4":1.0,"5":1.0,"6":1.0,"7":1.0,"8":1.0,"9":1.0,"10":1.0,"11":1.0,"12":1.0,"13":1.0,"14":1.0,"15":1.0,"16":1.0,"17":1.0,"18":1.0,"19":1.0,"20":1.0,"21":1.0,"22":0.528456,"23":0.544241,"24":0.961302,"25":0.491534,"26":0.736144,"27":0.523202,"28":0.784955,"29":1.0,"30":0.236823,"31":1.0,"32":0.223817,"33":1.0,"34":0.363538,"35":0.33618,"36":0.321695,"37":0.291466,"38":0.209552,"39":0.257561,"40":0.33875,"41":0.304662,"42":0.368081,"43":0.272296,"44":0.255254,"45":0.185784,"46":0.100861},"BGrate":{"0":0.0007723136,"1":0.0006237917,"2":0.0004564333,"3":0.0006769842,"4":0.0006604867,"5":0.0006085789,"6":0.0009173668,"7":0.0005609788,"8":0.0005860227,"9":0.0006649907,"10":0.0007066254,"11":0.0004808401,"12":0.0009340464,"13":0.0007402546,"14":0.0007548745,"15":0.000477874,"16":0.0008391249,"17":0.0005890613,"18":0.0007337944,"19":0.0009300487,"20":0.0006799339,"21":0.0005450303,"22":0.0003729213,"23":0.0003384389,"24":0.0004235321,"25":0.0003395809,"26":0.0003344483,"27":0.0002914967,"28":0.000303174,"29":0.0003197542,"30":0.0003260688,"31":0.0002676389,"32":0.0003799467,"33":0.0004602081,"34":0.0003453956,"35":0.0001784734,"36":0.0002554758,"37":0.0002054134,"38":0.0002041652,"39":0.0002141534,"40":0.0001970368,"41":0.000152728,"42":0.0001477706,"43":0.0001564773,"44":0.000080111,"45":0.0000844911,"46":0.0000590613},"BGerr":{"0":0.0002142013,"1":0.0002079306,"2":0.0001863381,"3":0.0001809316,"4":0.0002201622,"5":0.0002151651,"6":0.0002368631,"7":0.0002120301,"8":0.0001953409,"9":0.0002102885,"10":0.0001959826,"11":0.0001700026,"12":0.0002590579,"13":0.0001744797,"14":0.0002387123,"15":0.0001592913,"16":0.0002166611,"17":0.0001776087,"18":0.0002035179,"19":0.0002133678,"20":0.00019628,"21":0.0001284649,"22":0.0000704755,"23":0.0000904516,"24":0.0000815088,"25":0.0000723989,"26":0.0000516065,"27":0.0000779058,"28":0.0000757935,"29":0.0000714992,"30":0.0000456588,"31":0.0000434168,"32":0.0000507725,"33":0.0000566477,"34":0.0000345396,"35":0.0000202081,"36":0.0000262113,"37":0.00002491,"38":0.0000163989,"39":0.0000160066,"40":0.0000216276,"41":0.0000127273,"42":0.0000110142,"43":0.0000074011,"44":0.0000030454,"45":0.0000030893,"46":0.0000012183},"CorrFact":{"0":1.246027,"1":1.236484,"2":1.235248,"3":1.235493,"4":1.23254,"5":1.23259,"6":1.232631,"7":1.248987,"8":1.267745,"9":1.284074,"10":1.270468,"11":1.265057,"12":1.251544,"13":1.246126,"14":1.265079,"15":1.259604,"16":1.259622,"17":1.259619,"18":1.259545,"19":1.259571,"20":1.282729,"21":1.276726,"22":1.311452,"23":1.314422,"24":1.314191,"25":1.408164,"26":1.404109,"27":1.299194,"28":1.299355,"29":1.29912,"30":1.374227,"31":1.4149,"32":1.36022,"33":1.28885,"34":1.303055,"35":1.374511,"36":1.643237,"37":1.476774,"38":1.361461,"39":1.348144,"40":1.350062,"41":1.401334,"42":1.650268,"43":1.473644,"44":1.480597,"45":1.476587,"46":1.521122},"CtsInSrc":{"0":15.0,"1":21.0,"2":16.0,"3":15.0,"4":20.0,"5":16.0,"6":23.0,"7":15.0,"8":15.0,"9":15.0,"10":15.0,"11":15.0,"12":15.0,"13":15.0,"14":15.0,"15":15.0,"16":15.0,"17":15.0,"18":15.0,"19":15.0,"20":15.0,"21":29.0,"22":15.0,"23":15.0,"24":16.0,"25":15.0,"26":24.0,"27":15.0,"28":15.0,"29":15.0,"30":15.0,"31":15.0,"32":15.0,"33":16.0,"34":29.0,"35":15.0,"36":16.0,"37":20.0,"38":21.0,"39":29.0,"40":16.0,"41":16.0,"42":18.0,"43":18.0,"44":15.0,"45":15.0,"46":15.0},"BGInSrc":{"0":0.203325,"1":0.140764,"2":0.093842,"3":0.218966,"4":0.140764,"5":0.125123,"6":0.234606,"7":0.109711,"8":0.141057,"9":0.15673,"10":0.203749,"11":0.125384,"12":0.203749,"13":0.282114,"14":0.157095,"15":0.141385,"16":0.235642,"17":0.172804,"18":0.204223,