{"Time":{"0":146.327,"1":183.146,"2":253.804,"3":303.013,"4":374.379,"5":485.003,"6":624.592,"7":818.686,"8":1237.912,"9":5498.965,"10":13924.295,"11":41210.338},"TimePos":{"0":12.559,"1":30.901,"2":25.434,"3":16.342,"4":52.79,"5":60.01,"6":98.44,"7":145.048,"8":320.294,"9":1813.174,"10":3570.009,"11":11885.092},"TimeNeg":{"0":-12.514,"1":-24.259,"2":-39.757,"3":-23.775,"4":-55.025,"5":-57.834,"6":-79.579,"7":-95.654,"8":-274.178,"9":-719.011,"10":-3401.801,"11":-12052.618},"Rate":{"0":2.027494,"1":1.001893,"2":0.9173028,"3":1.407436,"4":0.5183629,"5":0.3440069,"6":0.155717,"7":0.08553199,"8":0.06497566,"9":0.01877013,"10":0.01213526,"11":0.002755178},"RatePos":{"0":0.4546902,"1":0.2196499,"2":0.1976702,"3":0.3162526,"4":0.1171649,"5":0.07768568,"6":0.03552667,"7":0.02281079,"8":0.01324903,"9":0.00440857,"10":0.003454531,"11":0.0007973639},"RateNeg":{"0":-0.4546902,"1":-0.2196499,"2":-0.1976702,"3":-0.3162526,"4":-0.1171649,"5":-0.07768568,"6":-0.03552667,"7":-0.02281079,"8":-0.01324903,"9":-0.00440857,"10":-0.003454531,"11":-0.0007973639},"FracExp":{"0":1.0,"1":1.0,"2":1.0,"3":1.0,"4":1.0,"5":0.999986,"6":1.0,"7":1.0,"8":0.953194,"9":0.536673,"10":0.3341,"11":0.323131},"BGrate":{"0":0.002308956,"1":0.001749211,"2":0.00355224,"3":0.002405165,"4":0.001968878,"5":0.001651853,"6":0.002215272,"7":0.001966053,"8":0.003584172,"9":0.001091549,"10":0.0005975664,"11":0.0003554923},"BGerr":{"0":0.001333077,"1":0.0007822711,"2":0.001025443,"3":0.001075623,"4":0.0005936389,"5":0.0005223618,"6":0.0004953499,"7":0.000401319,"8":0.0003531589,"9":0.0000811342,"10":0.0000342165,"11":0.0000117394},"CorrFact":{"0":2.549159,"1":2.643826,"2":2.747056,"3":2.836789,"4":2.824327,"5":2.046846,"6":1.413911,"7":1.417228,"8":1.417775,"9":1.306977,"10":2.077177,"11":1.495506},"CtsInSrc":{"0":20.0,"1":21.0,"2":22.0,"3":20.0,"4":20.0,"5":20.0,"6":20.0,"7":15.0,"8":28.0,"9":21.0,"10":15.0,"11":17.0},"BGInSrc":{"0":0.057893,"1":0.096488,"2":0.231571,"3":0.096488,"4":0.212273,"5":0.194658,"6":0.394361,"7":0.473233,"8":2.03096,"9":1.483368,"10":1.391901,"11":2.74974},"Exposure":{"0":25.073128,"1":55.16082,"2":65.19014,"3":40.11696,"4":107.81444,"5":117.842052,"6":178.0193,"7":240.70224,"8":566.64702,"9":1358.9566,"10":2329.2817,"11":7735.0205},"Sigma":{"0":596.633239,"1":484.43028,"2":325.636808,"3":461.255692,"4":309.169456,"5":321.744136,"6":222.331913,"7":150.383138,"8":129.769635,"9":177.008998,"10":170.741535,"11":156.93356},"SNR":{"0":4.459066,"1":4.561318,"2":4.640573,"3":4.450353,"4":4.424217,"5":4.42819,"6":4.383102,"7":3.749629,"8":4.904181,"9":4.257646,"10":3.512852,"11":3.455358}}