{"Time":{"0":32337.632},"TimePos":{"0":280117.417},"TimeNeg":{"0":-12404.551},"Rate":{"0":0.003227005},"RatePos":{"0":0.001653083},"RateNeg":{"0":-0.001253782},"FracExp":{"0":0.011828},"BGrate":{"0":0.00013174},"BGerr":{"0":0.0000090267},"CorrFact":{"0":2.014011},"CtsInSrc":{"0":6.0},"BGInSrc":{"0":0.45583},"Exposure":{"0":3460.074},"Sigma":{"0":4.410182},"SNR":{"0":2.573816}}