{"Time":{"0":2278.175,"1":2834.074,"2":3261.68,"3":3878.943,"4":8132.732,"5":9468.313,"6":14801.474,"7":22655.626,"8":34020.482,"9":45856.501,"10":65160.68,"11":186834.738,"12":489221.818,"13":801288.181},"TimePos":{"0":264.721,"1":226.809,"2":312.756,"3":362.22,"4":651.066,"5":559.833,"6":1007.213,"7":4548.939,"8":4903.181,"9":4629.794,"10":14218.62,"11":134967.868,"12":86142.472,"13":114938.332},"TimeNeg":{"0":-363.548,"1":-291.178,"2":-200.797,"3":-304.506,"4":-406.699,"5":-684.514,"6":-1294.618,"7":-3367.621,"8":-3167.288,"9":-3348.806,"10":-11153.6,"11":-57401.186,"12":-133765.655,"13":-180260.303},"Rate":{"0":0.1580936,"1":0.1598248,"2":0.1557807,"3":0.1520177,"4":0.08228491,"5":0.07635072,"6":0.04013256,"7":0.0243342,"8":0.01688701,"9":0.01575963,"10":0.007316916,"11":0.00176779,"12":0.000643358,"13":0.0005461071},"RatePos":{"0":0.03583817,"1":0.03623062,"2":0.03562067,"3":0.03032865,"4":0.01999895,"5":0.01727283,"6":0.009397549,"7":0.005411385,"8":0.004170386,"9":0.004150454,"10":0.001849477,"11":0.0006087132,"12":0.0002419185,"13":0.0002057667},"RateNeg":{"0":-0.03583817,"1":-0.03623062,"2":-0.03562067,"3":-0.03032865,"4":-0.01999895,"5":-0.01727283,"6":-0.009397549,"7":-0.005411385,"8":-0.004170386,"9":-0.004150454,"10":-0.001849477,"11":-0.0006087132,"12":-0.0002419185,"13":-0.000170791},"FracExp":{"0":0.235458,"1":0.280747,"2":0.288053,"3":0.297088,"4":0.234667,"5":0.278063,"6":0.254888,"7":0.135238,"8":0.159687,"9":0.159326,"10":0.127281,"11":0.047391,"12":0.118633,"13":0.096496},"BGrate":{"0":0.001808728,"1":0.001839913,"2":0.002939184,"3":0.002195087,"4":0.00215588,"5":0.009859637,"6":0.003306412,"7":0.001812262,"8":0.001868759,"9":0.002341649,"10":0.001595007,"11":0.0006206418,"12":0.0002834437,"13":0.0000858374},"BGerr":{"0":0.0006394821,"1":0.0006505076,"2":0.0008151829,"3":0.0006088075,"4":0.00053897,"5":0.0009762495,"6":0.0004341531,"7":0.0002379616,"8":0.0002202353,"9":0.0002482143,"10":0.0001285293,"11":0.000026959,"12":0.0000080202,"13":0.0000022604},"CorrFact":{"0":1.185201,"1":1.177871,"2":1.177843,"3":1.177819,"4":1.16949,"5":1.16953,"6":1.173778,"7":1.181002,"8":1.170589,"9":1.176838,"10":1.190446,"11":1.305808,"12":1.44624,"13":1.473813},"CtsInSrc":{"0":20.0,"1":20.0,"2":20.0,"3":26.0,"4":18.0,"5":26.0,"6":22.0,"7":24.0,"8":21.0,"9":20.0,"10":25.0,"11":18.0,"12":19.0,"13":13.0},"BGInSrc":{"0":0.267566,"1":0.267566,"2":0.434795,"3":0.434795,"4":0.535138,"5":3.411507,"6":1.939899,"7":1.940239,"8":2.408367,"9":2.976707,"10":5.150918,"11":5.658107,"12":7.394599,"13":2.445115},"Exposure":{"0":147.930699,"1":145.423399,"2":147.930699,"3":198.076699,"4":248.222699,"5":346.007399,"6":586.708198,"7":1070.617095,"8":1288.752195,"9":1271.201094,"10":3229.402386,"11":9116.542783,"12":26088.426379,"13":28485.435295},"Sigma":{"0":208.590234,"1":208.590234,"2":162.244892,"3":212.000025,"4":130.544634,"5":66.871495,"6":78.753169,"7":86.588395,"8":65.502996,"9":53.951364,"10":47.82072,"11":50.216739,"12":55.465987,"13":4.723655},"SNR":{"0":4.411319,"1":4.411319,"2":4.373323,"3":5.012348,"4":4.114462,"5":4.420279,"6":4.270535,"7":4.496853,"8":4.049268,"9":3.797085,"10":3.956208,"11":2.904143,"12":2.6594,"13":3.197516}}