{"Time":{"0":5152.151},"TimePos":{"0":6181.988},"TimeNeg":{"0":-2055.317},"Rate":{"0":0.004982396},"RatePos":{"0":0.001373763},"RateNeg":{"0":-0.001373763},"FracExp":{"0":0.49858},"BGrate":{"0":0.0002316863},"BGerr":{"0":0.0000152769},"CorrFact":{"0":1.456563},"CtsInSrc":{"0":15.0},"BGInSrc":{"0":0.951526},"Exposure":{"0":4106.9574},"Sigma":{"0":223.90947},"SNR":{"0":3.626825}}