{"Time":{"0":230.879,"1":374.192,"2":743.013,"3":6497.161,"4":10484.604,"5":10814.139,"6":11168.542,"7":11712.475,"8":12203.028,"9":19519.264,"10":41189.572,"11":86313.01,"12":93162.603},"TimePos":{"0":23.707,"1":180.855,"2":161.368,"3":167.551,"4":169.11,"5":160.512,"6":244.891,"7":217.469,"8":223.345,"9":2737.013,"10":17325.623,"11":985.611,"12":4557.379},"TimeNeg":{"0":-18.367,"1":-119.606,"2":-107.019,"3":-135.832,"4":-114.218,"5":-160.426,"6":-193.891,"7":-299.041,"8":-273.084,"9":-1874.108,"10":-13239.185,"11":-1511.66,"12":-2020.477},"Rate":{"0":1.933121,"1":0.3184612,"2":1.2816,"3":0.06323272,"4":0.06836928,"5":0.05995482,"6":0.04436401,"7":0.03747258,"8":0.04439018,"9":0.02249585,"10":0.01106583,"11":0.008353538,"12":0.003693263},"RatePos":{"0":0.4347035,"1":0.05953749,"2":0.2131229,"3":0.01655491,"4":0.01778306,"5":0.01575711,"6":0.01160196,"7":0.009838633,"8":0.01091663,"9":0.005977499,"10":0.002619106,"11":0.002208875,"12":0.001873346},"RateNeg":{"0":-0.4347035,"1":-0.05953749,"2":-0.2131229,"3":-0.01655491,"4":-0.01778306,"5":-0.01575711,"6":-0.01160196,"7":-0.009838633,"8":-0.01091663,"9":-0.005977499,"10":-0.002619106,"11":-0.002208875,"12":-0.001420841},"FracExp":{"0":0.595931,"1":0.734345,"2":0.261579,"3":1.0,"4":1.0,"5":1.0,"6":1.0,"7":1.0,"8":1.0,"9":0.183788,"10":0.077603,"11":1.0,"12":0.377742},"BGrate":{"0":0.004424636,"1":0.00314252,"2":0.005925891,"3":0.0006775168,"4":0.0003861827,"5":0.0008182235,"6":0.0004322295,"7":0.0004801649,"8":0.0004702002,"9":0.0004988062,"10":0.0002454182,"11":0.0003486052,"12":0.0001613262},"BGerr":{"0":0.002212318,"1":0.0006285041,"2":0.001530058,"3":0.0001693792,"4":0.0000997119,"5":0.0001363706,"6":0.0000847672,"7":0.0000823476,"8":0.0000831204,"9":0.0000678789,"10":0.0000223108,"11":0.000027389,"12":0.0000136835},"CorrFact":{"0":2.436991,"1":2.397615,"2":2.459381,"3":1.296685,"4":1.300882,"5":1.305641,"6":1.314361,"7":1.312023,"8":1.314315,"9":1.307823,"10":1.425088,"11":1.378838,"12":1.639003},"CtsInSrc":{"0":20.0,"1":30.0,"2":37.0,"3":15.0,"4":15.0,"5":15.0,"6":15.0,"7":15.0,"8":17.0,"9":15.0,"10":19.0,"11":16.0,"12":6.0},"BGInSrc":{"0":0.11094,"1":0.693373,"2":0.416024,"3":0.205547,"4":0.109416,"5":0.262599,"6":0.189655,"7":0.24801,"8":0.233421,"9":0.422722,"10":0.582109,"11":0.870562,"12":0.400853},"Exposure":{"0":25.073168,"1":220.642232,"2":70.2044,"3":303.3833,"4":283.32736,"5":320.9376,"6":438.7822,"7":516.50978,"8":496.42906,"9":847.4674,"10":2371.9058,"11":2497.2708,"12":2484.7343},"Sigma":{"0":358.556445,"1":211.333867,"2":340.57953,"3":287.90363,"4":527.079432,"5":336.728311,"6":398.18829,"7":346.83357,"8":406.330517,"9":253.406934,"10":348.03932,"11":221.197806,"12":4.565119},"SNR":{"0":4.446987,"1":5.34892,"2":6.013431,"3":3.819575,"4":3.84463,"5":3.804938,"6":3.823838,"7":3.808718,"8":4.066289,"9":3.763422,"10":4.225043,"11":3.781807,"12":2.59935}}