{"Time":{"0":180.149,"1":209.067,"2":481.884,"3":5890.135,"4":11815.868,"5":17342.989,"6":22934.332,"7":30712.142,"8":91824.233,"9":178317.995,"10":254969.091,"11":401447.108,"12":902469.152},"TimePos":{"0":6.848,"1":28.077,"2":773.224,"3":1139.464,"4":989.58,"5":1229.371,"6":1421.858,"7":10137.2,"8":35618.453,"9":24529.14,"10":27617.401,"11":95159.026,"12":142656.086},"TimeNeg":{"0":-5.688,"1":-22.069,"2":-244.741,"3":-1255.017,"4":-1485.125,"5":-1334.601,"6":-1050.34,"7":-3060.339,"8":-23850.453,"9":-29029.643,"10":-19328.912,"11":-78862.066,"12":-100377.403},"Rate":{"0":4.084365,"1":0.939634,"2":0.0390572,"3":0.01064462,"4":0.01069546,"5":0.01192351,"6":0.009428927,"7":0.007137396,"8":0.005808482,"9":0.00424953,"10":0.002754148,"11":0.001981649,"12":0.0007992314},"RatePos":{"0":0.8521817,"1":0.2053261,"2":0.008015545,"3":0.002510161,"4":0.002505403,"5":0.003010312,"6":0.002346642,"7":0.001653093,"8":0.001356171,"9":0.000813995,"10":0.0007140553,"11":0.0004310325,"12":0.0002442332},"RateNeg":{"0":-0.8521817,"1":-0.2053261,"2":-0.008015545,"3":-0.002510161,"4":-0.002505403,"5":-0.003010312,"6":-0.002346642,"7":-0.001653093,"8":-0.001356171,"9":-0.000813995,"10":-0.0007140553,"11":-0.0004310325,"12":-0.0002442332},"FracExp":{"0":1.0,"1":1.0,"2":0.999999,"3":0.998949,"4":1.0,"5":0.79992,"6":1.0,"7":0.311001,"8":0.150854,"9":0.184588,"10":0.185325,"11":0.10453,"12":0.098937},"BGrate":{"0":0.001138561,"1":0.0005692796,"2":0.0006209099,"3":0.0002149947,"4":0.001017111,"5":0.001385872,"6":0.0003844337,"7":0.0002951384,"8":0.000152806,"9":0.0001951814,"10":0.0001259246,"11":0.0001105182,"12":0.0000966425},"BGerr":{"0":0.001138561,"1":0.0004025415,"2":0.0000946879,"3":0.0000219428,"4":0.0000598301,"5":0.0000600288,"6":0.0000291438,"7":0.0000190511,"8":0.00000726,"9":0.0000086091,"10":0.0000062495,"11":0.0000039572,"12":0.000003026},"CorrFact":{"0":2.22764,"1":2.246827,"2":1.631603,"3":1.377362,"4":1.292202,"5":1.346805,"6":1.367197,"7":1.480401,"8":2.654652,"9":1.445184,"10":1.506626,"11":1.567973,"12":1.516028},"CtsInSrc":{"0":23.0,"1":21.0,"2":25.0,"3":19.0,"4":23.0,"5":21.0,"6":18.0,"7":21.0,"8":21.0,"9":31.0,"10":17.0,"11":25.0,"12":15.0},"BGInSrc":{"0":0.014274,"1":0.028547,"2":0.632064,"3":0.51426,"4":2.51705,"5":2.842383,"6":0.950396,"7":1.211381,"8":1.370841,"9":1.929619,"10":1.095585,"11":2.010377,"12":2.323771},"Exposure":{"0":12.536568,"1":50.14636,"2":1017.963372,"3":2391.9642,"4":2474.7051,"5":2050.9714,"6":2472.1978,"7":4104.4501,"8":8971.1194,"9":9886.2839,"10":8700.331,"11":18190.4615,"12":24045.007},"Sigma":{"0":1610.360723,"1":1038.911264,"2":252.808839,"3":352.200579,"4":138.340591,"5":147.482257,"6":236.637864,"7":253.069889,"8":301.381525,"9":341.55504,"10":292.505819,"11":319.375515,"12":174.219567},"SNR":{"0":4.792834,"1":4.576302,"2":4.872682,"3":4.240612,"4":4.268956,"5":3.960888,"6":4.018051,"7":4.317602,"8":4.283001,"9":5.220585,"10":3.857052,"11":4.597448,"12":3.272411}}