{"Time":{"0":572.592,"1":3901.305,"2":4009.491,"3":4134.027,"4":4323.415,"5":4443.334,"6":4533.047,"7":4776.427,"8":9655.814,"9":9900.995,"10":10170.682,"11":10348.825,"12":10543.287,"13":10802.184,"14":15579.0,"15":15846.526,"16":16128.451,"17":16427.333,"18":16791.455,"19":67637.891,"20":74599.086,"21":86541.836,"22":109624.807,"23":142210.375,"24":193188.04,"25":243058.017,"26":356292.819,"27":464819.408,"28":599836.02,"29":710165.499},"TimePos":{"0":3242.311,"1":61.529,"2":48.621,"3":92.075,"4":68.169,"5":53.557,"6":66.644,"7":156.735,"8":116.285,"9":129.356,"10":75.298,"11":95.232,"12":111.385,"13":165.896,"14":159.692,"15":162.956,"16":121.733,"17":203.962,"18":271.09,"19":2296.007,"20":1118.687,"21":10174.656,"22":10755.568,"23":23892.684,"24":26193.778,"25":51324.023,"26":48071.394,"27":32303.056,"28":70484.248,"29":17393.887},"TimeNeg":{"0":-109.459,"1":-86.402,"2":-46.656,"3":-75.915,"4":-97.314,"5":-51.75,"6":-36.156,"7":-176.737,"8":-86.807,"9":-128.897,"10":-140.331,"11":-102.845,"12":-99.229,"13":-147.513,"14":-183.809,"15":-107.834,"16":-118.969,"17":-177.15,"18":-160.16,"19":-5077.862,"20":-1391.13,"21":-7550.733,"22":-7157.603,"23":-16885.089,"24":-21549.931,"25":-19356.661,"26":-57418.924,"27":-56037.452,"28":-97517.596,"29":-11877.478},"Rate":{"0":1.220925,"1":0.169219,"2":0.2620092,"3":0.1483119,"4":0.1512228,"5":0.2375036,"6":0.2428206,"7":0.1935026,"8":0.09897214,"9":0.09715492,"10":0.08761314,"11":0.09569208,"12":0.1193288,"13":0.08278504,"14":0.05602502,"15":0.07060993,"16":0.07954101,"17":0.05041425,"18":0.06911006,"19":0.007171597,"20":0.008365296,"21":0.008772965,"22":0.005308188,"23":0.003935738,"24":0.002878151,"25":0.001620634,"26":0.001037893,"27":0.001304564,"28":0.000711043,"29":0.001053504},"RatePos":{"0":0.3197771,"1":0.03807037,"2":0.05876599,"3":0.03326483,"4":0.03416114,"5":0.0533783,"6":0.05462902,"7":0.03517783,"8":0.02488848,"9":0.0218951,"10":0.02276351,"11":0.02483661,"12":0.0268501,"13":0.01846245,"14":0.01462157,"15":0.01842798,"16":0.02072161,"17":0.01311014,"18":0.01472883,"19":0.001590866,"20":0.002165245,"21":0.002091821,"22":0.00143206,"23":0.001018777,"24":0.0007805986,"25":0.0004565339,"26":0.0002957633,"27":0.0003549185,"28":0.0002063626,"29":0.0006168684},"RateNeg":{"0":-0.3197771,"1":-0.03807037,"2":-0.05876599,"3":-0.03326483,"4":-0.03416114,"5":-0.0533783,"6":-0.05462902,"7":-0.03517783,"8":-0.02488848,"9":-0.0218951,"10":-0.02276351,"11":-0.02483661,"12":-0.0268501,"13":-0.01846245,"14":-0.01462157,"15":-0.01842798,"16":-0.02072161,"17":-0.01311014,"18":-0.01472883,"19":-0.001590866,"20":-0.002165245,"21":-0.002091821,"22":-0.00143206,"23":-0.001018777,"24":-0.0007805986,"25":-0.0004565339,"26":-0.0002957633,"27":-0.0003549185,"28":-0.0002063626,"29":-0.0004556202},"FracExp":{"0":0.02319,"1":1.0,"2":1.0,"3":1.0,"4":1.0,"5":1.0,"6":1.0,"7":0.99999,"8":1.0,"9":1.0,"10":1.0,"11":1.0,"12":1.0,"13":1.0,"14":1.0,"15":1.0,"16":1.0,"17":1.0,"18":1.0,"19":0.555601,"20":0.999996,"21":0.160831,"22":0.22969,"23":0.150643,"24":0.171254,"25":0.183753,"26":0.203692,"27":0.204579,"28":0.177016,"29":0.216798},"BGrate":{"0":0.002702229,"1":0.0008151748,"2":0.0006328335,"3":0.0003589202,"4":0.001214528,"5":0.0009542715,"6":0.001173056,"7":0.001109144,"8":0.0004568832,"9":0.0005988271,"10":0.0004303198,"11":0.0003903744,"12":0.0005874203,"13":0.00143098,"14":0.0004627898,"15":0.0005870572,"16":0.0005503659,"17":0.0002780794,"18":0.002334614,"19":0.0002083967,"20":0.0002170527,"21":0.0002515508,"22":0.0001562584,"23":0.0000889662,"24":0.0002196773,"25":0.0000962347,"26":0.0000655171,"27":0.0000717159,"28":0.0000745071,"29":0.0000796515},"BGerr":{"0":0.0009553822,"1":0.0003327937,"2":0.0003653666,"3":0.0002072227,"4":0.0003840674,"5":0.0004267632,"6":0.000478898,"7":0.000254455,"8":0.0001865218,"9":0.0001893658,"10":0.0001756773,"11":0.0001745807,"12":0.0002076844,"13":0.0002657263,"14":0.0001335959,"15":0.0001694688,"16":0.000174041,"17":0.0000983159,"18":0.0002677986,"19":0.0000153632,"20":0.0000220384,"21":0.0000222342,"22":0.0000120199,"23":0.0000061836,"24":0.000007131,"25":0.0000044772,"26":0.0000023106,"27":0.0000028437,"28":0.0000021885,"29":0.0000053823},"CorrFact":{"0":6.416377,"1":1.259231,"2":1.251955,"3":1.24951,"4":1.263937,"5":1.256855,"6":1.255665,"7":2.106649,"8":1.263605,"9":1.264303,"10":1.267299,"11":1.270177,"12":1.264438,"13":1.262464,"14":1.296721,"15":1.288349,"16":1.287751,"17":1.290011,"18":1.296198,"19":1.389446,"20":1.358457,"21":1.367945,"22":1.521231,"23":1.564487,"24":1.547808,"25":1.530786,"26":1.640779,"27":1.603444,"28":1.534055,"29":1.487322},"CtsInSrc":{"0":15.0,"1":20.0,"2":20.0,"3":20.0,"4":20.0,"5":20.0,"6":20.0,"7":31.0,"8":16.0,"9":20.0,"10":15.0,"11":15.0,"12":20.0,"13":21.0,"14":15.0,"15":15.0,"16":15.0,"17":15.0,"18":24.0,"19":22.0,"20":16.0,"21":19.0,"22":15.0,"23":16.0,"24":17.0,"25":15.0,"26":15.0,"27":16.0,"28":16.0,"29":5.0},"BGInSrc":{"0":0.210034,"1":0.12059,"2":0.060295,"3":0.060295,"4":0.200983,"5":0.100491,"6":0.12059,"7":0.369864,"8":0.092789,"9":0.154649,"10":0.092789,"11":0.077324,"12":0.123719,"13":0.448481,"14":0.158969,"15":0.158969,"16":0.132474,"17":0.105979,"18":1.006803,"19":0.853786,"20":0.54476,"21":0.717121,"22":0.642922,"23":0.546509,"24":1.796149,"25":1.249878,"26":1.407802,"27":1.296095,"28":2.215773,"29":0.505466},"Exposure":{"0":77.7263,"1":147.93118,"2":95.27764,"3":167.98966,"4":165.4824,"5":105.307,"6":102.7997,"7":333.46822,"8":203.091868,"9":258.25276,"10":215.62858,"11":198.07748,"12":210.61412,"13":313.408592,"14":343.50134,"15":270.78948,"16":240.70182,"17":381.1115,"18":431.25036,"19":4096.9282,"20":2509.8073,"21":2850.8001,"22":4114.4793,"23":6142.885,"24":8176.305298,"25":12987.814,"26":21487.561,"27":18072.6184,"28":29739.0853,"29":6345.9763},"Sigma":{"0":199.169137,"1":403.802189,"2":572.794584,"3":572.794584,"4":311.51892,"5":442.790349,"6":403.802189,"7":360.980313,"8":419.925234,"9":405.80029,"10":393.526814,"11":431.53424,"12":454.405624,"13":246.773479,"14":323.401871,"15":323.401871,"16":354.901455,"17":397.498996,"18":199.095589,"19":335.963646,"20":279.419069,"21":288.441048,"22":290.302684,"23":406.831442,"24":260.762019,"25":236.46116,"26":273.763849,"27":286.104411,"28":211.786785,"29":3.692377},"SNR":{"0":3.818051,"1":4.444902,"2":4.458519,"3":4.458519,"4":4.426748,"5":4.449441,"6":4.444902,"7":5.500696,"8":3.976624,"9":4.43729,"10":3.848841,"11":3.852865,"12":4.444259,"13":4.483969,"14":3.831669,"15":3.831669,"16":3.838554,"17":3.84544,"18":4.692163,"19":4.507982,"20":3.863441,"21":4.193937,"22":3.706679,"23":3.863199,"24":3.687107,"25":3.549866,"26":3.509202,"27":3.675673,"28":3.445601,"29":2.312243}}