{"Time":{"0":127.825,"1":162.516,"2":214.604,"3":276.965,"4":353.615,"5":514.838,"6":650.309,"7":858.845,"8":1037.737,"9":1265.159,"10":1807.361,"11":6730.997,"12":15294.029},"TimePos":{"0":14.848,"1":22.781,"2":33.375,"3":28.683,"4":79.906,"5":69.121,"6":104.147,"7":68.615,"8":112.874,"9":166.27,"10":494.098,"11":1346.125,"12":4325.871},"TimeNeg":{"0":-15.24,"1":-19.843,"2":-29.307,"3":-28.986,"4":-47.967,"5":-81.318,"6":-66.35,"7":-104.389,"8":-110.276,"9":-114.548,"10":-375.932,"11":-1218.843,"12":-4062.774},"Rate":{"0":1.453452,"1":1.040492,"2":0.7302146,"3":0.787068,"4":0.3584484,"5":0.201474,"6":0.146438,"7":0.1444637,"8":0.08344542,"9":0.06579977,"10":0.03119516,"11":0.01394098,"12":0.007094024},"RatePos":{"0":0.3260257,"1":0.2338854,"2":0.1639676,"3":0.1771063,"4":0.08125735,"5":0.04558103,"6":0.03335093,"7":0.03261706,"8":0.02188889,"9":0.01736078,"10":0.00691613,"11":0.002719124,"12":0.001393986},"RateNeg":{"0":-0.3260257,"1":-0.2338854,"2":-0.1639676,"3":-0.1771063,"4":-0.08125735,"5":-0.04558103,"6":-0.03335093,"7":-0.03261706,"8":-0.02188889,"9":-0.01736078,"10":-0.00691613,"11":-0.002719124,"12":-0.001393986},"FracExp":{"0":1.0,"1":1.0,"2":1.0,"3":1.0,"4":1.0,"5":0.999989,"6":1.0,"7":1.0,"8":1.0,"9":1.0,"10":1.0,"11":1.0,"12":0.619902},"BGrate":{"0":0.002066496,"1":0.002431172,"2":0.001322557,"3":0.002156342,"4":0.002107016,"5":0.00153026,"6":0.002110939,"7":0.00110136,"8":0.001043611,"9":0.001130861,"10":0.00155736,"11":0.0005398389,"12":0.0003059404},"BGerr":{"0":0.001193092,"1":0.001087253,"2":0.0006612785,"3":0.000880323,"4":0.000584381,"5":0.0004613909,"6":0.0005119778,"7":0.0003671199,"8":0.0003146604,"9":0.0002919869,"10":0.00019467,"11":0.0000420264,"12":0.0000173763},"CorrFact":{"0":2.193372,"1":2.229061,"2":2.29812,"3":2.283638,"4":2.323086,"5":1.533104,"6":1.271238,"7":1.261661,"8":1.260969,"9":1.258496,"10":1.2539,"11":1.294866,"12":1.345902},"CtsInSrc":{"0":20.0,"1":20.0,"2":20.0,"3":20.0,"4":20.0,"5":20.0,"6":20.0,"7":20.0,"8":15.0,"9":15.0,"10":23.0,"11":29.0,"12":29.0},"BGInSrc":{"0":0.062176,"1":0.103627,"2":0.082902,"3":0.124352,"4":0.26943,"5":0.230208,"6":0.359909,"7":0.19054,"8":0.232882,"9":0.317566,"10":1.35495,"11":1.384669,"12":1.590933},"Exposure":{"0":30.087728,"1":42.62428,"2":62.68278,"3":57.66818,"4":127.87282,"5":150.437012,"6":170.49696,"7":173.00422,"8":223.15034,"9":280.8184,"10":870.03018,"11":2564.9679,"12":5200.1402},"Sigma":{"0":555.410959,"1":429.325052,"2":480.5,"3":391.510111,"4":264.037293,"5":284.825187,"6":224.99647,"7":311.894737,"8":210.30813,"9":179.064327,"10":127.798355,"11":256.180534,"12":303.335497},"SNR":{"0":4.458089,"1":4.448725,"2":4.453407,"3":4.444044,"4":4.411274,"5":4.420128,"6":4.390822,"7":4.429083,"8":3.812227,"9":3.790139,"10":4.510493,"11":5.127011,"12":5.08902}}