{"Time":{"0":149.116,"1":189.705,"2":225.747,"3":273.997,"4":348.237,"5":534.692,"6":4760.884,"7":5095.533,"8":5505.993,"9":5792.118,"10":6169.915,"11":32555.034,"12":34421.911,"13":39156.764,"14":40386.77,"15":45040.194,"16":46182.157,"17":50838.845,"18":53222.08,"19":80310.577,"20":103977.871,"21":130355.923,"22":163424.538,"23":231828.414,"24":263029.351,"25":317885.61,"26":378244.884,"27":512185.38,"28":640920.553,"29":1128686.8589999999},"TimePos":{"0":15.539,"1":17.574,"2":24.156,"3":21.039,"4":59.628,"5":143.961,"6":157.196,"7":191.123,"8":139.211,"9":158.978,"10":242.523,"11":1139.72,"12":902.584,"13":279.699,"14":714.536,"15":474.363,"16":693.86,"17":608.005,"18":3375.766,"19":1210.045,"20":4756.474,"21":2955.121,"22":21047.838,"23":11224.75,"24":20103.97,"25":33767.024,"26":20326.565,"27":12806.802,"28":109551.899,"29":257602.79},"TimeNeg":{"0":-12.041,"1":-25.05,"2":-18.468,"3":-24.093,"4":-53.202,"5":-126.827,"6":-193.829,"7":-177.453,"8":-219.337,"9":-146.915,"10":-218.819,"11":-3257.32,"12":-727.156,"13":-337.102,"14":-950.307,"15":-443.934,"16":-667.6,"17":-546.184,"18":-1775.23,"19":-1111.715,"20":-1691.629,"21":-9659.461,"22":-20005.707,"23":-18190.152,"24":-15473.148,"25":-29931.776,"26":-21470.041,"27":-11198.512,"28":-47608.71,"29":-223547.608},"Rate":{"0":2.210112,"1":1.392717,"2":1.37278,"3":1.198575,"4":0.2632399,"5":0.1707873,"6":0.0567756,"7":0.05627688,"8":0.0538257,"9":0.0641971,"10":0.06527035,"11":0.02106483,"12":0.02018408,"13":0.03137799,"14":0.02110554,"15":0.02286258,"16":0.01418875,"17":0.01802179,"18":0.01562537,"19":0.01018407,"20":0.007299768,"21":0.009745542,"22":0.005572775,"23":0.00652334,"24":0.004983182,"25":0.004026566,"26":0.004058155,"27":0.004106985,"28":0.001863169,"29":0.0006360429},"RatePos":{"0":0.4956684,"1":0.3117296,"2":0.307572,"3":0.2682752,"4":0.05898124,"5":0.03075438,"6":0.01488286,"7":0.01424467,"8":0.01413652,"9":0.01668523,"10":0.01370206,"11":0.005560928,"12":0.004020543,"13":0.008233011,"14":0.004129688,"15":0.006536041,"16":0.003767165,"17":0.004732012,"18":0.003578081,"19":0.002613939,"20":0.001877006,"21":0.002134442,"22":0.001366276,"23":0.001398969,"24":0.001265236,"25":0.0009651047,"26":0.0009465097,"27":0.001043786,"28":0.0004437089,"29":0.0001922089},"RateNeg":{"0":-0.4956684,"1":-0.3117296,"2":-0.307572,"3":-0.2682752,"4":-0.05898124,"5":-0.03075438,"6":-0.01488286,"7":-0.01424467,"8":-0.01413652,"9":-0.01668523,"10":-0.01370206,"11":-0.005560928,"12":-0.004020543,"13":-0.008233011,"14":-0.004129688,"15":-0.006536041,"16":-0.003767165,"17":-0.004732012,"18":-0.003578081,"19":-0.002613939,"20":-0.001877006,"21":-0.002134442,"22":-0.001366276,"23":-0.001398969,"24":-0.001265236,"25":-0.0009651047,"26":-0.0009465097,"27":-0.001043786,"28":-0.0004437089,"29":-0.0001922089},"FracExp":{"0":1.0,"1":1.0,"2":1.0,"3":0.999968,"4":1.0,"5":1.0,"6":1.0,"7":1.0,"8":1.0,"9":0.991771,"10":1.0,"11":0.204141,"12":1.0,"13":1.0,"14":1.0,"15":0.851883,"16":1.0,"17":0.953664,"18":0.328563,"19":1.0,"20":0.462723,"21":0.246266,"22":0.109994,"23":0.214973,"24":0.156666,"25":0.101593,"26":0.172886,"27":0.240021,"28":0.096137,"29":0.069354},"BGrate":{"0":0.002133111,"1":0.0004600822,"2":0.0009201644,"3":0.0004345359,"4":0.0003541379,"5":0.000295119,"6":0.0006372194,"7":0.0005310159,"8":0.000701832,"9":0.0003225696,"10":0.0003333322,"11":0.0003651865,"12":0.0002454562,"13":0.000386074,"14":0.0002656366,"15":0.001849719,"16":0.000301869,"17":0.0002261373,"18":0.0002768898,"19":0.0001786476,"20":0.0001484002,"21":0.0001876361,"22":0.0001536581,"23":0.00010062,"24":0.0001363253,"25":0.0001255717,"26":0.0001141022,"27":0.0001346141,"28":0.0000807365,"29":0.0000653946},"BGerr":{"0":0.001231552,"1":0.0004600822,"2":0.0006506545,"3":0.0004345359,"4":0.0002504133,"5":0.0001475595,"6":0.0001593049,"7":0.00014192,"8":0.0001654234,"9":0.0001219198,"10":0.0001005034,"11":0.0000577411,"12":0.0000358035,"13":0.0000729611,"14":0.0000368372,"15":0.0001422861,"16":0.000043571,"17":0.0000387822,"18":0.0000348848,"19":0.0000192641,"20":0.0000153884,"21":0.0000170578,"22":0.000011177,"23":0.0000070105,"24":0.0000087815,"25":0.000008298,"26":0.0000070225,"27":0.0000087075,"28":0.0000034808,"29":0.0000018467},"CorrFact":{"0":3.056795,"1":2.971106,"2":2.931452,"3":2.707263,"4":1.488035,"5":1.495696,"6":1.348756,"7":1.31245,"8":1.308555,"9":1.306918,"10":1.318026,"11":1.288708,"12":1.284955,"13":1.311079,"14":1.323056,"15":1.319632,"16":1.324107,"17":1.344763,"18":1.353962,"19":1.51714,"20":1.400007,"21":1.413588,"22":1.45409,"23":1.844493,"24":1.71026,"25":1.432712,"26":1.529264,"27":1.458516,"28":1.498955,"29":1.655863},"CtsInSrc":{"0":20.0,"1":20.0,"2":20.0,"3":20.0,"4":20.0,"5":31.0,"6":15.0,"7":16.0,"8":15.0,"9":15.0,"10":23.0,"11":15.0,"12":26.0,"13":15.0,"14":27.0,"15":15.0,"16":15.0,"17":15.0,"18":20.0,"19":16.0,"20":16.0,"21":22.0,"22":18.0,"23":23.0,"24":17.0,"25":19.0,"26":20.0,"27":17.0,"28":20.0,"29":15.0},"BGInSrc":{"0":0.058832,"1":0.019611,"2":0.039222,"3":0.019611,"4":0.039957,"5":0.079914,"6":0.22368,"7":0.19572,"8":0.25164,"9":0.09786,"10":0.15378,"11":0.327798,"12":0.40003,"13":0.238131,"14":0.442243,"15":1.447001,"16":0.410983,"17":0.248911,"18":0.468615,"19":0.414777,"20":0.44278,"21":0.5829,"22":0.693866,"23":0.636261,"24":0.75984,"25":0.812617,"26":0.824507,"27":0.775616,"28":1.219846,"29":2.182196},"Exposure":{"0":27.580528,"1":42.6245,"2":42.6245,"3":45.130392,"4":112.8296,"5":270.78728,"6":351.024808,"7":368.57624,"8":358.54708,"9":303.376172,"10":461.3412,"11":897.6182,"12":1629.7402,"13":616.8009,"14":1664.8421,"15":782.28164,"16":1361.45986,"17":1100.70786,"18":1692.42434,"19":2321.7598,"20":2983.687,"21":3106.5447,"22":4515.6473,"23":6323.4106,"24":5573.7279,"25":6471.3413,"26":7226.0386,"27":5761.7754,"28":15108.9898,"29":33369.6557},"Sigma":{"0":587.077234,"1":1018.847597,"2":719.726938,"3":1018.847597,"4":706.44931,"5":773.829402,"6":264.240551,"7":302.136967,"8":248.656976,"9":402.895842,"10":492.732465,"11":283.08631,"12":438.728627,"13":328.023363,"14":433.044136,"15":121.761487,"16":245.936684,"17":345.556726,"18":330.816387,"19":348.455958,"20":338.832996,"21":404.165682,"22":342.890513,"23":504.478346,"24":331.800176,"25":338.689563,"26":377.880324,"27":323.385311,"28":357.096094,"29":208.002541},"SNR":{"0":4.458852,"1":4.467708,"2":4.46328,"3":4.467708,"4":4.463112,"5":5.553268,"6":3.814832,"7":3.950732,"8":3.807564,"9":3.847541,"10":4.763544,"11":3.788007,"12":5.020239,"13":3.811241,"14":5.110687,"15":3.497925,"16":3.766426,"17":3.808483,"18":4.36697,"19":3.896062,"20":3.889049,"21":4.56585,"22":4.078806,"23":4.662963,"24":3.93854,"25":4.172155,"26":4.287495,"27":3.9347,"28":4.19908,"29":3.309124}}