{"Time":{"0":31144.15,"1":38086.283,"2":52956.616,"3":120255.193,"4":196865.868},"TimePos":{"0":270.49,"1":2995.167,"2":6073.62,"3":60866.856,"4":13295.431},"TimeNeg":{"0":-170.795,"1":-3185.717,"2":-6306.842,"3":-15137.628,"4":-10991.534},"Rate":{"0":0.06755128,"1":0.04322113,"2":0.01603995,"3":0.002457101,"4":0.001780644},"RatePos":{"0":0.01403903,"1":0.0082892,"2":0.003266389,"3":0.0006846696,"4":0.0010118},"RateNeg":{"0":-0.01403903,"1":-0.0082892,"2":-0.003266389,"3":-0.0006846696,"4":-0.0007473171},"FracExp":{"0":1.0,"1":0.136705,"2":0.213052,"3":0.107874,"4":0.167656},"BGrate":{"0":0.0009622686,"1":0.0004824436,"2":0.0003631134,"3":0.000134105,"4":0.0000903909},"BGerr":{"0":0.0001786888,"1":0.0000689205,"2":0.0000296481,"3":0.0000066149,"4":0.0000064565},"CorrFact":{"0":1.264428,"1":1.32356,"2":1.689477,"3":1.449262,"4":1.565312},"CtsInSrc":{"0":24.0,"1":28.0,"2":26.0,"3":15.0,"4":5.0},"BGInSrc":{"0":0.424634,"1":0.407646,"2":0.957777,"3":1.099509,"4":0.368059},"Exposure":{"0":441.2848,"1":844.9601,"2":2637.6796,"3":8198.871,"4":4071.8552},"Sigma":{"0":298.980021,"1":473.809839,"2":320.224264,"3":256.302071,"4":4.052613},"SNR":{"0":4.811678,"1":5.214149,"2":4.910607,"3":3.588739,"4":2.382716}}