{"Time":{"0":100.813,"1":129.395,"2":219.147,"3":379.708,"4":479.498,"5":638.376,"6":789.873,"7":929.026,"8":1056.396,"9":1221.571,"10":1523.902,"11":6242.284,"12":11318.704,"13":13509.379},"TimePos":{"0":14.663,"1":21.184,"2":94.408,"3":54.198,"4":64.729,"5":73.842,"6":62.754,"7":61.504,"8":64.514,"9":67.328,"10":198.758,"11":1306.958,"12":641.04,"13":4184.169},"TimeNeg":{"0":-17.932,"1":-13.919,"2":-68.567,"3":-66.153,"4":-45.593,"5":-94.148,"6":-77.656,"7":-76.399,"8":-65.866,"9":-100.661,"10":-235.003,"11":-962.999,"12":-336.813,"13":-1549.635},"Rate":{"0":4.005299,"1":3.569454,"2":0.6998928,"3":0.2531559,"4":0.2796495,"5":0.290492,"6":0.2352666,"7":0.222729,"8":0.2357663,"9":0.1795337,"10":0.1335555,"11":0.03740885,"12":0.01937839,"13":0.01426146},"RatePos":{"0":0.8787162,"1":0.8003963,"2":0.1590354,"3":0.05706398,"4":0.06309952,"5":0.06606733,"6":0.05324336,"7":0.05035776,"8":0.05298392,"9":0.04059153,"10":0.02204855,"11":0.006432807,"12":0.005143225,"13":0.002775397},"RateNeg":{"0":-0.8787162,"1":-0.8003963,"2":-0.1590354,"3":-0.05706398,"4":-0.06309952,"5":-0.06606733,"6":-0.05324336,"7":-0.05035776,"8":-0.05298392,"9":-0.04059153,"10":-0.02204855,"11":-0.006432807,"12":-0.005143225,"13":-0.002775397},"FracExp":{"0":1.0,"1":1.0,"2":0.999991,"3":1.0,"4":1.0,"5":0.999989,"6":0.999995,"7":1.0,"8":1.0,"9":1.0,"10":1.0,"11":0.655003,"12":1.0,"13":0.435971},"BGrate":{"0":0.00340608,"1":0.001581391,"2":0.001938138,"3":0.001316776,"4":0.001616044,"5":0.001983586,"6":0.001685441,"7":0.001580133,"8":0.00075968,"9":0.001297125,"10":0.001507078,"11":0.0003995198,"12":0.0004150857,"13":0.0003227206},"BGerr":{"0":0.001390526,"1":0.0009130164,"2":0.0004700675,"3":0.0004655505,"4":0.0005386812,"5":0.0004810902,"6":0.0004865449,"7":0.0004764281,"8":0.0003397392,"9":0.0003910979,"10":0.0002623487,"11":0.0000435912,"12":0.0000599124,"13":0.0000299638},"CorrFact":{"0":6.249847,"1":6.282265,"2":5.794739,"3":1.535547,"4":1.556446,"5":2.481302,"6":1.671453,"7":1.552657,"8":1.544611,"9":1.524602,"10":1.551188,"11":1.616596,"12":1.298416,"13":1.311001},"CtsInSrc":{"0":21.0,"1":20.0,"2":20.0,"3":20.0,"4":20.0,"5":20.0,"6":20.0,"7":20.0,"8":20.0,"9":20.0,"10":38.0,"11":35.0,"12":15.0,"13":28.0},"BGInSrc":{"0":0.111021,"1":0.055511,"2":0.315866,"3":0.158475,"4":0.178285,"5":0.333219,"6":0.236651,"7":0.217904,"8":0.099047,"9":0.217904,"10":0.653711,"11":0.594018,"12":0.405893,"13":0.806728},"Exposure":{"0":32.595048,"1":35.10244,"2":162.974132,"3":120.35114,"4":110.32182,"5":167.98818,"6":140.40882,"7":137.90214,"8":130.3801,"9":167.98976,"10":433.76062,"11":1486.8289,"12":977.85288,"13":2499.77222},"Sigma":{"0":460.878381,"1":622.310385,"2":256.943356,"3":354.126187,"4":333.540037,"5":243.348131,"6":289.296548,"7":301.095293,"8":449.279772,"9":301.095293,"10":328.184812,"11":530.853091,"12":249.10756,"13":363.047443},"SNR":{"0":4.558126,"1":4.459609,"2":4.40086,"3":4.436352,"4":4.431879,"5":4.396908,"6":4.418704,"7":4.422934,"8":4.44977,"9":4.422934,"10":6.057336,"11":5.815324,"12":3.767751,"13":5.138531}}