{"Time":{"0":80895.568,"1":97869.215},"TimePos":{"0":2648.848,"1":2877.598},"TimeNeg":{"0":-3815.775,"1":-8907.243},"Rate":{"0":0.01069192,"1":0.01249133},"RatePos":{"0":0.002869936,"1":0.002743626},"RateNeg":{"0":-0.002869936,"1":-0.002743626},"FracExp":{"0":0.344798,"1":0.217437},"BGrate":{"0":0.0002556781,"1":0.0002512416},"BGerr":{"0":0.0000236374,"1":0.0000211584},"CorrFact":{"0":1.65156,"1":1.498793},"CtsInSrc":{"0":15.0,"1":22.0},"BGInSrc":{"0":0.569904,"1":0.643797},"Exposure":{"0":2228.9897,"1":2562.4606},"Sigma":{"0":273.880106,"1":393.898946},"SNR":{"0":3.72549,"1":4.552854}}