{"Time":{"0":99720.992},"TimePos":{"0":68770.947},"TimeNeg":{"0":-24500.586},"Rate":{"0":0.001954697},"RatePos":{"0":0.0005333119},"RateNeg":{"0":-0.0005333119},"FracExp":{"0":0.128629},"BGrate":{"0":0.0001115179},"BGerr":{"0":0.0000043607},"CorrFact":{"0":1.599456},"CtsInSrc":{"0":16.0},"BGInSrc":{"0":1.337929},"Exposure":{"0":11997.4305},"Sigma":{"0":280.253665},"SNR":{"0":3.665204}}