{"Time":{"0":134.884,"1":199.519,"2":250.133,"3":316.934,"4":378.571,"5":446.259,"6":541.213,"7":5424.743,"8":6579.341,"9":15631.546},"TimePos":{"0":32.979,"1":23.505,"2":28.052,"3":33.963,"4":37.517,"5":27.497,"6":75.456,"7":206.947,"8":3218.644,"9":346.872},"TimeNeg":{"0":-29.704,"1":-31.656,"2":-27.109,"3":-38.749,"4":-27.674,"5":-30.172,"6":-67.458,"7":-134.048,"8":-947.651,"9":-179.661},"Rate":{"0":0.7687741,"1":0.8936346,"2":0.8032639,"3":0.6047537,"4":0.6826485,"5":0.7675989,"6":0.4222538,"7":0.07512581,"8":0.0567239,"9":0.05149313},"RatePos":{"0":0.1735845,"1":0.1917296,"2":0.1798642,"3":0.1373171,"4":0.1532812,"5":0.1721167,"6":0.08227476,"7":0.01959328,"8":0.01018858,"9":0.01969078},"RateNeg":{"0":-0.1735845,"1":-0.1917296,"2":-0.1798642,"3":-0.1373171,"4":-0.1532812,"5":-0.1721167,"6":-0.08227476,"7":-0.01959328,"8":-0.01018858,"9":-0.01572349},"FracExp":{"0":1.0,"1":1.0,"2":1.0,"3":1.0,"4":1.0,"5":1.0,"6":1.0,"7":1.0,"8":0.215446,"9":1.0},"BGrate":{"0":0.003049415,"1":0.002475175,"2":0.0004950353,"3":0.004130981,"4":0.001256629,"5":0.0009470241,"6":0.002292848,"7":0.0004382915,"8":0.000561589,"9":0.0003050607},"BGerr":{"0":0.00115257,"1":0.001106932,"2":0.0004950353,"3":0.001245537,"4":0.0007255149,"5":0.0006696471,"6":0.0006618883,"7":0.0000934441,"8":0.0000701986,"9":0.0000622702},"CorrFact":{"0":2.432701,"1":2.254618,"2":2.218468,"3":2.232173,"4":2.23425,"5":2.219365,"6":2.262489,"7":1.725022,"8":1.616591,"9":3.067409},"CtsInSrc":{"0":20.0,"1":22.0,"2":20.0,"3":20.0,"4":20.0,"5":20.0,"6":27.0,"7":15.0,"8":32.0,"9":9.0},"BGInSrc":{"0":0.191146,"1":0.136533,"2":0.027307,"3":0.300373,"4":0.08192,"5":0.054613,"6":0.327679,"7":0.149455,"8":0.504089,"9":0.160625},"Exposure":{"0":62.682948,"1":55.16098,"2":55.16094,"3":72.71222,"4":65.19018,"5":57.66826,"6":142.913672,"7":340.99496,"8":897.61124,"9":526.533},"Sigma":{"0":274.184221,"1":358.068537,"2":731.423263,"3":217.517298,"4":421.132717,"5":516.487243,"6":281.969617,"7":466.060919,"8":499.847214,"9":269.597217},"SNR":{"0":4.428816,"1":4.660912,"2":4.465947,"3":4.404068,"4":4.453569,"5":4.459758,"6":5.13224,"7":3.834264,"8":5.567398,"9":3.274917}}