{"Time":{"0":3288.806,"1":3464.221,"2":3613.552,"3":3880.585,"4":4049.735,"5":4189.773,"6":4336.55,"7":4499.944,"8":4698.696,"9":4919.974,"10":5127.125,"11":5366.964,"12":8945.46,"13":9125.629,"14":9333.108,"15":9644.303,"16":9891.88,"17":10254.313,"18":210375.401},"TimePos":{"0":84.813,"1":89.926,"2":48.41,"3":84.763,"4":63.546,"5":73.946,"6":50.028,"7":84.713,"8":104.097,"9":128.536,"10":76.838,"11":152.909,"12":67.753,"13":98.2,"14":108.858,"15":121.108,"16":79.131,"17":203.103,"18":13654.867},"TimeNeg":{"0":-78.163,"1":-90.602,"2":-59.405,"3":-218.623,"4":-84.386,"5":-76.493,"6":-72.831,"7":-113.365,"8":-114.04,"9":-117.181,"10":-78.616,"11":-163.001,"12":-160.413,"13":-112.416,"14":-109.28,"15":-202.337,"16":-126.469,"17":-283.302,"18":-14819.745},"Rate":{"0":0.1504038,"1":0.135448,"2":0.3070523,"3":0.1345328,"4":0.1743279,"5":0.1633538,"6":0.2010676,"7":0.1295532,"8":0.1121923,"9":0.09406267,"10":0.159129,"11":0.1407586,"12":0.0830486,"13":0.09039948,"14":0.08745233,"15":0.05810573,"16":0.09221815,"17":0.06500454,"18":0.00460804},"RatePos":{"0":0.0341,"1":0.03067356,"2":0.06897502,"3":0.03071726,"4":0.0382921,"5":0.03686484,"6":0.04506333,"7":0.02864581,"8":0.02546614,"9":0.0220039,"10":0.03578729,"11":0.02368585,"12":0.02174225,"13":0.02354938,"14":0.02273654,"15":0.01533442,"16":0.02411882,"17":0.01316394,"18":0.00144599},"RateNeg":{"0":-0.0341,"1":-0.03067356,"2":-0.06897502,"3":-0.03071726,"4":-0.0382921,"5":-0.03686484,"6":-0.04506333,"7":-0.02864581,"8":-0.02546614,"9":-0.0220039,"10":-0.03578729,"11":-0.02368585,"12":-0.02174225,"13":-0.02354938,"14":-0.02273654,"15":-0.01533442,"16":-0.02411882,"17":-0.01316394,"18":-0.001208274},"FracExp":{"0":1.0,"1":1.0,"2":0.999956,"3":0.999979,"4":1.0,"5":1.0,"6":1.0,"7":1.0,"8":1.0,"9":1.0,"10":1.0,"11":1.0,"12":1.0,"13":1.0,"14":1.0,"15":1.0,"16":1.0,"17":1.0,"18":0.142471},"BGrate":{"0":0.001668065,"1":0.001380401,"2":0.0008405354,"3":0.001348181,"4":0.000918851,"5":0.001204717,"6":0.0003687908,"7":0.001372463,"8":0.001350116,"9":0.001475166,"10":0.0007286612,"11":0.001075682,"12":0.0008981915,"13":0.0006255246,"14":0.000469743,"15":0.0009956686,"16":0.0009255753,"17":0.0006319953,"18":0.0002208348},"BGerr":{"0":0.0004815289,"1":0.0004162066,"2":0.0004202677,"3":0.000309294,"4":0.0003751194,"5":0.0004259316,"6":0.0002607745,"7":0.000396196,"8":0.0003744548,"9":0.0003687916,"10":0.0003258672,"11":0.00027774,"12":0.0002400518,"13":0.0002085082,"14":0.0001775462,"15":0.0002122772,"16":0.0002567084,"17":0.0001379127,"18":0.0000155765},"CorrFact":{"0":1.242501,"1":1.23803,"2":1.662703,"3":2.083332,"4":1.236033,"5":1.239978,"6":1.23795,"7":1.238011,"8":1.24195,"9":1.240121,"10":1.243902,"11":1.246966,"12":1.280757,"13":1.28055,"14":1.280522,"15":1.280423,"16":1.280248,"17":1.280486,"18":1.426583},"CtsInSrc":{"0":20.0,"1":20.0,"2":20.0,"3":20.0,"4":21.0,"5":20.0,"6":20.0,"7":21.0,"8":20.0,"9":19.0,"10":20.0,"11":36.0,"12":15.0,"13":15.0,"14":15.0,"15":15.0,"16":15.0,"17":25.0,"18":14.0},"BGInSrc":{"0":0.271855,"1":0.2492,"2":0.090618,"3":0.409011,"4":0.135927,"5":0.181237,"6":0.045309,"7":0.271855,"8":0.29451,"9":0.362473,"10":0.113273,"11":0.339819,"12":0.204937,"13":0.131745,"14":0.102468,"15":0.322044,"16":0.190299,"17":0.307405,"18":0.895885},"Exposure":{"0":162.97624,"1":180.52752,"2":107.81024,"3":303.37972,"4":147.93202,"5":150.43924,"6":122.8587,"7":198.07814,"8":218.1365,"9":245.71688,"10":155.45346,"11":315.9099,"12":228.16626,"13":210.61556,"14":218.13736,"15":323.44482,"16":205.60038,"17":486.40472,"18":4056.8114},"Sigma":{"0":251.385133,"1":262.864719,"2":439.411822,"3":208.784501,"4":375.982316,"5":309.296866,"6":622.836372,"7":264.127594,"8":241.245673,"9":205.670616,"10":392.574668,"11":406.426369,"12":270.122331,"13":338.568405,"14":384.656415,"15":213.77747,"16":280.596541,"17":368.099108,"18":207.373601},"SNR":{"0":4.410668,"1":4.41579,"2":4.451645,"3":4.379714,"4":4.55258,"5":4.431155,"6":4.46189,"7":4.522589,"8":4.405547,"9":4.274818,"10":4.446522,"11":5.942728,"12":3.819687,"13":3.83872,"14":3.846334,"15":3.789237,"16":3.823493,"17":4.938075,"18":3.813737}}