{"Time":{"0":279.149,"1":297.236,"2":319.829,"3":343.239,"4":374.986,"5":568.717},"TimePos":{"0":5.841,"1":12.827,"2":12.799,"3":11.955,"4":32.862,"5":1070.215},"TimeNeg":{"0":-6.696,"1":-12.246,"2":-9.767,"3":-10.61,"4":-19.792,"5":-160.869},"Rate":{"0":5.778295,"1":2.821818,"2":3.21041,"3":3.075785,"4":1.358904,"5":0.05304139},"RatePos":{"0":1.234326,"1":0.6201724,"2":0.7019923,"3":0.689234,"4":0.298352,"5":0.009798233},"RateNeg":{"0":-1.234326,"1":-0.6201724,"2":-0.7019923,"3":-0.689234,"4":-0.298352,"5":-0.009798233},"FracExp":{"0":1.0,"1":1.0,"2":1.0,"3":1.0,"4":1.0,"5":0.999999},"BGrate":{"0":0.003361413,"1":0.005882444,"2":0.00186744,"3":0.001867443,"4":0.002400998,"5":0.001957797},"BGerr":{"0":0.002376878,"1":0.002223355,"2":0.001320479,"3":0.001320482,"4":0.0009802033,"5":0.0001875229},"CorrFact":{"0":3.299025,"1":3.392959,"2":3.456724,"3":3.477702,"4":3.427828,"5":2.067073},"CtsInSrc":{"0":22.0,"1":21.0,"2":21.0,"3":20.0,"4":21.0,"5":34.0},"BGInSrc":{"0":0.04214,"1":0.147491,"2":0.04214,"3":0.04214,"4":0.126421,"5":2.410212},"Exposure":{"0":12.536488,"1":25.0731,"2":22.56582,"3":22.56578,"4":52.6535,"5":1231.083812},"Sigma":{"0":736.897771,"1":374.060225,"2":703.338135,"3":669.7785,"4":404.439469,"5":136.837368},"SNR":{"0":4.681337,"1":4.550054,"2":4.573283,"3":4.462614,"4":4.5547,"5":5.413363}}