{"Time":{"0":152.241,"1":196.807,"2":285.912,"3":377.632,"4":598.364,"5":5165.963,"6":12818.243,"7":27988.539,"8":48076.406,"9":63172.698},"TimePos":{"0":16.362,"1":24.449,"2":48.174,"3":49.224,"4":317.416,"5":1532.225,"6":5442.133,"7":7615.84,"8":10654.67,"9":6754.347},"TimeNeg":{"0":-11.219,"1":-28.204,"2":-64.656,"3":-43.546,"4":-171.508,"5":-955.017,"6":-2826.382,"7":-6428.993,"8":-9172.814,"9":-1144.282},"Rate":{"0":3.370488,"1":1.759939,"2":0.8123599,"3":0.9941634,"4":0.06807497,"5":0.008842152,"6":0.005190529,"7":0.003024374,"8":0.002330476,"9":0.001177023},"RatePos":{"0":0.7564992,"1":0.3946437,"2":0.1838889,"3":0.2237693,"4":0.01391947,"5":0.002260573,"6":0.001242515,"7":0.0007959286,"8":0.0006193687,"9":0.0007585051},"RateNeg":{"0":-0.7564992,"1":-0.3946437,"2":-0.1838889,"3":-0.2237693,"4":-0.01391947,"5":-0.002260573,"6":-0.001242515,"7":-0.0007959286,"8":-0.0006193687,"9":-0.0005396267},"FracExp":{"0":1.0,"1":1.0,"2":1.0,"3":1.0,"4":0.999995,"5":1.0,"6":0.601618,"7":0.530743,"8":0.495454,"9":0.582176},"BGrate":{"0":0.002692889,"1":0.001057921,"2":0.002139352,"3":0.001401031,"4":0.001107623,"5":0.0001420601,"6":0.0001586729,"7":0.000107256,"8":0.0000965019,"9":0.0000583884},"BGerr":{"0":0.001346444,"1":0.0006107912,"2":0.0005933495,"3":0.0005295398,"4":0.0002131622,"5":0.0000162954,"6":0.0000117941,"7":0.0000069378,"8":0.0000054546,"9":0.0000052434},"CorrFact":{"0":4.66531,"1":4.6463,"2":4.638882,"3":4.641625,"4":1.360811,"5":1.405576,"6":1.41786,"7":1.483129,"8":1.520971,"9":1.450271},"CtsInSrc":{"0":20.0,"1":20.0,"2":20.0,"3":20.0,"4":25.0,"5":16.0,"6":19.0,"7":16.0,"8":16.0,"9":4.0},"BGInSrc":{"0":0.074271,"1":0.055703,"2":0.241381,"3":0.129975,"4":0.541541,"5":0.353338,"6":0.789316,"7":0.799508,"8":0.947996,"9":0.268493},"Exposure":{"0":27.580488,"1":52.65362,"2":112.82918,"3":92.77068,"4":488.921732,"5":2487.2416,"6":4974.4832,"7":7454.2029,"8":9823.6014,"9":4598.3882},"Sigma":{"0":536.566879,"1":620.151414,"2":295.137602,"3":404.472542,"4":234.681915,"5":386.045386,"6":310.395142,"7":293.923223,"8":280.905274,"9":3.703178},"SNR":{"0":4.455375,"1":4.459565,"2":4.417666,"3":4.442805,"4":4.890629,"5":3.911465,"6":4.177439,"7":3.799805,"8":3.762663,"9":2.181181}}