{"Time":{"0":98.254,"1":132.271,"2":208.434,"3":350.987,"4":491.575,"5":620.199,"6":4444.767,"7":5217.093,"8":6211.093,"9":10361.351,"10":11558.374,"11":16127.672,"12":17387.238,"13":22373.265,"14":45989.04},"TimePos":{"0":16.058,"1":19.65,"2":83.897,"3":71.725,"4":53.995,"5":103.386,"6":342.417,"7":364.909,"8":423.968,"9":407.17,"10":844.902,"11":417.495,"12":785.163,"13":1167.854,"14":16568.807},"TimeNeg":{"0":-16.537,"1":-17.96,"2":-56.512,"3":-58.656,"4":-68.864,"5":-74.629,"6":-279.397,"7":-429.91,"8":-629.091,"9":-427.765,"10":-789.854,"11":-447.527,"12":-842.07,"13":-923.235,"14":-7194.758},"Rate":{"0":1.40886,"1":1.119509,"2":0.2991375,"3":0.314904,"4":0.3757022,"5":0.2935358,"6":0.03908734,"7":0.03121825,"8":0.02968943,"9":0.02617424,"10":0.02213395,"11":0.02275253,"12":0.01380168,"13":0.0124894,"14":0.005718898},"RatePos":{"0":0.3009534,"1":0.2505971,"2":0.06761013,"3":0.07179255,"4":0.08080499,"5":0.05951952,"6":0.01026775,"7":0.008189096,"8":0.006963544,"9":0.006961734,"10":0.00454078,"11":0.006108546,"12":0.003446798,"13":0.002869998,"14":0.001870246},"RateNeg":{"0":-0.3009534,"1":-0.2505971,"2":-0.06761013,"3":-0.07179255,"4":-0.08080499,"5":-0.05951952,"6":-0.01026775,"7":-0.008189096,"8":-0.006963544,"9":-0.006961734,"10":-0.00454078,"11":-0.006108546,"12":-0.003446798,"13":-0.002869998,"14":-0.001552346},"FracExp":{"0":1.0,"1":1.0,"2":1.0,"3":1.0,"4":1.0,"5":1.0,"6":1.0,"7":1.0,"8":1.0,"9":1.0,"10":1.0,"11":1.0,"12":1.0,"13":1.0,"14":0.137585},"BGrate":{"0":0.001295074,"1":0.0005611978,"2":0.001503207,"3":0.00291391,"4":0.001546156,"5":0.001897049,"6":0.0004107845,"7":0.0002953135,"8":0.0003933427,"9":0.0005236379,"10":0.000382649,"11":0.000661668,"12":0.0003002632,"13":0.0002569425,"14":0.000256726},"BGerr":{"0":0.0009157553,"1":0.0005611978,"2":0.0004753559,"3":0.0006868153,"4":0.0005153853,"5":0.0004742622,"6":0.0000675326,"7":0.0000506458,"8":0.0000507803,"9":0.0000649493,"10":0.0000396788,"11":0.000073069,"12":0.0000358883,"13":0.0000244985,"14":0.0000179305},"CorrFact":{"0":2.091369,"1":2.107445,"2":2.12249,"3":2.092617,"4":2.116375,"5":2.118776,"6":1.648406,"7":1.680486,"8":1.682184,"9":1.500659,"10":1.484488,"11":1.36415,"12":1.360184,"13":1.34187,"14":1.537542},"CtsInSrc":{"0":22.0,"1":20.0,"2":20.0,"3":20.0,"4":22.0,"5":25.0,"6":15.0,"7":15.0,"8":19.0,"9":15.0,"10":25.0,"11":15.0,"12":17.0,"13":20.0,"14":13.0},"BGInSrc":{"0":0.042213,"1":0.021106,"2":0.211065,"3":0.379917,"4":0.189958,"5":0.337704,"6":0.255431,"7":0.234721,"8":0.414213,"9":0.437204,"10":0.625538,"11":0.572358,"12":0.488598,"13":0.537289,"14":0.839371},"Exposure":{"0":32.595048,"1":37.60972,"2":140.40972,"3":130.38042,"4":122.85852,"5":178.015372,"6":621.81336,"7":794.81858,"8":1053.05856,"9":834.93504,"10":1634.75546,"11":865.02284,"12":1627.23336,"13":2091.0882,"14":3269.5192},"Sigma":{"0":735.626755,"1":946.575758,"2":296.487487,"3":219.103107,"4":344.444444,"5":292.117424,"6":351.122622,"7":366.800407,"8":347.562515,"9":268.545367,"10":375.770895,"11":228.262488,"12":282.735954,"13":379.919329,"14":207.433665},"SNR":{"0":4.681321,"1":4.467367,"2":4.424448,"3":4.386305,"4":4.649493,"5":4.931756,"6":3.806808,"7":3.812173,"8":4.263551,"9":3.759729,"10":4.874482,"11":3.724705,"12":4.004202,"13":4.351709,"14":3.684035}}