{"Time":{"0":149.7,"1":216.896,"2":288.547,"3":353.207,"4":448.515,"5":547.996,"6":647.517,"7":808.35,"8":903.276,"9":991.922,"10":1108.625,"11":1284.967,"12":1499.283,"13":2881.773,"14":35973.827},"TimePos":{"0":36.669,"1":27.141,"2":28.203,"3":38.762,"4":58.79,"5":44.558,"6":90.461,"7":47.472,"8":40.301,"9":61.977,"10":68.133,"11":124.97,"12":66.108,"13":9726.332,"14":22648.859},"TimeNeg":{"0":-41.058,"1":-30.527,"2":-44.51,"3":-36.457,"4":-56.547,"5":-40.69,"6":-54.963,"7":-70.372,"8":-47.454,"9":-48.344,"10":-54.726,"11":-108.21,"12":-89.345,"13":-1316.382,"14":-12129.205},"Rate":{"0":0.3164872,"1":0.4759784,"2":0.3408789,"3":0.3316125,"4":0.2152829,"5":0.4121865,"6":0.3085444,"7":0.2784249,"8":0.2852595,"9":0.2255951,"10":0.2020651,"11":0.1063957,"12":0.159948,"13":0.01615444,"14":0.002766148},"RatePos":{"0":0.07113758,"1":0.1018631,"2":0.07654037,"3":0.07469305,"4":0.04833926,"5":0.09273853,"6":0.0695572,"7":0.06264187,"8":0.06405168,"9":0.05070754,"10":0.04560883,"11":0.02396479,"12":0.03610244,"13":0.003185481,"14":0.0007604285},"RateNeg":{"0":-0.07113758,"1":-0.1018631,"2":-0.07654037,"3":-0.07469305,"4":-0.04833926,"5":-0.09273853,"6":-0.0695572,"7":-0.06264187,"8":-0.06405168,"9":-0.05070754,"10":-0.04560883,"11":-0.02396479,"12":-0.03610244,"13":-0.003185481,"14":-0.0007604285},"FracExp":{"0":1.0,"1":1.0,"2":1.0,"3":1.0,"4":1.0,"5":0.999968,"6":1.0,"7":0.999989,"8":1.0,"9":1.0,"10":1.0,"11":1.0,"12":1.0,"13":0.24976,"14":0.213687},"BGrate":{"0":0.001320835,"1":0.001424203,"2":0.001129541,"3":0.001910807,"4":0.0007121022,"5":0.001429672,"6":0.001105277,"7":0.001030467,"8":0.000935907,"9":0.000930589,"10":0.001504136,"11":0.0006163902,"12":0.001188752,"13":0.0002347412,"14":0.0001225129},"BGerr":{"0":0.0005906954,"1":0.0007121017,"2":0.0005647704,"3":0.0007222172,"4":0.0003560511,"5":0.000583661,"6":0.0003907745,"7":0.0004206863,"8":0.0004679535,"9":0.000416172,"10":0.0005013786,"11":0.0002329736,"12":0.0003962507,"13":0.0000199825,"14":0.0000065023},"CorrFact":{"0":1.236322,"1":1.252351,"2":1.244412,"3":1.256213,"4":1.246618,"5":1.767634,"6":2.261666,"7":1.650535,"8":1.256821,"9":1.250823,"10":1.252844,"11":1.249447,"12":1.254817,"13":1.690702,"14":1.459027},"CtsInSrc":{"0":20.0,"1":22.0,"2":20.0,"3":20.0,"4":20.0,"5":20.0,"6":20.0,"7":20.0,"8":20.0,"9":20.0,"10":20.0,"11":20.0,"12":20.0,"13":27.0,"14":15.0},"BGInSrc":{"0":0.102664,"1":0.082131,"2":0.082131,"3":0.14373,"4":0.082131,"5":0.121874,"6":0.160734,"7":0.121433,"8":0.082131,"9":0.102664,"10":0.184796,"11":0.14373,"12":0.184796,"13":0.647422,"14":0.910471},"Exposure":{"0":77.72674,"1":57.66828,"2":72.71216,"3":75.21946,"4":115.33648,"5":85.24598,"6":145.42412,"7":117.8424,"8":87.7559,"9":110.32174,"10":122.85828,"11":233.18002,"12":155.4534,"13":2758.02634,"14":7431.6372},"Sigma":{"0":433.372071,"1":533.727175,"2":485.024705,"3":365.51032,"4":485.024705,"5":399.522149,"6":349.110494,"7":400.982272,"8":485.024705,"9":433.372071,"10":321.683136,"11":365.51032,"12":321.683136,"13":478.161883,"14":291.570982},"SNR":{"0":4.448945,"1":4.672726,"2":4.453583,"3":4.439669,"4":4.453583,"5":4.444609,"6":4.435837,"7":4.44471,"8":4.453583,"9":4.448945,"10":4.430394,"11":4.439669,"12":4.430394,"13":5.071271,"14":3.637617}}