{"Time":{"0":1776.311,"1":18044.468,"2":51952.745,"3":96295.541,"4":167784.88},"TimePos":{"0":9770.724,"1":5200.409,"2":23329.203,"3":19460.276,"4":44389.322},"TimeNeg":{"0":-1689.886,"1":-3161.728,"2":-25523.12,"3":-16659.1,"4":-47289.303},"Rate":{"0":0.03871959,"1":0.00817553,"2":0.002763922,"3":0.002329192,"4":0.001479373},"RatePos":{"0":0.007777155,"1":0.002180404,"2":0.0007236838,"3":0.0006170566,"4":0.000407925},"RateNeg":{"0":-0.007777155,"1":-0.002180404,"2":-0.0007236838,"3":-0.0006170566,"4":-0.000407925},"FracExp":{"0":0.252467,"1":0.366404,"2":0.232447,"3":0.265937,"4":0.159936},"BGrate":{"0":0.0002115501,"1":0.0001557348,"2":0.000063616,"3":0.0000937082,"4":0.000065025},"BGerr":{"0":0.0000207442,"1":0.0000140996,"2":0.0000032338,"3":0.0000051742,"4":0.0000029435},"CorrFact":{"0":4.412819,"1":1.724812,"2":2.054372,"3":1.481665,"4":1.544263},"CtsInSrc":{"0":26.0,"1":15.0,"2":16.0,"3":16.0,"4":15.0},"BGInSrc":{"0":0.612104,"1":0.477159,"2":0.722395,"3":0.900111,"4":0.953442},"Exposure":{"0":2893.4242,"1":3063.9206,"2":11355.5617,"3":9605.4663,"4":14662.6904},"Sigma":{"0":422.978255,"1":336.17724,"2":416.04095,"3":303.818793,"4":325.451107},"SNR":{"0":4.978631,"1":3.749548,"2":3.81924,"3":3.774681,"4":3.626581}}