{"Time":{"0":3805.506,"1":4232.935,"2":4633.128,"3":5014.51,"4":5532.176,"5":9865.702,"6":11073.184,"7":44593.383},"TimePos":{"0":186.964,"1":228.404,"2":189.264,"3":183.978,"4":576.453,"5":457.665,"6":804.703,"7":69344.437},"TimeNeg":{"0":-226.743,"1":-240.465,"2":-171.789,"3":-192.118,"4":-333.687,"5":-502.637,"6":-749.817,"7":-27773.581},"Rate":{"0":0.04808853,"1":0.04270713,"2":0.05571803,"3":0.05315161,"4":0.02860591,"5":0.01983786,"6":0.02026397,"7":0.001429597},"RatePos":{"0":0.01260215,"1":0.011171,"2":0.0145879,"3":0.01396162,"4":0.006653888,"5":0.00524275,"6":0.004182357,"7":0.0004585416},"RateNeg":{"0":-0.01260215,"1":-0.011171,"2":-0.0145879,"3":-0.01396162,"4":-0.006653888,"5":-0.00524275,"6":-0.004182357,"7":-0.0003831588},"FracExp":{"0":1.0,"1":1.0,"2":1.0,"3":1.0,"4":1.0,"5":1.0,"6":1.0,"7":0.17269},"BGrate":{"0":0.0005325852,"1":0.0004111869,"2":0.0005721132,"3":0.0006773827,"4":0.0008473091,"5":0.0003579561,"6":0.0004961866,"7":0.0000703439},"BGerr":{"0":0.0000941486,"1":0.000077707,"2":0.0001044531,"3":0.000111361,"4":0.0000800632,"5":0.0000559034,"6":0.000051731,"7":0.0000026779},"CorrFact":{"0":1.346077,"1":1.352316,"2":1.359872,"3":1.355702,"4":1.353976,"5":1.299809,"6":1.300144,"7":1.870222},"CtsInSrc":{"0":15.0,"1":15.0,"2":15.0,"3":15.0,"4":20.0,"5":15.0,"6":25.0,"7":14.0},"BGInSrc":{"0":0.220334,"1":0.192792,"2":0.206563,"3":0.254762,"4":0.77117,"5":0.343746,"6":0.771332,"7":1.179761},"Exposure":{"0":413.70712,"1":468.8683,"2":361.05336,"3":376.09684,"4":910.14008,"5":960.30156,"6":1554.52034,"7":16771.3297},"Sigma":{"0":379.452602,"1":406.407824,"2":392.262111,"3":352.061757,"4":263.883212,"5":273.009318,"6":301.288139,"7":285.447739},"SNR":{"0":3.8159,"1":3.823035,"2":3.819468,"3":3.806982,"4":4.299126,"5":3.783865,"6":4.845107,"7":3.731083}}