{"Time":{"0":20798.258},"TimePos":{"0":8245.049},"TimeNeg":{"0":-3533.057},"Rate":{"0":0.02398707},"RatePos":{"0":0.006115011},"RateNeg":{"0":-0.006115011},"FracExp":{"0":0.082171},"BGrate":{"0":0.0003184999},"BGerr":{"0":0.0000497413},"CorrFact":{"0":1.479447},"CtsInSrc":{"0":16.0},"BGInSrc":{"0":0.30825},"Exposure":{"0":967.8178},"Sigma":{"0":325.957019},"SNR":{"0":3.922653}}