{"Time":{"0":256.489,"1":350.238,"2":473.592,"3":647.057,"4":5136.8,"5":5716.952,"6":6458.383,"7":11744.789,"8":17052.578,"9":17626.593,"10":17947.153,"11":18156.237,"12":18345.72,"13":18564.107,"14":18716.845,"15":18815.901,"16":18969.496,"17":22357.97,"18":22517.671,"19":22697.406,"20":22954.327,"21":23190.538,"22":23416.522,"23":23639.478,"24":23915.893,"25":24202.807,"26":24553.967,"27":29272.667,"28":34669.775,"29":101767.821},"TimePos":{"0":45.933,"1":49.969,"2":39.443,"3":164.347,"4":339.742,"5":338.777,"6":597.758,"7":1541.844,"8":338.566,"9":190.792,"10":103.411,"11":102.434,"12":88.462,"13":83.196,"14":53.316,"15":42.016,"16":124.848,"17":51.305,"18":69.623,"19":125.574,"20":111.861,"21":113.844,"22":108.503,"23":116.218,"24":158.231,"25":109.511,"26":315.939,"27":1377.88,"28":1777.536,"29":269279.268},"TimeNeg":{"0":-36.808,"1":-47.816,"2":-73.386,"3":-134.022,"4":-214.371,"5":-240.41,"6":-402.654,"7":-1037.494,"8":-559.048,"9":-235.449,"10":-129.768,"11":-105.672,"12":-87.049,"13":-129.925,"14":-69.542,"15":-45.74,"16":-111.579,"17":-84.089,"18":-108.396,"19":-110.112,"20":-131.347,"21":-124.35,"22":-112.14,"23":-114.454,"24":-160.197,"25":-128.683,"26":-241.648,"27":-1213.432,"28":-827.549,"29":-62140.59},"Rate":{"0":0.5223232,"1":0.2539274,"2":0.2224872,"3":0.0985487,"4":0.03769342,"5":0.03678926,"6":0.02785552,"7":0.01215466,"8":0.02240012,"9":0.04742967,"10":0.09342135,"11":0.1304446,"12":0.2671273,"13":0.2449308,"14":0.4286803,"15":0.6089231,"16":0.3737032,"17":0.2005795,"18":0.1551484,"19":0.1146277,"20":0.08371482,"21":0.08415851,"22":0.09205178,"23":0.09375468,"24":0.0635435,"25":0.08614491,"26":0.06573401,"27":0.007945542,"28":0.01113671,"29":0.0002016551},"RatePos":{"0":0.1171411,"1":0.05721568,"2":0.04997805,"3":0.02057316,"4":0.009876274,"5":0.009685388,"6":0.006471068,"7":0.002669605,"8":0.006024407,"9":0.01260772,"10":0.02358587,"11":0.02963167,"12":0.06026322,"13":0.05518449,"14":0.09621875,"15":0.1363308,"16":0.06769564,"17":0.04496817,"18":0.03476019,"19":0.02600433,"20":0.02186201,"21":0.02203597,"22":0.02389223,"23":0.02370905,"24":0.01666753,"25":0.02251641,"26":0.01306837,"27":0.002165796,"28":0.002581515,"29":0.0001002974},"RateNeg":{"0":-0.1171411,"1":-0.05721568,"2":-0.04997805,"3":-0.02057316,"4":-0.009876274,"5":-0.009685388,"6":-0.006471068,"7":-0.002669605,"8":-0.006024407,"9":-0.01260772,"10":-0.02358587,"11":-0.02963167,"12":-0.06026322,"13":-0.05518449,"14":-0.09621875,"15":-0.1363308,"16":-0.06769564,"17":-0.04496817,"18":-0.03476019,"19":-0.02600433,"20":-0.02186201,"21":-0.02203597,"22":-0.02389223,"23":-0.02370905,"24":-0.01666753,"25":-0.02251641,"26":-0.01306837,"27":-0.002165796,"28":-0.002581515,"29":-0.0000832572},"FracExp":{"0":1.0,"1":0.999998,"2":1.0,"3":1.0,"4":1.0,"5":1.0,"6":1.0,"7":0.958462,"8":1.0,"9":1.0,"10":1.0,"11":1.0,"12":0.999991,"13":1.0,"14":1.0,"15":1.0,"16":0.922626,"17":1.0,"18":1.0,"19":1.0,"20":1.0,"21":1.0,"22":1.0,"23":1.0,"24":1.0,"25":1.0,"26":0.962288,"27":0.965644,"28":1.0,"29":0.258848},"BGrate":{"0":0.0007090066,"1":0.001546257,"2":0.0008040525,"3":0.001773652,"4":0.0003928481,"5":0.0004966478,"6":0.0007460324,"7":0.0004693924,"8":0.0006636042,"9":0.001002534,"10":0.0006663956,"11":0.001493368,"12":0.000999297,"13":0.0007035541,"14":0.0006102252,"15":0.0002847718,"16":0.001202925,"17":0.0003825911,"18":0.0002182386,"19":0.001208825,"20":0.0006922139,"21":0.0008698911,"22":0.0003521574,"23":0.0007859744,"24":0.0007320434,"25":0.0007611537,"26":0.00065166,"27":0.0003155151,"28":0.0002707562,"29":0.0000584218},"BGerr":{"0":0.0003545033,"1":0.0004889694,"2":0.0003282531,"3":0.0002998019,"4":0.0000742413,"5":0.0000816484,"6":0.0000761416,"7":0.0000381986,"8":0.0000978431,"9":0.0001745187,"10":0.0001923718,"11":0.0003048324,"12":0.0002670733,"13":0.0002030986,"14":0.0002491234,"15":0.0002013641,"16":0.0002624998,"17":0.0001912955,"18":0.0001260001,"19":0.0002577224,"20":0.0001919856,"21":0.0002174728,"22":0.0001437677,"23":0.0002100605,"24":0.0001725443,"25":0.0002034269,"26":0.000125412,"27":0.0000251808,"28":0.0000232172,"29":0.0000008802},"CorrFact":{"0":2.167235,"1":1.250969,"2":1.260867,"3":1.252782,"4":1.412934,"5":1.448297,"6":1.447361,"7":1.375885,"8":1.395875,"9":1.387287,"10":1.374847,"11":1.378741,"12":2.364912,"13":2.62971,"14":2.643249,"15":2.675167,"16":2.652039,"17":1.361392,"18":1.383651,"19":1.37033,"20":1.372749,"21":1.355121,"22":1.361088,"23":1.367153,"24":1.370228,"25":1.384683,"26":1.375038,"27":1.399108,"28":1.503633,"29":2.165678},"CtsInSrc":{"0":20.0,"1":20.0,"2":20.0,"3":24.0,"4":15.0,"5":15.0,"6":20.0,"7":23.0,"8":15.0,"9":15.0,"10":16.0,"11":20.0,"12":20.0,"13":20.0,"14":20.0,"15":20.0,"16":31.0,"17":20.0,"18":20.0,"19":20.0,"20":15.0,"21":15.0,"22":15.0,"23":16.0,"24":15.0,"25":15.0,"26":26.0,"27":15.0,"28":20.0,"29":13.0},"BGInSrc":{"0":0.058664,"1":0.1512,"2":0.09072,"3":0.529201,"4":0.217682,"5":0.287652,"6":0.74634,"7":1.160431,"8":0.59566,"9":0.427321,"10":0.15539,"11":0.310779,"12":0.175386,"13":0.149942,"14":0.074971,"15":0.02499,"16":0.262399,"17":0.051801,"18":0.03885,"19":0.284904,"20":0.168352,"21":0.207203,"22":0.077701,"23":0.181302,"24":0.233103,"25":0.181302,"26":0.349654,"27":0.789509,"28":0.705343,"29":5.011843},"Exposure":{"0":82.74104,"1":97.78478,"2":112.82876,"3":298.36822,"4":554.11358,"5":579.18672,"6":1000.412,"7":2472.1978,"8":897.61364,"9":426.24144,"10":233.17924,"11":208.10632,"12":175.50982,"13":213.12094,"14":122.85802,"15":87.75572,"16":218.13386,"17":135.3943,"18":178.0184,"19":235.68634,"20":243.20824,"21":238.19372,"22":220.64272,"23":230.672,"24":318.42776,"25":238.19406,"26":536.55956,"27":2502.2854,"28":2605.0847,"29":85787.269493},"Sigma":{"0":679.849845,"1":415.127288,"2":537.560017,"3":262.386133,"4":359.333859,"5":311.111284,"6":252.76231,"7":231.26678,"8":164.011279,"9":195.903271,"10":353.224008,"11":310.371747,"12":422.934153,"13":458.594405,"14":650.999917,"15":1130.39336,"16":536.806695,"17":770.19106,"18":889.917382,"19":324.572959,"20":317.645348,"21":285.571648,"22":470.419031,"23":326.46113,"24":268.768127,"25":305.823455,"26":381.185269,"27":225.528724,"28":319.011386,"29":3.025869},"SNR":{"0":4.458922,"1":4.438073,"2":4.451698,"3":4.790158,"4":3.816563,"5":3.798429,"6":4.304625,"7":4.552982,"8":3.718229,"9":3.761956,"10":3.960904,"11":4.402201,"12":4.432675,"13":4.4384,"14":4.455268,"15":4.466513,"16":5.520344,"17":4.460478,"18":4.463393,"19":4.408023,"20":3.829237,"21":3.819142,"22":3.852792,"23":3.954384,"24":3.812413,"25":3.825872,"26":5.030009,"27":3.668648,"28":4.314022,"29":2.422074}}