{"Time":{"0":110.422,"1":142.208,"2":177.725,"3":210.365,"4":251.335,"5":294.653,"6":346.141,"7":415.895,"8":486.873,"9":548.379,"10":620.748,"11":717.147,"12":786.603,"13":867.665,"14":978.084,"15":1098.729,"16":1194.61,"17":1316.336,"18":1474.602,"19":1708.187,"20":5239.405,"21":5444.601,"22":5752.104,"23":5987.568,"24":6231.367,"25":6479.85,"26":6770.894,"27":7076.725,"28":7416.978,"29":31240.631},"TimePos":{"0":10.752,"1":21.591,"2":18.669,"3":13.609,"4":22.786,"5":17.078,"6":30.78,"7":41.26,"8":32.965,"9":34.142,"10":47.022,"11":33.364,"12":31.606,"13":45.822,"14":60.769,"15":45.432,"16":52.351,"17":73.542,"18":83.267,"19":155.561,"20":89.418,"21":147.49,"22":138.358,"23":133.567,"24":100.383,"25":165.315,"26":137.54,"27":160.169,"28":198.501,"29":33876.321},"TimeNeg":{"0":-11.814,"1":-21.033,"2":-13.926,"3":-13.971,"4":-27.361,"5":-20.532,"6":-34.411,"7":-38.974,"8":-29.718,"9":-28.541,"10":-38.227,"11":-49.377,"12":-36.091,"13":-49.457,"14":-64.597,"15":-59.876,"16":-50.449,"17":-69.376,"18":-84.724,"19":-150.318,"20":-103.645,"21":-115.778,"22":-160.013,"23":-97.106,"24":-110.232,"25":-148.1,"26":-125.729,"27":-168.291,"28":-180.085,"29":-8170.485},"Rate":{"0":3.103302,"1":1.616679,"2":2.033808,"3":2.489723,"4":1.3195,"5":1.854629,"6":1.012814,"7":0.8303139,"8":1.059622,"9":1.104431,"10":0.7678347,"11":0.832894,"12":0.9974641,"13":0.6817054,"14":0.5264097,"15":0.6366717,"16":0.6489465,"17":0.459393,"18":0.3940047,"19":0.3549727,"20":0.1282168,"21":0.06935277,"22":0.06190019,"23":0.09652495,"24":0.0875459,"25":0.05925031,"26":0.07044518,"27":0.05568213,"28":0.08116763,"29":0.005695679},"RatePos":{"0":0.6791429,"1":0.3553347,"2":0.4575274,"3":0.5488078,"4":0.296836,"5":0.4082235,"6":0.2302835,"7":0.1882127,"8":0.2383736,"9":0.2441556,"10":0.174316,"11":0.1841272,"12":0.2237131,"13":0.1559535,"14":0.1187812,"15":0.1432263,"16":0.1473256,"17":0.1042927,"18":0.08944803,"19":0.06294072,"20":0.02896498,"21":0.01826084,"22":0.01613902,"23":0.02303022,"24":0.02291526,"25":0.01543302,"26":0.01849364,"27":0.01476345,"28":0.01652182,"29":0.00122311},"RateNeg":{"0":-0.6791429,"1":-0.3553347,"2":-0.4575274,"3":-0.5488078,"4":-0.296836,"5":-0.4082235,"6":-0.2302835,"7":-0.1882127,"8":-0.2383736,"9":-0.2441556,"10":-0.174316,"11":-0.1841272,"12":-0.2237131,"13":-0.1559535,"14":-0.1187812,"15":-0.1432263,"16":-0.1473256,"17":-0.1042927,"18":-0.08944803,"19":-0.06294072,"20":-0.02896498,"21":-0.01826084,"22":-0.01613902,"23":-0.02303022,"24":-0.02291526,"25":-0.01543302,"26":-0.01849364,"27":-0.01476345,"28":-0.01652182,"29":-0.00122311},"FracExp":{"0":1.0,"1":1.0,"2":1.0,"3":1.0,"4":1.0,"5":1.0,"6":1.0,"7":1.0,"8":1.0,"9":1.0,"10":1.0,"11":1.0,"12":1.0,"13":1.0,"14":1.0,"15":1.0,"16":1.0,"17":1.0,"18":1.0,"19":1.0,"20":1.0,"21":1.0,"22":1.0,"23":1.0,"24":1.0,"25":1.0,"26":1.0,"27":1.0,"28":1.0,"29":0.135542},"BGrate":{"0":0.002628794,"1":0.003479286,"2":0.003639862,"3":0.007527903,"4":0.002365914,"5":0.004731825,"6":0.005004814,"7":0.003327064,"8":0.001892728,"9":0.00425864,"10":0.003479282,"11":0.003226241,"12":0.0008762631,"13":0.004669559,"14":0.001419545,"15":0.001126623,"16":0.002885253,"17":0.002075357,"18":0.001765602,"19":0.001939356,"20":0.001047001,"21":0.001096858,"22":0.0004839078,"23":0.0009388859,"24":0.0009597499,"25":0.0004146116,"26":0.0009323271,"27":0.001186864,"28":0.001144132,"29":0.0003947612},"BGerr":{"0":0.001858838,"1":0.001555984,"2":0.001819931,"3":0.00284528,"4":0.001182957,"5":0.00193176,"6":0.001509008,"7":0.001109021,"8":0.0009463642,"9":0.001419547,"10":0.001100246,"11":0.001075414,"12":0.0006196116,"13":0.001205675,"14":0.000579527,"15":0.0005633115,"16":0.000912397,"17":0.0006562855,"18":0.0005583324,"19":0.0004336531,"20":0.0002798229,"21":0.0002452649,"22":0.0001530251,"23":0.0002424193,"24":0.0002565039,"25":0.0001382039,"26":0.0002261225,"27":0.000228412,"28":0.000208889,"29":0.0000192854},"CorrFact":{"0":3.344141,"1":3.304761,"2":3.334393,"3":3.302545,"4":3.328145,"5":3.349918,"6":3.356027,"7":3.376036,"8":3.34083,"9":3.339063,"10":3.322116,"11":3.323915,"12":3.38634,"13":3.321468,"14":3.329318,"15":3.372319,"16":3.385804,"17":3.332179,"18":3.359273,"19":3.350498,"20":1.250335,"21":1.241119,"22":1.243247,"23":1.25205,"24":1.246022,"25":1.248815,"26":1.25697,"27":1.251822,"28":1.250828,"29":1.366733},"CtsInSrc":{"0":21.0,"1":21.0,"2":20.0,"3":21.0,"4":20.0,"5":21.0,"6":20.0,"7":20.0,"8":20.0,"9":21.0,"10":20.0,"11":21.0,"12":20.0,"13":20.0,"14":20.0,"15":20.0,"16":20.0,"17":20.0,"18":20.0,"19":33.0,"20":20.0,"21":15.0,"22":15.0,"23":18.0,"24":15.0,"25":15.0,"26":15.0,"27":15.0,"28":25.0,"29":26.0},"BGInSrc":{"0":0.059321,"1":0.148302,"2":0.118642,"3":0.207623,"4":0.118642,"5":0.177963,"6":0.326265,"7":0.266944,"8":0.118642,"9":0.266944,"10":0.296605,"11":0.266944,"12":0.059321,"13":0.444907,"14":0.177963,"15":0.118642,"16":0.296605,"17":0.296605,"18":0.296605,"19":0.593209,"20":0.202138,"21":0.288768,"22":0.144384,"23":0.216576,"24":0.202138,"25":0.129946,"26":0.245453,"27":0.389837,"28":0.433152,"29":2.249781},"Exposure":{"0":22.565828,"1":42.62434,"2":32.59514,"3":27.58048,"4":50.1463,"5":37.60974,"6":65.19024,"7":80.23412,"8":62.68296,"9":62.68294,"10":85.24878,"11":82.74152,"12":67.6976,"13":95.27812,"14":125.366,"15":105.30746,"16":102.8002,"17":142.91736,"18":167.9906,"19":305.879472,"20":193.06332,"21":263.2683,"22":298.37078,"23":230.67334,"24":210.61482,"25":313.41514,"26":263.2689,"27":328.45954,"28":378.58556,"29":5699.0929},"Sigma":{"0":499.226886,"1":314.397165,"2":335.149254,"3":264.958173,"4":335.149254,"5":286.595784,"6":199.992025,"7":221.766169,"8":335.149254,"9":233.004478,"10":210.069633,"11":233.004478,"12":475.386834,"13":170.230143,"14":272.831723,"15":335.149254,"16":210.069633,"17":210.069633,"18":210.069633,"19":244.311119,"20":366.467386,"21":227.832195,"22":325.365658,"23":318.01734,"24":273.915125,"25":343.298851,"26":247.846319,"27":194.739582,"28":310.648928,"29":216.089876},"SNR":{"0":4.569439,"1":4.549737,"2":4.445216,"3":4.536603,"4":4.445216,"5":4.54317,"6":4.398117,"7":4.411572,"8":4.445216,"9":4.523471,"10":4.404844,"11":4.523471,"12":4.458675,"13":4.37121,"14":4.431757,"15":4.445216,"16":4.404844,"17":4.404844,"18":4.404844,"19":5.639795,"20":4.426614,"21":3.797896,"22":3.835437,"23":4.191229,"24":3.82042,"25":3.839191,"26":3.809158,"27":3.77162,"28":4.912755,"29":4.65672}}