{"Time":{"0":3503.565,"1":3661.068,"2":3758.289,"3":3863.46,"4":3972.381,"5":4088.19,"6":4221.858,"7":4368.78,"8":4527.065,"9":4685.144,"10":4862.913,"11":5014.577,"12":5181.539,"13":5391.516,"14":5604.824,"15":5868.484,"16":30736.967},"TimePos":{"0":94.118,"1":49.444,"2":47.501,"3":47.637,"4":61.574,"5":61.102,"6":50.292,"7":71.359,"8":63.513,"9":70.917,"10":68.659,"11":87.492,"12":83.505,"13":111.723,"14":141.625,"15":118.655,"16":15563.896},"TimeNeg":{"0":-101.453,"1":-63.385,"2":-47.777,"3":-57.67,"4":-61.284,"5":-54.235,"6":-72.566,"7":-96.631,"8":-86.926,"9":-94.566,"10":-106.852,"11":-83.005,"12":-79.47,"13":-126.472,"14":-101.585,"15":-122.036,"16":-7668.289},"Rate":{"0":0.1228972,"1":0.2145582,"2":0.2528126,"3":0.2299792,"4":0.1967643,"5":0.2083705,"6":0.1962451,"7":0.1432912,"8":0.1701412,"9":0.1456202,"10":0.1390105,"11":0.1419226,"12":0.1491112,"13":0.1008548,"14":0.09225071,"15":0.1139822,"16":0.004855012},"RatePos":{"0":0.02788873,"1":0.04819367,"2":0.05697958,"3":0.051716,"4":0.04439764,"5":0.04706991,"6":0.04433083,"7":0.03236881,"8":0.03724766,"9":0.03285756,"10":0.03133056,"11":0.03209614,"12":0.03368352,"13":0.0229391,"14":0.0217301,"15":0.02421725,"16":0.00117703},"RateNeg":{"0":-0.02788873,"1":-0.04819367,"2":-0.05697958,"3":-0.051716,"4":-0.04439764,"5":-0.04706991,"6":-0.04433083,"7":-0.03236881,"8":-0.03724766,"9":-0.03285756,"10":-0.03133056,"11":-0.03209614,"12":-0.03368352,"13":-0.0229391,"14":-0.0217301,"15":-0.02421725,"16":-0.00117703},"FracExp":{"0":1.0,"1":1.0,"2":1.0,"3":1.0,"4":1.0,"5":1.0,"6":1.0,"7":1.0,"8":1.0,"9":1.0,"10":1.0,"11":1.0,"12":1.0,"13":1.0,"14":1.0,"15":1.0,"16":0.226747},"BGrate":{"0":0.001480141,"1":0.0007894084,"2":0.001635945,"3":0.001057244,"4":0.001449935,"5":0.001737558,"6":0.001631178,"7":0.001192951,"8":0.0004440432,"9":0.001076469,"10":0.0008880864,"11":0.001306009,"12":0.001229658,"13":0.001402241,"14":0.002014214,"15":0.001757754,"16":0.0001933575},"BGerr":{"0":0.0004105172,"1":0.0003947042,"2":0.0006183292,"3":0.0004728139,"4":0.0005126296,"5":0.0005791861,"6":0.0005437262,"7":0.0003976504,"8":0.0002563685,"9":0.0003805892,"10":0.0003356651,"11":0.0004129965,"12":0.0004098859,"13":0.000362057,"14":0.000429432,"15":0.0004032564,"16":0.0000118555},"CorrFact":{"0":1.219403,"1":1.215836,"2":1.213833,"3":1.217702,"4":1.219569,"5":1.213797,"6":1.217718,"7":1.215755,"8":1.222737,"9":1.215707,"10":1.22948,"11":1.223491,"12":1.22737,"13":1.221554,"14":1.212106,"15":1.215152,"16":1.422324},"CtsInSrc":{"0":20.0,"1":20.0,"2":20.0,"3":20.0,"4":20.0,"5":20.0,"6":20.0,"7":20.0,"8":21.0,"9":20.0,"10":20.0,"11":20.0,"12":20.0,"13":20.0,"14":19.0,"15":23.0,"16":19.0},"BGInSrc":{"0":0.289472,"1":0.089068,"2":0.15587,"3":0.111335,"4":0.178137,"5":0.200404,"6":0.200404,"7":0.200404,"8":0.066801,"9":0.178137,"10":0.15587,"11":0.222671,"12":0.200404,"13":0.334006,"14":0.489876,"15":0.423074,"16":1.018576},"Exposure":{"0":195.57054,"1":112.82916,"2":95.27794,"3":105.30716,"4":122.85828,"5":115.33636,"6":122.8582,"7":167.9898,"8":150.43856,"9":165.48234,"10":175.51164,"11":170.49702,"12":162.97514,"13":238.19456,"14":243.20926,"15":240.69034,"16":5267.8373},"Sigma":{"0":245.506763,"1":447.093611,"2":336.837108,"3":399.445469,"4":314.72871,"5":296.39574,"6":296.39574,"7":296.39574,"8":542.765015,"9":314.72871,"10":336.837108,"11":280.869461,"12":296.39574,"13":228.03796,"14":177.229035,"15":232.608124,"16":287.919842},"SNR":{"0":4.406698,"1":4.451999,"2":4.436898,"3":4.446965,"4":4.431864,"5":4.426831,"6":4.426831,"7":4.426831,"8":4.567837,"9":4.431864,"10":4.436898,"11":4.421797,"12":4.426831,"13":4.396633,"14":4.245295,"15":4.706651,"16":4.124798}}