{"Time":{"0":290.687,"1":314.873,"2":343.717,"3":377.167,"4":417.533,"5":466.653,"6":536.474,"7":626.542,"8":751.501,"9":898.602,"10":998.337,"11":1110.226,"12":1271.585,"13":1380.948,"14":1548.425,"15":1739.368,"16":5342.317,"17":5855.129,"18":6499.239,"19":7330.137,"20":47516.377,"21":101237.432},"TimePos":{"0":8.49,"1":14.392,"2":18.144,"3":19.796,"4":22.054,"5":28.096,"6":53.552,"7":48.733,"8":74.214,"9":47.465,"10":30.472,"11":74.037,"12":53.087,"13":56.553,"14":89.662,"15":114.346,"16":196.364,"17":378.078,"18":220.388,"19":3773.072,"20":15677.225,"21":3959.616},"TimeNeg":{"0":-11.568,"1":-15.696,"2":-14.452,"3":-15.307,"4":-20.571,"5":-27.065,"6":-41.726,"7":-36.516,"8":-76.226,"9":-72.887,"10":-52.27,"11":-81.417,"12":-87.323,"13":-56.276,"14":-110.923,"15":-101.281,"16":-207.314,"17":-316.448,"18":-266.031,"19":-610.51,"20":-18112.39,"21":-3529.266},"Rate":{"0":6.107714,"1":3.72351,"2":3.612035,"3":3.177198,"4":2.611026,"5":2.048748,"6":1.158278,"7":1.299726,"8":0.7344046,"9":0.4303206,"10":0.322381,"11":0.2234272,"12":0.3558267,"13":0.4406464,"14":0.2287395,"15":0.1595642,"16":0.05072555,"17":0.02986229,"18":0.04269251,"19":0.03307482,"20":0.006862779,"21":0.0019014},"RatePos":{"0":1.310715,"1":0.8355987,"2":0.7909119,"3":0.712359,"4":0.5848921,"5":0.4622581,"6":0.2615784,"7":0.2916735,"8":0.1658534,"9":0.0968417,"10":0.07222454,"11":0.05058354,"12":0.08054286,"13":0.09964798,"14":0.05167845,"15":0.03164182,"16":0.01338322,"17":0.007910141,"18":0.01123039,"19":0.006887086,"20":0.001618699,"21":0.001028175},"RateNeg":{"0":-1.310715,"1":-0.8355987,"2":-0.7909119,"3":-0.712359,"4":-0.5848921,"5":-0.4622581,"6":-0.2615784,"7":-0.2916735,"8":-0.1658534,"9":-0.0968417,"10":-0.07222454,"11":-0.05058354,"12":-0.08054286,"13":-0.09964798,"14":-0.05167845,"15":-0.03164182,"16":-0.01338322,"17":-0.007910141,"18":-0.01123039,"19":-0.006887086,"20":-0.001618699,"21":-0.0007798201},"FracExp":{"0":1.0,"1":1.0,"2":1.0,"3":1.0,"4":1.0,"5":1.0,"6":1.0,"7":1.0,"8":1.0,"9":0.999955,"10":1.0,"11":0.999985,"12":1.0,"13":1.0,"14":0.999981,"15":1.0,"16":1.0,"17":1.0,"18":1.0,"19":0.225928,"20":0.146774,"21":0.532002},"BGrate":{"0":0.007088668,"1":0.002362886,"2":0.002181126,"3":0.001518998,"4":0.00083396,"5":0.003222116,"6":0.002051979,"7":0.0008339594,"8":0.001299587,"9":0.001052937,"10":0.0004574363,"11":0.001571784,"12":0.001713209,"13":0.001967994,"14":0.001014766,"15":0.001316472,"16":0.0007911071,"17":0.0005434148,"18":0.0005670084,"19":0.0004758707,"20":0.0002092007,"21":0.0001877352},"BGerr":{"0":0.002506222,"1":0.001181443,"2":0.001090563,"3":0.0008769937,"4":0.0005896988,"5":0.001018923,"6":0.0006186951,"7":0.0004169797,"8":0.0003918401,"9":0.0003979727,"10":0.0003234563,"11":0.0004359345,"12":0.0004751586,"13":0.0005681109,"14":0.0003059636,"15":0.0003399115,"16":0.0001192639,"17":0.0000753581,"18":0.0000919809,"19":0.0000585756,"20":0.0000131523,"21":0.0000121691},"CorrFact":{"0":5.604947,"1":5.621605,"2":5.625469,"3":5.591289,"4":5.574588,"5":5.701225,"6":5.57241,"7":5.559778,"8":5.578704,"9":2.605879,"10":1.336245,"11":1.758085,"12":2.528492,"13":2.513803,"14":2.317635,"15":1.337933,"16":1.394813,"17":1.418365,"18":1.410364,"19":1.392189,"20":1.794888,"21":1.442377},"CtsInSrc":{"0":22.0,"1":20.0,"2":21.0,"3":20.0,"4":20.0,"5":20.0,"6":20.0,"7":20.0,"8":20.0,"9":20.0,"10":20.0,"11":20.0,"12":20.0,"13":20.0,"14":20.0,"15":26.0,"16":15.0,"17":15.0,"18":15.0,"19":24.0,"20":20.0,"21":6.0},"BGInSrc":{"0":0.142188,"1":0.071094,"2":0.071094,"3":0.053321,"4":0.035547,"5":0.177735,"6":0.195509,"7":0.071094,"8":0.195509,"9":0.126717,"10":0.037849,"11":0.244336,"12":0.240552,"13":0.222048,"14":0.203544,"15":0.283868,"16":0.319352,"17":0.377416,"18":0.275804,"19":0.47129,"20":1.037518,"21":0.747956},"Exposure":{"0":20.058548,"1":30.08786,"2":32.59518,"3":35.10252,"4":42.62446,"5":55.1611,"6":95.27826,"7":85.24898,"8":150.4394,"9":120.346032,"10":82.74162,"11":155.45166,"12":140.40996,"13":112.82942,"14":200.58176,"15":215.62764,"16":403.67746,"17":694.52668,"18":486.41976,"19":990.3732,"20":4959.4394,"21":3984.0997},"Sigma":{"0":434.798022,"1":560.633873,"2":588.765567,"3":647.941585,"4":794.27024,"5":352.678628,"6":335.964366,"7":560.633873,"8":335.964366,"9":414.939301,"10":745.877735,"11":291.524449,"12":296.168103,"13":308.55021,"14":322.571696,"15":350.861187,"16":304.931154,"17":279.386465,"18":329.096075,"19":405.585373,"20":290.70981,"21":3.777357},"SNR":{"0":4.659833,"1":4.456098,"2":4.566924,"3":4.460107,"4":4.464117,"5":4.432043,"6":4.428034,"7":4.456098,"8":4.428034,"9":4.443546,"10":4.463593,"11":4.416994,"12":4.417855,"13":4.42203,"14":4.426205,"15":5.042828,"16":3.790234,"17":3.77519,"18":3.801517,"19":4.802441,"20":4.239689,"21":2.438254}}