{"Time":{"0":231.329,"1":254.712,"2":272.685,"3":295.985,"4":318.394,"5":339.776,"6":358.72,"7":382.023,"8":414.364,"9":446.41,"10":488.377,"11":542.713,"12":588.681,"13":641.368,"14":679.006,"15":720.041,"16":774.036,"17":821.775,"18":881.398,"19":960.261,"20":1038.422,"21":1130.873,"22":1195.819,"23":1252.063,"24":1332.788,"25":1417.909,"26":1501.599,"27":1628.792,"28":1734.37,"29":1825.855,"30":6244.828,"31":6479.412,"32":6732.499,"33":7026.168,"34":7308.908,"35":7607.183,"36":12416.8,"37":13083.407,"38":21239.994,"39":62037.762},"TimePos":{"0":9.456,"1":8.638,"2":10.724,"3":12.497,"4":10.146,"5":11.33,"6":9.937,"7":11.708,"8":14.469,"9":15.019,"10":20.69,"11":21.515,"12":25.693,"13":25.66,"14":8.081,"15":22.207,"16":23.372,"17":18.257,"18":36.361,"19":40.24,"20":44.819,"21":32.603,"22":22.817,"23":34.271,"24":33.78,"25":38.922,"26":45.495,"27":58.711,"28":38.382,"29":84.798,"30":121.386,"31":112.46,"32":152.728,"33":164.951,"34":137.957,"35":195.718,"36":356.855,"37":449.956,"38":9471.013,"39":54535.664},"TimeNeg":{"0":-10.603,"1":-13.928,"2":-9.335,"3":-12.577,"4":-9.912,"5":-11.236,"6":-7.614,"7":-13.365,"8":-20.633,"9":-17.577,"10":-26.949,"11":-33.646,"12":-24.453,"13":-26.994,"14":-11.978,"15":-32.954,"16":-31.789,"17":-24.367,"18":-41.366,"19":-42.502,"20":-37.922,"21":-47.631,"22":-32.344,"23":-33.427,"24":-46.454,"25":-51.341,"26":-44.768,"27":-81.698,"28":-46.867,"29":-53.104,"30":-131.853,"31":-113.198,"32":-140.627,"33":-140.941,"34":-117.789,"35":-160.318,"36":-317.612,"37":-309.753,"38":-3203.013,"39":-15207.726},"Rate":{"0":2.492634,"1":2.458382,"2":2.26587,"3":1.890566,"4":2.50102,"5":2.218482,"6":2.755213,"7":2.049209,"8":1.477339,"9":1.561949,"10":1.088421,"11":0.9353901,"12":0.9724648,"13":0.8778429,"14":2.458033,"15":0.8834847,"16":0.824176,"17":1.086019,"18":0.5960775,"19":0.6047477,"20":0.5592521,"21":0.6064714,"22":0.8520822,"23":0.6984091,"24":0.6126334,"25":0.5411057,"26":0.510294,"27":0.3161473,"28":0.3010997,"29":0.4306214,"30":0.1489549,"31":0.1602846,"32":0.09018927,"33":0.1166076,"34":0.1456043,"35":0.1019159,"36":0.03133119,"37":0.03322005,"38":0.03361153,"39":0.006148749},"RatePos":{"0":0.5475983,"1":0.5024029,"2":0.5102458,"3":0.4275452,"4":0.546498,"5":0.4854106,"6":0.6178193,"7":0.4385722,"8":0.3161805,"9":0.3330087,"10":0.233243,"11":0.2012236,"12":0.2133503,"13":0.1988034,"14":0.539997,"15":0.1935687,"16":0.1855942,"17":0.2442126,"18":0.1348009,"19":0.133034,"20":0.1268331,"21":0.1330546,"22":0.1926955,"23":0.1566088,"24":0.1347687,"25":0.119679,"26":0.1158948,"27":0.07210978,"28":0.06800726,"29":0.09535786,"30":0.03386603,"31":0.03623157,"32":0.0238105,"33":0.02646042,"34":0.03295543,"35":0.02330667,"36":0.008268196,"37":0.008029849,"38":0.00700715,"39":0.001196179},"RateNeg":{"0":-0.5475983,"1":-0.5024029,"2":-0.5102458,"3":-0.4275452,"4":-0.546498,"5":-0.4854106,"6":-0.6178193,"7":-0.4385722,"8":-0.3161805,"9":-0.3330087,"10":-0.233243,"11":-0.2012236,"12":-0.2133503,"13":-0.1988034,"14":-0.539997,"15":-0.1935687,"16":-0.1855942,"17":-0.2442126,"18":-0.1348009,"19":-0.133034,"20":-0.1268331,"21":-0.1330546,"22":-0.1926955,"23":-0.1566088,"24":-0.1347687,"25":-0.119679,"26":-0.1158948,"27":-0.07210978,"28":-0.06800726,"29":-0.09535786,"30":-0.03386603,"31":-0.03623157,"32":-0.0238105,"33":-0.02646042,"34":-0.03295543,"35":-0.02330667,"36":-0.008268196,"37":-0.008029849,"38":-0.00700715,"39":-0.001196179},"FracExp":{"0":1.0,"1":1.0,"2":1.0,"3":1.0,"4":1.0,"5":1.0,"6":1.0,"7":1.0,"8":1.0,"9":1.0,"10":1.0,"11":1.0,"12":1.0,"13":1.0,"14":1.0,"15":1.0,"16":1.0,"17":1.0,"18":1.0,"19":1.0,"20":1.0,"21":1.0,"22":1.0,"23":1.0,"24":1.0,"25":1.0,"26":1.0,"27":0.999953,"28":1.0,"29":0.999997,"30":1.0,"31":1.0,"32":1.0,"33":1.0,"34":0.990174,"35":1.0,"36":1.0,"37":1.0,"38":0.12305,"39":0.100445},"BGrate":{"0":0.006904356,"1":0.00122744,"2":0.006904345,"3":0.008837581,"4":0.001380868,"5":0.00245488,"6":0.00315628,"7":0.003314088,"8":0.002367209,"9":0.0,"10":0.002325677,"11":0.003514944,"12":0.002209394,"13":0.004734416,"14":0.006904345,"15":0.001506407,"16":0.002510675,"17":0.00259929,"18":0.002850832,"19":0.002008542,"20":0.003347571,"21":0.001380873,"22":0.004017087,"23":0.0008182958,"24":0.002071311,"25":0.003068607,"26":0.003375472,"27":0.002761878,"28":0.002311273,"29":0.002187908,"30":0.001294891,"31":0.0009501403,"32":0.001117813,"33":0.0009483092,"34":0.0009462889,"35":0.001239833,"36":0.0004785725,"37":0.0005875928,"38":0.0006495263,"39":0.0004162399},"BGerr":{"0":0.003087722,"1":0.00122744,"2":0.003087717,"3":0.003124557,"4":0.001380868,"5":0.001735862,"6":0.002231827,"7":0.001913389,"8":0.001366708,"9":0.0,"10":0.001162838,"11":0.001328524,"12":0.001104697,"13":0.001578139,"14":0.003087717,"15":0.0008697242,"16":0.001122808,"17":0.001299645,"18":0.001007921,"19":0.0008199839,"20":0.001058595,"21":0.0006904363,"22":0.001420255,"23":0.0005786225,"24":0.0008456091,"25":0.0009703788,"26":0.001017743,"27":0.0007381428,"28":0.0008735792,"29":0.0006596791,"30":0.0002539489,"31":0.0002304429,"32":0.0002192211,"33":0.0001977361,"34":0.0002170936,"35":0.00020957,"36":0.000069807,"37":0.0000728819,"38":0.0000532113,"39":0.0000164277},"CorrFact":{"0":2.396688,"1":2.314148,"2":2.288348,"3":2.396673,"4":2.392053,"5":2.390206,"6":2.424578,"7":2.344316,"8":2.366125,"9":2.314176,"10":2.368805,"11":2.36617,"12":2.334482,"13":2.340248,"14":2.363423,"15":2.329874,"16":2.288964,"17":2.327431,"18":2.34251,"19":2.401749,"20":2.346153,"21":2.329414,"22":2.376406,"23":2.370587,"24":2.359336,"25":2.356892,"26":2.338662,"27":2.263279,"28":1.296184,"29":2.868992,"30":1.917496,"31":1.828074,"32":1.803255,"33":1.809713,"34":1.865945,"35":1.855237,"36":1.439771,"37":1.437743,"38":2.185286,"39":1.481031},"CtsInSrc":{"0":21.0,"1":24.0,"2":20.0,"3":20.0,"4":21.0,"5":21.0,"6":20.0,"7":22.0,"8":22.0,"9":22.0,"10":22.0,"11":22.0,"12":21.0,"13":20.0,"14":21.0,"15":21.0,"16":20.0,"17":20.0,"18":20.0,"19":21.0,"20":20.0,"21":21.0,"22":20.0,"23":20.0,"24":21.0,"25":21.0,"26":20.0,"27":20.0,"28":20.0,"29":21.0,"30":20.0,"31":20.0,"32":15.0,"33":20.0,"34":20.0,"35":20.0,"36":15.0,"37":18.0,"38":25.0,"39":32.0},"BGInSrc":{"0":0.138491,"1":0.027698,"2":0.138491,"3":0.221586,"4":0.027698,"5":0.055396,"6":0.055396,"7":0.083095,"8":0.083095,"9":0.0,"10":0.110793,"11":0.193888,"12":0.110793,"13":0.249284,"14":0.138491,"15":0.083095,"16":0.138491,"17":0.110793,"18":0.221586,"19":0.166189,"20":0.276982,"21":0.110793,"22":0.221586,"23":0.055396,"24":0.166189,"25":0.276982,"26":0.30468,"27":0.387775,"28":0.197032,"29":0.301715,"30":0.327916,"31":0.214407,"32":0.327916,"33":0.29008,"34":0.239631,"35":0.441426,"36":0.322781,"37":0.4464,"38":1.012963,"39":2.915926},"Exposure":{"0":20.058508,"1":22.56584,"2":20.05854,"3":25.07312,"4":20.05856,"5":22.56584,"6":17.55118,"7":25.07316,"8":35.10238,"9":32.59508,"10":47.63898,"11":55.16092,"12":50.14626,"13":52.65358,"14":20.05854,"15":55.16084,"16":55.1609,"17":42.62428,"18":77.72668,"19":82.74126,"20":82.74124,"21":80.23396,"22":55.1608,"23":67.69732,"24":80.23388,"25":90.26316,"26":90.26304,"27":140.402692,"28":85.24846,"29":137.9012,"30":253.238668,"31":225.65808,"32":293.35536,"33":305.89162,"34":253.232572,"35":356.0366,"36":674.46668,"37":759.70892,"38":1559.5406,"39":7005.3962},"Sigma":{"0":336.828549,"1":865.481752,"2":320.682615,"3":252.461207,"4":757.171533,"5":534.694019,"6":509.165055,"7":456.842799,"8":456.842799,"9":1000.0,"10":395.13747,"11":297.561957,"12":377.085766,"13":237.689376,"14":336.828549,"15":435.998488,"16":320.682615,"17":359.034063,"18":252.461207,"19":307.072742,"20":225.175713,"21":377.085766,"22":252.461207,"23":509.165055,"24":307.072742,"25":236.592612,"26":214.395107,"27":189.239167,"28":265.914145,"29":227.52735,"30":305.896115,"31":380.482675,"32":228.147331,"33":325.860125,"34":359.441749,"35":262.128016,"36":311.734223,"37":317.029134,"38":289.052226,"39":252.723896},"SNR":{"0":4.551939,"1":4.893247,"2":4.440743,"3":4.421909,"4":4.576448,"5":4.57032,"6":4.459578,"7":4.672456,