{"Time":{"0":955.64},"TimePos":{"0":6033.712},"TimeNeg":{"0":-875.883},"Rate":{"0":0.008846764},"RatePos":{"0":0.001975034},"RateNeg":{"0":-0.001975034},"FracExp":{"0":0.521084},"BGrate":{"0":0.0002744357},"BGerr":{"0":0.0000185446},"CorrFact":{"0":1.515933},"CtsInSrc":{"0":22.0},"BGInSrc":{"0":0.988101},"Exposure":{"0":3600.4828},"Sigma":{"0":314.692184},"SNR":{"0":4.479298}}