{"Time":{"0":3195.097,"1":3404.221,"2":3583.822,"3":3805.947,"4":3952.875,"5":4175.243,"6":4370.434,"7":4602.486,"8":4843.297,"9":5068.935,"10":5227.73,"11":5392.057,"12":5537.659,"13":8932.392,"14":9223.505,"15":9396.667,"16":9636.55,"17":9905.685,"18":10207.567,"19":10582.574,"20":10942.608,"21":11239.616,"22":14874.535,"23":15229.515,"24":15641.562,"25":16030.75,"26":16686.099,"27":20610.279,"28":21157.652,"29":21739.125,"30":22510.123},"TimePos":{"0":120.714,"1":72.058,"2":125.637,"3":43.922,"4":125.159,"5":95.854,"6":136.351,"7":117.42,"8":107.281,"9":74.706,"10":78.887,"11":75.028,"12":94.895,"13":157.817,"14":74.811,"15":139.843,"16":138.154,"17":127.273,"18":203.995,"19":154.938,"20":125.869,"21":172.35,"22":163.953,"23":185.07,"24":124.047,"25":211.247,"26":491.114,"27":234.544,"28":231.258,"29":371.891,"30":448.351},"TimeNeg":{"0":-112.467,"1":-88.41,"2":-107.543,"3":-96.488,"4":-103.006,"5":-97.209,"6":-99.336,"7":-95.701,"8":-123.391,"9":-118.357,"10":-84.088,"11":-85.44,"12":-70.574,"13":-92.915,"14":-133.297,"15":-98.352,"16":-100.04,"17":-130.98,"18":-174.609,"19":-171.012,"20":-205.097,"21":-171.139,"22":-192.085,"23":-191.027,"24":-226.977,"25":-265.141,"26":-444.102,"27":-216.773,"28":-312.829,"29":-350.215,"30":-399.107},"Rate":{"0":0.1053531,"1":0.1610569,"2":0.08881302,"3":0.1737097,"4":0.1076083,"5":0.1260456,"6":0.09754431,"7":0.1127402,"8":0.07824166,"9":0.09520157,"10":0.1576684,"11":0.152687,"12":0.1480956,"13":0.07591171,"14":0.1221473,"15":0.07961379,"16":0.0954346,"17":0.0733667,"18":0.04985403,"19":0.05733249,"20":0.05661813,"21":0.0544436,"22":0.05407057,"23":0.05155703,"24":0.05611029,"25":0.04063903,"26":0.03959246,"27":0.04304035,"28":0.0356615,"29":0.02666572,"30":0.03320962},"RatePos":{"0":0.0238493,"1":0.03555963,"2":0.02194206,"3":0.03905979,"4":0.02438728,"5":0.0284057,"6":0.02264317,"7":0.02569506,"8":0.0206926,"9":0.02498835,"10":0.03496128,"11":0.03456452,"12":0.0337913,"13":0.02001496,"14":0.02764018,"15":0.02092781,"16":0.02290848,"17":0.01930505,"18":0.01317109,"19":0.01530126,"20":0.01506454,"21":0.01451546,"22":0.01418874,"23":0.01358456,"24":0.01461329,"25":0.01074553,"26":0.007556034,"27":0.01125506,"28":0.009358116,"29":0.007034407,"30":0.007233125},"RateNeg":{"0":-0.0238493,"1":-0.03555963,"2":-0.02194206,"3":-0.03905979,"4":-0.02438728,"5":-0.0284057,"6":-0.02264317,"7":-0.02569506,"8":-0.0206926,"9":-0.02498835,"10":-0.03496128,"11":-0.03456452,"12":-0.0337913,"13":-0.02001496,"14":-0.02764018,"15":-0.02092781,"16":-0.02290848,"17":-0.01930505,"18":-0.01317109,"19":-0.01530126,"20":-0.01506454,"21":-0.01451546,"22":-0.01418874,"23":-0.01358456,"24":-0.01461329,"25":-0.01074553,"26":-0.007556034,"27":-0.01125506,"28":-0.009358116,"29":-0.007034407,"30":-0.007233125},"FracExp":{"0":1.0,"1":1.0,"2":1.0,"3":1.0,"4":1.0,"5":1.0,"6":1.0,"7":1.0,"8":1.0,"9":1.0,"10":1.0,"11":1.0,"12":1.0,"13":1.0,"14":1.0,"15":1.0,"16":1.0,"17":1.0,"18":1.0,"19":1.0,"20":1.0,"21":1.0,"22":1.0,"23":1.0,"24":1.0,"25":1.0,"26":1.0,"27":1.0,"28":1.0,"29":1.0,"30":1.0},"BGrate":{"0":0.001037585,"1":0.001507741,"2":0.001320564,"3":0.0007832428,"4":0.001156791,"5":0.0007974844,"6":0.000933227,"7":0.001754466,"8":0.001525622,"9":0.001253189,"10":0.002024381,"11":0.001507743,"12":0.002392652,"13":0.001230503,"14":0.00112955,"15":0.00111023,"16":0.001356948,"17":0.001080888,"18":0.0008925149,"19":0.001487424,"20":0.001331715,"21":0.001368702,"22":0.0006734904,"23":0.0007969641,"24":0.0003659533,"25":0.000737043,"26":0.0008332973,"27":0.0004178105,"28":0.0004410909,"29":0.0004391769,"30":0.0005461524},"BGerr":{"0":0.0003128437,"1":0.0004546011,"2":0.0003529356,"3":0.0003502768,"4":0.0003339367,"5":0.0003014208,"6":0.0002951123,"7":0.0004255206,"8":0.0003814056,"9":0.0003778508,"10":0.000522693,"11":0.0004546015,"12":0.0005639535,"13":0.0002685177,"14":0.0002823875,"15":0.0002616837,"16":0.0002893023,"17":0.0002479728,"18":0.0001861022,"19":0.0002589274,"20":0.0002431368,"21":0.0002419545,"22":0.0001272777,"23":0.0001347115,"24":0.0000944887,"25":0.0001151068,"26":0.0000873533,"27":0.0000890775,"28":0.0000833583,"29":0.0000722002,"30":0.0000743219},"CorrFact":{"0":1.243355,"1":1.245036,"2":1.240676,"3":1.226268,"4":1.244042,"5":1.226176,"6":1.224168,"7":1.224257,"8":1.232122,"9":1.245416,"10":1.243154,"11":1.240071,"12":1.250005,"13":1.295545,"14":1.286102,"15":1.286927,"16":1.285981,"17":1.287096,"18":1.287328,"19":1.287449,"20":1.28706,"21":1.28706,"22":1.304264,"23":1.319054,"24":1.32441,"25":1.321601,"26":1.312069,"27":1.311476,"28":1.314563,"29":1.311424,"30":1.306754},"CtsInSrc":{"0":20.0,"1":21.0,"2":17.0,"3":20.0,"4":20.0,"5":20.0,"6":19.0,"7":20.0,"8":15.0,"9":15.0,"10":21.0,"11":20.0,"12":20.0,"13":15.0,"14":20.0,"15":15.0,"16":18.0,"17":15.0,"18":15.0,"19":15.0,"20":15.0,"21":15.0,"22":15.0,"23":15.0,"24":15.0,"25":15.0,"26":29.0,"27":15.0,"28":15.0,"29":15.0,"30":22.0},"BGInSrc":{"0":0.241945,"1":0.241945,"2":0.30793,"3":0.109975,"4":0.26394,"5":0.153965,"6":0.21995,"7":0.373914,"8":0.351919,"9":0.241945,"10":0.329924,"11":0.241945,"12":0.395909,"13":0.308526,"14":0.235067,"15":0.264451,"16":0.323218,"17":0.279143,"18":0.337909,"19":0.484826,"20":0.440751,"21":0.470135,"22":0.239789,"23":0.299736,"24":0.128458,"25":0.351119,"26":0.779313,"27":0.188565,"28":0.239992,"29":0.317132,"30":0.462841},"Exposure":{"0":233.1805,"1":160.46828,"2":233.1803,"3":140.40962,"4":228.16542,"5":193.06304,"6":235.6872,"7":213.12144,"8":230.67274,"9":193.06312,"10":162.97546,"11":160.46812,"12":165.46886,"13":250.731608,"14":208.10714,"15":238.19468,"16":238.1946,"17":258.2529,"18":378.60364,"19":325.95034,"20":330.96526,"21":343.489632,"22":356.0386,"23":376.09686,"24":351.0234,"25":476.38874,"26":935.2159,"27":451.317028,"28":544.08706,"29":722.10552,"30":847.458292},"Sigma":{"0":270.84733,"1":284.555528,"2":202.825659,"3":404.414793,"4":259.027901,"5":341.036954,"6":270.006025,"7":216.414288,"8":166.493557,"9":202.306341,"10":242.646,"11":270.84733,"12":210.081182,"13":218.214354,"14":336.327932,"15":236.405548,"16":256.518956,"17":229.870848,"18":208.094007,"19":171.985903,"20":180.92806,"21":174.829287,"22":325.71902,"23":290.148732,"24":448.373487,"25":267.141942,"26":345.443038,"27":368.423528,"28":325.43866,"29":281.625251,"30":341.942504},"SNR":{"0":4.417448,"1":4.529205,"2":4.047616,"3":4.447276,"4":4.412477,"5":4.437333,"6":4.307891,"7":4.387624,"8":3.781143,"9":3.809838,"10":4.509801,"11":4.417448,"12":4.382654,"13":3.792749,"14":4.419192,"15":3.80421,"16":4.165908,"17":3.80039,"18":3.785109,"19":3.746912,"20":3.758371,"21":3.750732,"22":3.810809,"23":3.795267,"24":3.839675,"25":3.781946,"26":5.239847,"27":3.82409,"28":3.810756,"29":3.790757,"30":4.591324}}