{"Time":{"0":274.188,"1":289.764,"2":324.733,"3":369.663,"4":415.98,"5":483.548,"6":604.523,"7":711.497,"8":862.559,"9":4246.889,"10":4364.749,"11":4662.184,"12":4920.248,"13":5083.51,"14":5353.784,"15":5606.468,"16":6033.765,"17":6196.353,"18":6318.615,"19":6501.726,"20":6673.448,"21":10153.275,"22":10294.966,"23":10586.964,"24":10879.033,"25":11077.048,"26":11347.978,"27":11622.657,"28":11852.406,"29":12267.887,"30":16310.917,"31":17334.055,"32":22059.059,"33":23117.925,"34":41924.893},"TimePos":{"0":5.988,"1":12.978,"2":20.633,"3":23.342,"4":19.65,"5":69.926,"6":51.751,"7":47.576,"8":107.124,"9":34.871,"10":125.118,"11":123.547,"12":56.039,"13":90.853,"14":118.951,"15":194.724,"16":88.363,"17":53.649,"18":106.899,"19":69.212,"20":88.041,"21":57.729,"22":99.073,"23":190.694,"24":86.673,"25":139.39,"26":126.714,"27":105.273,"28":146.314,"29":269.892,"30":417.715,"31":979.185,"32":213.543,"33":969.959,"34":22581.275},"TimeNeg":{"0":-9.056,"1":-9.588,"2":-21.991,"3":-24.297,"4":-22.975,"5":-47.918,"6":-51.049,"7":-55.224,"8":-103.486,"9":-50.377,"10":-82.989,"11":-172.316,"12":-56.79,"13":-107.224,"14":-124.259,"15":-133.734,"16":-72.105,"17":-74.224,"18":-68.613,"19":-76.212,"20":-102.51,"21":-97.724,"22":-83.961,"23":-192.925,"24":-101.375,"25":-111.342,"26":-131.54,"27":-147.966,"28":-124.477,"29":-269.167,"30":-552.615,"31":-605.423,"32":-453.402,"33":-845.324,"34":-14516.131},"Rate":{"0":9.945652,"1":5.485703,"2":2.928191,"3":2.863369,"4":3.064813,"5":1.042794,"6":1.187934,"7":1.202789,"8":0.8763636,"9":0.3027059,"10":0.2182507,"11":0.1652143,"12":0.2241287,"13":0.1492301,"14":0.1298751,"15":0.144359,"16":0.1593769,"17":0.190295,"18":0.1390506,"19":0.1683033,"20":0.1397587,"21":0.1613152,"22":0.144933,"23":0.04837451,"24":0.1327105,"25":0.09963483,"26":0.07704612,"27":0.07353329,"28":0.06874979,"29":0.04810648,"30":0.03069962,"31":0.0236083,"32":0.03007274,"33":0.01645165,"34":0.006128546},"RatePos":{"0":2.032482,"1":1.231733,"2":0.6565732,"3":0.6143208,"4":0.671441,"5":0.2384323,"6":0.2720014,"7":0.2727099,"8":0.1628437,"9":0.06629878,"10":0.04917797,"11":0.03278357,"12":0.05040761,"13":0.03080714,"14":0.02946604,"15":0.02705807,"16":0.03519803,"17":0.04300625,"18":0.03133376,"19":0.03781562,"20":0.03027308,"21":0.03628973,"22":0.03171793,"23":0.01273566,"24":0.02990912,"25":0.02246846,"26":0.01949634,"27":0.01917093,"28":0.01792382,"29":0.0107002,"30":0.00818466,"31":0.005631951,"32":0.007904393,"33":0.003567783,"34":0.001142392},"RateNeg":{"0":-2.032482,"1":-1.231733,"2":-0.6565732,"3":-0.6143208,"4":-0.671441,"5":-0.2384323,"6":-0.2720014,"7":-0.2727099,"8":-0.1628437,"9":-0.06629878,"10":-0.04917797,"11":-0.03278357,"12":-0.05040761,"13":-0.03080714,"14":-0.02946604,"15":-0.02705807,"16":-0.03519803,"17":-0.04300625,"18":-0.03133376,"19":-0.03781562,"20":-0.03027308,"21":-0.03628973,"22":-0.03171793,"23":-0.01273566,"24":-0.02990912,"25":-0.02246846,"26":-0.01949634,"27":-0.01917093,"28":-0.01792382,"29":-0.0107002,"30":-0.00818466,"31":-0.005631951,"32":-0.007904393,"33":-0.003567783,"34":-0.001142392},"FracExp":{"0":1.0,"1":1.0,"2":1.0,"3":1.0,"4":1.0,"5":1.0,"6":1.0,"7":1.0,"8":1.0,"9":1.0,"10":0.915655,"11":0.847453,"12":0.977773,"13":1.0,"14":0.773193,"15":0.748087,"16":1.0,"17":1.0,"18":1.0,"19":1.0,"20":1.0,"21":1.0,"22":1.0,"23":1.0,"24":1.0,"25":1.0,"26":1.0,"27":1.0,"28":1.0,"29":1.0,"30":1.0,"31":1.0,"32":1.0,"33":1.0,"34":0.188297},"BGrate":{"0":0.001807796,"1":0.003615594,"2":0.001276091,"3":0.002854411,"4":0.001914137,"5":0.003692516,"6":0.00449744,"7":0.002645552,"8":0.00245349,"9":0.0008941486,"10":0.0007942269,"11":0.001198396,"12":0.001036406,"13":0.001346891,"14":0.00152006,"15":0.00108576,"16":0.001543805,"17":0.001639272,"18":0.0008686014,"19":0.000655195,"20":0.00180011,"21":0.000770207,"22":0.000327074,"23":0.0007490638,"24":0.000827716,"25":0.0006685399,"26":0.0007417916,"27":0.0005673601,"28":0.0005305864,"29":0.0007329694,"30":0.0004856346,"31":0.0004578663,"32":0.000395988,"33":0.0004862367,"34":0.000236158},"BGerr":{"0":0.001807796,"1":0.002087464,"2":0.0009023326,"3":0.001276532,"4":0.001105127,"5":0.0009231291,"6":0.001090789,"7":0.0008365971,"8":0.0005628693,"9":0.0004470743,"10":0.0002808016,"11":0.000299599,"12":0.000423111,"13":0.0003599717,"14":0.0003924778,"15":0.0002901816,"16":0.0004281744,"17":0.0004942592,"18":0.000307097,"19":0.0002930121,"20":0.00042429,"21":0.0002435608,"22":0.0001462719,"23":0.000152902,"24":0.0002295671,"25":0.0001786748,"26":0.0001854479,"27":0.0001637828,"28":0.0001531671,"29":0.0001275936,"30":0.0000611842,"31":0.0000464893,"32":0.0000642377,"33":0.0000431465,"34":0.0000118524},"CorrFact":{"0":6.241292,"1":6.214822,"2":6.257631,"3":6.238934,"4":6.24501,"5":6.280999,"6":6.250471,"7":6.267565,"8":6.260189,"9":1.2333,"10":2.095287,"11":1.611864,"12":1.243416,"13":1.24547,"14":1.238842,"15":1.234502,"16":1.232391,"17":1.229568,"18":1.229626,"19":1.229628,"20":1.22968,"21":1.261402,"22":1.266834,"23":1.261322,"24":1.257587,"25":1.259636,"26":1.258659,"27":1.253438,"28":1.253121,"29":1.258546,"30":2.05033,"31":2.047113,"32":1.361088,"33":1.350271,"34":1.410526},"CtsInSrc":{"0":24.0,"1":20.0,"2":20.0,"3":22.0,"4":21.0,"5":20.0,"6":20.0,"7":20.0,"8":30.0,"9":21.0,"10":20.0,"11":26.0,"12":20.0,"13":24.0,"14":20.0,"15":29.0,"16":21.0,"17":20.0,"18":20.0,"19":20.0,"20":22.0,"21":20.0,"22":21.0,"23":15.0,"24":20.0,"25":20.0,"26":16.0,"27":15.0,"28":15.0,"29":21.0,"30":15.0,"31":19.0,"32":15.0,"33":23.0,"34":32.0},"BGInSrc":{"0":0.027196,"1":0.081589,"2":0.054393,"3":0.135981,"4":0.081589,"5":0.435141,"6":0.462337,"7":0.271963,"8":0.516729,"9":0.076225,"10":0.151343,"11":0.300474,"12":0.114338,"13":0.266788,"14":0.285844,"15":0.266788,"16":0.247731,"17":0.209619,"18":0.15245,"19":0.095281,"20":0.343013,"21":0.119731,"22":0.059866,"23":0.287355,"24":0.155651,"25":0.167624,"26":0.19157,"27":0.143678,"28":0.143678,"29":0.395113,"30":0.471226,"31":0.725539,"32":0.264102,"33":0.882657,"34":1.649643},"Exposure":{"0":15.043888,"1":22.56582,"2":42.62436,"3":47.63904,"4":42.62436,"5":117.8439,"6":102.8,"7":102.80002,"8":210.609912,"9":85.24874,"10":190.55442,"11":250.72984,"12":110.3212,"13":198.0767,"14":188.04778,"15":245.71512,"16":160.4681,"17":127.87312,"18":175.51214,"19":145.42436,"20":190.55098,"21":155.45344,"22":183.03402,"23":383.61908,"24":188.04846,"25":250.73128,"26":258.2533,"27":253.2388,"28":270.79016,"29":539.05846,"30":970.33064,"31":1584.60806,"32":666.94462,"33":1815.28238,"34":6985.3378},"Sigma":{"0":881.473556,"1":422.848237,"2":518.588316,"3":359.530256,"4":444.077251,"5":179.848657,"6":174.236291,"7":229.389923,"8":248.707749,"9":549.0,"10":370.947514,"11":342.120212,"12":426.016811,"13":332.854787,"14":267.112899,"15":402.979046,"16":302.034257,"17":313.12671,"18":368.234274,"19":467.125248,"20":267.870007,"21":525.066687,"22":782.143926,"23":250.828768,"24":459.681898,"25":442.6933,"26":330.081331,"27":358.189548,"28":358.189548,"29":299.574936,"30":244.720255,"31":248.067543,"32":343.951001,"33":282.385808,"34":366.580245},"SNR":{"0":4.893353,"1":4.453645,"2":4.459808,"3":4.661033,"4":4.56453,"5":4.373542,"6":4.367382,"7":4.410508,"8":5.381624,"9":4.565784,"10":4.437977,"11":5.039545,"12":4.446327,"13":4.844009,"14":4.407619,"15":5.335156,"16":4.528007,"17":4.424822,"18":4.437725,"19":4.450628,"20":4.616599,"21":4.445204,"22":4.569434,"23":3.798353,"24":4.437125,"25":4.434432,"26":3.951824,"27":3.835666,"28":3.835666,"29":4.495849,"30":3.750873,"31":4.19185,"32":3.80456,"33":4.61117,"34":5.364661}}