{"Time":{"0":35275.312,"1":35525.325,"2":42794.217,"3":43215.853,"4":226925.124,"5":273498.496,"6":341028.9,"7":439975.303,"8":624340.749,"9":903476.387},"TimePos":{"0":95.721,"1":196.729,"2":71.364,"3":3626.815,"4":4574.622,"5":3660.224,"6":17849.238,"7":10402.595,"8":136297.821,"9":120082.138},"TimeNeg":{"0":-152.503,"1":-154.292,"2":-91.612,"3":-350.272,"4":-29903.34,"5":-7041.541,"6":-23483.188,"7":-7357.397,"8":-123549.546,"9":-52439.42},"Rate":{"0":0.1290758,"1":0.1287652,"2":0.2043529,"3":0.08376335,"4":0.01770363,"5":0.01310805,"6":0.007250491,"7":0.006518351,"8":0.002451915,"9":0.0007556411},"RatePos":{"0":0.0289715,"1":0.02443968,"2":0.04569469,"3":0.0188445,"4":0.004588242,"5":0.003102758,"6":0.001682183,"7":0.001566154,"8":0.0005526585,"9":0.0003647531},"RateNeg":{"0":-0.0289715,"1":-0.02443968,"2":-0.04569469,"3":-0.0188445,"4":-0.004588242,"5":-0.003102758,"6":-0.001682183,"7":-0.001566154,"8":-0.0005526585,"9":-0.0002874845},"FracExp":{"0":1.0,"1":1.0,"2":1.0,"3":0.099609,"4":0.033452,"5":0.179231,"6":0.120899,"7":0.229412,"8":0.055309,"9":0.082258},"BGrate":{"0":0.0003016482,"1":0.0003412958,"2":0.0,"3":0.0003043365,"4":0.0004886431,"5":0.0003041546,"6":0.0001447341,"7":0.0002102239,"8":0.0001197405,"9":0.0000951538},"BGerr":{"0":0.0001349012,"1":0.0001206663,"2":0.0,"3":0.0001075992,"4":0.0000625643,"5":0.0000318841,"6":0.0000095435,"7":0.0000145764,"8":0.0000045851,"9":0.0000035437},"CorrFact":{"0":1.608004,"1":1.621196,"2":1.665225,"3":1.669215,"4":1.322756,"5":1.3652,"6":1.87952,"7":1.463784,"8":1.656016,"9":1.612563},"CtsInSrc":{"0":20.0,"1":28.0,"2":20.0,"3":20.0,"4":16.0,"5":19.0,"6":20.0,"7":19.0,"8":23.0,"9":8.0},"BGInSrc":{"0":0.074876,"1":0.119802,"2":0.0,"3":0.120564,"4":0.56358,"5":0.583394,"6":0.723243,"7":0.856528,"8":1.720892,"9":1.350358},"Exposure":{"0":248.2237,"1":351.021,"2":162.97546,"3":396.15244,"4":1153.358,"5":1918.0845,"6":4997.0489,"7":4074.3625,"8":14371.8436,"9":14191.318},"Sigma":{"0":595.034321,"1":658.228755,"2":1000.0,"3":466.372305,"4":213.922077,"5":301.13983,"6":404.216042,"7":305.499411,"8":322.917815,"9":3.883817},"SNR":{"0":4.455268,"1":5.268693,"2":4.472136,"3":4.444975,"4":3.858477,"5":4.224643,"6":4.310169,"7":4.162012,"8":4.436582,"9":2.628458}}