{"Time":{"0":5688.01,"1":5781.24,"2":5888.544,"3":6029.562,"4":6118.236,"5":6230.043,"6":6338.698,"7":6470.373,"8":6606.536,"9":6724.342,"10":6903.367,"11":7081.361,"12":7242.748,"13":7414.564,"14":7604.084,"15":7735.181,"16":7931.378,"17":23955.296,"18":24187.992,"19":24459.286,"20":24687.305,"21":25037.562,"22":30001.93,"23":30285.341,"24":30729.943,"25":50361.157,"26":57897.143,"27":63603.165,"28":64714.188,"29":88978.514,"30":203257.586},"TimePos":{"0":39.153,"1":56.245,"2":54.248,"3":43.611,"4":57.737,"5":51.237,"6":42.875,"7":76.683,"8":53.349,"9":58.401,"10":92.498,"11":74.973,"12":91.606,"13":70.229,"14":63.744,"15":60.52,"16":99.994,"17":121.709,"18":134.729,"19":101.631,"20":94.256,"21":279.955,"22":130.631,"23":180.694,"24":347.212,"25":2027.89,"26":612.732,"27":221.827,"28":482.294,"29":4377.947,"30":92291.944},"TimeNeg":{"0":-36.067,"1":-54.077,"2":-51.059,"3":-86.769,"4":-45.063,"5":-54.071,"6":-57.417,"7":-88.8,"8":-59.48,"9":-64.457,"10":-120.624,"11":-85.495,"12":-86.414,"13":-80.21,"14":-119.291,"15":-67.354,"16":-135.677,"17":-111.472,"18":-110.988,"19":-136.564,"20":-126.388,"21":-256.0,"22":-205.349,"23":-152.78,"24":-263.908,"25":-2451.817,"26":-510.539,"27":-432.582,"28":-889.195,"29":-2816.892,"30":-30396.938},"Rate":{"0":1.130093,"1":0.7668193,"2":0.8011441,"3":0.6478778,"4":0.8312107,"5":0.8032493,"6":0.8872047,"7":0.5080728,"8":0.7515807,"9":0.6919276,"10":0.3927674,"11":0.5272386,"12":0.4653268,"13":0.5578041,"14":0.4618054,"15":0.6581107,"16":0.4973424,"17":0.1075546,"18":0.07594472,"19":0.07973042,"20":0.1148234,"21":0.03824427,"22":0.05839012,"23":0.05906581,"24":0.05284986,"25":0.02522343,"26":0.02523076,"27":0.03279439,"28":0.02423002,"29":0.0124673,"30":0.001584444},"RatePos":{"0":0.2540473,"1":0.1729373,"2":0.1812616,"3":0.1475369,"4":0.186858,"5":0.1825234,"6":0.1955848,"7":0.1162033,"8":0.1702309,"9":0.1562149,"10":0.09002712,"11":0.1195468,"12":0.1068916,"13":0.1267505,"14":0.1044851,"15":0.1495433,"16":0.095734,"17":0.02435076,"18":0.01991869,"19":0.02083415,"20":0.02594236,"21":0.01035328,"22":0.01526294,"23":0.01548313,"24":0.01165427,"25":0.005552215,"26":0.005680899,"27":0.008605977,"28":0.005202652,"29":0.002162401,"30":0.0004726757},"RateNeg":{"0":-0.2540473,"1":-0.1729373,"2":-0.1812616,"3":-0.1475369,"4":-0.186858,"5":-0.1825234,"6":-0.1955848,"7":-0.1162033,"8":-0.1702309,"9":-0.1562149,"10":-0.09002712,"11":-0.1195468,"12":-0.1068916,"13":-0.1267505,"14":-0.1044851,"15":-0.1495433,"16":-0.095734,"17":-0.02435076,"18":-0.01991869,"19":-0.02083415,"20":-0.02594236,"21":-0.01035328,"22":-0.01526294,"23":-0.01548313,"24":-0.01165427,"25":-0.005552215,"26":-0.005680899,"27":-0.008605977,"28":-0.005202652,"29":-0.002162401,"30":-0.0004726757},"FracExp":{"0":1.0,"1":1.0,"2":1.0,"3":1.0,"4":1.0,"5":1.0,"6":1.0,"7":1.0,"8":1.0,"9":1.0,"10":1.0,"11":1.0,"12":1.0,"13":1.0,"14":1.0,"15":1.0,"16":1.0,"17":1.0,"18":1.0,"19":1.0,"20":1.0,"21":0.949658,"22":1.0,"23":1.0,"24":0.910812,"25":0.292724,"26":1.0,"27":1.0,"28":1.0,"29":0.553396,"30":0.111684},"BGrate":{"0":0.00139921,"1":0.00152641,"2":0.002198759,"3":0.002744606,"4":0.001023812,"5":0.002998309,"6":0.002098816,"7":0.00267122,"8":0.002238737,"9":0.001541986,"10":0.002271657,"11":0.001705286,"12":0.002956074,"13":0.002098812,"14":0.001265037,"15":0.002469189,"16":0.002143629,"17":0.001052469,"18":0.0009432837,"19":0.0007441132,"20":0.0009268888,"21":0.003455596,"22":0.0005438053,"23":0.0006724145,"24":0.003192957,"25":0.0005255613,"26":0.0005741629,"27":0.0003675351,"28":0.0008604099,"29":0.0004831165,"30":0.0001471032},"BGerr":{"0":0.0006257456,"1":0.0005396675,"2":0.0006629507,"3":0.0006656648,"4":0.0004578628,"5":0.0007741601,"6":0.0006637039,"7":0.000582908,"8":0.0006462676,"9":0.0005139954,"10":0.0004736732,"11":0.0004729612,"12":0.0005912147,"13":0.000541911,"14":0.000381423,"15":0.0006375419,"16":0.0004375665,"17":0.0002480694,"18":0.0002287799,"19":0.0002063799,"20":0.0002393217,"21":0.0003042482,"22":0.0001159397,"23":0.0001294062,"24":0.0002182661,"25":0.0000547936,"26":0.0000615567,"27":0.0000649716,"28":0.0000686682,"29":0.0000290277,"30":0.0000047208},"CorrFact":{"0":4.272736,"1":4.26577,"2":4.267726,"3":4.300473,"4":4.295025,"5":4.297241,"6":4.280049,"7":4.298882,"8":4.294249,"9":4.291108,"10":4.2892,"11":4.28894,"12":4.253794,"13":4.263083,"14":4.275818,"15":4.275238,"16":4.262945,"17":1.269561,"18":1.263587,"19":1.281234,"20":1.279844,"21":1.277155,"22":1.323989,"23":1.333054,"24":1.323736,"25":1.552072,"26":1.39233,"27":1.454045,"28":1.456235,"29":1.415187,"30":1.672067},"CtsInSrc":{"0":20.0,"1":20.0,"2":20.0,"3":20.0,"4":20.0,"5":20.0,"6":21.0,"7":20.0,"8":20.0,"9":20.0,"10":20.0,"11":20.0,"12":20.0,"13":20.0,"14":20.0,"15":20.0,"16":28.0,"17":20.0,"18":15.0,"19":15.0,"20":20.0,"21":17.0,"22":15.0,"23":15.0,"24":24.0,"25":22.0,"26":21.0,"27":15.0,"28":24.0,"29":37.0,"30":15.0},"BGInSrc":{"0":0.105248,"1":0.168397,"2":0.231545,"3":0.357843,"4":0.105248,"5":0.315744,"6":0.210496,"7":0.442041,"8":0.252595,"9":0.189446,"10":0.48414,"11":0.273645,"12":0.52624,"13":0.315744,"14":0.231545,"15":0.315744,"16":0.50519,"17":0.245415,"18":0.231781,"19":0.177244,"20":0.204513,"21":1.75881,"22":0.182708,"23":0.224232,"24":1.77725,"25":0.689178,"26":0.64494,"27":0.240518,"28":1.180043,"29":1.923573,"30":2.015666},"Exposure":{"0":75.219528,"1":110.32202,"2":105.30732,"3":130.3804,"4":102.8,"5":105.30726,"6":100.29264,"7":165.48288,"8":112.82924,"9":122.85856,"10":213.12212,"11":160.46842,"12":178.01976,"13":150.43924,"14":183.03448,"15":127.87344,"16":235.670392,"17":233.18054,"18":245.71732,"19":238.19548,"20":220.64434,"21":508.97442,"22":335.98044,"23":333.4736,"24":556.61566,"25":1311.3179,"26":1123.2704,"27":654.40908,"28":1371.48932,"29":3981.5924,"30":13702.3945},"Sigma":{"0":422.678434,"1":333.095982,"2":283.160674,"3":226.319138,"4":422.678434,"5":241.451519,"6":312.320645,"7":202.754471,"8":270.81703,"9":313.712571,"10":193.321577,"11":259.915236,"12":185.027542,"13":241.451519,"14":283.160674,"15":241.451519,"16":266.625488,"17":341.509256,"18":262.708719,"19":301.528314,"20":374.879242,"21":98.422605,"22":380.384419,"23":342.399708,"24":182.917868,"25":296.594254,"26":294.382917,"27":347.134613,"28":242.307467,"29":303.491492,"30":200.729228},"SNR":{"0":4.448355,"1":4.434088,"2":4.419822,"3":4.391293,"4":4.448355,"5":4.400802,"6":4.536163,"7":4.372276,"8":4.415067,"9":4.429333,"10":4.362768,"11":4.410312,"12":4.35326,"13":4.400802,"14":4.419822,"15":4.400802,"16":5.195044,"17":4.41689,"18":3.812736,"19":3.826911,"20":4.426097,"21":3.693927,"22":3.825615,"23":3.81485,"24":4.534806,"25":4.54295,"26":4.441333,"27":3.810652,"28":4.657244,"29":5.765488,"30":3.352073}}