{"Time":{"0":13051.327,"1":18745.225,"2":24851.331},"TimePos":{"0":1244.443,"1":1269.957,"2":989.859},"TimeNeg":{"0":-1300.466,"1":-1292.504,"2":-1615.226},"Rate":{"0":0.0128446,"1":0.00841453,"2":0.006601137},"RatePos":{"0":0.002589894,"1":0.00215905,"2":0.002165575},"RateNeg":{"0":-0.002589894,"1":-0.00215905,"2":-0.001784045},"FracExp":{"0":1.0,"1":1.0,"2":1.0},"BGrate":{"0":0.0002785468,"1":0.0003623675,"2":0.0001166272},"BGerr":{"0":0.0000281375,"1":0.000027471,"2":0.0000118417},"CorrFact":{"0":1.292483,"1":1.341628,"2":1.470291},"CtsInSrc":{"0":26.0,"1":17.0,"2":12.0},"BGInSrc":{"0":0.708876,"1":0.928553,"2":0.303824},"Exposure":{"0":2544.9095,"1":2562.4606,"2":2605.0847},"Sigma":{"0":353.19183,"1":228.309057,"2":379.147419},"SNR":{"0":4.959508,"1":3.897331,"2":3.700095}}