{"Time":{"0":137.514,"1":216.412,"2":257.828,"3":286.101,"4":304.09,"5":333.077,"6":353.531,"7":376.953,"8":402.051,"9":429.653,"10":463.141,"11":494.374,"12":520.995,"13":558.204,"14":600.837,"15":3881.655,"16":3953.762,"17":4019.894,"18":4097.885,"19":4159.584,"20":4218.123,"21":4297.349,"22":4347.328,"23":4410.182,"24":4492.958,"25":4579.796,"26":4669.012,"27":4780.807,"28":4862.15,"29":4928.898,"30":5013.369,"31":5106.514,"32":5210.119,"33":5333.978,"34":5443.691,"35":5593.752,"36":5732.244,"37":5887.845,"38":6038.888,"39":6151.739,"40":6286.226,"41":9756.119,"42":10229.523,"43":10436.224,"44":10617.153,"45":10878.872,"46":11087.195,"47":11293.641,"48":11635.075,"49":15824.416,"50":16433.62,"51":16881.036,"52":17572.163,"53":21637.784,"54":22778.403,"55":30827.089},"TimePos":{"0":45.787,"1":24.558,"2":15.738,"3":7.523,"4":9.592,"5":13.201,"6":7.791,"7":14.457,"8":14.432,"9":19.425,"10":11.011,"11":14.881,"12":13.333,"13":26.271,"14":11.212,"15":29.116,"16":29.721,"17":38.809,"18":36.038,"19":34.514,"20":28.628,"21":29.637,"22":17.268,"23":44.678,"24":42.136,"25":35.532,"26":56.638,"27":50.151,"28":21.463,"29":24.92,"30":43.249,"31":52.903,"32":72.158,"33":61.128,"34":44.187,"35":82.175,"36":59.02,"37":96.484,"38":58.27,"39":65.772,"40":69.185,"41":154.166,"42":103.262,"43":94.639,"44":101.759,"45":103.31,"46":95.573,"47":92.221,"48":460.339,"49":359.826,"50":176.867,"51":210.857,"52":266.888,"53":536.652,"54":802.62,"55":117831.565},"TimeNeg":{"0":-46.984,"1":-33.11,"2":-16.858,"3":-12.536,"4":-10.466,"5":-19.395,"6":-7.253,"7":-15.631,"8":-10.641,"9":-13.17,"10":-14.063,"11":-20.222,"12":-11.74,"13":-23.876,"14":-16.362,"15":-21.031,"16":-42.991,"17":-36.411,"18":-39.182,"19":-25.661,"20":-24.025,"21":-50.598,"22":-20.342,"23":-45.586,"24":-38.098,"25":-44.702,"26":-53.684,"27":-55.157,"28":-31.191,"29":-45.286,"30":-59.552,"31":-49.897,"32":-50.701,"33":-51.701,"34":-48.584,"35":-105.874,"36":-56.317,"37":-96.58,"38":-54.56,"39":-54.58,"40":-68.715,"41":-159.247,"42":-132.427,"43":-103.44,"44":-86.29,"45":-159.959,"46":-105.013,"47":-110.873,"48":-249.214,"49":-470.099,"50":-249.379,"51":-270.549,"52":-480.269,"53":-481.32,"54":-603.968,"55":-3913.19},"Rate":{"0":0.5667536,"1":1.055417,"2":1.645902,"3":2.816293,"4":2.694883,"5":1.803602,"6":3.587467,"7":1.979356,"8":2.288594,"9":1.649889,"10":2.346695,"11":1.532469,"12":2.158502,"13":1.056981,"14":2.420758,"15":0.7227085,"16":0.6104773,"17":0.5869689,"18":0.5635706,"19":0.7163425,"20":0.8145189,"21":0.5314403,"22":1.177469,"23":0.5010225,"24":0.5790726,"25":0.525343,"26":0.3884249,"27":0.4072269,"28":0.8163563,"29":0.6480911,"30":0.4375226,"31":0.4129576,"32":0.3558661,"33":0.3777801,"34":0.4612726,"35":0.2251672,"36":0.3765601,"37":0.2215144,"38":0.2157929,"39":0.356366,"40":0.3398747,"41":0.1235681,"42":0.1060465,"43":0.09399506,"44":0.09874264,"45":0.07046919,"46":0.09941554,"47":0.09145342,"48":0.04982044,"49":0.02337509,"50":0.04681625,"51":0.04123439,"52":0.02802536,"53":0.01857908,"54":0.01307246,"55":0.002349642},"RatePos":{"0":0.1285638,"1":0.2206171,"2":0.370147,"3":0.6170809,"4":0.6060526,"5":0.3860311,"6":0.8021821,"7":0.4236485,"8":0.500773,"9":0.3710437,"10":0.5022712,"11":0.3446371,"12":0.4854258,"13":0.237364,"14":0.485815,"15":0.1626733,"16":0.1341986,"17":0.1290309,"18":0.1267133,"19":0.160355,"20":0.1825325,"21":0.1196211,"22":0.2574829,"23":0.1100218,"24":0.123582,"25":0.1178582,"26":0.08742996,"27":0.09186496,"28":0.1829443,"29":0.1418698,"30":0.09638158,"31":0.09305476,"32":0.08054607,"33":0.08550604,"34":0.1042878,"35":0.05130568,"36":0.08457256,"37":0.04991545,"38":0.04852332,"39":0.08021754,"40":0.07311784,"41":0.02202883,"42":0.02386564,"43":0.02440845,"44":0.02571495,"45":0.01836945,"46":0.02498732,"47":0.02379388,"48":0.009489025,"49":0.006260221,"50":0.01224349,"51":0.01077768,"52":0.007158355,"53":0.0049174,"54":0.00354285,"55":0.0007396256},"RateNeg":{"0":-0.1285638,"1":-0.2206171,"2":-0.370147,"3":-0.6170809,"4":-0.6060526,"5":-0.3860311,"6":-0.8021821,"7":-0.4236485,"8":-0.500773,"9":-0.3710437,"10":-0.5022712,"11":-0.3446371,"12":-0.4854258,"13":-0.237364,"14":-0.485815,"15":-0.1626733,"16":-0.1341986,"17":-0.1290309,"18":-0.1267133,"19":-0.160355,"20":-0.1825325,"21":-0.1196211,"22":-0.2574829,"23":-0.1100218,"24":-0.123582,"25":-0.1178582,"26":-0.08742996,"27":-0.09186496,"28":-0.1829443,"29":-0.1418698,"30":-0.09638158,"31":-0.09305476,"32":-0.08054607,"33":-0.08550604,"34":-0.1042878,"35":-0.05130568,"36":-0.08457256,"37":-0.04991545,"38":-0.04852332,"39":-0.08021754,"40":-0.07311784,"41":-0.02202883,"42":-0.02386564,"43":-0.02440845,"44":-0.02571495,"45":-0.01836945,"46":-0.02498732,"47":-0.02379388,"48":-0.009489025,"49":-0.006260221,"50":-0.01224349,"51":-0.01077768,"52":-0.007158355,"53":-0.0049174,"54":-0.00354285,"55":-0.0006180335},"FracExp":{"0":1.0,"1":1.0,"2":1.0,"3":1.0,"4":1.0,"5":1.0,"6":1.0,"7":1.0,"8":1.0,"9":1.0,"10":1.0,"11":1.0,"12":1.0,"13":1.0,"14":1.0,"15":1.0,"16":1.0,"17":1.0,"18":1.0,"19":1.0,"20":1.0,"21":1.0,"22":1.0,"23":1.0,"24":1.0,"25":1.0,"26":1.0,"27":1.0,"28":1.0,"29":1.0,"30":1.0,"31":1.0,"32":1.0,"33":1.0,"34":1.0,"35":1.0,"36":1.0,"37":1.0,"38":0.999809,"39":0.999987,"40":1.0,"41":1.0,"42":1.0,"43":1.0,"44":1.0,"45":1.0,"46":1.0,"47":1.0,"48":1.0,"49":1.0,"50":1.0,"51":1.0,"52":1.0,"53":1.0,"54":1.0,"55":0.063391},"BGrate":{"0":0.003033088,"1":0.0009758625,"2":0.003453052,"3":0.004208408,"4":0.00561121,"5":0.002589785,"6":0.0,"7":0.002805598,"8":0.002244482,"9":0.003453054,"10":0.003366724,"11":0.0032064,"12":0.004488965,"13":0.001683362,"14":0.003061378,"15":0.002597367,"16":0.002089834,"17":0.002020174,"18":0.001442981,"19":0.0003607451,"20":0.0008245598,"21":0.001623353,"22":0.001154384,"23":0.00144298,"24":0.0002705587,"25":0.000811676,"26":0.001180619,"27":0.001649119,"28":0.0008245591,"29":0.000927629,"30":0.001900509,"31":0.001478173,"32":0.001943603,"33":0.002116367,"34":0.002339964,"35":0.001962449,"36":0.0007528574,"37":0.000787078,"38":0.0009778605,"39":0.0010896,"40":0.00141677,"41":0.0008475153,"42":0.0005399797,"43":0.0004283379,"44":0.0006767737,"45":0.0005371218,"46":0.0004229833,"47":0.0005570148,"48":0.001016385,"49":0.0006464454,"50":0.0004453741,"51":0.0003771961,"52":0.0004529273,"53":0.0003590686,"54":0.0005024041,"55":0.0001214071},"BGerr":{"0":0.0009591466,"1":0.000690039,"2":0.001726526,"3":0.002429725,"4":0.002805605,"5":0.001495213,"6":0.0,"7":0.001619813,"8":0.001587089,"9":0.001726527,"10":0.001943779,"11":0.0016032,"12":0.002244482,"13":0.0009718894,"14":0.001767488,"15":0.001060371,"16":0.000789883,"17":0.000763554,"18":0.0006453206,"19":0.0003607451,"20":0.0005830518,"21":0.000662731,"22":0.0008162725,"23":0.0005890941,"24":0.0002705587,"25":0.0004686214,"26":0.0004819858,"27":0.0005830516,"28":0.0005830514,"29":0.0005355669,"30":0.000633503,"31":0.0005586968,"32":0.0005860184,"33":0.0006381087,"34":0.0007399617,"35":0.0004759637,"36":0.0003764287,"37":0.0002974875,"38":0.0004373125,"39":0.0004448273,"40":0.0004722567,"41":0.0002446566,"42":0.0001799932,"43":0.0001748682,"44":0.0002255912,"45":0.0001698528,"46":0.0001726822,"47":0.0001969345,"48":0.0001423224,"49":0.0000801817,"50":0.0000928669,"51":0.0000804185,"52":0.0000707354,"53":0.0000535268,"54":0.0000538634,"55":0.000005903},"CorrFact":{"0":2.666434,"1":2.652771,"2":2.697614,"3":2.700905,"4":2.718081,"5":2.68252,"6":2.698482,"7":2.71747,"8":2.73985,"9":2.704148,"10":2.684821,"11":2.70491,"12":2.721356,"13":2.661435,"14":2.679061,"15":1.82394,"16":2.12918,"17":2.117781,"18":2.131145,"19":2.157664,"20":2.149041,"21":2.145963,"22":2.113152,"23":2.16697,"24":2.113973,"25":2.114413,"26":2.156641,"27":2.162987,"28":2.15389,"29":2.173374,"30":2.161897,"31":2.138861,"32":2.212484,"33":2.156994,"34":2.163116,"35":2.156929,"36":2.181037,"37":2.154698,"38":1.223912,"39":2.158592,"40":2.149489,"41":1.220374,"42":1.257699,"43":1.248288,"44":1.248492,"45":1.248596,"46":1.252981,"47":1.24765,"48":1.25006,"49":1.341277,"50":1.3474,"51":1.339585,