{"Time":{"0":196.593,"1":223.247,"2":260.355,"3":310.184,"4":381.125,"5":462.628,"6":595.646,"7":760.463,"8":1007.128,"9":1204.632,"10":4898.277,"11":5167.217,"12":5374.61,"13":5592.423,"14":10848.377,"15":11280.015,"16":22849.773,"17":54343.505},"TimePos":{"0":12.599,"1":16.033,"2":21.549,"3":29.389,"4":36.175,"5":52.458,"6":77.402,"7":95.62,"8":77.122,"9":225.626,"10":126.308,"11":85.784,"12":114.08,"13":91.831,"14":225.689,"15":225.305,"16":5874.922,"17":13867.43},"TimeNeg":{"0":-12.474,"1":-14.055,"2":-21.075,"3":-28.279,"4":-41.552,"5":-45.327,"6":-80.56,"7":-87.415,"8":-151.045,"9":-120.382,"10":-111.886,"11":-74.685,"12":-121.609,"13":-103.734,"14":-369.605,"15":-205.949,"16":-5900.442,"17":-19360.738},"Rate":{"0":3.765443,"1":3.304094,"2":2.096079,"3":1.565635,"4":1.209307,"5":0.9090383,"6":0.56115,"7":0.4819015,"8":0.2666694,"9":0.3522204,"10":0.126709,"11":0.1506827,"12":0.1020998,"13":0.1299199,"14":0.05272155,"15":0.06494641,"16":0.0116861,"17":0.002923588},"RatePos":{"0":0.8268029,"1":0.7080195,"2":0.4713222,"3":0.3523759,"4":0.2657718,"5":0.2038347,"6":0.1266524,"7":0.1096906,"8":0.06077141,"9":0.05949718,"10":0.02580855,"11":0.0340489,"12":0.02318198,"13":0.02853125,"14":0.01392056,"15":0.01404212,"16":0.002767985,"17":0.0009914687},"RateNeg":{"0":-0.8268029,"1":-0.7080195,"2":-0.4713222,"3":-0.3523759,"4":-0.2657718,"5":-0.2038347,"6":-0.1266524,"7":-0.1096906,"8":-0.06077141,"9":-0.05949718,"10":-0.02580855,"11":-0.0340489,"12":-0.02318198,"13":-0.02853125,"14":-0.01392056,"15":-0.01404212,"16":-0.002767985,"17":-0.0009914687},"FracExp":{"0":1.0,"1":1.0,"2":1.0,"3":1.0,"4":1.0,"5":1.0,"6":1.0,"7":1.0,"8":0.999957,"9":0.999996,"10":1.0,"11":1.0,"12":1.0,"13":1.0,"14":0.602301,"15":1.0,"16":0.198236,"17":0.165477},"BGrate":{"0":0.005135354,"1":0.003668111,"2":0.00258925,"3":0.002232763,"4":0.001893216,"5":0.0005643246,"6":0.001164479,"7":0.001909428,"8":0.0016328,"9":0.001375679,"10":0.001879326,"11":0.001288339,"12":0.001275879,"13":0.0006727226,"14":0.0009196696,"15":0.0007058012,"16":0.0002551754,"17":0.000649575},"BGerr":{"0":0.001940981,"1":0.0014975,"2":0.001057057,"3":0.000843905,"4":0.0006693531,"5":0.000325813,"6":0.0003682406,"7":0.0004380529,"8":0.0003651052,"9":0.0002697928,"10":0.0004006737,"11":0.0003884489,"12":0.0003189698,"13":0.0002542652,"14":0.0001803621,"15":0.0001440711,"16":0.0000245543,"17":0.0000261509},"CorrFact":{"0":4.523547,"1":4.541573,"2":4.492021,"3":4.543647,"4":4.507593,"5":4.45685,"6":4.473152,"7":4.488677,"8":3.099864,"9":3.430658,"10":1.229262,"11":1.221623,"12":1.221556,"13":1.217521,"14":1.288533,"15":1.290968,"16":1.482195,"17":1.406628},"CtsInSrc":{"0":21.0,"1":22.0,"2":20.0,"3":20.0,"4":21.0,"5":20.0,"6":20.0,"7":20.0,"8":20.0,"9":36.0,"10":25.0,"11":20.0,"12":20.0,"13":21.0,"14":15.0,"15":22.0,"16":19.0,"17":15.0},"BGInSrc":{"0":0.12876,"1":0.110366,"2":0.110366,"3":0.12876,"4":0.147155,"5":0.055183,"6":0.183943,"7":0.349492,"8":0.372535,"9":0.475994,"10":0.447643,"11":0.206739,"12":0.300711,"13":0.131561,"14":0.329744,"15":0.304379,"16":0.595655,"17":3.571694},"Exposure":{"0":25.073288,"1":30.08794,"2":42.62466,"3":57.66856,"4":77.72726,"5":97.78582,"6":157.96174,"7":183.03488,"8":228.156952,"9":346.007,"10":238.1935,"11":160.469008,"12":235.68894,"13":195.564852,"14":358.54618,"15":431.25332,"16":2334.2963,"17":5498.5089},"Sigma":{"0":428.86005,"1":485.824309,"2":441.435781,"3":408.312155,"4":400.80829,"5":626.01652,"6":340.669775,"7":245.083089,"8":235.620183,"9":380.545631,"10":257.260111,"11":317.535483,"12":262.036514,"13":419.674121,"14":226.854516,"15":349.190865,"16":321.09791,"17":79.478593},"SNR":{"0":4.554221,"1":4.66667,"2":4.447232,"3":4.443081,"4":4.550171,"5":4.459684,"6":4.43063,"7":4.393281,"8":4.388073,"9":5.919951,"10":4.909577,"11":4.425478,"12":4.404273,"13":4.553599,"14":3.787316,"15":4.625116,"16":4.221881,"17":2.948744}}