{"Time":{"0":204.921,"1":236.416,"2":263.544,"3":298.761,"4":332.183,"5":366.434,"6":409.604,"7":470.185,"8":529.985,"9":571.65,"10":626.903,"11":666.029,"12":697.088,"13":730.162,"14":762.169,"15":795.564,"16":815.609,"17":832.955,"18":851.328,"19":867.408,"20":888.377,"21":906.279,"22":934.077,"23":981.788,"24":1012.963,"25":1049.352,"26":1100.616,"27":1172.806,"28":1279.592,"29":5688.676,"30":5905.476,"31":16377.704,"32":16936.517,"33":17651.135,"34":22321.48,"35":23192.184,"36":28470.47,"37":64200.658,"38":147327.579,"39":273885.663},"TimePos":{"0":15.842,"1":16.942,"2":12.38,"3":19.787,"4":18.961,"5":14.797,"6":24.281,"7":31.397,"8":19.235,"9":22.702,"10":27.625,"11":13.572,"12":15.108,"13":19.644,"14":12.71,"15":11.909,"16":9.416,"17":7.113,"18":8.799,"19":10.27,"20":9.36,"21":9.009,"22":28.85,"23":16.241,"24":17.661,"25":23.897,"26":27.793,"27":33.33,"28":87.007,"29":84.366,"30":140.861,"31":227.446,"32":262.866,"33":245.271,"34":214.652,"35":384.482,"36":452.076,"37":10627.466,"38":51776.717,"39":29077.308},"TimeNeg":{"0":-11.739,"1":-15.653,"2":-10.186,"3":-22.838,"4":-13.635,"5":-15.29,"6":-28.373,"7":-36.301,"8":-28.403,"9":-22.429,"10":-32.551,"11":-11.501,"12":-17.487,"13":-17.966,"14":-12.363,"15":-20.686,"16":-8.135,"17":-7.93,"18":-11.259,"19":-7.281,"20":-10.699,"21":-8.542,"22":-18.789,"23":-18.861,"24":-14.934,"25":-18.727,"26":-27.368,"27":-44.397,"28":-73.456,"29":-83.624,"30":-132.434,"31":-221.364,"32":-331.367,"33":-451.752,"34":-474.859,"35":-656.052,"36":-1037.26,"37":-7054.579,"38":-10859.919,"39":-40800.014},"Rate":{"0":3.615761,"1":2.918742,"2":4.133325,"3":2.325264,"4":2.928819,"5":3.180894,"6":1.90247,"7":1.467959,"8":2.02231,"9":2.220795,"10":1.807626,"11":3.806269,"12":2.957826,"13":2.544209,"14":3.817205,"15":3.202125,"16":5.351203,"17":6.566747,"18":5.155241,"19":5.996454,"20":5.236971,"21":6.286179,"22":1.985947,"23":3.024783,"24":3.064082,"25":2.337624,"26":1.756574,"27":1.220164,"28":0.9968095,"29":0.1445956,"30":0.1595559,"31":0.04357571,"32":0.03279942,"33":0.04679313,"34":0.03028307,"35":0.03020203,"36":0.02538497,"37":0.01138959,"38":0.005034184,"39":0.002618233},"RatePos":{"0":0.7912276,"1":0.6536062,"2":0.9283119,"3":0.5116896,"4":0.6577895,"5":0.7144034,"6":0.4198301,"7":0.3239437,"8":0.4548628,"9":0.4859709,"10":0.3817699,"11":0.857376,"12":0.6682295,"13":0.5739377,"14":0.8548029,"15":0.6863449,"16":1.205378,"17":1.436984,"18":1.107938,"19":1.281856,"20":1.122495,"21":1.315778,"22":0.4480016,"23":0.6483333,"24":0.6714429,"25":0.5144094,"26":0.3933572,"27":0.2772965,"28":0.1739433,"29":0.03262092,"30":0.02682317,"31":0.01138424,"32":0.00860282,"33":0.009491736,"34":0.007750339,"35":0.006306659,"36":0.004898074,"37":0.001843795,"38":0.00119504,"39":0.0007492216},"RateNeg":{"0":-0.7912276,"1":-0.6536062,"2":-0.9283119,"3":-0.5116896,"4":-0.6577895,"5":-0.7144034,"6":-0.4198301,"7":-0.3239437,"8":-0.4548628,"9":-0.4859709,"10":-0.3817699,"11":-0.857376,"12":-0.6682295,"13":-0.5739377,"14":-0.8548029,"15":-0.6863449,"16":-1.205378,"17":-1.436984,"18":-1.107938,"19":-1.281856,"20":-1.122495,"21":-1.315778,"22":-0.4480016,"23":-0.6483333,"24":-0.6714429,"25":-0.5144094,"26":-0.3933572,"27":-0.2772965,"28":-0.1739433,"29":-0.03262092,"30":-0.02682317,"31":-0.01138424,"32":-0.00860282,"33":-0.009491736,"34":-0.007750339,"35":-0.006306659,"36":-0.004898074,"37":-0.001843795,"38":-0.00119504,"39":-0.0007492216},"FracExp":{"0":1.0,"1":1.0,"2":1.0,"3":1.0,"4":1.0,"5":1.0,"6":1.0,"7":1.0,"8":1.0,"9":1.0,"10":1.0,"11":1.0,"12":1.0,"13":1.0,"14":1.0,"15":1.0,"16":1.0,"17":1.0,"18":1.0,"19":1.0,"20":1.0,"21":1.0,"22":1.0,"23":1.0,"24":1.0,"25":1.0,"26":1.0,"27":1.0,"28":1.0,"29":1.0,"30":1.0,"31":1.0,"32":1.0,"33":1.0,"34":1.0,"35":0.997583,"36":1.0,"37":0.27424,"38":0.100754,"39":0.105635},"BGrate":{"0":0.002090751,"1":0.0008845471,"2":0.003833047,"3":0.004058514,"4":0.002653645,"5":0.002874786,"6":0.004380623,"7":0.003407149,"8":0.002420871,"9":0.001277682,"10":0.004791307,"11":0.005749559,"12":0.006191853,"13":0.004599656,"14":0.001149911,"15":0.003538204,"16":0.008213664,"17":0.003833046,"18":0.008624353,"19":0.00328547,"20":0.005749569,"21":0.004928204,"22":0.003631306,"23":0.003285466,"24":0.002653648,"25":0.004058518,"26":0.000522688,"27":0.004080339,"28":0.003593588,"29":0.001041109,"30":0.001119915,"31":0.0003889859,"32":0.0003917218,"33":0.0005009326,"34":0.0005354515,"35":0.0005173493,"36":0.0003854329,"37":0.0004043661,"38":0.000183662,"39":0.0001982473},"BGerr":{"0":0.001478384,"1":0.0008845471,"2":0.002213011,"3":0.001656881,"4":0.001532082,"5":0.001659759,"6":0.001548784,"7":0.001204609,"8":0.001210436,"9":0.0009034579,"10":0.001515144,"11":0.002571281,"12":0.0023403,"13":0.001877802,"14":0.001149911,"15":0.001769102,"16":0.003673262,"17":0.002710373,"18":0.003520877,"19":0.002323178,"20":0.002874784,"21":0.0028453,"22":0.001482474,"23":0.001642733,"24":0.001532084,"25":0.001656883,"26":0.000522688,"27":0.001230269,"28":0.0008035508,"29":0.0003680874,"30":0.0002993098,"31":0.0000848837,"32":0.0000740285,"33":0.0000772956,"34":0.0000807224,"35":0.0000646687,"36":0.0000428259,"37":0.0000231161,"38":0.0000097068,"39":0.0000092333},"CorrFact":{"0":4.761849,"1":4.763701,"2":4.683842,"3":4.758859,"4":4.793985,"5":4.806074,"6":4.823059,"7":4.784794,"8":4.844968,"9":4.785902,"10":4.789372,"11":4.8064,"12":4.869655,"13":4.826083,"14":4.792378,"15":4.769234,"16":4.730091,"17":4.717201,"18":4.737539,"19":4.796423,"20":4.799966,"21":4.815053,"22":4.771689,"23":4.851661,"24":4.775566,"25":4.78415,"26":4.851698,"27":4.818367,"28":4.785606,"29":1.225243,"30":1.22166,"31":1.319167,"32":1.31985,"33":1.323114,"34":1.335857,"35":1.336159,"36":1.378502,"37":1.379386,"38":1.686228,"39":1.427715},"CtsInSrc":{"0":21.0,"1":20.0,"2":20.0,"3":21.0,"4":20.0,"5":20.0,"6":21.0,"7":21.0,"8":20.0,"9":21.0,"10":23.0,"11":20.0,"12":20.0,"13":20.0,"14":20.0,"15":22.0,"16":20.0,"17":21.0,"18":22.0,"19":22.0,"20":22.0,"21":23.0,"22":20.0,"23":22.0,"24":21.0,"25":21.0,"26":20.0,"27":20.0,"28":34.0,"29":20.0,"30":36.0,"31":15.0,"32":15.0,"33":25.0,"34":16.0,"35":24.0,"36":28.0,"37":42.0,"38":20.0,"39":15.0},"BGInSrc":{"0":0.057664,"1":0.028832,"2":0.086496,"3":0.172991,"4":0.086496,"5":0.086496,"6":0.230655,"7":0.230655,"8":0.115328,"9":0.057664,"10":0.288319,"11":0.14416,"12":0.201823,"13":0.172991,"14":0.028832,"15":0.115328,"16":0.14416,"17":0.057664,"18":0.172991,"19":0.057664,"20":0.115328,"21":0.086496,"22":0.172991,"23":0.115328,"24":0.086496,"25":0.172991,"26":0.028832,"27":0.317151,"28":0.576638,"29":0.174896,"30":0.306067,"31":0.174581,"32":0.232774,"33":0.349161,"34":0.3692,"35":0.537018,"36":0.574039,"37":1.960819,"38":1.159068,"39":1.463361},"Exposure":{"0":27.580428,"1":32.5951,"2":22.56578,"3":42.62432,"4":32.59506,"5":30.0877,"6":52.65352,"7":67.69742,"8":47.63888,"9":45.13156,"10":60.17544,"11":25.07314,"12":32.59498,"13":37.60964,"14":25.07316,"15":32.59496,"16":17.55118,"17":15.04386,"18":20.05848,"19":17.55116,"20":20.05848,"21":17.55116,"22":47.6389,"23":35.10236,"24":32.59502,"25":42.62428,"26":55.16082,"27":77.7266,"28":160.463012,"29":167.989728,"30":273.295072,"31":448.80982,"32":594.23362,"33":697.02276,"34":689.51134,"35":1038.018359,"36":1489.3362,"37":4849.1182,"38":6310.8741,"39":7381.4912},"Sigma":{"0":513.613994,"1":692.676073,"2":398.762016,"3":294.902185,"4":398.762016,"5":398.762016,"6":254.685677,"7":254.685677,"8":344.838036,"9":513.613994,"10":249.101302,"11":307.985303,"12":259.53916,"13":280.742581,"14":692.676073,"15":379.52184,"16":307.985303,"17":513.613994,"18":309.061788,"19":538.139147,"20":379.52184,"21":458.836127,"22":280.742581,"23":379.52184,"24":418.78672,"25":294.902185,"26":692.676073,"27":205.834581,"28":259.216029,"29":320.613459,"30":436.356694,"31":389.152995,"32":335.693504,"33":457.541079,"34":280.83159,"35":349.52988,"36":429.99441,"37":357.197514,"38":307.563626,"39":198.614023},"SNR":{"0":4.569812,"1":4.465596,"2":4.452517,"3":4.544286,"4":4.452517,"5":4.452517,"6":4.531525,