{"Time":{"0":11443.663,"1":12452.03,"2":17533.886,"3":18501.718,"4":23963.226,"5":29913.168,"6":35366.124,"7":41436.253,"8":46354.547,"9":47654.766,"10":52733.242,"11":58073.61,"12":59379.278,"13":71532.42},"TimePos":{"0":237.658,"1":988.061,"2":325.621,"3":708.9,"4":999.697,"5":812.274,"6":1035.786,"7":701.064,"8":543.733,"9":563.596,"10":1304.298,"11":862.348,"12":449.279,"13":22112.452},"TimeNeg":{"0":-284.851,"1":-770.709,"2":-480.706,"3":-642.211,"4":-1051.528,"5":-1121.553,"6":-844.106,"7":-1130.467,"8":-526.884,"9":-624.864,"10":-1114.476,"11":-651.116,"12":-443.319,"13":-7157.411},"Rate":{"0":0.314007,"1":0.199789,"2":0.1199059,"3":0.1231893,"4":0.05892028,"5":0.05297612,"6":0.04547386,"7":0.04870356,"8":0.02988879,"9":0.01983939,"10":0.01894483,"11":0.01942201,"12":0.02352541,"13":0.01257661},"RatePos":{"0":0.07123751,"1":0.0388009,"2":0.02707355,"3":0.02434174,"4":0.01201667,"5":0.01188665,"6":0.01093224,"7":0.01185605,"8":0.006203962,"9":0.004850552,"10":0.00359336,"11":0.005233852,"12":0.006246279,"13":0.002537351},"RateNeg":{"0":-0.07123751,"1":-0.0388009,"2":-0.02707355,"3":-0.02434174,"4":-0.01201667,"5":-0.01188665,"6":-0.01093224,"7":-0.01185605,"8":-0.006203962,"9":-0.004850552,"10":-0.00359336,"11":-0.005233852,"12":-0.006246279,"13":-0.002537351},"FracExp":{"0":0.239929,"1":0.243777,"2":0.248763,"3":0.269081,"4":0.251803,"5":0.248937,"6":0.260081,"7":0.245045,"8":1.0,"9":1.0,"10":0.946415,"11":0.702425,"12":1.0,"13":0.106991},"BGrate":{"0":0.002256918,"1":0.002923553,"2":0.0009491834,"3":0.001904964,"4":0.001904031,"5":0.002242607,"6":0.001750241,"7":0.002401794,"8":0.0003704457,"9":0.0005422848,"10":0.0004886648,"11":0.0005883701,"12":0.0004610233,"13":0.0003962956},"BGerr":{"0":0.0007523059,"1":0.0004511141,"2":0.0003875025,"3":0.0004061396,"4":0.000341974,"5":0.0003846038,"6":0.000336834,"7":0.0004119043,"8":0.0000534692,"9":0.0000614017,"10":0.0000420576,"11":0.0000674907,"12":0.0000651985,"13":0.0000283068},"CorrFact":{"0":1.996519,"1":3.087204,"2":1.214118,"3":1.702428,"4":1.216496,"5":1.219039,"6":1.225359,"7":1.219641,"8":1.355714,"9":1.358549,"10":1.501585,"11":1.436394,"12":1.439405,"13":1.528988},"CtsInSrc":{"0":20.0,"1":29.0,"2":20.0,"3":27.0,"4":26.0,"5":22.0,"6":19.0,"7":19.0,"8":24.0,"9":18.0,"10":30.0,"11":15.0,"12":15.0,"13":27.0},"BGInSrc":{"0":0.282938,"1":1.253469,"2":0.190391,"3":0.692566,"4":0.983439,"5":1.079594,"6":0.855734,"7":1.077941,"8":0.396606,"9":0.644484,"10":1.118634,"11":0.625493,"12":0.411509,"13":1.241046},"Exposure":{"0":125.365,"1":428.748301,"2":200.584,"3":363.5585,"4":516.503801,"5":481.4016,"6":488.923501,"7":448.8067,"8":1070.6171,"9":1188.4602,"10":2289.1649,"11":1063.09516,"12":892.59884,"13":3131.617699},"Sigma":{"0":209.060218,"1":143.456394,"2":254.862014,"3":178.167647,"4":141.631854,"5":112.992326,"6":110.174892,"7":96.94653,"8":412.321843,"9":237.833335,"10":299.982857,"11":200.344303,"12":250.678001,"13":290.581718},"SNR":{"0":4.407889,"1":5.149082,"2":4.428894,"3":5.060825,"4":4.90321,"5":4.456775,"6":4.159612,"7":4.107909,"8":4.817694,"9":4.090129,"10":5.272177,"11":3.710845,"12":3.766307,"13":4.956592}}