{"Time":{"0":21689.722,"1":22500.427,"2":23194.133,"3":27560.296,"4":28380.076,"5":29184.075},"TimePos":{"0":444.185,"1":295.412,"2":692.371,"3":248.015,"4":488.83,"5":472.112},"TimeNeg":{"0":-380.724,"1":-366.52,"2":-398.294,"3":-489.136,"4":-571.765,"5":-315.169},"Rate":{"0":0.02339386,"1":0.02990865,"2":0.01860717,"3":0.02639099,"4":0.01823871,"5":0.02965979},"RatePos":{"0":0.006189269,"1":0.007812507,"2":0.004845438,"3":0.006967691,"4":0.004812823,"5":0.007146559},"RateNeg":{"0":-0.006189269,"1":-0.007812507,"2":-0.004845438,"3":-0.006967691,"4":-0.004812823,"5":-0.007146559},"FracExp":{"0":1.0,"1":1.0,"2":1.0,"3":1.0,"4":1.0,"5":1.0},"BGrate":{"0":0.000436166,"1":0.0002604541,"2":0.0005841765,"3":0.0004468086,"4":0.0003033258,"5":0.0004961922},"BGerr":{"0":0.0000629551,"1":0.0000543084,"2":0.0000633628,"3":0.0000681377,"4":0.0000468042,"5":0.0000694808},"CorrFact":{"0":1.318137,"1":1.335178,"2":1.32099,"3":1.32606,"4":1.317856,"5":1.326033},"CtsInSrc":{"0":15.0,"1":15.0,"2":16.0,"3":15.0,"4":15.0,"5":18.0},"BGInSrc":{"0":0.359797,"1":0.172403,"2":0.637141,"3":0.329365,"4":0.321706,"5":0.390643},"Exposure":{"0":824.90846,"1":661.93142,"2":1090.66452,"3":737.15082,"4":1060.59456,"5":787.28092},"Sigma":{"0":281.90979,"1":412.468267,"2":222.303486,"3":292.082294,"4":295.693313,"5":321.920754},"SNR":{"0":3.779744,"1":3.828304,"2":3.840142,"3":3.787623,"4":3.789608,"5":4.15022}}