{"Time":{"0":185.681,"1":227.519,"2":278.786,"3":404.668,"4":22148.244},"TimePos":{"0":23.865,"1":17.129,"2":38.575,"3":3497.154,"4":16548.644},"TimeNeg":{"0":-21.267,"1":-17.974,"2":-34.137,"3":-87.308,"4":-10547.905},"Rate":{"0":1.046455,"1":1.359773,"2":0.531682,"3":0.09713927,"4":0.004665403},"RatePos":{"0":0.2251954,"1":0.2971397,"2":0.1190641,"3":0.0204325,"4":0.001356678},"RateNeg":{"0":-0.2251954,"1":-0.2971397,"2":-0.1190641,"3":-0.0204325,"4":-0.001356678},"FracExp":{"0":1.0,"1":1.0,"2":0.999984,"3":0.086737,"4":0.157305},"BGrate":{"0":0.00446143,"1":0.0008194464,"2":0.0004017393,"3":0.0006389479,"4":0.0005252715},"BGerr":{"0":0.001686262,"1":0.0008194464,"2":0.0004017393,"3":0.000159737,"4":0.000027017},"CorrFact":{"0":2.166574,"1":2.276044,"2":1.935788,"3":1.324531,"4":1.44508},"CtsInSrc":{"0":22.0,"1":21.0,"2":20.0,"3":23.0,"4":16.0},"BGInSrc":{"0":0.201352,"1":0.028765,"2":0.029211,"3":0.198652,"4":2.238922},"Exposure":{"0":45.131788,"1":35.1025,"2":72.711152,"3":310.90506,"4":4262.41},"Sigma":{"0":286.432268,"1":729.063615,"2":683.675325,"3":459.121096,"4":119.497636},"SNR":{"0":4.646876,"1":4.576209,"2":4.465509,"3":4.754155,"4":3.438845}}