{"Time":{"0":155.083,"1":182.944,"2":229.61,"3":302.3,"4":442.39,"5":743.364,"6":1428.793,"7":13125.913,"8":197158.395},"TimePos":{"0":9.329,"1":19.077,"2":22.558,"3":50.16,"4":130.713,"5":411.434,"6":578.485,"7":34610.519,"8":28870.562},"TimeNeg":{"0":-10.73,"1":-18.532,"2":-27.588,"3":-50.133,"4":-89.93,"5":-170.261,"6":-273.995,"7":-7727.337,"8":-103327.067},"Rate":{"0":5.885976,"1":2.744755,"2":2.164093,"3":1.039182,"4":0.3130043,"5":0.09332981,"6":0.04841765,"7":0.003354936,"8":0.0008864239},"RatePos":{"0":1.231445,"1":0.6203319,"2":0.4748628,"3":0.233043,"4":0.07090978,"5":0.0221635,"6":0.01392178,"7":0.0006744274,"8":0.0003810236},"RateNeg":{"0":-1.231445,"1":-0.6203319,"2":-0.4748628,"3":-0.233043,"4":-0.07090978,"5":-0.0221635,"6":-0.01392178,"7":-0.0006744274,"8":-0.000304458},"FracExp":{"0":1.0,"1":1.0,"2":1.0,"3":1.0,"4":0.999997,"5":1.0,"6":1.0,"7":0.337502,"8":0.101033},"BGrate":{"0":0.003813319,"1":0.005592869,"2":0.002287994,"3":0.000571998,"4":0.001164546,"5":0.001097927,"6":0.001779299,"7":0.0001172556,"8":0.0000852984},"BGerr":{"0":0.001906659,"1":0.001686313,"2":0.0009340695,"3":0.0003302432,"4":0.0003229869,"5":0.0001940879,"6":0.0002040996,"7":0.0000045232,"8":0.0000034565},"CorrFact":{"0":5.150331,"1":5.216322,"2":5.196048,"3":5.226088,"4":3.49804,"5":2.956731,"6":3.061224,"7":1.821079,"8":1.506096},"CtsInSrc":{"0":23.0,"1":20.0,"2":21.0,"3":20.0,"4":20.0,"5":19.0,"6":15.0,"7":28.0,"8":9.0},"BGInSrc":{"0":0.076489,"1":0.210346,"2":0.114734,"3":0.057367,"4":0.256948,"5":0.638659,"6":1.516816,"7":1.675477,"8":1.139278},"Exposure":{"0":20.058468,"1":37.60962,"2":50.14612,"3":100.29232,"4":220.642272,"5":581.69562,"6":852.47948,"7":14289.1027,"8":13356.3871},"Sigma":{"0":599.391026,"1":312.033317,"2":445.885642,"3":602.117115,"4":277.038876,"5":162.633573,"6":77.493714,"7":407.292707,"8":4.613316},"SNR":{"0":4.77973,"1":4.424656,"2":4.557301,"3":4.459186,"4":4.41412,"5":4.210968,"6":3.477836,"7":4.974496,"8":2.911481}}