{"Time":{"0":117.095,"1":145.473,"2":193.511,"3":3783.119,"4":4252.912,"5":4701.751,"6":5593.151,"7":11101.002},"TimePos":{"0":10.391,"1":19.623,"2":31.76,"3":243.237,"4":147.034,"5":244.789,"6":401.432,"7":5881.891},"TimeNeg":{"0":-9.667,"1":-17.987,"2":-28.415,"3":-290.821,"4":-226.556,"5":-301.805,"6":-646.611,"7":-1814.758},"Rate":{"0":2.732571,"1":1.449594,"2":1.786587,"3":0.03612588,"4":0.0517846,"5":0.03524011,"6":0.0219769,"7":0.01192185},"RatePos":{"0":0.612697,"1":0.325028,"2":0.2864847,"3":0.009450939,"4":0.01350863,"5":0.00923513,"6":0.005274732,"7":0.003200315},"RateNeg":{"0":-0.612697,"1":-0.325028,"2":-0.2864847,"3":-0.009450939,"4":-0.01350863,"5":-0.00923513,"6":-0.005274732,"7":-0.003200315},"FracExp":{"0":1.0,"1":1.0,"2":1.0,"3":1.0,"4":1.0,"5":1.0,"6":1.0,"7":0.205558},"BGrate":{"0":0.00269046,"1":0.001434913,"2":0.0008968241,"3":0.0003648361,"4":0.0004081653,"5":0.000402965,"6":0.0003071591,"7":0.0003602898},"BGerr":{"0":0.001902443,"1":0.001014636,"2":0.0006341504,"3":0.0000760736,"4":0.0000962055,"5":0.0000790279,"6":0.0000498278,"7":0.0000436916},"CorrFact":{"0":2.747972,"1":2.733307,"2":2.760436,"3":1.30315,"4":1.302993,"5":1.303273,"6":1.302898,"7":1.307114},"CtsInSrc":{"0":20.0,"1":20.0,"2":39.0,"3":15.0,"4":15.0,"5":15.0,"6":18.0,"7":15.0},"BGInSrc":{"0":0.053966,"1":0.053966,"2":0.053966,"3":0.194844,"4":0.152486,"5":0.220258,"6":0.321916,"7":0.570017},"Exposure":{"0":20.058448,"1":37.60958,"2":60.175072,"3":534.05852,"4":373.58998,"5":546.59404,"6":1048.04286,"7":1582.1063},"Sigma":{"0":522.694147,"1":522.694147,"2":1020.59709,"3":364.409956,"4":413.103273,"5":342.153771,"6":338.520175,"7":208.752965},"SNR":{"0":4.459906,"1":4.459906,"2":6.23624,"3":3.822465,"4":3.833446,"5":3.815876,"6":4.166449,"7":3.725212}}