{"Time":{"0":3420.85,"1":3743.995,"2":4291.997,"3":5044.43,"4":10431.303,"5":16170.444,"6":21827.576,"7":27780.606,"8":39236.913,"9":97160.518,"10":164037.472},"TimePos":{"0":134.214,"1":244.834,"2":353.746,"3":777.232,"4":1176.323,"5":4702.844,"6":1349.92,"7":1180.01,"8":6392.715,"9":23062.669,"10":83566.217},"TimeNeg":{"0":-124.039,"1":-188.931,"2":-303.169,"3":-398.686,"4":-1293.367,"5":-1246.248,"6":-954.289,"7":-1289.681,"8":-6945.154,"9":-17607.676,"10":-39177.867},"Rate":{"0":0.1602376,"1":0.09651273,"2":0.04918115,"3":0.04612965,"4":0.02228877,"5":0.009056769,"6":0.01190444,"7":0.01102687,"8":0.008264293,"9":0.002876547,"10":0.0009894505},"RatePos":{"0":0.03599742,"1":0.02232345,"2":0.01285106,"3":0.009242134,"4":0.004603292,"5":0.002417005,"6":0.002785064,"7":0.002930904,"8":0.001724097,"9":0.0007995468,"10":0.0002885966},"RateNeg":{"0":-0.03599742,"1":-0.02232345,"2":-0.01285106,"3":-0.009242134,"4":-0.004603292,"5":-0.002417005,"6":-0.002785064,"7":-0.002930904,"8":-0.001724097,"9":-0.0007995468,"10":-0.0002885966},"FracExp":{"0":1.0,"1":1.0,"2":1.0,"3":1.0,"4":1.0,"5":0.438318,"6":1.0,"7":1.0,"8":0.363936,"9":0.186489,"10":0.197244},"BGrate":{"0":0.0003583367,"1":0.0003555751,"2":0.0002700061,"3":0.0004656249,"4":0.0003188499,"5":0.000186543,"6":0.0001595342,"7":0.0001732732,"8":0.0003202903,"9":0.000285077,"10":0.0000710525},"BGerr":{"0":0.0001034429,"1":0.000079509,"2":0.0000563002,"3":0.0000552595,"4":0.0000315708,"5":0.000018292,"6":0.0000173039,"7":0.0000168298,"8":0.0000180463,"9":0.0000126607,"10":0.0000022379},"CorrFact":{"0":2.078709,"1":2.221389,"2":2.17963,"3":2.131217,"4":2.273465,"5":1.627191,"6":1.472184,"7":1.868846,"8":1.641053,"9":1.470393,"10":1.803876},"CtsInSrc":{"0":20.0,"1":19.0,"2":15.0,"3":26.0,"4":25.0,"5":15.0,"6":19.0,"7":15.0,"8":26.0,"9":17.0,"10":15.0},"BGInSrc":{"0":0.092541,"1":0.154236,"2":0.177371,"3":0.547537,"4":0.787461,"5":0.486428,"6":0.3676,"7":0.427931,"8":1.554732,"9":2.16219,"10":1.720215},"Exposure":{"0":258.25284,"1":433.76434,"2":656.91524,"3":1175.91868,"4":2469.6905,"5":2607.592,"6":2304.2087,"7":2469.6905,"8":4854.1328,"9":7584.5825,"10":24210.4888},"Sigma":{"0":745.195216,"1":546.441427,"2":400.780126,"3":391.692722,"4":310.535718,"5":304.279204,"6":467.307414,"7":350.590571,"8":279.058065,"9":154.518313,"10":245.09728},"SNR":{"0":4.451364,"1":4.32338,"2":3.827012,"3":4.991233,"4":4.841919,"5":3.747104,"6":4.274387,"7":3.762275,"8":4.793404,"9":3.597722,"10":3.42849}}