{"Time":{"0":202.171,"1":224.742,"2":251.774,"3":281.18,"4":313.698,"5":354.985,"6":387.346,"7":426.663,"8":500.939,"9":643.66,"10":801.947,"11":955.464,"12":1403.517},"TimePos":{"0":8.594,"1":13.603,"2":11.645,"3":17.34,"4":14.911,"5":16.248,"6":11.467,"7":19.789,"8":68.372,"9":78.598,"10":80.779,"11":52.628,"12":6124.762},"TimeNeg":{"0":-11.465,"1":-13.978,"2":-13.429,"3":-17.762,"4":-15.177,"5":-26.376,"6":-16.114,"7":-27.85,"8":-54.486,"9":-74.349,"10":-79.69,"11":-72.738,"12":-395.425},"Rate":{"0":3.169822,"1":2.158919,"2":2.595385,"3":1.702475,"4":1.894357,"5":1.391328,"6":2.161884,"7":1.260595,"8":0.4065442,"9":0.1591776,"10":0.1522484,"11":0.1939936,"12":0.03432991},"RatePos":{"0":0.6758083,"1":0.4727365,"2":0.5415993,"3":0.3718294,"4":0.4247384,"5":0.3054462,"6":0.4725724,"7":0.2760314,"8":0.09199279,"9":0.03599768,"10":0.03420392,"11":0.04370568,"12":0.00585298},"RateNeg":{"0":-0.6758083,"1":-0.4727365,"2":-0.5415993,"3":-0.3718294,"4":-0.4247384,"5":-0.3054462,"6":-0.4725724,"7":-0.2760314,"8":-0.09199279,"9":-0.03599768,"10":-0.03420392,"11":-0.04370568,"12":-0.00585298},"FracExp":{"0":1.0,"1":1.0,"2":1.0,"3":1.0,"4":1.0,"5":1.0,"6":1.0,"7":1.0,"8":0.999979,"9":1.0,"10":1.0,"11":1.0,"12":0.198424},"BGrate":{"0":0.0,"1":0.002588963,"2":0.0007119659,"3":0.0005085469,"4":0.001779913,"5":0.00293162,"6":0.001294482,"7":0.001498875,"8":0.001906158,"9":0.001455953,"10":0.0005782099,"11":0.001184174,"12":0.001015517},"BGerr":{"0":0.0,"1":0.001294481,"2":0.0007119659,"3":0.0005085469,"4":0.001027633,"5":0.001108048,"6":0.0009153373,"7":0.0007494373,"8":0.0005286732,"9":0.0004202973,"10":0.0002585833,"11":0.0004186686,"12":0.0001025827},"CorrFact":{"0":2.890085,"1":2.845108,"2":2.831524,"3":2.848184,"4":2.857504,"5":2.840931,"6":2.844162,"7":2.86945,"8":2.526909,"9":1.230989,"10":1.227248,"11":1.225104,"12":1.244594},"CtsInSrc":{"0":22.0,"1":21.0,"2":23.0,"3":21.0,"4":20.0,"5":21.0,"6":21.0,"7":21.0,"8":20.0,"9":20.0,"10":20.0,"11":20.0,"12":37.0},"BGInSrc":{"0":0.0,"1":0.071405,"2":0.017851,"3":0.017851,"4":0.053554,"5":0.124959,"6":0.035702,"7":0.071405,"8":0.234183,"9":0.222683,"10":0.092785,"11":0.148455,"12":1.313838},"Exposure":{"0":20.0585,"1":27.58052,"2":25.07316,"3":35.10244,"4":30.08782,"5":42.62444,"6":27.5805,"7":47.63904,"8":122.85604,"9":152.9465,"10":160.46858,"11":125.3661,"12":1293.76296},"Sigma":{"0":1000.0,"1":586.194565,"2":1287.426189,"3":1175.389129,"4":645.114216,"5":441.987546,"6":830.418517,"7":586.194565,"8":304.320309,"9":307.660113,"10":479.755493,"11":378.219359,"12":268.887827},"SNR":{"0":4.690416,"1":4.566855,"2":4.792076,"3":4.578645,"4":4.460054,"5":4.555066,"6":4.574715,"7":4.566855,"8":4.419305,"9":4.421886,"10":4.451197,"11":4.438635,"12":5.865373}}