{"Time":{"0":40849.013,"1":41210.139,"2":41637.627,"3":42039.27,"4":46993.374,"5":121923.311,"6":388751.066},"TimePos":{"0":168.463,"1":180.926,"2":194.726,"3":194.245,"4":319.769,"5":954.47,"6":15340.974},"TimeNeg":{"0":-89.79,"1":-192.664,"2":-246.562,"3":-206.917,"4":-196.735,"5":-1041.341,"6":-20681.263},"Rate":{"0":0.07730204,"1":0.05283594,"2":0.04475637,"3":0.06901323,"4":0.04417996,"5":0.01074626,"6":0.003820474},"RatePos":{"0":0.02024251,"1":0.01397204,"2":0.01188868,"3":0.01542603,"4":0.01119599,"5":0.002880043,"6":0.001341412},"RateNeg":{"0":-0.02024251,"1":-0.01397204,"2":-0.01188868,"3":-0.01542603,"4":-0.01119599,"5":-0.002880043,"6":-0.001104446},"FracExp":{"0":1.0,"1":1.0,"2":1.0,"3":1.0,"4":1.0,"5":1.0,"6":0.117005},"BGrate":{"0":0.0008074456,"1":0.000941906,"2":0.0009450767,"3":0.001234534,"4":0.0004163322,"5":0.0002743828,"6":0.000253538},"BGerr":{"0":0.0002018614,"1":0.0001812699,"2":0.0001670675,"3":0.0002002679,"4":0.0000760115,"5":0.0000248414,"6":0.0000142852},"CorrFact":{"0":1.349662,"1":1.347544,"2":1.354351,"3":1.350197,"4":1.445624,"5":1.484011,"6":1.473097},"CtsInSrc":{"0":15.0,"1":15.0,"2":15.0,"3":21.0,"4":16.0,"5":15.0,"6":12.0},"BGInSrc":{"0":0.208525,"1":0.351887,"2":0.417051,"3":0.495248,"4":0.215037,"5":0.547616,"6":1.068605},"Exposure":{"0":258.25314,"1":373.58988,"2":441.28772,"3":401.16166,"4":516.5038,"5":1995.8108,"6":4214.7713},"Sigma":{"0":283.734772,"1":216.302178,"2":197.802354,"3":255.22535,"4":402.059816,"5":291.50308,"6":181.557307},"SNR":{"0":3.818796,"1":3.781549,"2":3.764619,"3":4.473816,"4":3.946051,"5":3.731284,"6":3.459177}}