{"Time":{"0":261.7,"1":426.725,"2":480.084,"3":497.147,"4":513.297,"5":529.584,"6":545.066,"7":558.314,"8":575.16,"9":595.266,"10":644.117,"11":1045.34,"12":5170.232,"13":5644.209,"14":11056.524,"15":22635.561,"16":134239.025},"TimePos":{"0":8.178,"1":37.101,"2":8.815,"3":9.304,"4":8.198,"5":9.462,"6":6.516,"7":8.313,"8":6.511,"9":18.999,"10":60.413,"11":710.269,"12":217.595,"13":310.264,"14":389.14,"15":11106.858,"16":42116.034},"TimeNeg":{"0":-16.895,"1":-48.149,"2":-16.258,"3":-8.247,"4":-6.846,"5":-8.09,"6":-6.021,"7":-6.731,"8":-8.533,"9":-13.596,"10":-29.851,"11":-340.811,"12":-198.621,"13":-256.382,"14":-420.718,"15":-6269.782,"16":-8707.431},"Rate":{"0":6.787583,"1":1.250911,"2":4.608464,"3":6.562639,"4":8.146166,"5":10.09764,"6":14.8998,"7":8.112862,"8":8.495547,"9":3.518193,"10":1.285566,"11":0.1270524,"12":0.04666563,"13":0.03858309,"14":0.02365782,"15":0.01074528,"16":0.004501342},"RatePos":{"0":1.470692,"1":0.2833925,"2":1.039397,"3":1.478013,"4":1.787371,"5":1.850622,"6":2.645754,"7":1.782503,"8":1.83028,"9":0.8015827,"10":0.2907859,"11":0.0358598,"12":0.01223544,"13":0.009542186,"14":0.006268245,"15":0.002484967,"16":0.00150651},"RateNeg":{"0":-1.470692,"1":-0.2833925,"2":-1.039397,"3":-1.478013,"4":-1.787371,"5":-1.850622,"6":-2.645754,"7":-1.782503,"8":-1.83028,"9":-0.8015827,"10":-0.2907859,"11":-0.0358598,"12":-0.01223544,"13":-0.009542186,"14":-0.006268245,"15":-0.002484967,"16":-0.001251131},"FracExp":{"0":1.0,"1":0.999998,"2":1.0,"3":1.0,"4":1.0,"5":1.0,"6":1.0,"7":1.0,"8":1.0,"9":1.0,"10":1.0,"11":0.381669,"12":1.0,"13":1.0,"14":1.0,"15":0.178488,"16":0.082387},"BGrate":{"0":0.01388203,"1":0.003004483,"2":0.006745751,"3":0.008030667,"4":0.007495275,"5":0.006424527,"6":0.01124294,"7":0.009369094,"8":0.01499055,"9":0.01124292,"10":0.002498426,"11":0.03123328,"12":0.0005472049,"13":0.0005777836,"14":0.0004705423,"15":0.002030688,"16":0.0002675892},"BGerr":{"0":0.003850182,"1":0.001001494,"2":0.002753941,"3":0.003591424,"4":0.003747638,"5":0.003212263,"6":0.005027994,"7":0.004189986,"8":0.00529996,"9":0.003118224,"10":0.0008833269,"11":0.001538753,"12":0.0000967331,"13":0.0000851896,"14":0.0000658891,"15":0.0000681454,"16":0.000016285},"CorrFact":{"0":7.86004,"1":5.401123,"2":5.826752,"3":5.800018,"4":5.867262,"5":5.929851,"6":5.863118,"7":5.851172,"8":5.869577,"9":5.840855,"10":5.868185,"11":2.489888,"12":1.31483,"13":1.311309,"14":1.310593,"15":1.406089,"16":1.58653},"CtsInSrc":{"0":22.0,"1":20.0,"2":20.0,"3":20.0,"4":21.0,"5":30.0,"6":32.0,"7":21.0,"8":22.0,"9":20.0,"10":20.0,"11":33.0,"12":15.0,"13":17.0,"14":15.0,"15":30.0,"16":13.0},"BGInSrc":{"0":0.348064,"1":0.25613,"2":0.169138,"3":0.140949,"4":0.112759,"5":0.112759,"6":0.140949,"7":0.140949,"8":0.225518,"9":0.366466,"10":0.225518,"11":12.529666,"12":0.227755,"13":0.327399,"14":0.381072,"15":6.29824,"16":1.120447},"Exposure":{"0":25.073,"1":85.24912,"2":25.07332,"3":17.5513,"4":15.044,"5":17.55132,"6":12.53664,"7":15.044,"8":15.044,"9":32.59532,"10":90.26398,"11":401.164,"12":416.21608,"13":566.64552,"14":809.8579,"15":3101.5301,"16":4187.191},"Sigma":{"0":224.289622,"1":231.256477,"2":287.193783,"3":315.052241,"4":370.476069,"5":530.10867,"6":505.425226,"7":330.916656,"8":273.093849,"9":193.168305,"10":248.010005,"11":33.16149,"12":366.904149,"13":345.386674,"14":273.963763,"15":112.141885,"16":174.217073},"SNR":{"0":4.615231,"1":4.414059,"2":4.433787,"3":4.440178,"4":4.557625,"5":5.45635,"6":5.631588,"7":4.551388,"8":4.641665,"9":4.389058,"10":4.421006,"11":3.543031,"12":3.813971,"13":4.043423,"14":3.774233,"15":4.324111,"16":3.59782}}