{"Time":{"0":33509.105,"1":33706.721,"2":39135.755,"3":41676.461,"4":108858.162,"5":117103.185,"6":120054.336,"7":121788.552,"8":130740.405,"9":369853.454},"TimePos":{"0":60.83,"1":161.581,"2":166.252,"3":2796.479,"4":670.659,"5":2504.601,"6":338.239,"7":3279.378,"8":537.763,"9":19756.517},"TimeNeg":{"0":-79.58,"1":-136.787,"2":-124.595,"3":-1614.517,"4":-399.958,"5":-2116.311,"6":-446.55,"7":-1395.978,"8":-427.548,"9":-49176.615},"Rate":{"0":0.2064749,"1":0.1500987,"2":0.09355865,"3":0.06506212,"4":0.02362285,"5":0.02956396,"6":0.02714915,"7":0.02503759,"8":0.02508305,"9":0.004011313},"RatePos":{"0":0.04659648,"1":0.02715938,"2":0.0223458,"3":0.01129863,"4":0.005864188,"5":0.007780467,"6":0.007199338,"7":0.005629713,"8":0.005892778,"9":0.001277655},"RateNeg":{"0":-0.04659648,"1":-0.02715938,"2":-0.0223458,"3":-0.01129863,"4":-0.005864188,"5":-0.007780467,"6":-0.007199338,"7":-0.005629713,"8":-0.005892778,"9":-0.001067612},"FracExp":{"0":1.0,"1":1.0,"2":1.0,"3":0.201221,"4":1.0,"5":0.1503,"6":1.0,"7":0.247224,"8":1.0,"9":0.068054},"BGrate":{"0":0.001291643,"1":0.0007597965,"2":0.0008078818,"3":0.0004746038,"4":0.0003638229,"5":0.0004068092,"6":0.0005011795,"7":0.0005339698,"8":0.0004601977,"9":0.0002322763},"BGerr":{"0":0.0004566647,"1":0.0002402688,"2":0.0002019705,"3":0.0000671191,"4":0.0000477723,"5":0.0000659932,"6":0.0000688423,"7":0.0000589671,"8":0.000062625,"9":0.0000133439},"CorrFact":{"0":1.462818,"1":1.455308,"2":1.53173,"3":1.719781,"4":1.522594,"5":1.395137,"6":1.458671,"7":1.419821,"8":1.304874,"9":1.457607},"CtsInSrc":{"0":20.0,"1":31.0,"2":18.0,"3":34.0,"4":17.0,"5":15.0,"6":15.0,"7":21.0,"8":19.0,"9":14.0},"BGInSrc":{"0":0.181359,"1":0.226699,"2":0.23497,"3":0.421251,"4":0.389515,"5":0.282539,"6":0.39332,"7":0.617194,"8":0.444234,"9":1.089645},"Exposure":{"0":140.40964,"1":298.36786,"2":290.8468,"3":887.5842,"4":1070.6171,"5":694.5241,"6":784.78844,"7":1155.85976,"8":965.3105,"9":4691.1583},"Sigma":{"0":309.086141,"1":429.264273,"2":302.422297,"3":563.649046,"4":324.767165,"5":321.104652,"6":270.360695,"7":299.053622,"8":306.947625,"9":206.240733},"SNR":{"0":4.431127,"1":5.52659,"2":4.186856,"3":5.758407,"4":4.028324,"5":3.799766,"6":3.771062,"7":4.447401,"8":4.256575,"9":3.757276}}