{"Time":{"0":448.05,"1":465.271,"2":488.87,"3":515.212,"4":538.18,"5":561.255,"6":583.801,"7":604.44,"8":625.121,"9":648.36,"10":675.252,"11":697.767,"12":737.888,"13":4078.943,"14":4206.538,"15":4350.347,"16":4494.747,"17":4606.8,"18":4696.186,"19":4769.262,"20":4861.535,"21":5037.337,"22":5146.348,"23":5267.912,"24":5353.088,"25":5443.71,"26":5544.372,"27":5689.624,"28":5835.469,"29":6049.808,"30":6257.108,"31":6388.483,"32":6491.511,"33":9946.681,"34":10322.094,"35":10641.178,"36":11154.846,"37":11916.197,"38":15769.585,"39":21460.666,"40":21780.023,"41":22541.546,"42":27370.739,"43":28383.18,"44":33883.169,"45":39490.533,"46":45029.754,"47":46234.702,"48":51552.481,"49":57407.01,"50":64928.046,"51":83285.375,"52":95917.729,"53":356191.567},"TimePos":{"0":8.931,"1":9.262,"2":13.243,"3":9.467,"4":9.064,"5":11.062,"6":11.082,"7":7.994,"8":9.879,"9":11.713,"10":12.402,"11":14.96,"12":29.999,"13":72.082,"14":57.316,"15":53.916,"16":72.491,"17":48.194,"18":29.013,"19":48.707,"20":41.683,"21":68.972,"22":52.732,"23":38.982,"24":41.562,"25":46.218,"26":33.312,"27":83.63,"28":58.135,"29":117.093,"30":67.753,"31":44.192,"32":64.022,"33":163.911,"34":147.976,"35":230.986,"36":217.224,"37":426.878,"38":478.387,"39":179.872,"40":258.667,"41":1373.574,"42":237.016,"43":821.287,"44":1242.308,"45":1627.225,"46":359.283,"47":828.743,"48":1297.897,"49":1230.304,"50":4841.337,"51":4284.304,"52":6561.446,"53":234696.457},"TimeNeg":{"0":-11.127,"1":-8.289,"2":-14.337,"3":-13.099,"4":-13.501,"5":-14.011,"6":-11.483,"7":-9.557,"8":-12.687,"9":-13.36,"10":-15.179,"11":-10.114,"12":-25.161,"13":-80.863,"14":-55.513,"15":-86.494,"16":-90.484,"17":-39.562,"18":-41.192,"19":-44.063,"20":-43.565,"21":-134.12,"22":-40.038,"23":-68.832,"24":-46.194,"25":-49.059,"26":-54.444,"27":-111.94,"28":-62.216,"29":-156.204,"30":-90.207,"31":-63.622,"32":-58.836,"33":-168.142,"34":-211.502,"35":-171.107,"36":-282.682,"37":-544.128,"38":-258.06,"39":-163.521,"40":-139.485,"41":-502.856,"42":-281.996,"43":-775.425,"44":-1013.044,"45":-833.291,"46":-581.559,"47":-845.666,"48":-1322.032,"49":-1387.63,"50":-3123.683,"51":-3532.716,"52":-5167.295,"53":-142188.831},"Rate":{"0":3.704216,"1":4.712346,"2":2.859081,"3":3.826569,"4":3.294581,"5":2.971369,"6":3.481902,"7":4.653354,"8":3.508125,"9":2.968907,"10":2.853147,"11":2.96974,"12":2.367176,"13":0.3609359,"14":0.4774528,"15":0.3779728,"16":0.3221557,"17":0.598916,"18":0.6792457,"19":0.2934078,"20":0.6143171,"21":0.2678099,"22":0.5713234,"23":0.5130767,"24":0.3368651,"25":0.2841928,"26":0.4065983,"27":0.2676452,"28":0.4460939,"29":0.2053661,"30":0.3095724,"31":0.2535528,"32":0.2494673,"33":0.07952133,"34":0.06898233,"35":0.09840335,"36":0.09409134,"37":0.08831389,"38":0.0641576,"39":0.06001621,"40":0.06871199,"41":0.04895757,"42":0.03950182,"43":0.03607322,"44":0.02380081,"45":0.01626129,"46":0.02070324,"47":0.02383144,"48":0.01436048,"49":0.009851312,"50":0.01044441,"51":0.006913279,"52":0.006285686,"53":0.0003819397},"RatePos":{"0":0.8300316,"1":1.00724,"2":0.624736,"3":0.7998431,"4":0.73876,"5":0.6662845,"6":0.7603204,"7":0.9952664,"8":0.7665582,"9":0.6643331,"10":0.6230233,"11":0.6663872,"12":0.401572,"13":0.08128645,"14":0.1071779,"15":0.08495719,"16":0.07236406,"17":0.1341822,"18":0.1523771,"19":0.06569592,"20":0.1342205,"21":0.05902302,"22":0.1281666,"23":0.1123781,"24":0.07562735,"25":0.06384656,"26":0.08912091,"27":0.06043399,"28":0.1002036,"29":0.04551594,"30":0.06971885,"31":0.05684832,"32":0.0534141,"33":0.02094628,"34":0.01807091,"35":0.0249156,"36":0.02464857,"37":0.01693425,"38":0.01631574,"39":0.01576609,"40":0.01803474,"41":0.01180898,"42":0.0103116,"43":0.007241317,"44":0.004692257,"45":0.003434781,"46":0.005498923,"47":0.004512988,"48":0.002810348,"49":0.00229612,"50":0.001770767,"51":0.001574293,"52":0.00147993,"53":0.0001831286},"RateNeg":{"0":-0.8300316,"1":-1.00724,"2":-0.624736,"3":-0.7998431,"4":-0.73876,"5":-0.6662845,"6":-0.7603204,"7":-0.9952664,"8":-0.7665582,"9":-0.6643331,"10":-0.6230233,"11":-0.6663872,"12":-0.401572,"13":-0.08128645,"14":-0.1071779,"15":-0.08495719,"16":-0.07236406,"17":-0.1341822,"18":-0.1523771,"19":-0.06569592,"20":-0.1342205,"21":-0.05902302,"22":-0.1281666,"23":-0.1123781,"24":-0.07562735,"25":-0.06384656,"26":-0.08912091,"27":-0.06043399,"28":-0.1002036,"29":-0.04551594,"30":-0.06971885,"31":-0.05684832,"32":-0.0534141,"33":-0.02094628,"34":-0.01807091,"35":-0.0249156,"36":-0.02464857,"37":-0.01693425,"38":-0.01631574,"39":-0.01576609,"40":-0.01803474,"41":-0.01180898,"42":-0.0103116,"43":-0.007241317,"44":-0.004692257,"45":-0.003434781,"46":-0.005498923,"47":-0.004512988,"48":-0.002810348,"49":-0.00229612,"50":-0.001770767,"51":-0.001574293,"52":-0.00147993,"53":-0.0001495798},"FracExp":{"0":1.0,"1":1.0,"2":1.0,"3":1.0,"4":1.0,"5":1.0,"6":1.0,"7":1.0,"8":1.0,"9":1.0,"10":1.0,"11":1.0,"12":1.0,"13":1.0,"14":1.0,"15":1.0,"16":1.0,"17":1.0,"18":0.999964,"19":1.0,"20":0.999995,"21":1.0,"22":1.0,"23":1.0,"24":0.999979,"25":1.0,"26":0.999991,"27":1.0,"28":1.0,"29":1.0,"30":0.999991,"31":1.0,"32":1.0,"33":0.853254,"34":0.934625,"35":0.629797,"36":0.496539,"37":0.500941,"38":0.432383,"39":0.898092,"40":0.673814,"41":0.239181,"42":1.0,"43":0.612412,"44":0.654798,"45":0.770375,"46":0.970045,"47":0.922412,"48":0.986678,"49":0.997007,"50":0.59684,"51":0.59114,"52":0.420921,"53":0.129641},"BGrate":{"0":0.002080255,"1":0.003169911,"2":0.00100861,"3":0.002465486,"4":0.002465488,"5":0.002218941,"6":0.0006163714,"7":0.003962385,"8":0.001232745,"9":0.0005547349,"10":0.0005043045,"11":0.002773672,"12":0.002269394,"13":0.0009250809,"14":0.0006839989,"15":0.0007328561,"16":0.0005524604,"17":0.0004397135,"18":0.0009161023,"19":0.0002866715,"20":0.0003017657,"21":0.001013331,"22":0.0006932418,"23":0.0007158125,"24":0.0009042226,"25":0.0009769471,"26":0.001050784,"27":0.0009865377,"28":0.0007481247,"29":0.001176606,"30":0.0008957228,"31":0.0004933431,"32":0.0007576356,"33":0.00103948,"34":0.0006375131,"35":0.0007929449,"36":0.0008628949,"37":0.0008256436,"38":0.0008454537,"39":0.0008276857,"40":0.0009038812,"41":0.0009098442,"42":0.0003134755,"43":0.0006100732,"44":0.0004339168,"45":0.000424011,"46":0.0004567191,"47":0.0003631118,"48":0.0003704299,"49":0.0003105512,"50":0.0002355551,"51":0.0001893064,"52":0.0002033187,"53":0.0000676241},"BGerr":{"0":0.001201036,"1":0.001584956,"2":0.0007131948,"3":0.001232743,"4":0.001232744,"5":0.001109471,"6":0.0006163714,"7":0.001772032,"8":0.0008716824,"9":0.0005547349,"10":0.0005043045,"11":0.001240424,"12":0.0007564647,"13":0.0002789224,"14":0.0002792414,"15":0.0002591037,"16":0.0002088104,"17":0.0002538687,"18":0.0004096934,"19":0.0002027073,"20":0.0002133806,"21":0.0002533328,"22":0.0003100272,"23":0.0002922292,"24":0.0003691473,"25":0.0003692513,"26":0.0003971592,"27":0.0002547229,"28":0.0002827646,"29":0.0002353212,"30":0.0002700706,"31":0.0002466715,"32":0.0002863593,"33":0.000221618,"34":0.0001593783,"35":0.0002047375,"36":0.0002157237,"37":0.0001507412,"38":0.0001890492,"39":0.0001850762,"40":0.0002073646,"41":0.0001608392,"42":0.000068406,"43":0.0000695243,"44":0.0000479181,"45":0.000041779,"46":0.000061584,"47":0.0000422109,"48":0.0000334005,"49":0.0000253564,"50":0.0000154984,"51":0.000012144,"52":0.0000124663,"53":0.0000013151},"CorrFact":{"0":3.722807,"1":3.768943,"2":3.759951,"3":3.763427,"4":3.727602,"5":3.73545,"6":3.743993,"7":3.724125,"8":3.774685,"9":3.724567,"10":3.749663,"11":3.736014,"12":3.744068,"13":2.779847,"14":2.703957,"15":2.667267,"16":2.63704,"17":2.632998,"18":2.391917,"19":1.362791,"20":2.496838,"21":2.615636,"22":2.658646,"23":2.64386,"24":1.48395,"25":1.360192,"26":1.70659,"27":2.64266,"28":2.696524,"29":2.714217,"30":2.462402,"31":1.370472,"32":1.399053,"33":1.53211,"34":1.567484,"35":1.577257,"36":1.579596,"37":1.556515,"38":1.298697,"39":1.255288,"40":1.249134,"41":1.249029,"42":1.381782,"43":1.388554,"44":1.333464,"45":1.328816,"46":1.295672,"47":1.294255,"48":1.37274,"49":1.339951,"50":1.3838,"51":1.587358,"52":1.633567,