{"Time":{"0":201.225,"1":227.621,"2":261.049,"3":294.792,"4":3642.083,"5":28498.541,"6":28902.028,"7":32431.184},"TimePos":{"0":12.302,"1":15.994,"2":12.654,"3":36.579,"4":81.805,"5":178.181,"6":165.831,"7":102.046},"TimeNeg":{"0":-17.786,"1":-14.094,"2":-17.433,"3":-21.089,"4":-73.648,"5":-192.902,"6":-225.305,"7":-126.119},"Rate":{"0":2.359346,"1":2.247357,"2":2.62313,"3":2.276335,"4":0.7342963,"5":0.05332422,"6":0.06536565,"7":0.06056822},"RatePos":{"0":0.5177335,"1":0.506969,"2":0.5525772,"3":0.3721323,"4":0.1434117,"5":0.0140136,"6":0.01516358,"7":0.02061754},"RateNeg":{"0":-0.5177335,"1":-0.506969,"2":-0.5525772,"3":-0.3721323,"4":-0.1434117,"5":-0.0140136,"6":-0.01516358,"7":-0.01683133},"FracExp":{"0":1.0,"1":1.0,"2":1.0,"3":1.0,"4":1.0,"5":1.0,"6":1.0,"7":1.0},"BGrate":{"0":0.003830417,"1":0.00574562,"2":0.007660822,"3":0.00499625,"4":0.005750932,"5":0.0007051036,"6":0.0005351628,"7":0.0006728838},"BGerr":{"0":0.001915209,"1":0.00234564,"2":0.002708509,"3":0.001579953,"4":0.001032898,"5":0.0001191843,"6":0.0001011363,"7":0.0001866244},"CorrFact":{"0":3.399002,"1":3.410373,"2":3.466221,"3":3.480881,"4":4.21118,"5":1.3426,"6":1.360615,"7":1.274157},"CtsInSrc":{"0":21.0,"1":20.0,"2":23.0,"3":38.0,"4":28.0,"5":15.0,"6":19.0,"7":11.0},"BGInSrc":{"0":0.115248,"1":0.172873,"2":0.230497,"3":0.288121,"4":0.893997,"5":0.261652,"6":0.209322,"7":0.153528},"Exposure":{"0":30.087708,"1":30.08774,"2":30.08776,"3":57.667492,"4":155.4526,"5":371.082988,"6":391.136212,"7":228.1643},"Sigma":{"0":362.429966,"1":280.937006,"2":279.404463,"3":413.907171,"4":168.814629,"5":333.241331,"6":475.015214,"7":254.725478},"SNR":{"0":4.557066,"1":4.432928,"2":4.747084,"3":6.117006,"4":5.120196,"5":3.805177,"6":4.3107,"7":3.59854}}