{"Time":{"0":201.565,"1":328.259,"2":475.083,"3":605.039,"4":737.877,"5":860.617,"6":984.467,"7":1130.368,"8":1334.097,"9":1567.207,"10":5243.036,"11":5543.211,"12":5973.038,"13":6414.732,"14":6798.343,"15":7245.221,"16":11132.251,"17":11499.302,"18":12037.305,"19":12849.559,"20":28716.62,"21":34629.316,"22":44116.14,"23":135031.145},"TimePos":{"0":52.756,"1":76.501,"2":60.058,"3":73.019,"4":32.952,"5":60.65,"6":69.687,"7":84.255,"8":63.56,"9":146.369,"10":147.991,"11":126.129,"12":215.316,"13":182.316,"14":192.353,"15":206.803,"16":161.917,"17":251.198,"18":214.66,"19":3957.044,"20":869.006,"21":896.497,"22":6831.087,"23":8361.738},"TimeNeg":{"0":-29.985,"1":-73.939,"2":-70.323,"3":-69.898,"4":-59.819,"5":-89.789,"6":-63.2,"7":-76.213,"8":-119.474,"9":-169.551,"10":-175.454,"11":-152.184,"12":-303.699,"13":-226.377,"14":-201.295,"15":-254.525,"16":-332.024,"17":-205.134,"18":-286.804,"19":-597.595,"20":-753.217,"21":-921.295,"22":-3441.15,"23":-3752.57},"Rate":{"0":1.211305,"1":0.3431142,"2":0.426838,"3":0.2163925,"4":0.3738157,"5":0.2199247,"6":0.2364232,"7":0.1948108,"8":0.179116,"9":0.1291052,"10":0.0612941,"11":0.07112073,"12":0.03786301,"13":0.04841872,"14":0.05025435,"15":0.05430917,"16":0.03933292,"17":0.04303634,"18":0.03902411,"19":0.02506799,"20":0.0159578,"21":0.01247977,"22":0.01067109,"23":0.001953957},"RatePos":{"0":0.2648338,"1":0.0772084,"2":0.09584038,"3":0.04879983,"4":0.08000556,"5":0.04813701,"6":0.05331707,"7":0.04397975,"8":0.03972666,"9":0.02542398,"10":0.01593347,"11":0.01850885,"12":0.009926734,"13":0.01260789,"14":0.01311559,"15":0.01256525,"16":0.01028876,"17":0.01118716,"18":0.01016007,"19":0.005303188,"20":0.003660817,"21":0.003049145,"22":0.002413874,"23":0.0009197945},"RateNeg":{"0":-0.2648338,"1":-0.0772084,"2":-0.09584038,"3":-0.04879983,"4":-0.08000556,"5":-0.04813701,"6":-0.05331707,"7":-0.04397975,"8":-0.03972666,"9":-0.02542398,"10":-0.01593347,"11":-0.01850885,"12":-0.009926734,"13":-0.01260789,"14":-0.01311559,"15":-0.01256525,"16":-0.01028876,"17":-0.01118716,"18":-0.01016007,"19":-0.005303188,"20":-0.003660817,"21":-0.003049145,"22":-0.002413874,"23":-0.0007122947},"FracExp":{"0":1.0,"1":0.999988,"2":0.999994,"3":1.0,"4":1.0,"5":1.0,"6":1.0,"7":1.0,"8":0.986275,"9":1.0,"10":1.0,"11":1.0,"12":1.0,"13":1.0,"14":1.0,"15":1.0,"16":1.0,"17":1.0,"18":1.0,"19":0.260932,"20":1.0,"21":1.0,"22":0.339522,"23":0.411457},"BGrate":{"0":0.0004795148,"1":0.0008278595,"2":0.0006282411,"3":0.001172183,"4":0.0009028978,"5":0.0004175905,"6":0.001260651,"7":0.001174474,"8":0.001856008,"9":0.001922256,"10":0.0003113024,"11":0.0004220814,"12":0.0004365007,"13":0.000307961,"14":0.000404992,"15":0.0003455769,"16":0.0003911964,"17":0.0002201871,"18":0.0002466098,"19":0.000276831,"20":0.0003105102,"21":0.0003482488,"22":0.0002121724,"23":0.0001120713},"BGerr":{"0":0.0003390682,"1":0.0003379722,"2":0.0003141205,"3":0.0004144293,"4":0.0004514489,"5":0.000241096,"6":0.0004457073,"7":0.0003914912,"8":0.000464002,"9":0.000356954,"10":0.0000898653,"11":0.000112806,"12":0.0000840046,"13":0.0000795152,"14":0.0000929115,"15":0.0000792808,"16":0.0000782393,"17":0.0000610689,"18":0.0000616525,"19":0.000042716,"20":0.0000382212,"21":0.0000384576,"22":0.0000168795,"23":0.0000081305},"CorrFact":{"0":4.781667,"1":2.597031,"2":2.793994,"3":1.55937,"4":1.58235,"5":1.580214,"6":1.584156,"7":1.577915,"8":1.564694,"9":1.545381,"10":1.330616,"11":1.330003,"12":1.330189,"13":1.330388,"14":1.333004,"15":1.329809,"16":1.312112,"17":1.318088,"18":1.315457,"19":1.314104,"20":1.327798,"21":1.306253,"22":1.836972,"23":1.512113},"CtsInSrc":{"0":21.0,"1":20.0,"2":20.0,"3":20.0,"4":22.0,"5":21.0,"6":20.0,"7":20.0,"8":21.0,"9":27.0,"10":15.0,"11":15.0,"12":15.0,"13":15.0,"14":15.0,"15":19.0,"16":15.0,"17":15.0,"18":15.0,"19":23.0,"20":20.0,"21":18.0,"22":21.0,"23":7.0},"BGInSrc":{"0":0.039676,"1":0.124541,"2":0.08191,"3":0.167525,"4":0.083762,"5":0.062822,"6":0.167525,"7":0.188466,"8":0.33505,"9":0.607278,"10":0.100689,"11":0.117471,"12":0.226551,"13":0.125861,"14":0.159424,"15":0.159424,"16":0.193228,"17":0.100479,"18":0.123666,"19":0.329,"20":0.503717,"21":0.633044,"22":0.739984,"23":0.558621},"Exposure":{"0":82.741548,"1":150.437352,"2":130.37974,"3":142.91704,"4":92.77072,"5":150.4389,"6":132.88768,"7":160.4681,"8":180.52178,"9":315.91934,"10":323.44474,"11":278.3128,"12":519.01524,"13":408.69266,"14":393.64838,"15":461.32848,"16":493.94094,"17":456.33246,"18":501.46366,"19":1188.44984,"20":1622.2231,"21":1817.7925,"22":3487.6543,"23":4984.5124},"Sigma":{"0":747.114718,"1":390.913318,"2":486.341411,"3":334.843919,"4":523.294892,"5":577.255412,"6":334.843919,"7":315.360541,"8":246.708926,"9":234.043012,"10":512.59486,"11":474.036102,"12":338.843155,"13":457.704184,"14":405.763177,"15":515.129064,"16":383.142653,"17":534.651464,"18":481.178317,"19":446.580505,"20":314.439704,"21":248.425815,"22":344.148596,"23":4.705344},"SNR":{"0":4.573832,"1":4.444001,"2":4.453634,"3":4.434287,"4":4.672371,"5":4.568724,"6":4.434287,"7":4.429557,"8":4.508709,"9":5.078086,"10":3.846877,"11":3.842526,"12":3.814247,"13":3.840351,"14":3.831649,"15":4.322172,"16":3.822902,"17":3.84694,"18":3.840931,"19":4.726966,"20":4.359083,"21":4.092875,"22":4.420733,"23":2.743186}}