{"Time":{"0":274.515,"1":298.261,"2":329.438,"3":563.058,"4":56286.786},"TimePos":{"0":9.431,"1":13.265,"2":22.206,"3":4864.529,"4":201316.286},"TimeNeg":{"0":-10.627,"1":-14.315,"2":-17.911,"3":-211.414,"4":-45835.762},"Rate":{"0":4.999832,"1":3.487451,"2":2.395604,"3":0.06276117,"4":0.0008552628},"RatePos":{"0":1.099483,"1":0.7806034,"2":0.5378386,"3":0.0110684,"4":0.0003493507},"RateNeg":{"0":-1.099483,"1":-0.7806034,"2":-0.5378386,"3":-0.0110684,"4":-0.0002824223},"FracExp":{"0":1.0,"1":1.0,"2":1.0,"3":0.285013,"4":0.070405},"BGrate":{"0":0.007949115,"1":0.0007226462,"2":0.001987279,"3":0.0006436048,"4":0.000076806},"BGerr":{"0":0.002810437,"1":0.0007226462,"2":0.0009936393,"3":0.0000743171,"4":0.0000025803},"CorrFact":{"0":4.812217,"1":4.814079,"2":4.824461,"3":2.745702,"4":1.717698},"CtsInSrc":{"0":21.0,"1":20.0,"2":20.0,"3":34.0,"4":10.0},"BGInSrc":{"0":0.159448,"1":0.019931,"2":0.079724,"3":0.93111,"4":1.336474},"Exposure":{"0":20.058528,"1":27.5805,"2":40.11706,"3":1446.711512,"4":17400.662},"Sigma":{"0":369.688853,"1":1002.464742,"2":499.732371,"3":307.5736,"4":4.769687},"SNR":{"0":4.547437,"1":4.467635,"2":4.454132,"3":5.670304,"4":3.028312}}