{"Time":{"0":16238.345,"1":16344.54,"2":16473.377,"3":16635.369,"4":16824.891,"5":16998.536,"6":17177.682,"7":17339.635,"8":20968.453,"9":21187.548,"10":21432.983,"11":21629.926,"12":21867.485,"13":22190.708,"14":26726.245,"15":26927.025,"16":27131.794,"17":27333.377,"18":27518.756,"19":27706.922,"20":27941.374,"21":28165.803,"22":33381.922,"23":33657.792,"24":33874.246,"25":34170.532,"26":34397.207,"27":38159.304,"28":38448.316,"29":38791.719,"30":39201.352,"31":39522.13,"32":49584.631,"33":50029.471,"34":50496.418,"35":50959.62,"36":55339.863,"37":66991.821,"38":78834.899,"39":84439.074,"40":106668.821,"41":122885.607,"42":203851.192,"43":280560.874,"44":449861.678,"45":596568.562},"TimePos":{"0":56.584,"1":58.203,"2":77.298,"3":80.79,"4":84.332,"5":91.214,"6":82.567,"7":96.114,"8":98.171,"9":112.257,"10":102.509,"11":118.689,"12":106.789,"13":197.261,"14":85.264,"15":112.651,"16":123.512,"17":74.875,"18":92.59,"19":142.619,"20":116.275,"21":125.012,"22":65.303,"23":105.356,"24":157.186,"25":96.589,"26":160.75,"27":159.984,"28":154.3,"29":184.488,"30":120.866,"31":196.229,"32":138.416,"33":210.083,"34":201.977,"35":165.004,"36":426.693,"37":573.774,"38":790.557,"39":682.724,"40":497.237,"41":6861.686,"42":5973.962,"43":55925.278,"44":79705.04,"45":109636.662},"TimeNeg":{"0":-61.26,"1":-49.611,"2":-70.634,"3":-84.693,"4":-108.732,"5":-89.313,"6":-87.931,"7":-79.386,"8":-112.444,"9":-120.924,"10":-133.179,"11":-94.433,"12":-118.87,"13":-216.434,"14":-142.901,"15":-115.515,"16":-92.118,"17":-78.071,"18":-110.504,"19":-95.577,"20":-91.833,"21":-108.154,"22":-162.862,"23":-210.567,"24":-111.098,"25":-139.1,"26":-130.087,"27":-135.879,"28":-129.028,"29":-189.103,"30":-225.145,"31":-199.911,"32":-217.624,"33":-306.425,"34":-256.864,"35":-261.226,"36":-403.223,"37":-584.599,"38":-826.651,"39":-628.593,"40":-437.986,"41":-5120.688,"42":-5678.467,"43":-48593.493,"44":-69132.965,"45":-34104.996},"Rate":{"0":0.2100125,"1":0.2293417,"2":0.1661107,"3":0.1480161,"4":0.126798,"5":0.1353497,"6":0.1437875,"7":0.1915325,"8":0.1349597,"9":0.09783214,"10":0.0836628,"11":0.125418,"12":0.1190642,"13":0.1264145,"14":0.08057399,"15":0.08149342,"16":0.0865261,"17":0.1618287,"18":0.09091177,"19":0.1036032,"20":0.1192527,"21":0.1285211,"22":0.0890381,"23":0.0648905,"24":0.1001908,"25":0.08628721,"26":0.08936647,"27":0.06515602,"28":0.0677819,"29":0.05122347,"30":0.05569348,"31":0.06770095,"32":0.05364699,"33":0.03695648,"34":0.04181315,"35":0.04487857,"36":0.04012923,"37":0.03031377,"38":0.0161849,"39":0.02381875,"40":0.02112382,"41":0.01290384,"42":0.006350753,"43":0.004011151,"44":0.002126266,"45":0.002201279},"RatePos":{"0":0.04747839,"1":0.05164104,"2":0.03751571,"3":0.03349622,"4":0.02860835,"5":0.0307533,"6":0.03237672,"7":0.03705108,"8":0.02967139,"9":0.0240969,"10":0.0222585,"11":0.02845182,"12":0.02690381,"13":0.02052345,"14":0.0210985,"15":0.02131771,"16":0.02265708,"17":0.03643109,"18":0.0239021,"19":0.02335844,"20":0.02694773,"21":0.02644844,"22":0.02313006,"23":0.01693098,"24":0.02274384,"25":0.0225335,"26":0.02067204,"27":0.01700582,"28":0.01780389,"29":0.01347912,"30":0.01457563,"31":0.01503297,"32":0.0140541,"33":0.009664674,"34":0.01092839,"35":0.01173642,"36":0.007999366,"37":0.005966051,"38":0.00375928,"39":0.004997349,"40":0.005521771,"41":0.002821098,"42":0.001621749,"43":0.000922184,"44":0.0006736275,"45":0.0006269075},"RateNeg":{"0":-0.04747839,"1":-0.05164104,"2":-0.03751571,"3":-0.03349622,"4":-0.02860835,"5":-0.0307533,"6":-0.03237672,"7":-0.03705108,"8":-0.02967139,"9":-0.0240969,"10":-0.0222585,"11":-0.02845182,"12":-0.02690381,"13":-0.02052345,"14":-0.0210985,"15":-0.02131771,"16":-0.02265708,"17":-0.03643109,"18":-0.0239021,"19":-0.02335844,"20":-0.02694773,"21":-0.02644844,"22":-0.02313006,"23":-0.01693098,"24":-0.02274384,"25":-0.0225335,"26":-0.02067204,"27":-0.01700582,"28":-0.01780389,"29":-0.01347912,"30":-0.01457563,"31":-0.01503297,"32":-0.0140541,"33":-0.009664674,"34":-0.01092839,"35":-0.01173642,"36":-0.007999366,"37":-0.005966051,"38":-0.00375928,"39":-0.004997349,"40":-0.005521771,"41":-0.002821098,"42":-0.001621749,"43":-0.000922184,"44":-0.0006736275,"45":-0.0006269075},"FracExp":{"0":1.0,"1":1.0,"2":1.0,"3":1.0,"4":1.0,"5":1.0,"6":1.0,"7":1.0,"8":1.0,"9":1.0,"10":1.0,"11":1.0,"12":1.0,"13":1.0,"14":1.0,"15":1.0,"16":1.0,"17":1.0,"18":1.0,"19":1.0,"20":1.0,"21":1.0,"22":1.0,"23":1.0,"24":1.0,"25":1.0,"26":1.0,"27":1.0,"28":1.0,"29":1.0,"30":1.0,"31":1.0,"32":1.0,"33":1.0,"34":1.0,"35":1.0,"36":1.0,"37":1.0,"38":1.0,"39":1.0,"40":1.0,"41":0.209249,"42":0.317812,"43":0.070528,"44":0.057512,"45":0.072023},"BGrate":{"0":0.001834423,"1":0.001275951,"2":0.001328471,"3":0.001425087,"4":0.0009161269,"5":0.001741772,"6":0.0008068505,"7":0.000783851,"8":0.0007371548,"9":0.001109695,"10":0.001866412,"11":0.001335549,"12":0.0009173464,"13":0.001282239,"14":0.0009106327,"15":0.000845587,"16":0.0009635753,"17":0.0008733105,"18":0.001315355,"19":0.0006853691,"20":0.0009984014,"21":0.0008274533,"22":0.000396853,"23":0.0004913396,"24":0.001108957,"25":0.0007134873,"26":0.0005337206,"27":0.0005408263,"28":0.000894197,"29":0.0007495331,"30":0.0005780555,"31":0.0009088302,"32":0.0006045044,"33":0.0003666932,"34":0.0003940171,"35":0.0004443613,"36":0.0005048265,"37":0.0005142007,"38":0.0004596943,"39":0.000493895,"40":0.0007431515,"41":0.0006323731,"42":0.0002301815,"43":0.0002164829,"44":0.0004646588,"45":0.0001885569},"BGerr":{"0":0.0005530994,"1":0.0004822641,"2":0.0004200995,"3":0.0004113871,"4":0.0003053756,"5":0.000435443,"6":0.0003049608,"7":0.0002962678,"8":0.0002127983,"9":0.0002481354,"10":0.0003200869,"11":0.0002847401,"12":0.0002293366,"13":0.0002002521,"14":0.0002433768,"15":0.0002345236,"16":0.0002575263,"17":0.0002911035,"18":0.0003100322,"19":0.0002066466,"20":0.000266834,"21":0.0002294943,"22":0.0001499963,"23":0.0001418375,"24":0.0002312336,"25":0.0001978858,"26":0.0001540719,"27":0.0001561231,"28":0.0002051429,"29":0.0001635615,"30":0.0001492533,"31":0.0001749045,"32":0.0001209009,"33":0.0000781792,"34":0.0000859816,"35":0.0000947381,"36":0.0000674603,"37":0.0000614587,"38":0.0000455165,"39":0.000054212,"40":0.0000815715,"41":0.0000462437,"42":0.0000153454,"43":0.000010297,"44":0.0000171159,"45":0.000007465},"CorrFact":{"0":1.250957,"1":1.244885,"2":1.240848,"3":1.239324,"4":1.234927,"5":1.241231,"6":1.234264,"7":1.251343,"8":1.363629,"9":1.362656,"10":1.35427,"11":1.355764,"12":1.357445,"13":1.359443,"14":1.242831,"15":1.255754,"16":1.26131,"17":1.245878,"18":1.253223,"19":1.244046,"20":1.253899,"21":1.258735,"22":1.362587,"23":1.380985,"24":1.364275,"25":1.371167,"26":1.379218,"27":1.299011,"28":1.302295,"29":1.300046,"30":1.302067,"31":1.299377,"32":1.291899,"33":1.288828,"34":1.294641,"35":1.291547,"36":1.301898,"37":1.32988,"38":1.359242,"39":1.337508,"40":1.290787,"41":1.443435,"42":1.456481,"43":1.449116,"44":1.397627,"45":1.622235},"CtsInSrc":{"0":20.0,"1":20.0,"2":20.0,"3":20.0,"4":20.0,"5":20.0,"6":20.0,"7":27.0,"8":21.0,"9":17.0,"10":15.0,"11":20.0,"12":20.0,"13":39.0,"14":15.0,"15":15.0,"16":15.0,"17":20.0,"18":15.0,"19":20.0,"20":20.0,"21":24.0,"22":15.0,"23":15.0,"24":20.0,"25":15.0,"26":19.0,"27":15.0,"28":15.0,"29":15.0,"30":15.0,"31":21.0,"32":15.0,"33":15.0,"34":15.0,"35":15.0,"36":26.0,"37":27.0,"38":20.0,"39":24.0,"40":16.0,"41":24.0,"42":17.0,"43":22.0,"44":17.0,"45":16.0},"BGInSrc":{"0":0.216176,"1":0.137566,"2":0.196523,"3":0.235828,"4":0.176871,"5":0.314438,"6":0.137566,"7":0.137566,"8":0.155256,"9":0.258759,"10":0.439891,"11":0.284635,"12":0.207007,"13":0.530457,"14":0.207775,"15":0.192934,"16":0.207775,"17":0.13357,"18":0.26714,"19":0.163252,"20":0.207775,"21":0.192934,"22":0.090548,"23":0.155226,"24":0.297516,"25":0.168161,"26":0.155226,"27":0.160011,"28":0.253351,"29":0.280019,"30":0.200014,"31":0.360025,"32":0.215227,"33":0.1894,"34":0.180791,"35":0.1894,"36":0.418964,"37":0.595636,"38":0.743422,"39":0.647653,"40":0.695012,"41":1.585549,"42":0.852427,"43":1.595796,"44":3.977443,"45":1.952062},