{"Time":{"0":107.133,"1":217.711,"2":363.24,"3":496.742,"4":674.919,"5":856.576,"6":1057.038,"7":1353.929,"8":5052.002,"9":5366.297,"10":5568.496,"11":6215.354,"12":6353.406,"13":6502.834,"14":6826.056,"15":7199.543,"16":10646.544,"17":10809.889,"18":11052.41,"19":11201.616,"20":11395.519,"21":12957.14,"22":16396.838,"23":16685.811,"24":16862.781,"25":17040.41,"26":17264.234,"27":22300.654,"28":22735.942,"29":23108.101,"30":27998.346,"31":28312.359,"32":28636.203,"33":29877.975,"34":41932.377,"35":45668.369,"36":53571.843,"37":69782.766,"38":111522.606},"TimePos":{"0":27.46,"1":74.844,"2":49.666,"3":84.155,"4":86.505,"5":75.346,"6":103.051,"7":257.464,"8":108.262,"9":72.28,"10":125.828,"11":70.446,"12":55.254,"13":91.367,"14":131.707,"15":149.362,"16":71.405,"17":128.705,"18":66.711,"19":82.988,"20":104.708,"21":168.294,"22":139.025,"23":78.217,"24":104.34,"25":59.599,"26":169.24,"27":129.95,"28":150.994,"29":280.289,"30":173.821,"31":113.046,"32":155.271,"33":3976.889,"34":3503.283,"35":246.184,"36":3864.476,"37":4933.537,"38":56733.472},"TimeNeg":{"0":-32.715,"1":-83.117,"2":-70.686,"3":-83.836,"4":-94.022,"5":-95.152,"6":-125.116,"7":-193.841,"8":-114.888,"9":-73.144,"10":-129.918,"11":-59.934,"12":-67.605,"13":-94.175,"14":-154.128,"15":-189.126,"16":-89.063,"17":-91.939,"18":-113.816,"19":-82.495,"20":-110.915,"21":-165.177,"22":-84.126,"23":-149.949,"24":-98.753,"25":-73.289,"26":-164.226,"27":-243.64,"28":-305.338,"29":-221.165,"30":-179.711,"31":-140.193,"32":-210.798,"33":-1086.501,"34":-2469.565,"35":-232.709,"36":-2587.404,"37":-7295.957,"38":-29537.763},"Rate":{"0":1.807777,"1":0.4754921,"2":0.487349,"3":0.3407931,"4":0.3199634,"5":0.3591789,"6":0.2523143,"7":0.23671,"8":0.2408682,"9":0.2252239,"10":0.231016,"11":0.2492277,"12":0.2212819,"13":0.3008123,"14":0.2332507,"15":0.2322206,"16":0.1509869,"17":0.1096409,"18":0.1332099,"19":0.1468009,"20":0.1386427,"21":0.1216592,"22":0.113171,"23":0.08140152,"24":0.09343656,"25":0.1905931,"26":0.09744306,"27":0.08291634,"28":0.06802415,"29":0.06524511,"30":0.05866787,"31":0.07746199,"32":0.05293395,"33":0.04475101,"34":0.03361613,"35":0.05740277,"36":0.02009713,"37":0.01939296,"38":0.007646348},"RatePos":{"0":0.3959419,"1":0.1075844,"2":0.1098574,"3":0.07697694,"4":0.07234542,"5":0.07913639,"6":0.05781283,"7":0.0396907,"8":0.04108826,"9":0.05073887,"10":0.03794239,"11":0.05650818,"12":0.04969099,"13":0.05821153,"14":0.04035468,"15":0.03790394,"16":0.03504628,"17":0.02500341,"18":0.03044943,"19":0.03328328,"20":0.02840539,"21":0.02133891,"22":0.02568525,"23":0.02159187,"24":0.02434097,"25":0.04287127,"26":0.0193632,"27":0.02173422,"28":0.01781261,"29":0.01655913,"30":0.01494471,"31":0.02018961,"32":0.01396745,"33":0.008504467,"34":0.00892013,"35":0.01456973,"36":0.004637889,"37":0.003679161,"38":0.001690769},"RateNeg":{"0":-0.3959419,"1":-0.1075844,"2":-0.1098574,"3":-0.07697694,"4":-0.07234542,"5":-0.07913639,"6":-0.05781283,"7":-0.0396907,"8":-0.04108826,"9":-0.05073887,"10":-0.03794239,"11":-0.05650818,"12":-0.04969099,"13":-0.05821153,"14":-0.04035468,"15":-0.03790394,"16":-0.03504628,"17":-0.02500341,"18":-0.03044943,"19":-0.03328328,"20":-0.02840539,"21":-0.02133891,"22":-0.02568525,"23":-0.02159187,"24":-0.02434097,"25":-0.04287127,"26":-0.0193632,"27":-0.02173422,"28":-0.01781261,"29":-0.01655913,"30":-0.01494471,"31":-0.02018961,"32":-0.01396745,"33":-0.008504467,"34":-0.00892013,"35":-0.01456973,"36":-0.004637889,"37":-0.003679161,"38":-0.001690769},"FracExp":{"0":1.0,"1":0.999994,"2":1.0,"3":1.0,"4":1.0,"5":1.0,"6":1.0,"7":1.0,"8":0.887637,"9":0.827585,"10":0.862737,"11":0.826917,"12":1.0,"13":0.675665,"14":0.710521,"15":0.674069,"16":1.0,"17":1.0,"18":1.0,"19":1.0,"20":1.0,"21":1.0,"22":1.0,"23":1.0,"24":1.0,"25":1.0,"26":1.0,"27":1.0,"28":1.0,"29":1.0,"30":1.0,"31":1.0,"32":1.0,"33":0.162914,"34":0.151122,"35":1.0,"36":0.205578,"37":0.163402,"38":0.045658},"BGrate":{"0":0.001268252,"1":0.001470098,"2":0.001322486,"3":0.001184316,"4":0.001212278,"5":0.001166898,"6":0.002092722,"7":0.001587026,"8":0.001592203,"9":0.001222894,"10":0.002096406,"11":0.002531648,"12":0.0006835792,"13":0.001172357,"14":0.001447343,"15":0.001012231,"16":0.004519022,"17":0.001745983,"18":0.002385035,"19":0.001643278,"20":0.002732508,"21":0.002242459,"22":0.001314499,"23":0.001735571,"24":0.0006499463,"25":0.0008829459,"26":0.001011593,"27":0.0005987791,"28":0.0004575283,"29":0.0004758379,"30":0.0008377298,"31":0.0005522653,"32":0.0008764595,"33":0.0008004408,"34":0.0004463972,"35":0.0005004345,"36":0.0004668999,"37":0.0005629793,"38":0.0003322056},"BGerr":{"0":0.0006341261,"1":0.0004243809,"2":0.0004675694,"3":0.0003745135,"4":0.0003655156,"5":0.0003690057,"6":0.0004271752,"7":0.0002645044,"8":0.000411105,"9":0.0004622106,"10":0.0004469552,"11":0.0007021527,"12":0.0003417896,"13":0.0004431092,"14":0.0003868186,"15":0.0003051991,"16":0.0007988577,"17":0.0004234632,"18":0.0005471646,"19":0.0004743735,"20":0.0005358889,"21":0.000390362,"22":0.000293931,"23":0.0003340109,"24":0.0002166488,"25":0.0003121685,"26":0.0002109316,"27":0.0001093216,"28":0.0000864647,"29":0.000084117,"30":0.0001396216,"31":0.000133944,"32":0.0001403458,"33":0.000089492,"34":0.000060747,"35":0.0000884652,"36":0.0000464583,"37":0.0000477513,"38":0.0000193746},"CorrFact":{"0":5.199085,"1":3.799558,"2":2.956183,"3":2.891263,"4":2.920057,"5":2.944048,"6":2.948886,"7":2.944251,"8":1.375549,"9":1.365343,"10":1.357892,"11":1.3621,"12":1.365052,"13":1.404349,"14":1.405421,"15":1.402854,"16":1.257006,"17":1.233336,"18":1.228854,"19":1.231395,"20":1.224644,"21":1.220064,"22":1.281507,"23":1.271777,"24":1.276317,"25":1.273848,"26":1.266195,"27":2.096378,"28":2.09865,"29":2.075798,"30":1.320756,"31":1.320068,"32":1.320066,"33":1.302585,"34":2.078697,"35":1.744239,"36":1.375391,"37":1.342106,"38":1.388507},"CtsInSrc":{"0":21.0,"1":20.0,"2":20.0,"3":20.0,"4":20.0,"5":21.0,"6":20.0,"7":37.0,"8":35.0,"9":20.0,"10":38.0,"11":20.0,"12":20.0,"13":27.0,"14":34.0,"15":38.0,"16":20.0,"17":20.0,"18":20.0,"19":20.0,"20":25.0,"21":34.0,"22":20.0,"23":15.0,"24":15.0,"25":20.0,"26":26.0,"27":15.0,"28":15.0,"29":16.0,"30":16.0,"31":15.0,"32":15.0,"33":29.0,"34":15.0,"35":16.0,"36":20.0,"37":30.0,"38":23.0},"BGInSrc":{"0":0.076318,"1":0.232217,"2":0.159163,"3":0.198954,"4":0.218849,"5":0.198954,"6":0.477489,"7":0.716234,"8":0.315378,"9":0.147177,"10":0.462555,"11":0.272947,"12":0.083984,"13":0.146971,"14":0.293943,"15":0.230955,"16":0.725159,"17":0.385241,"18":0.430563,"19":0.271935,"20":0.589191,"21":0.747795,"22":0.293332,"23":0.395998,"24":0.131999,"25":0.117333,"26":0.337332,"27":0.223698,"28":0.208785,"29":0.238611,"30":0.296164,"31":0.139855,"32":0.320844,"33":0.66028,"34":0.402931,"35":0.239655,"36":0.619278,"37":1.125012,"38":1.308548},"Exposure":{"0":60.17556,"1":157.96024,"2":120.3514,"3":167.99054,"4":180.5272,"5":170.49798,"6":228.1665,"7":451.30548,"8":198.0767,"9":120.35098,"10":220.64182,"11":107.8139,"12":122.85868,"13":125.36402,"14":203.0913,"15":228.1643,"16":160.46808,"17":220.6439,"18":180.5269,"19":165.48296,"20":215.62296,"21":333.4709,"22":223.151,"23":228.16576,"24":203.09266,"25":132.8878,"26":333.46588,"27":373.59004,"28":456.33172,"29":501.45454,"30":353.53144,"31":253.23904,"32":366.06842,"33":824.8952,"34":902.62878,"35":478.89352,"36":1326.3617,"37":1998.3181,"38":3938.9683},"Sigma":{"0":548.330404,"1":294.886152,"2":352.584098,"3":314.728349,"4":299.780195,"5":330.62288,"6":200.298538,"7":303.954682,"8":425.942376,"9":356.888684,"10":380.638653,"11":260.588878,"12":474.28328,"13":483.403278,"14":429.05135,"15":542.381661,"16":150.360135,"17":209.930437,"18":198.115483,"19":251.310575,"20":211.257617,"21":255.443545,"22":300.447774,"23":191.628803,"24":337.910823,"25":479.292283,"26":364.845235,"27":361.796616,"28":374.873041,"29":373.661938,"30":318.144928,"31":438.09579,"32":285.719102,"33":383.895105,"34":266.214593,"35":372.009933,"36":314.51757,"37":302.602276,"38":284.231891},"SNR":{"0":4.565763,"1":4.419714,"2":4.436195,