{"Time":{"0":175262.422,"1":187885.803,"2":192597.938,"3":197686.352,"4":198537.307,"5":639131.6800000001},"TimePos":{"0":5015.34,"1":3835.764,"2":698.213,"3":361.618,"4":651.479,"5":115106.618},"TimeNeg":{"0":-1079.484,"1":-2051.271,"2":-876.37,"3":-335.416,"4":-489.338,"5":-157055.896},"Rate":{"0":0.02383329,"1":0.03929809,"2":0.02160362,"3":0.03396801,"4":0.0236031,"5":0.001101741},"RatePos":{"0":0.005966354,"1":0.01029621,"2":0.00455817,"3":0.008870007,"4":0.005807952,"5":0.0004427231},"RateNeg":{"0":-0.005966354,"1":-0.01029621,"2":-0.00455817,"3":-0.008870007,"4":-0.005807952,"5":-0.0003579064},"FracExp":{"0":0.163319,"1":0.096254,"2":1.0,"3":1.0,"4":1.0,"5":0.049158},"BGrate":{"0":0.0005300767,"1":0.0003827447,"2":0.0004940676,"3":0.0002404175,"4":0.0002129965,"5":0.0000891826},"BGerr":{"0":0.0000667834,"1":0.0000750624,"2":0.0000512324,"3":0.000053759,"4":0.0000395525,"5":0.0000035991},"CorrFact":{"0":1.440207,"1":1.506333,"2":1.464845,"3":1.596292,"4":1.606898,"5":1.673685},"CtsInSrc":{"0":17.0,"1":15.0,"2":24.0,"3":15.0,"4":17.0,"5":10.0},"BGInSrc":{"0":0.527637,"1":0.216883,"2":0.777951,"3":0.167579,"4":0.24299,"5":1.19317},"Exposure":{"0":995.3981,"1":566.6508,"2":1574.5834,"3":697.0344,"4":1140.8165,"5":13378.9528},"Sigma":{"0":247.793944,"1":347.558583,"2":287.865725,"3":395.828223,"4":371.37037,"5":4.968447},"SNR":{"0":3.994616,"1":3.816754,"2":4.739538,"3":3.829535,"4":4.063929,"5":3.078294}}