{"Time":{"0":39608.383,"1":235704.557},"TimePos":{"0":14203.322,"1":20067.517},"TimeNeg":{"0":-14317.323,"1":-21478.832},"Rate":{"0":0.00619521,"1":0.002547066},"RatePos":{"0":0.001245285,"1":0.0007156802},"RateNeg":{"0":-0.001245285,"1":-0.0007156802},"FracExp":{"0":0.207823,"1":0.212853},"BGrate":{"0":0.0001934995,"1":0.0001373615},"BGerr":{"0":0.0000123371,"1":0.0000065634},"CorrFact":{"0":1.420357,"1":1.633941},"CtsInSrc":{"0":27.0,"1":15.0},"BGInSrc":{"0":1.146921,"1":1.214722},"Exposure":{"0":5927.2572,"1":8843.2471},"Sigma":{"0":353.546167,"1":237.506583},"SNR":{"0":4.974935,"1":3.558944}}