{"Time":{"0":141.911,"1":166.572,"2":185.685,"3":203.353,"4":224.244,"5":256.061,"6":297.519,"7":373.88,"8":467.335,"9":565.2,"10":658.793,"11":824.945,"12":998.712,"13":1202.089,"14":1432.7,"15":1567.943,"16":1665.218,"17":1788.363,"18":1914.168,"19":2057.904,"20":5899.968,"21":6891.39,"22":11762.221,"23":12394.206,"24":12953.546,"25":19491.101,"26":37601.436},"TimePos":{"0":13.121,"1":8.518,"2":9.463,"3":9.346,"4":13.529,"5":14.307,"6":33.024,"7":44.419,"8":53.763,"9":51.177,"10":100.5,"11":54.7,"12":91.547,"13":113.829,"14":78.789,"15":53.867,"16":46.856,"17":69.135,"18":38.609,"19":105.482,"20":159.448,"21":974.912,"22":305.945,"23":325.864,"24":313.107,"25":4556.893,"26":8864.389},"TimeNeg":{"0":-26.996,"1":-11.541,"2":-10.595,"3":-8.205,"4":-11.544,"5":-18.288,"6":-27.151,"7":-43.337,"8":-49.036,"9":-44.101,"10":-42.417,"11":-65.651,"12":-119.068,"13":-111.83,"14":-116.782,"15":-56.455,"16":-43.408,"17":-76.29,"18":-56.669,"19":-105.128,"20":-311.927,"21":-831.973,"22":-522.102,"23":-326.039,"24":-233.477,"25":-2441.781,"26":-2972.918},"Rate":{"0":1.828408,"1":3.968225,"2":4.000893,"3":4.29084,"4":2.934641,"5":2.263626,"6":1.286329,"7":0.8539647,"8":0.7245379,"9":0.7726837,"10":0.5054222,"11":0.6092681,"12":0.3451047,"13":0.3196915,"14":0.2367626,"15":0.2212005,"16":0.2705952,"17":0.1670799,"18":0.2580438,"19":0.1678786,"20":0.04982543,"21":0.04263295,"22":0.03036855,"23":0.03225131,"24":0.03826413,"25":0.01120702,"26":0.005487642},"RatePos":{"0":0.4114138,"1":0.8674119,"2":0.8564667,"3":0.9620359,"4":0.6579667,"5":0.5075207,"6":0.2818977,"7":0.192498,"8":0.1637648,"9":0.1743326,"10":0.1137261,"11":0.1373393,"12":0.07842713,"13":0.07298261,"14":0.05372063,"15":0.04974505,"16":0.06079526,"17":0.03768189,"18":0.05808602,"19":0.03156661,"20":0.01315656,"21":0.00780842,"22":0.008041705,"23":0.008496798,"24":0.01017983,"25":0.002504664,"26":0.001330795},"RateNeg":{"0":-0.4114138,"1":-0.8674119,"2":-0.8564667,"3":-0.9620359,"4":-0.6579667,"5":-0.5075207,"6":-0.2818977,"7":-0.192498,"8":-0.1637648,"9":-0.1743326,"10":-0.1137261,"11":-0.1373393,"12":-0.07842713,"13":-0.07298261,"14":-0.05372063,"15":-0.04974505,"16":-0.06079526,"17":-0.03768189,"18":-0.05808602,"19":-0.03156661,"20":-0.01315656,"21":-0.00780842,"22":-0.008041705,"23":-0.008496798,"24":-0.01017983,"25":-0.002504664,"26":-0.001330795},"FracExp":{"0":1.0,"1":1.0,"2":1.0,"3":1.0,"4":1.0,"5":1.0,"6":1.0,"7":1.0,"8":1.0,"9":1.0,"10":1.0,"11":1.0,"12":1.0,"13":1.0,"14":0.999961,"15":1.0,"16":1.0,"17":1.0,"18":1.0,"19":1.0,"20":1.0,"21":0.706306,"22":0.835723,"23":1.0,"24":1.0,"25":0.35288,"26":0.421085},"BGrate":{"0":0.003086382,"1":0.001763645,"2":0.004409122,"3":0.00302339,"4":0.002116375,"5":0.001627979,"6":0.001469703,"7":0.001814035,"8":0.002064754,"9":0.001856468,"10":0.0008663513,"11":0.001322733,"12":0.001511694,"13":0.001802835,"14":0.001469802,"15":0.001022223,"16":0.001041153,"17":0.001163219,"18":0.001380897,"19":0.001695636,"20":0.0007031898,"21":0.0004690938,"22":0.0005388617,"23":0.0004576168,"24":0.0008062855,"25":0.000408847,"26":0.0003121578},"BGerr":{"0":0.001166543,"1":0.001247086,"2":0.001971819,"3":0.001745555,"4":0.00122189,"5":0.0009399143,"6":0.0006572713,"7":0.0006046784,"8":0.0005960433,"9":0.0005870668,"10":0.00032745,"11":0.000440911,"12":0.0003563097,"13":0.000375917,"14":0.0003674504,"15":0.0004173209,"16":0.0004656178,"17":0.0003877397,"18":0.0005219299,"19":0.0003890056,"20":0.0001004557,"21":0.0000508804,"22":0.0000726601,"23":0.0000689883,"24":0.0001000074,"25":0.0000331619,"26":0.0000157064},"CorrFact":{"0":3.690355,"1":3.796712,"2":3.662531,"3":3.775487,"4":3.688817,"5":3.698968,"6":3.701568,"7":3.777088,"8":3.764067,"9":3.713829,"10":3.634168,"11":3.69572,"12":3.692993,"13":3.68195,"14":2.348859,"15":1.227083,"16":1.227009,"17":1.225239,"18":1.237437,"19":1.234401,"20":1.601145,"21":1.789683,"22":1.436757,"23":1.430089,"24":1.436508,"25":1.318604,"26":1.483038},"CtsInSrc":{"0":20.0,"1":21.0,"2":22.0,"3":20.0,"4":20.0,"5":20.0,"6":21.0,"7":20.0,"8":20.0,"9":20.0,"10":20.0,"11":20.0,"12":20.0,"13":20.0,"14":20.0,"15":20.0,"16":20.0,"17":20.0,"18":20.0,"19":29.0,"20":15.0,"21":31.0,"22":15.0,"23":15.0,"24":15.0,"25":22.0,"26":20.0},"BGInSrc":{"0":0.123816,"1":0.035376,"2":0.08844,"3":0.053064,"4":0.053064,"5":0.053064,"6":0.08844,"7":0.159192,"8":0.212256,"9":0.17688,"10":0.123816,"11":0.159192,"12":0.318385,"13":0.406825,"14":0.287439,"15":0.112774,"16":0.093978,"17":0.169161,"18":0.131569,"19":0.357117,"20":0.331466,"21":0.598664,"22":0.372902,"23":0.298322,"24":0.440702,"25":1.009725,"26":1.555954},"Exposure":{"0":40.11696,"1":20.0585,"2":20.05846,"3":17.5512,"4":25.07312,"5":32.59508,"6":60.17554,"7":87.75594,"8":102.79986,"9":95.2779,"10":142.91694,"11":120.35108,"12":210.6145,"13":225.65846,"14":195.56308,"15":110.322,"16":90.26348,"17":145.42452,"18":95.27818,"19":210.6093,"20":471.37484,"21":1276.21326,"22":692.01798,"23":651.9027,"24":546.58352,"25":2469.6905,"26":4984.5124},"Sigma":{"0":424.721542,"1":838.093331,"2":553.998513,"3":651.082273,"4":651.082273,"5":651.082273,"6":528.715123,"7":373.902526,"8":322.94306,"9":354.398853,"10":424.721542,"11":373.902526,"12":262.267691,"13":230.972996,"14":274.319975,"15":431.958447,"16":473.633984,"17":351.692595,"18":399.537848,"19":349.60957,"20":309.774608,"21":468.186807,"22":290.900716,"23":326.8952,"24":266.349392,"25":256.292911,"26":235.590568},"SNR":{"0":4.444206,"1":4.574788,"2":4.671394,"3":4.460166,"4":4.460166,"5":4.460166,"6":4.563107,"7":4.436227,"8":4.424259,"9":4.432238,"10":4.444206,"11":4.436227,"12":4.400323,"13":4.380379,"14":4.407294,"15":4.446683,"16":4.450925,"17":4.433958,"18":4.442442,"19":5.318234,"20":3.787116,"21":5.45987,"22":3.776382,"23":3.795701,"24":3.75882,"25":4.47446,"26":4.123582}}