{"Time":{"0":29627.349,"1":29806.341,"2":35217.364,"3":35446.928},"TimePos":{"0":65.474,"1":167.299,"2":66.103,"3":172.515},"TimeNeg":{"0":-92.487,"1":-113.517,"2":-89.352,"3":-163.462},"Rate":{"0":0.1969168,"1":0.1497014,"2":0.1676387,"3":0.09225319},"RatePos":{"0":0.04408243,"1":0.02890817,"2":0.03783189,"3":0.01904934},"RateNeg":{"0":-0.04408243,"1":-0.02890817,"2":-0.03783189,"3":-0.01904934},"FracExp":{"0":1.0,"1":1.0,"2":1.0,"3":1.0},"BGrate":{"0":0.0001434376,"1":0.0003227395,"2":0.001166071,"3":0.0008093018},"BGerr":{"0":0.0001434376,"1":0.0001613698,"2":0.0004122684,"3":0.0002336253},"CorrFact":{"0":1.557027,"1":1.562227,"2":1.314926,"3":1.306253},"CtsInSrc":{"0":20.0,"1":27.0,"2":20.0,"3":24.0},"BGInSrc":{"0":0.022658,"1":0.09063,"2":0.181271,"3":0.271906},"Exposure":{"0":157.96142,"1":280.81608,"2":155.4544,"3":335.9764},"Sigma":{"0":881.705596,"1":593.826277,"2":309.237925,"3":302.29723},"SNR":{"0":4.467012,"1":5.178514,"2":4.431148,"3":4.842855}}