{"Time":{"0":252607.385,"1":602333.014,"2":1072787.9210000001},"TimePos":{"0":60831.351,"1":260885.921,"2":282181.591},"TimeNeg":{"0":-49988.263,"1":-110287.839,"2":-204924.73},"Rate":{"0":0.001978881,"1":0.000864846,"2":0.0003683566},"RatePos":{"0":0.0005096555,"1":0.0002243291,"2":0.0001523982},"RateNeg":{"0":-0.0005096555,"1":-0.0002243291,"2":-0.0001232018},"FracExp":{"0":0.122311,"1":0.082047,"2":0.092281},"BGrate":{"0":0.000073028,"1":0.0000189951,"2":0.0000321789},"BGerr":{"0":0.0000034426,"1":0.0000010635,"2":0.0000010348},"CorrFact":{"0":1.675355,"1":1.707855,"2":1.935697},"CtsInSrc":{"0":17.0,"1":16.0,"2":10.0},"BGInSrc":{"0":0.989855,"1":0.578471,"2":1.446469},"Exposure":{"0":13554.4638,"1":30453.6658,"2":44950.8744},"Sigma":{"0":343.107126,"1":476.146737,"2":4.62825},"SNR":{"0":3.882782,"1":3.855256,"2":2.989864}}