{"Time":{"0":3657.978,"1":20342.557},"TimePos":{"0":698.851,"1":6552.031},"TimeNeg":{"0":-1293.126,"1":-5509.004},"Rate":{"0":0.01395826,"1":0.003896172},"RatePos":{"0":0.00329702,"1":0.001542672},"RateNeg":{"0":-0.00329702,"1":-0.001232677},"FracExp":{"0":0.869761,"1":0.319934},"BGrate":{"0":0.0003139695,"1":0.0001208194},"BGerr":{"0":0.0000389431,"1":0.0000093214},"CorrFact":{"0":1.310319,"1":1.761694},"CtsInSrc":{"0":19.0,"1":9.0},"BGInSrc":{"0":0.543966,"1":0.46621},"Exposure":{"0":1732.5443,"1":3858.7347},"Sigma":{"0":273.54153,"1":237.254703},"SNR":{"0":4.233597,"1":3.160741}}