{"Time":{"0":123.729,"1":142.109,"2":192.961,"3":342.657,"4":504.922,"5":675.908,"6":838.538,"7":968.789,"8":1187.557,"9":1475.286,"10":1570.494,"11":1681.876,"12":5197.934,"13":5377.553,"14":5525.655,"15":5697.46,"16":5943.697,"17":6152.211,"18":6370.908,"19":6596.479,"20":6776.349,"21":6952.801,"22":7231.9,"23":11070.393,"24":11425.805,"25":11791.427,"26":12159.897,"27":12435.131,"28":12688.37,"29":13054.185,"30":29857.496,"31":38927.057,"32":46562.265,"33":53836.749,"34":124233.475},"TimePos":{"0":8.644,"1":10.323,"2":74.807,"3":70.536,"4":81.275,"5":78.279,"6":88.654,"7":56.188,"8":233.576,"9":53.662,"10":46.21,"11":87.772,"12":88.2,"13":66.542,"14":73.894,"15":95.152,"16":104.661,"17":114.284,"18":133.782,"19":61.157,"20":76.858,"21":73.411,"22":298.267,"23":128.003,"24":198.833,"25":206.803,"26":114.137,"27":79.606,"28":184.914,"29":235.298,"30":716.917,"31":3170.797,"32":1296.904,"33":4181.941,"34":15653.225},"TimeNeg":{"0":-13.922,"1":-9.735,"2":-40.529,"3":-74.889,"4":-91.73,"5":-89.711,"6":-84.351,"7":-41.597,"8":-162.58,"9":-54.153,"10":-41.546,"11":-65.172,"12":-72.268,"13":-91.419,"14":-81.56,"15":-97.911,"16":-151.085,"17":-103.853,"18":-104.414,"19":-91.789,"20":-118.713,"21":-99.594,"22":-205.687,"23":-110.192,"24":-227.41,"25":-166.788,"26":-161.668,"27":-161.097,"28":-173.633,"29":-180.901,"30":-433.934,"31":-3321.642,"32":-1019.841,"33":-2642.609,"34":-25125.746},"Rate":{"0":10.84157,"1":7.398979,"2":1.288447,"3":1.025121,"4":0.8657097,"5":0.8814226,"6":0.8551072,"7":1.527838,"8":0.3491796,"9":0.2662572,"10":0.3314628,"11":0.3031345,"12":0.1662812,"13":0.1692029,"14":0.1726051,"15":0.1374711,"16":0.1038656,"17":0.09768536,"18":0.1129001,"19":0.1741085,"20":0.137111,"21":0.1540728,"22":0.09490774,"23":0.1042268,"24":0.04256705,"25":0.04899538,"26":0.06731489,"27":0.07670233,"28":0.05084449,"29":0.08878142,"30":0.03130327,"31":0.01491492,"32":0.01277366,"33":0.01473608,"34":0.003228599},"RatePos":{"0":1.895496,"1":1.658913,"2":0.2914948,"3":0.232341,"4":0.1956787,"5":0.1999534,"6":0.1955804,"7":0.3447182,"8":0.08158773,"9":0.06006815,"10":0.07485287,"11":0.05398498,"12":0.03775288,"13":0.03822049,"14":0.03902879,"15":0.03111616,"16":0.02365457,"17":0.02482834,"18":0.02547656,"19":0.03944921,"20":0.03093987,"21":0.0348739,"22":0.01606099,"23":0.02345993,"24":0.01129862,"25":0.01288887,"26":0.01753422,"27":0.0199991,"28":0.01342856,"29":0.01636046,"30":0.00602359,"31":0.003422793,"32":0.002768161,"33":0.00260416,"34":0.0007906359},"RateNeg":{"0":-1.895496,"1":-1.658913,"2":-0.2914948,"3":-0.232341,"4":-0.1956787,"5":-0.1999534,"6":-0.1955804,"7":-0.3447182,"8":-0.08158773,"9":-0.06006815,"10":-0.07485287,"11":-0.05398498,"12":-0.03775288,"13":-0.03822049,"14":-0.03902879,"15":-0.03111616,"16":-0.02365457,"17":-0.02482834,"18":-0.02547656,"19":-0.03944921,"20":-0.03093987,"21":-0.0348739,"22":-0.01606099,"23":-0.02345993,"24":-0.01129862,"25":-0.01288887,"26":-0.01753422,"27":-0.0199991,"28":-0.01342856,"29":-0.01636046,"30":-0.00602359,"31":-0.003422793,"32":-0.002768161,"33":-0.00260416,"34":-0.0007906359},"FracExp":{"0":1.0,"1":1.0,"2":1.0,"3":1.0,"4":1.0,"5":1.0,"6":1.0,"7":1.0,"8":0.99998,"9":1.0,"10":1.0,"11":1.0,"12":1.0,"13":1.0,"14":1.0,"15":1.0,"16":1.0,"17":1.0,"18":1.0,"19":1.0,"20":1.0,"21":1.0,"22":1.0,"23":1.0,"24":1.0,"25":1.0,"26":1.0,"27":1.0,"28":1.0,"29":1.0,"30":1.0,"31":0.266083,"32":1.0,"33":0.461814,"34":0.19583},"BGrate":{"0":0.00628639,"1":0.002652064,"2":0.001998659,"3":0.001829011,"4":0.001229943,"5":0.001688877,"6":0.002562379,"7":0.001813376,"8":0.002152924,"9":0.001624883,"10":0.002218094,"11":0.001527236,"12":0.001867588,"13":0.001264821,"14":0.001413743,"15":0.001241824,"16":0.001406182,"17":0.001190675,"18":0.0007548969,"19":0.001698173,"20":0.000919425,"21":0.0013858,"22":0.001070411,"23":0.0005476706,"24":0.0009521589,"25":0.0007371693,"26":0.0004729873,"27":0.0006021825,"28":0.0009298031,"29":0.000661702,"30":0.0004337568,"31":0.0002956901,"32":0.0005991888,"33":0.001331306,"34":0.0001500766},"BGerr":{"0":0.002222574,"1":0.00153117,"2":0.0005543284,"3":0.0004722487,"4":0.000355054,"5":0.0004222192,"6":0.0005124759,"7":0.0005734399,"8":0.0003107478,"9":0.0005416278,"10":0.0007014228,"11":0.000440875,"12":0.000482209,"13":0.0003999714,"14":0.0004262595,"15":0.0003584836,"16":0.0003314402,"17":0.0003302337,"18":0.0002516323,"19":0.0004709885,"20":0.000306475,"21":0.0004000459,"22":0.0002060007,"23":0.0001825569,"24":0.0001799411,"25":0.0001691182,"26":0.0001576624,"27":0.0001904268,"28":0.0001938773,"29":0.0001518049,"30":0.0000559978,"31":0.0000343733,"32":0.0000467888,"33":0.0000592424,"34":0.0000076686},"CorrFact":{"0":7.4456,"1":7.440419,"2":7.516881,"3":7.554335,"4":7.569122,"5":7.510049,"6":7.564554,"7":7.536831,"8":7.22442,"9":1.448004,"10":1.468689,"11":1.459484,"12":1.354436,"13":1.349855,"14":1.356509,"15":1.343131,"16":1.352481,"17":1.353773,"18":1.356812,"19":1.348983,"20":1.35291,"21":1.348939,"22":1.3488,"23":1.249463,"24":1.243233,"25":1.243103,"26":1.248578,"27":1.242841,"28":1.242968,"29":1.243101,"30":1.309975,"31":1.322065,"32":1.308753,"33":1.29715,"34":1.448347},"CtsInSrc":{"0":33.0,"1":20.0,"2":20.0,"3":20.0,"4":20.0,"5":20.0,"6":20.0,"7":20.0,"8":20.0,"9":20.0,"10":20.0,"11":32.0,"12":20.0,"13":20.0,"14":20.0,"15":20.0,"16":20.0,"17":16.0,"18":20.0,"19":20.0,"20":20.0,"21":20.0,"22":36.0,"23":20.0,"24":15.0,"25":15.0,"26":15.0,"27":15.0,"28":15.0,"29":30.0,"30":28.0,"31":20.0,"32":24.0,"33":40.0,"34":19.0},"BGInSrc":{"0":0.141857,"1":0.053196,"2":0.230518,"3":0.265982,"4":0.212786,"5":0.283715,"6":0.443304,"7":0.177322,"8":0.852877,"9":0.175186,"10":0.194651,"11":0.233582,"12":0.299688,"13":0.199792,"14":0.219771,"15":0.23975,"16":0.359626,"17":0.25973,"18":0.179813,"19":0.25973,"20":0.179813,"21":0.23975,"22":0.539439,"23":0.130452,"24":0.405852,"25":0.275399,"26":0.130452,"27":0.144947,"28":0.333378,"29":0.275399,"30":0.499189,"31":0.510813,"32":1.388168,"33":4.195847,"34":1.198475},"Exposure":{"0":22.56578,"1":20.05852,"2":115.33636,"3":145.42414,"4":173.00468,"5":167.9901,"6":173.00484,"7":97.78534,"8":396.14814,"9":107.8146,"10":87.75612,"11":152.94398,"12":160.46802,"13":157.96076,"14":155.45348,"15":193.0632,"16":255.74622,"17":218.13654,"18":238.19522,"19":152.9465,"20":195.57098,"21":173.00514,"22":503.95464,"23":238.19478,"24":426.24354,"25":373.59026,"26":275.80506,"27":240.70276,"28":358.54696,"29":416.19834,"30":1150.8507,"31":1727.5297,"32":2316.7452,"33":3151.6761,"34":7985.7505},"Sigma":{"0":655.14335,"1":649.457896,"2":309.215981,"3":287.348014,"4":322.130872,"5":277.973518,"6":220.578815,"7":353.509145,"8":155.538494,"9":339.49282,"10":321.754941,"11":471.107871,"12":254.594653,"13":313.394634,"14":298.508548,"15":285.511501,"16":231.704951,"17":218.505471,"18":330.680284,"19":274.033227,"20":330.680284,"21":285.511501,"22":341.57457,"23":456.938272,"24":190.278865,"25":233.054522,"26":341.953704,"27":324.08954,"28":210.987627,"29":470.467944,"30":426.732662,"31":328.206542,"32":208.600695,"33":191.760653,"34":290.688434},"SNR":{"0":5.71965,"1":4.460136,"2":4.420139,"3":4.41214,"4":4.424138,"5":4.408141,"6":4.372151,"7":4.432137,"8":4.279806,"9":4.432585,"10":4.428191,"11":5.615164,"12":4.404464,"13":4.427019,"14":4.422508,"15":4.417997,"16":4.390933,"17":3.93443,"18":4.431531,"19":4.413486,"20":4.431531,"21":4.417997,"22":5.909209,"23":4.442756,"24":3.767454,"25":3.80137,"26":3.839059,"27":3.83529,"28":3.786296,"29":5.426584,"30":5.196779,"31":4.35753,"32":4.614491,"33":5.658668,"34":4.083547}}