{"Time":{"0":379.276,"1":5064.94,"2":18601.387},"TimePos":{"0":3755.478,"1":1045.566,"2":21007.368},"TimeNeg":{"0":-155.048,"1":-930.187,"2":-9200.656},"Rate":{"0":0.05813003,"1":0.01175104,"2":0.002645953},"RatePos":{"0":0.01515748,"1":0.002921877,"2":0.0007490557},"RateNeg":{"0":-0.01515748,"1":-0.002921877,"2":-0.0007490557},"FracExp":{"0":0.081428,"1":1.0,"2":0.285524},"BGrate":{"0":0.0004581043,"1":0.0002110277,"2":0.0001527277},"BGerr":{"0":0.0001381236,"1":0.0000227557,"2":0.0000073652},"CorrFact":{"0":1.246131,"1":1.400052,"2":1.667918},"CtsInSrc":{"0":15.0,"1":17.0,"2":15.0},"BGInSrc":{"0":0.145873,"1":0.416939,"2":1.317294},"Exposure":{"0":318.4272,"1":1975.7523,"2":8625.111999},"Sigma":{"0":337.729452,"1":368.843278,"2":215.389068},"SNR":{"0":3.835072,"1":4.021744,"2":3.532384}}