{"Time":{"0":6292.583,"1":6398.245,"2":6499.741,"3":6584.462,"4":6689.058,"5":6818.351,"6":6983.729,"7":103858.327,"8":109631.457,"9":115438.993,"10":121171.569,"11":126973.892,"12":132827.345,"13":141635.831,"14":150078.438,"15":155877.023},"TimePos":{"0":46.461,"1":48.614,"2":42.396,"3":45.431,"4":76.23,"5":77.318,"6":79.924,"7":249.753,"8":236.603,"9":249.067,"10":276.491,"11":234.389,"12":200.714,"13":2972.27,"14":289.641,"15":251.056},"TimeNeg":{"0":-51.324,"1":-59.201,"2":-52.882,"3":-42.325,"4":-59.165,"5":-53.063,"6":-88.06,"7":-244.185,"8":-257.335,"9":-244.871,"10":-217.447,"11":-259.549,"12":-293.224,"13":-3341.71,"14":-204.297,"15":-242.882},"Rate":{"0":0.4081394,"1":0.3478281,"2":0.3924512,"3":0.4041335,"4":0.2636105,"5":0.2697082,"6":0.3663677,"7":0.0473527,"8":0.05362049,"9":0.07275882,"10":0.04699228,"11":0.05890092,"12":0.05085701,"13":0.0383493,"14":0.04433703,"15":0.04389254},"RatePos":{"0":0.09165304,"1":0.07628906,"2":0.086252,"3":0.09085059,"4":0.05957933,"5":0.06082661,"6":0.06257453,"7":0.01194572,"8":0.01275869,"9":0.01449262,"10":0.01191873,"11":0.01326073,"12":0.01245252,"13":0.007620371,"14":0.01161876,"15":0.01146277},"RateNeg":{"0":-0.09165304,"1":-0.07628906,"2":-0.086252,"3":-0.09085059,"4":-0.05957933,"5":-0.06082661,"6":-0.06257453,"7":-0.01194572,"8":-0.01275869,"9":-0.01449262,"10":-0.01191873,"11":-0.01326073,"12":-0.01245252,"13":-0.007620371,"14":-0.01161876,"15":-0.01146277},"FracExp":{"0":1.0,"1":1.0,"2":1.0,"3":1.0,"4":1.0,"5":1.0,"6":1.0,"7":1.0,"8":1.0,"9":1.0,"10":1.0,"11":1.0,"12":1.0,"13":0.156459,"14":1.0,"15":1.0},"BGrate":{"0":0.000861923,"1":0.0009771794,"2":0.001548058,"3":0.001200534,"4":0.001556248,"5":0.001292883,"6":0.002132367,"7":0.0002904186,"8":0.000341956,"9":0.0008057049,"10":0.0004619061,"11":0.0002739069,"12":0.0003244673,"13":0.0003420687,"14":0.0004450594,"15":0.0003423496},"BGerr":{"0":0.0004309615,"1":0.0004370079,"2":0.0005851109,"3":0.0005368953,"4":0.000492129,"5":0.0004571032,"6":0.000517175,"7":0.0000704369,"8":0.0000764637,"9":0.000155058,"10":0.0000888939,"11":0.0000684767,"12":0.0000744379,"13":0.0000540858,"14":0.0000872833,"15":0.0000765517},"CorrFact":{"0":2.003947,"1":1.794764,"2":1.793166,"3":1.78265,"4":1.803581,"5":1.77318,"6":1.776585,"7":1.475056,"8":1.485338,"9":1.403731,"10":1.471691,"11":1.464578,"12":1.491723,"13":1.476278,"14":1.481698,"15":1.461826},"CtsInSrc":{"0":20.0,"1":21.0,"2":21.0,"3":20.0,"4":20.0,"5":20.0,"6":35.0,"7":16.0,"8":18.0,"9":26.0,"10":16.0,"11":20.0,"12":17.0,"13":26.0,"14":15.0,"15":15.0},"BGInSrc":{"0":0.084283,"1":0.105354,"2":0.147496,"3":0.105354,"4":0.210709,"5":0.168567,"6":0.358205,"7":0.143449,"8":0.168905,"9":0.397968,"10":0.228153,"11":0.135293,"12":0.160267,"13":0.337921,"14":0.219832,"15":0.1691},"Exposure":{"0":97.78532,"1":107.81466,"2":95.27808,"3":87.75614,"4":135.39518,"5":130.38056,"6":167.98446,"7":493.9381,"8":493.9381,"9":493.9381,"10":493.9381,"11":493.9381,"12":493.9381,"13":987.8762,"14":493.9381,"15":493.9381},"Sigma":{"0":472.58922,"1":443.47371,"2":374.047764,"3":422.249435,"4":296.9943,"5":332.756829,"6":398.743671,"7":455.759994,"8":472.117656,"9":334.278004,"10":359.201543,"11":587.308901,"12":458.003289,"13":480.29273,"14":342.827433,"15":392.229445},"SNR":{"0":4.453092,"1":4.559345,"2":4.550053,"3":4.448331,"4":4.424529,"5":4.43405,"6":5.854901,"7":3.963988,"8":4.202663,"9":5.020405,"10":3.942724,"11":4.441756,"12":4.084073,"13":5.032471,"14":3.815987,"15":3.82914}}