{"Time":{"0":197.528},"TimePos":{"0":424.098},"TimeNeg":{"0":-102.435},"Rate":{"0":0.1017758},"RatePos":{"0":0.01769735},"RateNeg":{"0":-0.01769735},"FracExp":{"0":1.0},"BGrate":{"0":0.000881868},"BGerr":{"0":0.0001329466},"CorrFact":{"0":1.597949},"CtsInSrc":{"0":34.0},"BGInSrc":{"0":0.464333},"Exposure":{"0":526.533},"Sigma":{"0":479.075692},"SNR":{"0":5.750905}}