{"Time":{"0":99.056,"1":133.99,"2":204.929,"3":5002.257,"4":5688.433,"5":13570.507,"6":22271.101,"7":32549.092,"8":46746.669,"9":72770.183,"10":246788.01},"TimePos":{"0":10.453,"1":25.665,"2":159.954,"3":294.452,"4":497.971,"5":4261.048,"6":1320.33,"7":8427.475,"8":5794.328,"9":37587.929,"10":112191.18},"TimeNeg":{"0":-24.649,"1":-24.481,"2":-45.273,"3":-304.122,"4":-391.724,"5":-2823.324,"6":-1109.048,"7":-5608.117,"8":-2384.353,"9":-16837.678,"10":-80416.025},"Rate":{"0":1.302904,"1":0.9434425,"2":0.8643761,"3":0.03202675,"4":0.02403567,"5":0.01053494,"6":0.009512546,"7":0.003273128,"8":0.005694877,"9":0.002177089,"10":0.0008098432},"RatePos":{"0":0.2916923,"1":0.2115595,"2":0.1767978,"3":0.008380717,"4":0.006379166,"5":0.002470874,"6":0.002476915,"7":0.0008345228,"8":0.001361036,"9":0.0004359177,"10":0.0002292415},"RateNeg":{"0":-0.2916923,"1":-0.2115595,"2":-0.1767978,"3":-0.008380717,"4":-0.006379166,"5":-0.002470874,"6":-0.002476915,"7":-0.0008345228,"8":-0.001361036,"9":-0.0004359177,"10":-0.0002292415},"FracExp":{"0":1.0,"1":1.0,"2":0.317646,"3":0.988556,"4":0.873628,"5":0.342594,"6":0.91029,"7":0.515909,"8":0.546606,"9":0.348507,"10":0.135918},"BGrate":{"0":0.0006890178,"1":0.001125398,"2":0.0007420231,"3":0.000335725,"4":0.0005218194,"5":0.0006001021,"6":0.000287796,"7":0.0001142467,"8":0.0001699522,"9":0.0001108492,"10":0.0000713397},"BGerr":{"0":0.0003978046,"1":0.0004253603,"2":0.0003029297,"3":0.0000685296,"4":0.0000745456,"5":0.0000427555,"6":0.0000263822,"7":0.0000071404,"8":0.0000130347,"9":0.000003871,"10":0.0000022882},"CorrFact":{"0":2.289515,"1":2.37219,"2":2.35259,"3":1.280356,"4":1.28008,"5":1.308312,"6":1.369241,"7":1.465491,"8":1.395763,"9":1.535254,"10":1.500144},"CtsInSrc":{"0":20.0,"1":20.0,"2":24.0,"3":15.0,"4":15.0,"5":21.0,"6":16.0,"7":17.0,"8":19.0,"9":29.0,"10":16.0},"BGInSrc":{"0":0.024186,"1":0.056434,"2":0.048372,"3":0.198656,"4":0.40559,"5":1.456488,"6":0.636443,"7":0.82727,"8":0.759774,"9":2.102557,"10":1.867581},"Exposure":{"0":35.1023,"1":50.14606,"2":65.18964,"3":591.72386,"4":777.26194,"5":2427.066399,"6":2211.4386,"7":7241.0824,"8":4470.515899,"9":18967.724498,"10":26178.719299},"Sigma":{"0":1430.536969,"1":934.99442,"2":1212.871074,"3":365.009349,"4":251.881902,"5":188.334068,"6":263.333151,"7":312.792299,"8":313.018724,"9":366.328088,"10":235.922944},"SNR":{"0":4.466706,"1":4.459466,"2":4.889066,"3":3.821481,"4":3.767839,"5":4.263651,"6":3.840481,"7":3.922155,"8":4.184221,"9":4.994266,"10":3.532709}}