{"Time":{"0":255.73,"1":347.807,"2":467.754,"3":570.047,"4":726.629,"5":930.795,"6":1337.613,"7":4956.314,"8":5052.569,"9":5144.35,"10":5255.281,"11":5350.359,"12":5415.657,"13":5519.203,"14":5680.268,"15":5819.806,"16":5984.693,"17":6204.247,"18":6380.563,"19":6562.155,"20":6760.137,"21":7110.69,"22":10969.411,"23":11363.823,"24":11827.8,"25":12635.87,"26":17301.262,"27":23611.35,"28":31727.26,"29":67357.209},"TimePos":{"0":38.281,"1":59.033,"2":54.422,"3":57.436,"4":101.44,"5":142.99,"6":257.687,"7":45.443,"8":49.481,"9":47.963,"10":44.846,"11":24.987,"12":47.445,"13":59.236,"14":73.683,"15":82.076,"16":110.252,"17":73.733,"18":92.987,"19":96.936,"20":152.194,"21":300.582,"22":204.538,"23":181.208,"24":361.612,"25":548.931,"26":1656.927,"27":1120.138,"28":4549.995,"29":82732.442},"TimeNeg":{"0":-21.895,"1":-53.796,"2":-60.914,"3":-47.871,"4":-99.146,"5":-102.727,"6":-263.828,"7":-42.313,"8":-50.812,"9":-42.3,"10":-62.969,"11":-50.232,"12":-40.311,"13":-56.1,"14":-101.829,"15":-65.855,"16":-82.811,"17":-109.301,"18":-102.584,"19":-88.605,"20":-101.045,"21":-198.359,"22":-291.911,"23":-189.874,"24":-282.768,"25":-446.458,"26":-812.764,"27":-1362.089,"28":-3726.601,"29":-27857.049},"Rate":{"0":1.742204,"1":0.6808925,"2":0.3150805,"3":0.3309111,"4":0.172408,"5":0.1413513,"6":0.09423294,"7":0.2727995,"8":0.236788,"9":0.2619131,"10":0.2187771,"11":0.3181826,"12":0.2717509,"13":0.2054232,"14":0.1341379,"15":0.1596738,"16":0.09772688,"17":0.1290529,"18":0.1207776,"19":0.09486351,"20":0.06866675,"21":0.08033201,"22":0.05479553,"23":0.0707046,"24":0.04049427,"25":0.03756537,"26":0.01284896,"27":0.008240757,"28":0.005260463,"29":0.001551108},"RatePos":{"0":0.3918522,"1":0.1536102,"2":0.06915965,"3":0.07437362,"4":0.03902971,"5":0.03199911,"6":0.01795359,"7":0.06127177,"8":0.05330226,"9":0.05922265,"10":0.04958016,"11":0.07162464,"12":0.06110436,"13":0.0463454,"14":0.03046739,"15":0.03614528,"16":0.02477532,"17":0.02921366,"18":0.02734038,"19":0.02501162,"20":0.01832598,"21":0.01399605,"22":0.01426485,"23":0.01841487,"24":0.01057088,"25":0.008321706,"26":0.002954708,"27":0.002217947,"28":0.001261291,"29":0.0004487104},"RateNeg":{"0":-0.3918522,"1":-0.1536102,"2":-0.06915965,"3":-0.07437362,"4":-0.03902971,"5":-0.03199911,"6":-0.01795359,"7":-0.06127177,"8":-0.05330226,"9":-0.05922265,"10":-0.04958016,"11":-0.07162464,"12":-0.06110436,"13":-0.0463454,"14":-0.03046739,"15":-0.03614528,"16":-0.02477532,"17":-0.02921366,"18":-0.02734038,"19":-0.02501162,"20":-0.01832598,"21":-0.01399605,"22":-0.01426485,"23":-0.01841487,"24":-0.01057088,"25":-0.008321706,"26":-0.002954708,"27":-0.002217947,"28":-0.001261291,"29":-0.0004487104},"FracExp":{"0":1.0,"1":0.999993,"2":1.0,"3":1.0,"4":1.0,"5":1.0,"6":1.0,"7":1.0,"8":1.0,"9":1.0,"10":1.0,"11":1.0,"12":1.0,"13":1.0,"14":1.0,"15":1.0,"16":1.0,"17":1.0,"18":1.0,"19":1.0,"20":1.0,"21":1.0,"22":1.0,"23":1.0,"24":1.0,"25":1.0,"26":1.0,"27":1.0,"28":0.610724,"29":0.116036},"BGrate":{"0":0.001918498,"1":0.001552071,"2":0.001051614,"3":0.0009598066,"4":0.001209356,"5":0.0009872293,"6":0.00139543,"7":0.001000608,"8":0.001313296,"9":0.002432032,"10":0.002443342,"11":0.001751062,"12":0.001250759,"13":0.001522662,"14":0.001751062,"15":0.001632346,"16":0.001137053,"17":0.001319293,"18":0.001234722,"19":0.001656409,"20":0.001907095,"21":0.001055947,"22":0.0002463574,"23":0.0003478965,"24":0.0002530673,"25":0.0003140018,"26":0.0002231761,"27":0.0002451912,"28":0.0001620606,"29":0.0001254703},"BGerr":{"0":0.0007832236,"1":0.000517357,"2":0.0004293198,"3":0.0004292386,"4":0.0003491111,"5":0.0002849885,"6":0.0002325716,"7":0.0005003039,"8":0.000536151,"9":0.000769076,"10":0.0007053321,"11":0.0007148681,"12":0.0005593566,"13":0.0005383425,"14":0.000467991,"15":0.0004921708,"16":0.0003595678,"17":0.0003977817,"18":0.0003722828,"19":0.0004426939,"20":0.000406594,"21":0.0002155444,"22":0.000058067,"23":0.0000798129,"24":0.0000516572,"25":0.000046297,"26":0.000019425,"27":0.0000214224,"28":0.0000098084,"29":0.0000048692},"CorrFact":{"0":5.272334,"1":3.875127,"2":1.740541,"3":1.751216,"4":1.750354,"5":1.757943,"6":1.738235,"7":1.202267,"8":1.195276,"9":1.195175,"10":1.195109,"11":1.204609,"12":1.198968,"13":1.195133,"14":1.195512,"15":1.195473,"16":1.195621,"17":1.195488,"18":1.195462,"19":1.197952,"20":1.19784,"21":1.197406,"22":1.828451,"23":1.764335,"24":1.7587,"25":1.80748,"26":1.631613,"27":1.421367,"28":1.462538,"29":1.486519},"CtsInSrc":{"0":20.0,"1":20.0,"2":21.0,"3":20.0,"4":20.0,"5":20.0,"6":29.0,"7":20.0,"8":20.0,"9":20.0,"10":20.0,"11":20.0,"12":20.0,"13":20.0,"14":20.0,"15":20.0,"16":16.0,"17":20.0,"18":20.0,"19":15.0,"20":15.0,"21":34.0,"22":15.0,"23":15.0,"24":15.0,"25":21.0,"26":20.0,"27":15.0,"28":19.0,"29":15.0},"BGInSrc":{"0":0.115447,"1":0.175118,"2":0.121289,"3":0.101075,"4":0.242579,"5":0.242579,"6":0.727737,"7":0.087809,"8":0.131714,"9":0.219523,"10":0.263428,"11":0.131714,"12":0.109762,"13":0.175618,"14":0.307332,"15":0.241475,"16":0.219523,"17":0.241475,"18":0.241475,"19":0.307332,"20":0.482951,"21":0.526855,"22":0.122304,"23":0.129098,"24":0.163072,"25":0.312554,"26":0.551176,"27":0.60862,"28":0.81917,"29":1.61008},"Exposure":{"0":60.175508,"1":112.828292,"2":115.33644,"3":105.3072,"4":200.58514,"5":245.7169,"6":521.51442,"7":87.7559,"8":100.29258,"9":90.26326,"10":107.81452,"11":75.21942,"12":87.75594,"13":115.33646,"14":175.51198,"15":147.93154,"16":193.06318,"17":183.03402,"18":195.57062,"19":185.54136,"20":253.239,"21":498.94102,"22":496.44826,"23":371.08264,"24":644.38026,"25":995.38884,"26":2469.6905,"27":2482.227,"28":5054.7168,"29":12832.3614},"Sigma":{"0":421.90074,"1":339.627037,"2":421.654025,"3":440.223097,"4":282.142061,"5":282.142061,"6":233.097453,"7":453.532891,"8":369.491559,"9":284.94202,"10":259.537936,"11":369.491559,"12":405.204936,"13":319.281969,"14":239.750915,"15":271.380044,"16":227.32116,"17":271.380044,"18":271.380044,"19":178.877772,"20":140.989492,"21":311.250912,"22":516.098251,"23":502.103735,"24":445.729452,"25":448.91169,"26":405.405859,"27":270.639832,"28":366.708401,"29":214.296184},"SNR":{"0":4.446074,"1":4.432601,"2":4.555842,"3":4.449308,"4":4.417352,"5":4.417352,"6":5.248696,"7":4.452287,"8":4.442363,"9":4.422516,"10":4.412594,"11":4.442363,"12":4.447325,"13":4.432439,"14":4.402672,"15":4.417555,"16":3.944525,"17":4.417555,"18":4.417555,"19":3.792778,"20":3.746962,"21":5.739621,"22":3.841298,"23":3.839538,"24":3.830737,"25":4.514143,"26":4.348639,"27":3.715488,"28":4.170699,"29":3.456813}}