{"Time":{"0":720.377,"1":735.258,"2":749.632,"3":766.228,"4":784.966,"5":802.574,"6":815.902,"7":834.163,"8":856.213,"9":878.956,"10":902.639,"11":921.697,"12":934.803,"13":948.411,"14":969.176,"15":991.657,"16":1019.674,"17":1050.969,"18":1075.981,"19":1098.807,"20":1118.865,"21":1144.827,"22":1176.47,"23":1209.237,"24":1246.526,"25":1276.568,"26":1305.303,"27":1328.099,"28":1350.541,"29":1382.284,"30":1414.889,"31":1448.166,"32":1498.64,"33":1545.839,"34":1583.312,"35":1617.448,"36":6209.638,"37":18790.281,"38":22365.054,"39":28232.624,"40":40093.679,"41":75416.551},"TimePos":{"0":9.745,"1":4.893,"2":5.563,"3":9.026,"4":10.346,"5":7.783,"6":6.991,"7":8.789,"8":11.811,"9":11.635,"10":13.025,"11":6.503,"12":5.934,"13":7.37,"14":11.678,"15":11.763,"16":16.341,"17":12.627,"18":12.688,"19":9.921,"20":12.429,"21":9.033,"22":17.507,"23":19.842,"24":15.149,"25":15.195,"26":11.533,"27":11.303,"28":13.934,"29":14.787,"30":14.776,"31":21.617,"32":21.289,"33":16.714,"34":21.866,"35":20.317,"36":87.134,"37":3196.733,"38":349.077,"39":604.724,"40":5074.072,"41":108092.49},"TimeNeg":{"0":-10.314,"1":-5.136,"2":-9.481,"3":-11.033,"4":-9.712,"5":-7.261,"6":-5.545,"7":-11.27,"8":-13.262,"9":-10.931,"10":-12.048,"11":-6.033,"12":-6.603,"13":-7.673,"14":-13.395,"15":-10.803,"16":-16.254,"17":-14.953,"18":-12.385,"19":-10.138,"20":-10.137,"21":-13.533,"22":-22.61,"23":-15.26,"24":-17.447,"25":-14.893,"26":-13.54,"27":-11.263,"28":-11.139,"29":-17.808,"30":-17.819,"31":-18.5,"32":-28.857,"33":-25.91,"34":-20.758,"35":-12.27,"36":-128.495,"37":-442.434,"38":-378.04,"39":-543.619,"40":-903.217,"41":-6379.028},"Rate":{"0":4.934309,"1":8.547359,"2":5.815886,"3":4.545411,"4":4.364982,"5":5.528545,"6":6.954316,"7":4.511443,"8":3.320222,"9":4.196194,"10":3.679795,"11":7.356969,"12":7.481759,"13":6.32764,"14":3.310985,"15":4.085466,"16":2.665901,"17":3.811353,"18":3.320722,"19":4.141528,"20":3.738038,"21":3.917747,"22":2.294786,"23":2.377053,"24":2.690364,"25":2.768236,"26":3.688957,"27":3.932542,"28":3.33047,"29":2.661067,"30":2.695346,"31":2.053465,"32":1.671031,"33":1.952554,"34":1.945714,"35":2.632538,"36":0.4345215,"37":0.04733288,"38":0.02807294,"39":0.02110435,"40":0.01301448,"41":0.001528744},"RatePos":{"0":1.011934,"1":1.919309,"2":1.277648,"3":0.9803127,"4":0.9563426,"5":1.239691,"6":1.523651,"7":0.9742408,"8":0.7476575,"9":0.8771026,"10":0.786537,"11":1.57051,"12":1.595116,"13":1.324241,"14":0.7434814,"15":0.8777267,"16":0.5880189,"17":0.7674275,"18":0.7467176,"19":0.9312889,"20":0.8381976,"21":0.8572085,"22":0.4917535,"23":0.5322704,"24":0.59182,"25":0.6242397,"26":0.7895028,"27":0.8650712,"28":0.7478567,"29":0.5853752,"30":0.5897453,"31":0.4624054,"32":0.376819,"33":0.4384457,"34":0.4387603,"35":0.5911361,"36":0.07745507,"37":0.012404,"38":0.007182494,"39":0.005000876,"40":0.002981259,"41":0.0005666883},"RateNeg":{"0":-1.011934,"1":-1.919309,"2":-1.277648,"3":-0.9803127,"4":-0.9563426,"5":-1.239691,"6":-1.523651,"7":-0.9742408,"8":-0.7476575,"9":-0.8771026,"10":-0.786537,"11":-1.57051,"12":-1.595116,"13":-1.324241,"14":-0.7434814,"15":-0.8777267,"16":-0.5880189,"17":-0.7674275,"18":-0.7467176,"19":-0.9312889,"20":-0.8381976,"21":-0.8572085,"22":-0.4917535,"23":-0.5322704,"24":-0.59182,"25":-0.6242397,"26":-0.7895028,"27":-0.8650712,"28":-0.7478567,"29":-0.5853752,"30":-0.5897453,"31":-0.4624054,"32":-0.376819,"33":-0.4384457,"34":-0.4387603,"35":-0.5911361,"36":-0.07745507,"37":-0.012404,"38":-0.007182494,"39":-0.005000876,"40":-0.002981259,"41":-0.0004668495},"FracExp":{"0":1.0,"1":1.0,"2":1.0,"3":1.0,"4":1.0,"5":1.0,"6":1.0,"7":1.0,"8":1.0,"9":1.0,"10":1.0,"11":1.0,"12":1.0,"13":1.0,"14":1.0,"15":1.0,"16":1.0,"17":1.0,"18":1.0,"19":1.0,"20":1.0,"21":1.0,"22":1.0,"23":1.0,"24":1.0,"25":1.0,"26":1.0,"27":1.0,"28":1.0,"29":1.0,"30":1.0,"31":1.0,"32":1.0,"33":1.0,"34":1.0,"35":1.0,"36":0.999995,"37":0.11437,"38":1.0,"39":1.0,"40":0.333899,"41":0.082334},"BGrate":{"0":0.005507904,"1":0.008261834,"2":0.009179846,"3":0.01239275,"4":0.004130921,"5":0.003671919,"6":0.006609491,"7":0.01376972,"8":0.005507887,"9":0.002447956,"10":0.002203153,"11":0.002203164,"12":0.0,"13":0.005507908,"14":0.003304732,"15":0.007343848,"16":0.00677895,"17":0.006008601,"18":0.00440631,"19":0.005507895,"20":0.002447951,"21":0.002447951,"22":0.002753946,"23":0.0007868407,"24":0.005084206,"25":0.005507889,"26":0.003304735,"27":0.007343854,"28":0.003304727,"29":0.005084206,"30":0.001694734,"31":0.003442431,"32":0.003304732,"33":0.001943958,"34":0.003887922,"35":0.002542817,"36":0.00121909,"37":0.0005288596,"38":0.0005014094,"39":0.0005248938,"40":0.0004968425,"41":0.0001749384},"BGerr":{"0":0.002753952,"1":0.004769972,"2":0.004105352,"3":0.004130917,"4":0.002384988,"5":0.002596439,"6":0.003815991,"7":0.004354369,"8":0.002463202,"9":0.001730966,"10":0.001557864,"11":0.002203164,"12":0.0,"13":0.003179992,"14":0.001907988,"15":0.002998113,"16":0.002396721,"17":0.002453001,"18":0.002203155,"19":0.002753947,"20":0.001730963,"21":0.001730963,"22":0.001376973,"23":0.0007868407,"24":0.002075619,"25":0.002248586,"26":0.00190799,"27":0.002998116,"28":0.001907985,"29":0.002075619,"30":0.001198358,"31":0.001539502,"32":0.001349151,"33":0.001122345,"34":0.001587238,"35":0.001468096,"36":0.0003147678,"37":0.0000982068,"38":0.0000716299,"39":0.0000576146,"40":0.0000427614,"41":0.0000067889},"CorrFact":{"0":4.143033,"1":4.304033,"2":4.193943,"3":4.191661,"4":4.185818,"5":4.170084,"6":4.168033,"7":4.165626,"8":4.191381,"9":4.126904,"10":4.204399,"11":4.197599,"12":4.263467,"13":4.153764,"14":4.168128,"15":4.222369,"16":4.181884,"17":4.232835,"18":4.186192,"19":4.176731,"20":4.229294,"21":4.220988,"22":4.205681,"23":4.177804,"24":4.209074,"25":4.199316,"26":4.220173,"27":4.259395,"28":4.192664,"29":4.163238,"30":4.194626,"31":4.147602,"32":4.224827,"33":4.178651,"34":4.181404,"35":4.307048,"36":2.952218,"37":1.332927,"38":1.305518,"39":1.317319,"40":1.298177,"41":1.391974},"CtsInSrc":{"0":24.0,"1":20.0,"2":21.0,"3":22.0,"4":21.0,"5":20.0,"6":21.0,"7":22.0,"8":20.0,"9":23.0,"10":22.0,"11":22.0,"12":22.0,"13":23.0,"14":20.0,"15":22.0,"16":21.0,"17":25.0,"18":20.0,"19":20.0,"20":20.0,"21":21.0,"22":22.0,"23":20.0,"24":21.0,"25":20.0,"26":22.0,"27":21.0,"28":20.0,"29":21.0,"30":21.0,"31":20.0,"32":20.0,"33":20.0,"34":20.0,"35":20.0,"36":32.0,"37":15.0,"38":16.0,"39":19.0,"40":21.0,"41":12.0},"BGInSrc":{"0":0.110481,"1":0.08286,"2":0.138101,"3":0.248581,"4":0.08286,"5":0.05524,"6":0.08286,"7":0.276201,"8":0.138101,"9":0.05524,"10":0.05524,"11":0.02762,"12":0.0,"13":0.08286,"14":0.08286,"15":0.165721,"16":0.220961,"17":0.165721,"18":0.110481,"19":0.110481,"20":0.05524,"21":0.05524,"22":0.110481,"23":0.02762,"24":0.165721,"25":0.165721,"26":0.08286,"27":0.165721,"28":0.08286,"29":0.165721,"30":0.05524,"31":0.138101,"32":0.165721,"33":0.08286,"34":0.165721,"35":0.08286,"36":0.26287,"37":0.220118,"38":0.364583,"39":0.602758,"40":0.991604,"41":1.648784},"Exposure":{"0":20.058548,"1":10.0293,"2":15.0439,"3":20.0586,"4":20.05858,"5":15.04398,"6":12.53658,"7":20.0586,"8":25.07326,"9":22.56588,"10":25.07328,"11":12.53658,"12":12.53666,"13":15.0439,"14":25.07326,"15":22.56594,"16":32.59518,"17":27.5806,"18":25.07326,"19":20.05858,"20":22.56592,"21":22.56592,"22":40.11718,"23":35.10258,"24":32.59522,"25":30.0879,"26":25.07324,"27":22.56592,"28":25.0733,"29":32.59522,"30":32.59524,"31":40.1172,"32":50.14652,"33":42.62458,"34":42.62452,"35":32.586072,"36":215.6278,"37":416.2118,"38":727.117,"39":1148.3434,"40":1995.8108,"41":9424.9407},"Sigma":{"0":432.465621,"1":416.332688,"2":337.787064,"3":262.506769,"4":437.235925,"5":510.608431,"6":437.235925,"7":248.719559,"8":321.595486,"9":587.411828,"10":561.810696,"11":795.520306,"12":1000.0,"13":479.042399,"14":416.332688,"15":322.728563,"16":265.983461,"17":367.071025,"18":360.054684,"19":360.054684,"20":510.608431,"21":536.209564,"22":396.260153,"23":723.109369,"24":307.947743,"25":293.166922,"26":458.139162,"27":307.947743,"28":416.332688,"29":307.947743,"30":536.209564,