{"Time":{"0":5503.043,"1":5534.764,"2":5563.098,"3":5589.847,"4":5623.851,"5":5666.077,"6":5879.375,"7":5932.137,"8":5975.157,"9":6009.881,"10":6050.227,"11":6100.755,"12":6148.235,"13":15784.143,"14":21380.998,"15":21457.279,"16":21556.075,"17":21680.418,"18":21781.597,"19":21989.453,"20":27382.677,"21":27645.673,"22":27994.017,"23":32994.538,"24":33115.997,"25":33289.359,"26":33463.4,"27":33625.291,"28":33805.254,"29":33959.443,"30":34153.242,"31":39466.271,"32":39683.89,"33":39848.213,"34":40168.018,"35":45251.053,"36":45492.987,"37":45741.509,"38":45957.813,"39":51070.126,"40":51318.747,"41":51524.921,"42":51770.651,"43":56695.876,"44":57000.562,"45":57253.219,"46":69379.341,"47":74309.15,"48":92452.714,"49":101597.917,"50":108011.105,"51":109931.999,"52":114597.048,"53":119621.513,"54":131349.598,"55":137133.375,"56":152956.126,"57":227893.167,"58":238389.651},"TimePos":{"0":18.813,"1":17.18,"2":13.919,"3":14.751,"4":15.849,"5":26.275,"6":26.339,"7":23.723,"8":18.314,"9":13.677,"10":20.97,"11":30.618,"12":18.239,"13":221.891,"14":32.549,"15":59.067,"16":40.506,"17":49.051,"18":50.671,"19":136.17,"20":126.777,"21":99.468,"22":250.074,"23":49.032,"24":93.055,"25":92.698,"26":54.052,"27":87.731,"28":75.758,"29":94.574,"30":91.324,"31":125.256,"32":65.597,"33":119.411,"34":198.263,"35":115.887,"36":129.699,"37":71.734,"38":166.331,"39":144.788,"40":106.782,"41":81.134,"42":173.885,"43":185.522,"44":119.032,"45":152.203,"46":528.844,"47":362.194,"48":455.371,"49":2809.494,"50":393.748,"51":225.642,"52":1309.514,"53":584.997,"54":635.22,"55":612.446,"56":13650.028,"57":1832.768,"58":3336.098},"TimeNeg":{"0":-16.29,"1":-12.908,"2":-11.154,"3":-12.83,"4":-19.254,"5":-26.377,"6":-21.3,"7":-26.423,"8":-19.296,"9":-16.411,"10":-26.669,"11":-29.558,"12":-16.862,"13":-126.625,"14":-47.685,"15":-43.733,"16":-39.728,"17":-83.837,"18":-52.129,"19":-157.185,"20":-191.651,"21":-136.219,"22":-248.876,"23":-73.826,"24":-72.427,"25":-80.306,"26":-81.343,"27":-107.839,"28":-92.232,"29":-78.43,"30":-99.225,"31":-110.431,"32":-92.364,"33":-98.725,"34":-200.394,"35":-134.844,"36":-126.047,"37":-118.822,"38":-144.57,"39":-193.7,"40":-103.833,"41":-99.393,"42":-164.595,"43":-110.341,"44":-119.164,"45":-133.626,"46":-5237.035,"47":-395.01,"48":-427.198,"49":-3882.927,"50":-416.109,"51":-210.628,"52":-1251.288,"53":-470.576,"54":-543.211,"55":-445.635,"56":-4920.987,"57":-16074.578,"58":-3942.083},"Rate":{"0":1.234122,"1":1.368768,"2":1.662345,"3":1.624358,"4":1.28535,"5":1.463128,"6":0.9376443,"7":0.9749828,"8":1.232469,"9":1.644865,"10":1.016754,"11":0.7698728,"12":1.448263,"13":0.2625325,"14":0.3122806,"15":0.2334379,"16":0.3035617,"17":0.1802021,"18":0.2932684,"19":0.3367723,"20":0.07000765,"21":0.09454604,"22":0.06372291,"23":0.1979625,"24":0.1450004,"25":0.1392394,"26":0.1790789,"27":0.09207874,"28":0.1446621,"29":0.1392307,"30":0.1387925,"31":0.08446103,"32":0.1639529,"33":0.1218642,"34":0.1018558,"35":0.1057718,"36":0.07807623,"37":0.1402997,"38":0.08929095,"39":0.0581558,"40":0.09208311,"41":0.1451386,"42":0.1079138,"43":0.06463779,"44":0.1071877,"45":0.07154437,"46":0.0568696,"47":0.05050428,"48":0.03765479,"49":0.04070034,"50":0.0366985,"51":0.0436226,"52":0.02205823,"53":0.03184101,"54":0.02842666,"55":0.02073907,"56":0.02479841,"57":0.0123905,"58":0.01264454},"RatePos":{"0":0.2717593,"1":0.3075224,"2":0.3746695,"3":0.3549979,"4":0.2760185,"5":0.2415677,"6":0.2116936,"7":0.2144373,"8":0.2767257,"9":0.3598782,"10":0.2233308,"11":0.1738155,"12":0.3091558,"13":0.04377292,"14":0.06858745,"15":0.05261386,"16":0.06826359,"17":0.04070781,"18":0.06632,"19":0.06447424,"20":0.01858895,"21":0.02478483,"22":0.01423719,"23":0.04462035,"24":0.03298474,"25":0.03174752,"26":0.04031791,"27":0.02417716,"28":0.03260656,"29":0.03156291,"30":0.03005593,"31":0.0214403,"32":0.03683473,"33":0.02674744,"34":0.01820506,"35":0.0237322,"36":0.02047562,"37":0.03173984,"38":0.01967654,"39":0.01520402,"40":0.02422568,"41":0.03254032,"42":0.02054957,"43":0.01701508,"44":0.02424024,"45":0.01811219,"46":0.01400045,"47":0.009460944,"48":0.007481314,"49":0.006424808,"50":0.007783107,"51":0.01142132,"52":0.004217198,"53":0.0063825,"54":0.005730013,"55":0.005189572,"56":0.004896372,"57":0.003225481,"58":0.002617279},"RateNeg":{"0":-0.2717593,"1":-0.3075224,"2":-0.3746695,"3":-0.3549979,"4":-0.2760185,"5":-0.2415677,"6":-0.2116936,"7":-0.2144373,"8":-0.2767257,"9":-0.3598782,"10":-0.2233308,"11":-0.1738155,"12":-0.3091558,"13":-0.04377292,"14":-0.06858745,"15":-0.05261386,"16":-0.06826359,"17":-0.04070781,"18":-0.06632,"19":-0.06447424,"20":-0.01858895,"21":-0.02478483,"22":-0.01423719,"23":-0.04462035,"24":-0.03298474,"25":-0.03174752,"26":-0.04031791,"27":-0.02417716,"28":-0.03260656,"29":-0.03156291,"30":-0.03005593,"31":-0.0214403,"32":-0.03683473,"33":-0.02674744,"34":-0.01820506,"35":-0.0237322,"36":-0.02047562,"37":-0.03173984,"38":-0.01967654,"39":-0.01520402,"40":-0.02422568,"41":-0.03254032,"42":-0.02054957,"43":-0.01701508,"44":-0.02424024,"45":-0.01811219,"46":-0.01400045,"47":-0.009460944,"48":-0.007481314,"49":-0.006424808,"50":-0.007783107,"51":-0.01142132,"52":-0.004217198,"53":-0.0063825,"54":-0.005730013,"55":-0.005189572,"56":-0.004896372,"57":-0.003225481,"58":-0.002617279},"FracExp":{"0":1.0,"1":1.0,"2":1.0,"3":1.0,"4":1.0,"5":1.0,"6":1.0,"7":1.0,"8":1.0,"9":1.0,"10":1.0,"11":1.0,"12":1.0,"13":0.999997,"14":1.0,"15":1.0,"16":1.0,"17":1.0,"18":0.999974,"19":0.999995,"20":1.0,"21":1.0,"22":1.0,"23":1.0,"24":1.0,"25":1.0,"26":1.0,"27":1.0,"28":1.0,"29":1.0,"30":1.0,"31":1.0,"32":1.0,"33":1.0,"34":1.0,"35":1.0,"36":1.0,"37":1.0,"38":1.0,"39":1.0,"40":1.0,"41":1.0,"42":1.0,"43":1.0,"44":1.0,"45":1.0,"46":0.065663,"47":1.0,"48":1.0,"49":0.298969,"50":1.0,"51":1.0,"52":0.644253,"53":1.0,"54":1.0,"55":1.0,"56":0.080062,"57":0.09521,"58":0.353797},"BGrate":{"0":0.005315457,"1":0.003100681,"2":0.006201351,"3":0.001127522,"4":0.004429544,"5":0.0029531,"6":0.003972585,"7":0.003234818,"8":0.002156543,"9":0.001797123,"10":0.002837557,"11":0.00314496,"12":0.0007702391,"13":0.001472568,"14":0.001669124,"15":0.001519853,"16":0.001390936,"17":0.00151166,"18":0.002156634,"19":0.001216506,"20":0.001292286,"21":0.0009523418,"22":0.0009746835,"23":0.001279452,"24":0.00203549,"25":0.002206588,"26":0.0009951283,"27":0.001263047,"28":0.0009357173,"29":0.001557591,"30":0.00176772,"31":0.001022432,"32":0.0005932632,"33":0.0005523483,"34":0.0008731167,"35":0.0002701172,"36":0.0009003898,"37":0.001208418,"38":0.0006535214,"39":0.0005451557,"40":0.001314214,"41":0.0002920476,"42":0.0006230486,"43":0.0009645374,"44":0.0009376095,"45":0.0006945384,"46":0.0006628074,"47":0.0003328797,"48":0.0003789764,"49":0.0004708037,"50":0.0004758799,"51":0.0004737435,"52":0.0005028197,"53":0.0005302612,"54":0.0005947398,"55":0.000492142,"56":0.0004577447,"57":0.0006783556,"58":0.0003268257},"BGerr":{"0":0.002170026,"1":0.001790179,"2":0.002773328,"3":0.001127522,"4":0.001980952,"5":0.001320666,"6":0.001501496,"7":0.001320609,"8":0.001245081,"9":0.001270758,"10":0.001268994,"11":0.001188683,"12":0.0007702391,"13":0.0002833959,"14":0.0006814172,"15":0.0005744506,"16":0.0006220457,"17":0.0005038867,"18":0.0006819876,"19":0.000295046,"20":0.0002249581,"21":0.0002244691,"22":0.0001560743,"23":0.0004835873,"24":0.0005255612,"25":0.0005351762,"26":0.0004062594,"27":0.000380823,"28":0.0003536679,"29":0.0004496378,"30":0.0004564234,"31":0.0002409896,"32":0.0002242324,"33":0.0001841161,"34":0.0001712323,"35":0.0001208001,"36":0.0002183766,"37":0.0002930843,"38":0.0001687385,"39":0.000145699,"40":0.0002867851,"41":0.0001460238,"42":0.0001557621,"43":0.00020112,"44":0.0002209967,"45":0.0001736346,"46":0.0001230802,"47":0.0000570884,"48":0.0000571328,"49":0.0000412922,"50":0.0000694142,"51":0.0000947487,"52":0.0000486094,"53":0.0000647817,"54":0.0000648914,"55":0.0000625021,"56":0.000050244,"57":0.0000592682,"58":0.0000281287},"CorrFact":{"0":2.08138,"1":2.068809,"2":2.100345,"3":2.136522,"4":2.065457,"5":2.090873,"6":2.254757,