{"Time":{"0":419.819,"1":438.61,"2":459.446,"3":488.382,"4":519.544,"5":547.079,"6":585.126,"7":617.531,"8":650.716,"9":703.065,"10":742.92,"11":796.275,"12":860.674,"13":907.508,"14":961.117,"15":1026.089,"16":1092.761,"17":1147.292,"18":1218.493,"19":1320.632,"20":1400.532,"21":1450.75,"22":1514.436,"23":1586.685,"24":1678.642,"25":5280.505,"26":5399.383,"27":5540.012,"28":5627.013,"29":5688.559,"30":5774.168,"31":5901.074,"32":7190.237,"33":7321.161,"34":7446.388,"35":11043.535,"36":11201.166,"37":11340.272,"38":11471.295,"39":11611.513,"40":11830.402,"41":16742.418,"42":16981.099,"43":17176.341,"44":17364.729,"45":17642.171,"46":22545.207,"47":22762.069,"48":23060.507,"49":23429.473,"50":28687.318,"51":45799.263,"52":64150.727,"53":85046.8,"54":131604.428,"55":299010.622},"TimePos":{"0":7.244,"1":11.02,"2":10.242,"3":16.409,"4":15.335,"5":12.873,"6":14.943,"7":15.133,"8":24.572,"9":19.862,"10":20.124,"11":31.96,"12":22.721,"13":16.005,"14":20.064,"15":30.312,"16":23.815,"17":29.459,"18":48.521,"19":34.139,"20":34.473,"21":24.371,"22":38.413,"23":53.92,"24":34.667,"25":58.692,"26":60.166,"27":57.438,"28":33.121,"29":36.765,"30":41.419,"31":74.978,"32":66.435,"33":53.355,"34":50.985,"35":73.517,"36":86.385,"37":65.122,"38":51.944,"39":67.179,"40":83.971,"41":124.853,"42":91.773,"43":92.102,"44":111.821,"45":102.654,"46":114.225,"47":140.573,"48":160.565,"49":255.443,"50":398.787,"51":7956.284,"52":6952.723,"53":13339.295,"54":37040.67,"55":573914.429},"TimeNeg":{"0":-7.799,"1":-11.546,"2":-9.817,"3":-18.694,"4":-14.753,"5":-12.2,"6":-25.174,"7":-17.462,"8":-18.052,"9":-27.777,"10":-19.993,"11":-33.23,"12":-32.439,"13":-24.112,"14":-37.604,"15":-44.908,"16":-36.361,"17":-30.716,"18":-41.742,"19":-53.617,"20":-45.762,"21":-15.746,"22":-39.314,"23":-33.836,"24":-38.037,"25":-59.152,"26":-60.186,"27":-80.464,"28":-29.562,"29":-28.425,"30":-48.844,"31":-85.487,"32":-68.96,"33":-64.489,"34":-71.873,"35":-59.371,"36":-84.113,"37":-52.722,"38":-65.901,"39":-88.275,"40":-151.71,"41":-115.85,"42":-113.827,"43":-103.469,"44":-96.286,"45":-165.62,"46":-146.536,"47":-102.637,"48":-157.865,"49":-208.401,"50":-456.203,"51":-10085.973,"52":-5277.427,"53":-10669.932,"54":-27683.875,"55":-96213.976},"Rate":{"0":4.811391,"1":3.504473,"2":3.601214,"3":1.972658,"4":2.558853,"5":3.175124,"6":1.911368,"7":2.364916,"8":1.625652,"9":1.595323,"10":1.702656,"11":1.060597,"12":1.258781,"13":1.848278,"14":1.197684,"15":0.9153618,"16":1.151556,"17":1.150565,"18":0.7632788,"19":0.8692101,"20":0.8515421,"21":1.738636,"22":0.8918828,"23":0.7805351,"24":1.036217,"25":0.353929,"26":0.3557842,"27":0.236347,"28":0.3865659,"29":0.3705012,"30":0.2686549,"31":0.2941504,"32":0.3038626,"33":0.2296711,"34":0.2519104,"35":0.1794905,"36":0.1403946,"37":0.2037714,"38":0.2025668,"39":0.1518862,"40":0.11046,"41":0.1024678,"42":0.09560999,"43":0.09379038,"44":0.1177544,"45":0.08679006,"46":0.0772522,"47":0.084046,"48":0.06318816,"49":0.05796717,"50":0.04564328,"51":0.01601445,"52":0.01180826,"53":0.006082353,"54":0.002748573,"55":0.0004130968},"RatePos":{"0":1.055677,"1":0.7362205,"2":0.78907,"3":0.4461988,"4":0.5476832,"5":0.6661969,"6":0.4101684,"7":0.5068348,"8":0.3666495,"9":0.3414544,"10":0.384017,"11":0.239207,"12":0.2847258,"13":0.4060899,"14":0.2693495,"15":0.2073468,"16":0.2589756,"17":0.2598728,"18":0.1719022,"19":0.1867715,"20":0.1923338,"21":0.3898848,"22":0.2008658,"23":0.1765505,"24":0.2229488,"25":0.08056436,"26":0.08108385,"27":0.0539418,"28":0.08664706,"29":0.08304624,"30":0.0603633,"31":0.04765991,"32":0.06859216,"33":0.05216737,"34":0.04986474,"35":0.04073267,"36":0.03189696,"37":0.04592739,"38":0.04570787,"39":0.03470666,"40":0.02404328,"41":0.02317724,"42":0.02416123,"43":0.02454364,"44":0.02663491,"45":0.020138,"46":0.02029329,"47":0.02197182,"48":0.01685936,"49":0.01337129,"50":0.008761225,"51":0.003591296,"52":0.002783597,"53":0.001432954,"54":0.0007187416,"55":0.0001332028},"RateNeg":{"0":-1.055677,"1":-0.7362205,"2":-0.78907,"3":-0.4461988,"4":-0.5476832,"5":-0.6661969,"6":-0.4101684,"7":-0.5068348,"8":-0.3666495,"9":-0.3414544,"10":-0.384017,"11":-0.239207,"12":-0.2847258,"13":-0.4060899,"14":-0.2693495,"15":-0.2073468,"16":-0.2589756,"17":-0.2598728,"18":-0.1719022,"19":-0.1867715,"20":-0.1923338,"21":-0.3898848,"22":-0.2008658,"23":-0.1765505,"24":-0.2229488,"25":-0.08056436,"26":-0.08108385,"27":-0.0539418,"28":-0.08664706,"29":-0.08304624,"30":-0.0603633,"31":-0.04765991,"32":-0.06859216,"33":-0.05216737,"34":-0.04986474,"35":-0.04073267,"36":-0.03189696,"37":-0.04592739,"38":-0.04570787,"39":-0.03470666,"40":-0.02404328,"41":-0.02317724,"42":-0.02416123,"43":-0.02454364,"44":-0.02663491,"45":-0.020138,"46":-0.02029329,"47":-0.02197182,"48":-0.01685936,"49":-0.01337129,"50":-0.008761225,"51":-0.003591296,"52":-0.002783597,"53":-0.001432954,"54":-0.0007187416,"55":-0.0001332028},"FracExp":{"0":1.0,"1":1.0,"2":1.0,"3":1.0,"4":1.0,"5":1.0,"6":1.0,"7":1.0,"8":1.0,"9":1.0,"10":1.0,"11":1.0,"12":1.0,"13":1.0,"14":1.0,"15":1.0,"16":1.0,"17":1.0,"18":1.0,"19":1.0,"20":1.0,"21":1.0,"22":1.0,"23":1.0,"24":1.0,"25":1.0,"26":1.0,"27":0.999985,"28":1.0,"29":1.0,"30":1.0,"31":1.0,"32":1.0,"33":0.99999,"34":1.0,"35":1.0,"36":1.0,"37":1.0,"38":1.0,"39":1.0,"40":1.0,"41":1.0,"42":1.0,"43":1.0,"44":1.0,"45":1.0,"46":1.0,"47":1.0,"48":1.0,"49":1.0,"50":1.0,"51":0.126739,"52":0.21075,"53":0.220453,"54":0.133879,"55":0.084195},"BGrate":{"0":0.007491883,"1":0.007491867,"2":0.004214196,"3":0.006421604,"4":0.002809452,"5":0.005618905,"6":0.00351182,"7":0.003457793,"8":0.003966286,"9":0.001774392,"10":0.00421418,"11":0.002593341,"12":0.004086481,"13":0.00351182,"14":0.001954402,"15":0.003371345,"16":0.001872971,"17":0.003277698,"18":0.001560808,"19":0.001926485,"20":0.002458274,"21":0.001404728,"22":0.001812553,"23":0.002568648,"24":0.002712876,"25":0.002964669,"26":0.00309643,"27":0.002905227,"28":0.0007580812,"29":0.0007289235,"30":0.001052889,"31":0.002813246,"32":0.001376224,"33":0.002609193,"34":0.001933947,"35":0.002183243,"36":0.001832539,"37":0.001325666,"38":0.001515046,"39":0.002727695,"40":0.001893866,"41":0.0009424911,"42":0.000827553,"43":0.001014989,"44":0.001090109,"45":0.0007927762,"46":0.000976422,"47":0.0007560828,"48":0.001510333,"49":0.001311306,"50":0.0005043762,"51":0.0004726466,"52":0.0003980888,"53":0.0002920723,"54":0.000204622,"55":0.000097109},"BGerr":{"0":0.003745942,"1":0.003058542,"2":0.002433067,"3":0.00227038,"4":0.001622038,"5":0.002512851,"6":0.001570534,"7":0.001728897,"8":0.00161923,"9":0.001024446,"10":0.001720432,"11":0.001058727,"12":0.001444789,"13":0.001570534,"14":0.0009772011,"15":0.001123782,"16":0.0009364856,"17":0.001238854,"18":0.0006980148,"19":0.0007864842,"20":0.0009291404,"21":0.0009932926,"22":0.0008105984,"23":0.0009081542,"24":0.001025371,"25":0.0007654742,"26":0.0007741075,"27":0.000704621,"28":0.0005360443,"29":0.0005154267,"30":0.0005264447,"31":0.0006454029,"32":0.0004865685,"33":0.0007236599,"34":0.0006115677,"35":0.0006055226,"36":0.0004897666,"37":0.0005010547,"38":0.0005356498,"39":0.0006257762,"40":0.0004234814,"41":0.0002356228,"42":0.000238894,"43":0.0002712673,"44":0.0002725272,"45":0.0002046939,"46":0.0002301449,"47":0.0002096996,"48":0.0002590199,"49":0.0001999722,"50":0.0000680101,"51":0.0000377213,"52":0.0000294276,"53":0.0000146036,"54":0.0000084673,"55":0.0000015873},"CorrFact":{"0":3.465362,"1":3.463788,"2":3.453654,"3":3.501724,"4":3.513058,"5":3.482656,"6":3.507847,"7":3.52189,"8":3.494159,"9":3.467853,"10":3.444396,"11":3.486502,"12":3.511354,"13":3.554679,"14":3.472992,"15":3.486865,"16":3.484411,"17":3.496275,"18":3.469243,"19":3.494049,"20":3.450159,"21":3.4973,"22":3.490746,"23":3.46387,"24":3.455399,"25":2.122494,"26":2.181603,"27":1.662929,"28":1.214439,"29":1.21053,"30":1.218275,"31":1.224452,"32":2.076421,"33":1.374383,"34":1.201324,"35":1.210159,"36":1.215842,"37":1.210115,"38":1.204316,"39":1.206137,"40":1.207837,"41":1.247363,"42":1.241795,"43":1.239245,"44":1.239338,"45":1.239321,"46":1.366146,