{"Time":{"0":3501.522,"1":3621.167,"2":3728.069,"3":3835.844,"4":3963.343,"5":4063.985,"6":4169.401,"7":4310.333,"8":4417.665,"9":4568.398,"10":4708.275,"11":4859.634,"12":4996.388,"13":5084.005,"14":5163.076,"15":5253.734,"16":5367.975,"17":9603.254,"18":9768.833,"19":9911.88,"20":10072.712,"21":10216.774,"22":10340.722,"23":10483.054,"24":10661.161,"25":10819.412,"26":11018.105,"27":15641.538,"28":15823.95,"29":16038.76,"30":16255.462,"31":16508.531,"32":16825.847,"33":22103.961,"34":22327.543,"35":22612.6,"36":27853.477,"37":28278.655,"38":32673.236,"39":34320.523,"40":153393.096,"41":263594.282,"42":387165.869},"TimePos":{"0":55.948,"1":69.19,"2":52.552,"3":62.621,"4":47.951,"5":40.08,"6":65.044,"7":67.029,"8":42.439,"9":74.74,"10":80.287,"11":64.323,"12":50.428,"13":33.015,"14":46.715,"15":43.812,"16":80.008,"17":96.721,"18":59.015,"19":66.408,"20":68.551,"21":54.869,"22":66.316,"23":81.945,"24":74.336,"25":64.016,"26":193.77,"27":90.466,"28":101.118,"29":99.43,"30":133.459,"31":111.063,"32":149.777,"33":83.213,"34":102.841,"35":131.194,"36":178.563,"37":224.756,"38":1075.192,"39":9165.162,"40":12355.134,"41":45973.988,"42":9760.865},"TimeNeg":{"0":-49.36,"1":-63.697,"2":-37.711,"3":-55.223,"4":-64.878,"5":-52.691,"6":-65.336,"7":-75.888,"8":-40.302,"9":-108.294,"10":-65.137,"11":-71.072,"12":-72.43,"13":-37.19,"14":-46.056,"15":-43.943,"16":-70.428,"17":-96.343,"18":-68.858,"19":-84.031,"20":-94.425,"21":-75.511,"22":-69.079,"23":-76.015,"24":-96.161,"25":-83.915,"26":-134.677,"27":-112.626,"28":-91.946,"29":-113.692,"30":-117.272,"31":-119.609,"32":-206.253,"33":-84.777,"34":-140.368,"35":-182.216,"36":-122.314,"37":-246.614,"38":-669.435,"39":-572.095,"40":-6090.672,"41":-62952.273,"42":-8729.693},"Rate":{"0":0.4152943,"1":0.3294793,"2":0.4851516,"3":0.3734571,"4":0.4043879,"5":0.2643816,"6":0.3177115,"7":0.2576172,"8":0.4079261,"9":0.2367794,"10":0.2985082,"11":0.2835975,"12":0.202622,"13":0.3524797,"14":0.263272,"15":0.2815498,"16":0.3208352,"17":0.1236608,"18":0.1880148,"19":0.1599746,"20":0.146166,"21":0.186252,"22":0.1876421,"23":0.1520349,"24":0.1415452,"25":0.1628566,"26":0.1316448,"27":0.09083921,"28":0.09565758,"29":0.09834191,"30":0.09331349,"31":0.08006237,"32":0.07276559,"33":0.1541558,"34":0.0749247,"35":0.1143528,"36":0.06264613,"37":0.06088424,"38":0.05204031,"39":0.03255435,"40":0.009376756,"41":0.004462632,"42":0.003041343},"RatePos":{"0":0.09317471,"1":0.07433771,"2":0.1089698,"3":0.08435509,"4":0.08852705,"5":0.05945621,"6":0.07160529,"7":0.05806135,"8":0.09142337,"9":0.0533625,"10":0.06734996,"11":0.06391822,"12":0.04541112,"13":0.07908717,"14":0.05927457,"15":0.06338975,"16":0.05152528,"17":0.02810388,"18":0.0423597,"19":0.03612036,"20":0.03329118,"21":0.04187196,"22":0.04111501,"23":0.03429052,"24":0.03182127,"25":0.03661235,"26":0.02212554,"27":0.02375933,"28":0.02499462,"29":0.02410323,"30":0.02166067,"31":0.02091971,"32":0.01603699,"33":0.03383017,"34":0.01971478,"35":0.02134364,"36":0.01655426,"37":0.01291327,"38":0.01357928,"39":0.008017353,"40":0.00178999,"41":0.001022367,"42":0.001238156},"RateNeg":{"0":-0.09317471,"1":-0.07433771,"2":-0.1089698,"3":-0.08435509,"4":-0.08852705,"5":-0.05945621,"6":-0.07160529,"7":-0.05806135,"8":-0.09142337,"9":-0.0533625,"10":-0.06734996,"11":-0.06391822,"12":-0.04541112,"13":-0.07908717,"14":-0.05927457,"15":-0.06338975,"16":-0.05152528,"17":-0.02810388,"18":-0.0423597,"19":-0.03612036,"20":-0.03329118,"21":-0.04187196,"22":-0.04111501,"23":-0.03429052,"24":-0.03182127,"25":-0.03661235,"26":-0.02212554,"27":-0.02375933,"28":-0.02499462,"29":-0.02410323,"30":-0.02166067,"31":-0.02091971,"32":-0.01603699,"33":-0.03383017,"34":-0.01971478,"35":-0.02134364,"36":-0.01655426,"37":-0.01291327,"38":-0.01357928,"39":-0.008017353,"40":-0.00178999,"41":-0.001022367,"42":-0.0009893524},"FracExp":{"0":1.0,"1":1.0,"2":1.0,"3":1.0,"4":1.0,"5":0.999957,"6":0.999994,"7":0.999991,"8":0.999992,"9":1.0,"10":1.0,"11":0.999981,"12":1.0,"13":1.0,"14":1.0,"15":1.0,"16":1.0,"17":1.0,"18":1.0,"19":1.0,"20":1.0,"21":1.0,"22":1.0,"23":1.0,"24":1.0,"25":1.0,"26":1.0,"27":1.0,"28":1.0,"29":1.0,"30":1.0,"31":1.0,"32":1.0,"33":1.0,"34":1.0,"35":1.0,"36":1.0,"37":1.0,"38":0.218448,"39":0.073644,"40":0.269817,"41":0.090324,"42":0.253028},"BGrate":{"0":0.0006291811,"1":0.00132959,"2":0.0009787262,"3":0.00168674,"4":0.0005872356,"5":0.001214504,"6":0.001192634,"7":0.00108802,"8":0.0005446675,"9":0.0008446549,"10":0.001214972,"11":0.001151782,"12":0.0003668144,"13":0.0009628877,"14":0.001457345,"15":0.001540622,"16":0.0007489261,"17":0.001650656,"18":0.001163011,"19":0.001271006,"20":0.002216112,"21":0.0008147477,"22":0.0006276577,"23":0.001075985,"24":0.0006230429,"25":0.0007180836,"26":0.0009055811,"27":0.000940527,"28":0.0009132787,"29":0.0008273232,"30":0.0008790315,"31":0.0007643757,"32":0.0005777804,"33":0.0006992332,"34":0.001147066,"35":0.0004684922,"36":0.001133477,"37":0.0008178723,"38":0.0004115988,"39":0.0003585871,"40":0.0002620893,"41":0.0001549278,"42":0.0001495658},"BGerr":{"0":0.0003632579,"1":0.0004700811,"2":0.0004893631,"3":0.0005622465,"4":0.0003390406,"5":0.0005431425,"6":0.0004507732,"7":0.0004112328,"8":0.0003851381,"9":0.0003192496,"10":0.0004295575,"11":0.0004353327,"12":0.000259377,"13":0.0005559235,"14":0.0005949585,"15":0.0006289564,"16":0.0003349299,"17":0.0004261977,"18":0.000439577,"19":0.0004236685,"20":0.0005374862,"21":0.0003643662,"22":0.0003138289,"23":0.0003804181,"24":0.0002786333,"25":0.0003211368,"26":0.0002420267,"27":0.0002608553,"28":0.0002636408,"29":0.0002388276,"30":0.000226965,"31":0.0002206563,"32":0.0001544183,"33":0.0002472163,"34":0.0002631551,"35":0.0001481503,"36":0.0002363464,"37":0.000160398,"38":0.0000898182,"39":0.0000644041,"40":0.0000170968,"41":0.0000067488,"42":0.0000093479},"CorrFact":{"0":2.193945,"1":2.208702,"2":2.199287,"3":2.222573,"4":2.179582,"5":1.233238,"6":2.087384,"7":1.855303,"8":1.691417,"9":2.183815,"10":2.189862,"11":1.934934,"12":1.247501,"13":1.241484,"14":1.229505,"15":1.24379,"16":1.241155,"17":1.213048,"18":1.211109,"19":1.214936,"20":1.21298,"21":1.220664,"22":1.214716,"23":1.21107,"24":1.213097,"25":1.211012,"26":1.211074,"27":1.245782,"28":1.245843,"29":1.245792,"30":1.245853,"31":1.245858,"32":1.245859,"33":1.24011,"34":1.237849,"35":1.242128,"36":1.285822,"37":1.269057,"38":1.336179,"39":1.394284,"40":1.626314,"41":2.144308,"42":1.714372},"CtsInSrc":{"0":20.0,"1":20.0,"2":20.0,"3":20.0,"4":21.0,"5":20.0,"6":20.0,"7":20.0,"8":20.0,"9":20.0,"10":20.0,"11":20.0,"12":20.0,"13":20.0,"14":20.0,"15":20.0,"16":39.0,"17":20.0,"18":20.0,"19":20.0,"20":20.0,"21":20.0,"22":21.0,"23":20.0,"24":20.0,"25":20.0,"26":36.0,"27":15.0,"28":15.0,"29":17.0,"30":19.0,"31":15.0,"32":21.0,"33":21.0,"34":15.0,"35":29.0,"36":15.0,"37":23.0,"38":15.0,"39":17.0,"40":30.0,"41":22.0,"42":9.0},"BGInSrc":{"0":0.066257,"1":0.176686,"2":0.088343,"3":0.198772,"4":0.066257,"5":0.112666,"6":0.155495,"7":0.155495,"8":0.045066,"9":0.154601,"10":0.176686,"11":0.155942,"12":0.045066,"13":0.067599,"14":0.135199,"15":0.135199,"16":0.112666,"17":0.318681,"18":0.148718,"19":0.191209,"20":0.361172,"21":0.106227,"22":0.084982,"23":0.169963,"24":0.106227,"25":0.106227,"26":0.297436,"27":0.191014,"28":0.176321,"29":0.176321,"30":0.220401,"31":0.176321,"32":0.205707,"33":0.117464,"34":0.278977,"35":0.14683,"36":0.341038,"37":0.385521,"38":0.156864,"39":0.257138,"40":1.304416,"41":1.524279,"42":0.699762},"Exposure":{"0":105.307328,"1":132.88784,"2":90.26342,"3":117.844,"4":112.8293,"5":92.766712,"6":130.37964,"7":142.91576,"8":82.74076,"9":183.03398,"10":145.42422,"11":135.39234,"12":122.85832,"13":70.20476,"14":92.7705,"15":87.75584,"16":150.43608,"17":193.06346,"18":127.87322,"19":150.43904,"20":162.97562,"21":130.38042,"22":135.395,"23":157.9608,"24":170.49732,"25":147.93144,"26":328.44768,"27":203.09252,"28":193.06332,"29":213.1218,"30":250.73136,"31":230.6727,"32":356.0304,"33":167.99,"34":243.20952,"35":313.41018,"36":300.87756,"37":471.37084,"38":381.110048,