{"Time":{"0":310.272,"1":348.985,"2":364.646,"3":380.63,"4":393.208,"5":408.86,"6":432.782,"7":458.717,"8":519.168,"9":703.547,"10":903.054,"11":6123.813,"12":11159.763,"13":11538.642,"14":11930.986,"15":17346.571,"16":17836.314,"17":32620.894,"18":129399.384},"TimePos":{"0":24.756,"1":8.61,"2":7.992,"3":7.052,"4":7.011,"5":13.924,"6":10.061,"7":21.736,"8":89.158,"9":82.799,"10":201.718,"11":701.965,"12":128.662,"13":213.638,"14":242.515,"15":145.304,"16":452.881,"17":31508.178,"18":3051.064},"TimeNeg":{"0":-30.405,"1":-13.956,"2":-7.052,"3":-7.992,"4":-5.526,"5":-8.641,"6":-9.997,"7":-15.873,"8":-38.715,"9":-95.22,"10":-116.708,"11":-667.021,"12":-102.011,"13":-250.216,"14":-178.706,"15":-262.602,"16":-344.439,"17":-9596.922,"18":-3449.88},"Rate":{"0":3.347997,"1":8.907743,"2":18.07471,"3":19.23712,"4":21.53265,"5":11.59079,"6":13.10795,"7":5.118616,"8":1.3695,"9":0.3062719,"10":0.05715873,"11":0.05857407,"12":0.08406841,"13":0.03996421,"14":0.05180419,"15":0.04974635,"16":0.02509565,"17":0.01415603,"18":0.00444142},"RatePos":{"0":0.7369501,"1":1.876394,"2":3.251743,"3":3.369895,"4":3.893382,"5":2.132738,"6":2.407713,"7":1.09905,"8":0.3094327,"9":0.07027734,"10":0.01560424,"11":0.01168235,"12":0.0218596,"13":0.01092536,"14":0.01278949,"15":0.01307785,"16":0.006473608,"17":0.002530887,"18":0.002260927},"RateNeg":{"0":-0.7369501,"1":-1.876394,"2":-3.251743,"3":-3.369895,"4":-3.893382,"5":-2.132738,"6":-2.407713,"7":-1.09905,"8":-0.3094327,"9":-0.07027734,"10":-0.01560424,"11":-0.01168235,"12":-0.0218596,"13":-0.01092536,"14":-0.01278949,"15":-0.01307785,"16":-0.006473608,"17":-0.002530887,"18":-0.001716202},"FracExp":{"0":1.0,"1":1.0,"2":1.0,"3":1.0,"4":1.0,"5":1.0,"6":1.0,"7":1.0,"8":1.0,"9":0.999982,"10":1.0,"11":1.0,"12":1.0,"13":1.0,"14":1.0,"15":0.934309,"16":1.0,"17":0.083566,"18":0.27692},"BGrate":{"0":0.003243039,"1":0.01019243,"2":0.003397462,"3":0.01358988,"4":0.01630786,"5":0.01019241,"6":0.008918362,"7":0.004076963,"8":0.001598809,"9":0.002827649,"10":0.002519556,"11":0.001069625,"12":0.0004539972,"13":0.001788804,"14":0.000707618,"15":0.0006995779,"16":0.0006165327,"17":0.0004023604,"18":0.0002351325},"BGerr":{"0":0.001225753,"1":0.003397477,"2":0.002402368,"3":0.00480475,"4":0.0057657,"5":0.003397471,"6":0.003370824,"7":0.001664413,"8":0.0005652645,"9":0.0006664832,"10":0.0004761514,"11":0.0000724442,"12":0.0001259162,"13":0.0001762561,"14":0.0001163317,"15":0.0001236691,"16":0.0000802657,"17":0.0000251475,"18":0.0000227311},"CorrFact":{"0":8.8698,"1":8.827875,"2":8.785943,"3":8.824418,"4":8.765755,"5":8.785907,"6":8.816793,"7":8.811882,"8":8.846562,"9":2.796458,"10":1.281955,"11":3.021856,"12":1.301912,"13":1.308203,"14":1.306496,"15":1.286796,"16":1.29022,"17":1.490776,"18":1.433679},"CtsInSrc":{"0":21.0,"1":23.0,"2":31.0,"3":33.0,"4":31.0,"5":30.0,"6":30.0,"7":22.0,"8":20.0,"9":20.0,"10":15.0,"11":28.0,"12":15.0,"13":15.0,"14":17.0,"15":15.0,"16":16.0,"17":34.0,"18":6.0},"BGInSrc":{"0":0.178889,"1":0.230001,"2":0.051111,"3":0.204445,"4":0.204445,"5":0.230001,"6":0.178889,"7":0.153334,"8":0.204445,"9":0.503369,"10":0.802292,"11":1.464302,"12":0.104725,"13":0.829744,"14":0.298064,"15":0.266617,"16":0.491574,"17":1.382108,"18":0.423295},"Exposure":{"0":55.161068,"1":22.56584,"2":15.04396,"3":15.04392,"4":12.5366,"5":22.56588,"6":20.05856,"7":37.60982,"8":127.87336,"9":178.016692,"10":318.426,"11":1368.9858,"12":230.67328,"13":463.8543,"14":421.22092,"15":381.11052,"16":797.32048,"17":3435.001,"18":1800.2414},"Sigma":{"0":307.9414,"1":296.99899,"2":856.334168,"3":453.715066,"4":426.045764,"5":388.30303,"6":441.05018,"7":348.997855,"8":273.864599,"9":164.327265,"10":93.640698,"11":267.564355,"12":512.825665,"13":173.321315,"14":340.846523,"15":312.601062,"16":242.32859,"17":377.601566,"18":4.499843},"SNR":{"0":4.543044,"1":4.747266,"2":5.558467,"3":5.708521,"4":5.530579,"5":5.434701,"6":5.44415,"7":4.65731,"8":4.425843,"9":4.358046,"10":3.663027,"11":5.013895,"12":3.845835,"13":3.657929,"14":4.050529,"15":3.803862,"16":3.87661,"17":5.593309,"18":2.587935}}