{"Time":{"0":93.265,"1":133.651,"2":195.781,"3":269.745,"4":402.371,"5":3764.576,"6":3866.705,"7":3971.547,"8":4105.73,"9":4245.877,"10":4393.781,"11":4549.47,"12":4655.564,"13":5953.131,"14":6115.019,"15":10110.721,"16":17144.72,"17":85425.366,"18":104613.621},"TimePos":{"0":21.455,"1":23.694,"2":29.26,"3":60.603,"4":108.503,"5":51.176,"6":39.31,"7":47.297,"8":73.582,"9":63.816,"10":108.975,"11":33.519,"12":65.322,"13":59.901,"14":153.757,"15":1898.848,"16":6360.533,"17":10623.25,"18":3495.3},"TimeNeg":{"0":-11.14,"1":-18.931,"2":-38.437,"3":-44.704,"4":-72.023,"5":-64.161,"6":-50.953,"7":-65.532,"8":-86.886,"9":-66.564,"10":-84.088,"11":-46.715,"12":-72.575,"13":-72.987,"14":-101.987,"15":-636.273,"16":-1961.038,"17":-11302.178,"18":-2950.086},"Rate":{"0":1.43994,"1":1.087091,"2":0.6874279,"3":0.4380065,"4":0.2362912,"5":0.2290088,"6":0.296633,"7":0.2352907,"8":0.1667033,"9":0.2048038,"10":0.1383212,"11":0.3366761,"12":0.2137498,"13":0.2003923,"14":0.1552305,"15":0.4527928,"16":0.06531008,"17":0.01290154,"18":0.006403093},"RatePos":{"0":0.3222952,"1":0.2433186,"2":0.154772,"3":0.09890752,"4":0.04418136,"5":0.05144616,"6":0.06657581,"7":0.05300533,"8":0.03755423,"9":0.04613736,"10":0.03136526,"11":0.07591584,"12":0.04603673,"13":0.04505905,"14":0.02858778,"15":0.1120579,"16":0.01941743,"17":0.003300989,"18":0.002302096},"RateNeg":{"0":-0.3222952,"1":-0.2433186,"2":-0.154772,"3":-0.09890752,"4":-0.04418136,"5":-0.05144616,"6":-0.06657581,"7":-0.05300533,"8":-0.03755423,"9":-0.04613736,"10":-0.03136526,"11":-0.07591584,"12":-0.04603673,"13":-0.04505905,"14":-0.02858778,"15":-0.1120579,"16":-0.01941743,"17":-0.003300989,"18":-0.001879338},"FracExp":{"0":1.0,"1":1.0,"2":1.0,"3":1.0,"4":0.999996,"5":1.0,"6":1.0,"7":1.0,"8":1.0,"9":1.0,"10":1.0,"11":1.0,"12":1.0,"13":1.0,"14":1.0,"15":0.141431,"16":0.148542,"17":0.08794,"18":0.339992},"BGrate":{"0":0.0005937593,"1":0.0004540504,"2":0.002001186,"3":0.001837824,"4":0.001091686,"5":0.0007957425,"6":0.0008134254,"7":0.001301481,"8":0.0009151041,"9":0.001126282,"10":0.001426137,"11":0.002058987,"12":0.001597339,"13":0.0008274055,"14":0.001003166,"15":0.02534147,"16":0.006036748,"17":0.0004577299,"18":0.0003334154},"BGerr":{"0":0.0005937593,"1":0.0004540504,"2":0.0007563774,"3":0.0005811709,"4":0.0003452213,"5":0.0003558669,"6":0.0004067127,"7":0.0004601429,"8":0.0003235382,"9":0.0003982009,"10":0.0003682269,"11":0.0006863289,"12":0.000461112,"13":0.0003377869,"14":0.0002681073,"15":0.001108105,"16":0.0003395936,"17":0.0000395418,"18":0.0000282799},"CorrFact":{"0":2.349011,"1":2.319065,"2":2.342719,"3":2.328791,"4":1.480977,"5":1.326742,"6":1.343688,"7":1.337201,"8":1.347421,"9":1.344995,"10":1.353874,"11":1.361892,"12":1.353339,"13":1.338839,"14":1.334724,"15":7.085026,"16":4.881473,"17":1.543398,"18":1.366405},"CtsInSrc":{"0":20.0,"1":20.0,"2":20.0,"3":20.0,"4":29.0,"5":20.0,"6":20.0,"7":20.0,"8":20.0,"9":20.0,"10":20.0,"11":20.0,"12":22.0,"13":20.0,"14":30.0,"15":32.0,"16":24.0,"17":17.0,"18":11.0},"BGInSrc":{"0":0.019354,"1":0.019354,"2":0.135475,"3":0.193536,"4":0.197076,"5":0.091778,"6":0.073423,"7":0.146845,"8":0.146845,"9":0.146845,"10":0.275334,"11":0.165201,"12":0.220268,"13":0.109952,"14":0.256554,"15":9.086029,"16":7.462018,"17":0.882555,"18":0.73064},"Exposure":{"0":32.594948,"1":42.62424,"2":67.69728,"3":105.3069,"4":180.524932,"5":115.33648,"6":90.26336,"7":112.8292,"8":160.4681,"9":130.38032,"10":193.06312,"11":80.23396,"12":137.89656,"13":132.887248,"14":255.744252,"15":358.543903,"16":1236.098908,"17":1928.1137,"18":2191.3802},"Sigma":{"0":1032.401944,"1":1032.401944,"2":387.94347,"3":323.62811,"4":462.169987,"5":485.040749,"6":542.792043,"7":382.397721,"8":382.397721,"9":382.397721,"10":277.456418,"11":360.194696,"12":342.525315,"13":443.108158,"14":433.787267,"15":57.673607,"16":39.397603,"17":211.400795,"18":165.709511},"SNR":{"0":4.467767,"1":4.467767,"2":4.441552,"3":4.428445,"4":5.34821,"5":4.451426,"6":4.455568,"7":4.439001,"8":4.439001,"9":4.439001,"10":4.410012,"11":4.43486,"12":4.643028,"13":4.447326,"14":5.42996,"15":4.040702,"16":3.363477,"17":3.908386,"18":3.4071}}