{"Time":{"0":175.047,"1":195.608,"2":226.514,"3":278.531,"4":410.956,"5":729.88,"6":5522.533,"7":20849.302},"TimePos":{"0":8.697,"1":13.21,"2":24.928,"3":35.594,"4":131.335,"5":331.421,"6":1313.365,"7":47812.02},"TimeNeg":{"0":-6.346,"1":-11.863,"2":-17.697,"3":-27.089,"4":-96.831,"5":-187.589,"6":-1208.979,"7":-10793.594},"Rate":{"0":8.282544,"1":4.828717,"2":2.834227,"3":1.953433,"4":0.2255155,"5":0.07670176,"6":0.008424861,"7":0.001844632},"RatePos":{"0":1.857297,"1":1.085889,"2":0.6355538,"3":0.4384578,"4":0.05093867,"5":0.01990015,"6":0.002237726,"7":0.0005020103},"RateNeg":{"0":-1.857297,"1":-1.085889,"2":-0.6355538,"3":-0.4384578,"4":-0.05093867,"5":-0.01990015,"6":-0.002237726,"7":-0.0005020103},"FracExp":{"0":1.0,"1":1.0,"2":1.0,"3":0.999986,"4":0.999996,"5":1.0,"6":1.0,"7":0.206939},"BGrate":{"0":0.003733144,"1":0.004479777,"2":0.00131758,"3":0.001194622,"4":0.0008722418,"5":0.001112009,"6":0.000583288,"7":0.0001072475},"BGerr":{"0":0.002155331,"1":0.001828861,"2":0.000760705,"3":0.0005973109,"4":0.0002758271,"5":0.0002064949,"6":0.0000438426,"7":0.0000044882},"CorrFact":{"0":6.247627,"1":6.08774,"2":6.057366,"3":6.145265,"4":2.598594,"5":2.581166,"6":1.368455,"7":1.521931},"CtsInSrc":{"0":20.0,"1":20.0,"2":20.0,"3":20.0,"4":20.0,"5":16.0,"6":17.0,"7":16.0},"BGInSrc":{"0":0.056161,"1":0.112322,"2":0.056161,"3":0.074881,"4":0.199015,"5":0.577143,"6":1.471253,"7":1.300677},"Exposure":{"0":15.043888,"1":25.07312,"2":42.62436,"3":62.682032,"4":228.164892,"5":519.00964,"6":2522.3438,"7":12127.8101},"Sigma":{"0":615.084233,"1":433.705487,"2":615.084233,"3":532.178571,"4":314.630692,"5":143.906401,"6":140.422189,"7":270.050977},"SNR":{"0":4.459461,"1":4.446786,"2":4.459461,"3":4.455236,"4":4.427197,"5":3.854331,"6":3.76492,"7":3.67449}}