{"Time":{"0":218.803,"1":236.091,"2":254.992,"3":277.167,"4":301.098,"5":329.087,"6":354.894,"7":390.848,"8":436.995,"9":1040.239,"10":32863.459},"TimePos":{"0":7.07,"1":7.333,"2":8.491,"3":11.389,"4":17.546,"5":14.63,"6":18.91,"7":15.552,"8":34.595,"9":10723.778,"10":8201.862},"TimeNeg":{"0":-7.974,"1":-10.218,"2":-11.568,"3":-13.684,"4":-12.542,"5":-10.443,"6":-11.177,"7":-17.043,"8":-30.595,"9":-568.649,"10":-9322.195},"Rate":{"0":4.512774,"1":3.865023,"2":3.548862,"3":2.987928,"4":2.245729,"5":2.726485,"6":2.254752,"7":2.096449,"8":1.090071,"9":0.06838087,"10":0.006365061},"RatePos":{"0":1.013773,"1":0.8709553,"2":0.7767049,"3":0.6415216,"4":0.5044924,"5":0.6106014,"6":0.5073046,"7":0.4687803,"8":0.2399859,"9":0.01053781,"10":0.001672566},"RateNeg":{"0":-1.013773,"1":-0.8709553,"2":-0.7767049,"3":-0.6415216,"4":-0.5044924,"5":-0.6106014,"6":-0.5073046,"7":-0.4687803,"8":-0.2399859,"9":-0.01053781,"10":-0.001672566},"FracExp":{"0":1.0,"1":1.0,"2":1.0,"3":1.0,"4":1.0,"5":1.0,"6":1.0,"7":1.0,"8":1.0,"9":0.156978,"10":0.282149},"BGrate":{"0":0.006054121,"1":0.008648725,"2":0.003027063,"3":0.006054122,"4":0.00302706,"5":0.001210823,"6":0.00403608,"7":0.0,"8":0.002794209,"9":0.0005370567,"10":0.0001570584},"BGerr":{"0":0.003495348,"1":0.003867828,"2":0.002140457,"3":0.002707486,"4":0.001747674,"5":0.001210823,"6":0.00201804,"7":0.0,"8":0.001140731,"9":0.0000521636,"10":0.0000100546},"CorrFact":{"0":3.410012,"1":3.417737,"2":3.399584,"3":3.428966,"4":3.393906,"5":3.423276,"6":3.412746,"7":3.416697,"8":3.41351,"9":2.815835,"10":2.067297},"CtsInSrc":{"0":20.0,"1":20.0,"2":21.0,"3":22.0,"4":20.0,"5":20.0,"6":20.0,"7":20.0,"8":21.0,"9":44.0,"10":16.0},"BGInSrc":{"0":0.091078,"1":0.151796,"2":0.060718,"3":0.151796,"4":0.091078,"5":0.030359,"6":0.121437,"7":0.0,"8":0.182155,"9":0.952019,"10":0.776559},"Exposure":{"0":15.043888,"1":17.55124,"2":20.0585,"3":25.07314,"4":30.08778,"5":25.07316,"6":30.08778,"7":32.59508,"8":65.1902,"9":1772.659532,"10":4944.3956},"Sigma":{"0":378.614479,"1":292.379087,"2":487.704621,"3":321.840602,"4":378.614479,"5":657.779513,"6":327.389757,"7":1000.0,"8":279.943401,"9":465.543518,"10":306.219896},"SNR":{"0":4.451463,"1":4.437682,"2":4.569125,"3":4.657565,"4":4.451463,"5":4.465245,"6":4.444572,"7":4.472136,"8":4.542228,"9":6.489097,"10":3.805566}}