{"Time":{"0":142.658,"1":240.144,"2":371.547,"3":544.728,"4":773.627,"5":943.571,"6":1143.713,"7":1386.369,"8":1623.055,"9":1765.459,"10":5186.459,"11":5300.052,"12":5400.949,"13":5529.074,"14":5659.824,"15":5800.567,"16":5917.601,"17":6054.541,"18":11000.443,"19":11216.2,"20":11429.147,"21":11630.885,"22":11827.133,"23":12161.091,"24":24860.326,"25":32789.488,"26":151214.04},"TimePos":{"0":35.042,"1":75.458,"2":66.914,"3":106.855,"4":66.005,"5":89.125,"6":154.759,"7":137.762,"8":84.112,"9":67.06,"10":56.385,"11":45.593,"12":72.569,"13":62.287,"14":44.366,"15":51.556,"16":42.336,"17":128.54,"18":95.125,"19":120.07,"20":92.665,"21":91.513,"22":143.489,"23":203.17,"24":3594.038,"25":7715.034,"26":89928.736},"TimeNeg":{"0":-30.148,"1":-62.445,"2":-55.945,"3":-106.267,"4":-122.044,"5":-103.939,"6":-111.017,"7":-87.897,"8":-98.923,"9":-58.293,"10":-48.922,"11":-57.207,"12":-55.304,"13":-55.557,"14":-68.463,"15":-96.376,"16":-65.479,"17":-94.604,"18":-138.055,"19":-120.632,"20":-92.876,"21":-109.072,"22":-104.735,"23":-190.468,"24":-6077.353,"25":-4335.124,"26":-76817.448},"Rate":{"0":0.6687502,"1":0.3045301,"2":0.1974205,"3":0.1135069,"4":0.09516826,"5":0.09302745,"6":0.06685683,"7":0.08376595,"8":0.1316616,"9":0.2027628,"10":0.2298267,"11":0.236447,"12":0.1909608,"13":0.2066606,"14":0.2151944,"15":0.1634084,"16":0.2275199,"17":0.1927285,"18":0.09590369,"19":0.09865773,"20":0.1358512,"21":0.09385344,"22":0.1009327,"23":0.09169254,"24":0.02985049,"25":0.0246856,"26":0.004493444},"RatePos":{"0":0.1499954,"1":0.06844356,"2":0.04475012,"3":0.02583813,"4":0.02520187,"5":0.02459995,"6":0.01783146,"7":0.02155852,"8":0.02971885,"9":0.04460021,"10":0.05189018,"11":0.05309826,"12":0.04302215,"13":0.0464591,"14":0.04837757,"15":0.03689428,"16":0.05125866,"17":0.03277735,"18":0.02289923,"19":0.02289516,"20":0.03068808,"21":0.02446888,"22":0.02283354,"23":0.01721585,"24":0.007923008,"25":0.003351376,"26":0.0009043322},"RateNeg":{"0":-0.1499954,"1":-0.06844356,"2":-0.04475012,"3":-0.02583813,"4":-0.02520187,"5":-0.02459995,"6":-0.01783146,"7":-0.02155852,"8":-0.02971885,"9":-0.04460021,"10":-0.05189018,"11":-0.05309826,"12":-0.04302215,"13":-0.0464591,"14":-0.04837757,"15":-0.03689428,"16":-0.05125866,"17":-0.03277735,"18":-0.02289923,"19":-0.02289516,"20":-0.03068808,"21":-0.02446888,"22":-0.02283354,"23":-0.01721585,"24":-0.007923008,"25":-0.003351376,"26":-0.0009043322},"FracExp":{"0":1.0,"1":0.999989,"2":1.0,"3":1.0,"4":1.0,"5":1.0,"6":1.0,"7":1.0,"8":1.0,"9":1.0,"10":1.0,"11":1.0,"12":1.0,"13":1.0,"14":1.0,"15":1.0,"16":1.0,"17":1.0,"18":1.0,"19":1.0,"20":1.0,"21":1.0,"22":1.0,"23":1.0,"24":0.07933,"25":0.246773,"26":0.053801},"BGrate":{"0":0.0009281157,"1":0.000731251,"2":0.002180705,"3":0.001643916,"4":0.001972698,"5":0.001814711,"6":0.001783492,"7":0.002009227,"8":0.001013371,"9":0.001315275,"10":0.0018087,"11":0.0008234726,"12":0.001158514,"13":0.0008979358,"14":0.0009378441,"15":0.001287549,"16":0.00137405,"17":0.0009484138,"18":0.0009858117,"19":0.0008953164,"20":0.001084059,"21":0.000716253,"22":0.0009260642,"23":0.0008029548,"24":0.0005301459,"25":0.0004654395,"26":0.0001900509},"BGerr":{"0":0.0005358478,"1":0.0003270254,"2":0.0006048186,"3":0.0003987082,"4":0.0004649695,"5":0.0004401321,"6":0.0003718838,"7":0.0004283687,"8":0.0003377904,"9":0.0004650199,"10":0.0006029002,"11":0.0004117363,"12":0.000437877,"13":0.0004015691,"14":0.0004194166,"15":0.0004291829,"16":0.0005193422,"17":0.0002999148,"18":0.0002464529,"19":0.0002311697,"20":0.0002897269,"21":0.0002264991,"22":0.000231516,"23":0.0001711905,"24":0.0000728211,"25":0.0000350838,"26":0.0000083343},"CorrFact":{"0":2.186416,"1":2.110391,"2":1.229208,"3":1.231109,"4":1.223342,"5":1.225984,"6":1.223253,"7":1.215864,"8":1.216211,"9":1.219902,"10":1.221757,"11":1.220504,"12":1.230049,"13":1.224162,"14":1.220469,"15":1.220286,"16":1.235652,"17":1.236223,"18":1.258452,"19":1.264189,"20":1.273106,"21":1.267179,"22":1.267264,"23":1.258325,"24":1.569379,"25":1.319882,"26":1.533036},"CtsInSrc":{"0":20.0,"1":20.0,"2":20.0,"3":20.0,"4":15.0,"5":15.0,"6":15.0,"7":16.0,"8":20.0,"9":21.0,"10":20.0,"11":20.0,"12":20.0,"13":20.0,"14":20.0,"15":20.0,"16":20.0,"17":35.0,"18":18.0,"19":19.0,"20":20.0,"21":15.0,"22":20.0,"23":29.0,"24":15.0,"25":57.0,"26":28.0},"BGInSrc":{"0":0.060504,"1":0.10084,"2":0.267919,"3":0.350355,"4":0.370964,"5":0.350355,"6":0.47401,"7":0.453401,"8":0.185482,"9":0.164873,"10":0.190469,"11":0.084653,"12":0.148143,"13":0.105816,"14":0.105816,"15":0.190469,"16":0.148143,"17":0.211633,"18":0.229872,"19":0.215505,"20":0.201138,"21":0.14367,"22":0.229872,"23":0.316074,"24":0.406747,"25":1.384057,"26":1.704969},"Exposure":{"0":65.190308,"1":137.900992,"2":122.85872,"3":213.12226,"4":188.04912,"5":193.0638,"6":265.77622,"7":225.6592,"8":183.0347,"9":125.35248,"10":105.3073,"11":102.80008,"12":127.87318,"13":117.84396,"14":112.82932,"15":147.93178,"16":107.81472,"17":223.14376,"18":233.18032,"19":240.70248,"20":185.54152,"21":200.58544,"22":248.22456,"23":393.63838,"24":767.23536,"25":2973.65624,"26":8971.1194},"Sigma":{"0":570.807492,"1":441.251155,"2":265.547212,"3":231.244158,"4":167.309258,"5":172.402342,"6":146.967854,"7":160.829084,"8":320.481363,"9":357.43056,"10":312.011291,"11":470.516936,"12":354.543478,"13":420.395928,"14":420.395928,"15":312.011291,"16":354.543478,"17":519.818135,"18":309.217959,"19":337.588806,"20":368.307323,"21":326.99844,"22":344.019954,"23":425.658584,"24":261.19572,"25":533.091366,"26":351.689095},"SNR":{"0":4.458471,"1":4.449361,"2":4.411619,"3":4.393001,"4":3.776239,"5":3.781612,"6":3.749374,"7":3.885515,"8":4.430238,"9":4.54623,"10":4.429099,"11":4.453008,"12":4.438662,"13":4.448226,"14":4.448226,"15":4.429099,"16":4.438662,"17":5.879931,"18":4.188075,"19":4.309108,"20":4.42684,"21":3.835624,"22":4.42037,"23":5.326054,"24":3.76757,"25":7.365808,"26":4.968798}}