{"Time":{"0":322.945,"1":339.296,"2":363.016,"3":390.224,"4":431.521,"5":492.997,"6":588.236,"7":728.19,"8":868.203,"9":4908.324,"10":6506.707,"11":14958.307,"12":32310.302,"13":42131.812,"14":54212.277,"15":72762.528,"16":182255.664,"17":442275.007},"TimePos":{"0":6.3,"1":7.5,"2":16.375,"3":19.255,"4":28.104,"5":44.356,"6":82.005,"7":42.344,"8":87.872,"9":1205.617,"10":236.565,"11":7251.103,"12":2199.016,"13":4678.702,"14":4599.188,"15":13464.267,"16":71614.782,"17":292854.562},"TimeNeg":{"0":-8.744,"1":-10.051,"2":-16.22,"3":-10.833,"4":-22.042,"5":-33.372,"6":-50.883,"7":-57.949,"8":-97.669,"9":-679.753,"10":-392.766,"11":-4943.593,"12":-4935.514,"13":-3187.356,"14":-3685.324,"15":-10657.021,"16":-73880.87,"17":-182322.054},"Rate":{"0":2.7941,"1":2.565221,"2":1.434391,"3":1.402795,"4":0.8782249,"5":0.54275,"6":0.3322702,"7":0.4277365,"8":0.2236005,"9":0.03257861,"10":0.03800731,"11":0.02203318,"12":0.01805367,"13":0.009080539,"14":0.006810032,"15":0.003192392,"16":0.001454146,"17":0.0003500522},"RatePos":{"0":0.6269716,"1":0.5610224,"2":0.3064626,"3":0.3144073,"4":0.1924989,"5":0.1219309,"6":0.07283061,"7":0.09564479,"8":0.04114799,"9":0.008551649,"10":0.009028168,"11":0.004486016,"12":0.003916906,"13":0.002075151,"14":0.001561763,"15":0.0007512412,"16":0.0003938197,"17":0.0001162486},"RateNeg":{"0":-0.6269716,"1":-0.5610224,"2":-0.3064626,"3":-0.3144073,"4":-0.1924989,"5":-0.1219309,"6":-0.07283061,"7":-0.09564479,"8":-0.04114799,"9":-0.008551649,"10":-0.009028168,"11":-0.004486016,"12":-0.003916906,"13":-0.002075151,"14":-0.001561763,"15":-0.0007512412,"16":-0.0003938197,"17":-0.0001162486},"FracExp":{"0":1.0,"1":1.0,"2":1.0,"3":1.0,"4":1.0,"5":1.0,"6":1.0,"7":1.0,"8":0.99997,"9":0.31784,"10":1.0,"11":0.148653,"12":0.314883,"13":0.478443,"14":0.599548,"15":0.451228,"16":0.112358,"17":0.112333},"BGrate":{"0":0.004594848,"1":0.002625627,"2":0.0014138,"3":0.001531616,"4":0.001837939,"5":0.001185767,"6":0.0006935625,"7":0.0,"8":0.001259767,"9":0.0004077803,"10":0.0002201078,"11":0.0002432336,"12":0.0001691493,"13":0.0001142447,"14":0.000100408,"15":0.0000913706,"16":0.0000751886,"17":0.000062489},"BGerr":{"0":0.002652837,"1":0.001856599,"2":0.0009997073,"3":0.001083016,"4":0.0009189697,"5":0.0005928837,"6":0.0003467812,"7":0.0,"8":0.0003983732,"9":0.0000757229,"10":0.000053384,"11":0.00002994,"12":0.0000209804,"13":0.0000098692,"14":0.0000072275,"15":0.0000046386,"16":0.0000030955,"17":0.0000013424},"CorrFact":{"0":2.109007,"1":2.148666,"2":2.129659,"3":2.115235,"4":2.106386,"5":2.119086,"6":2.111879,"7":2.14495,"8":1.393718,"9":1.323059,"10":1.33915,"11":1.626334,"12":1.875962,"13":1.746251,"14":1.73451,"15":1.828238,"16":1.609372,"17":1.601878},"CtsInSrc":{"0":20.0,"1":21.0,"2":22.0,"3":20.0,"4":21.0,"5":20.0,"6":21.0,"7":20.0,"8":30.0,"9":15.0,"10":18.0,"11":25.0,"12":22.0,"13":20.0,"14":20.0,"15":20.0,"16":16.0,"17":15.0},"BGInSrc":{"0":0.069125,"1":0.046083,"2":0.046083,"3":0.046083,"4":0.092166,"5":0.092166,"6":0.092166,"7":0.0,"8":0.233731,"9":0.244361,"10":0.138521,"11":0.440929,"12":0.380001,"13":0.429955,"14":0.498723,"15":0.994495,"16":1.229153,"17":3.33553},"Exposure":{"0":15.043968,"1":17.5513,"2":32.59526,"3":30.08794,"4":50.14656,"5":77.72716,"6":132.8883,"7":100.29304,"8":185.535272,"9":599.2455,"10":629.3315,"11":1812.7779,"12":2246.5408,"13":3763.4573,"14":4966.9613,"15":10884.1893,"16":16347.596,"17":53377.909699},"Sigma":{"0":499.405609,"1":643.039855,"2":673.728144,"3":612.351566,"4":453.697842,"5":431.997945,"6":453.697842,"7":1000.0,"8":402.72423,"9":325.181638,"10":531.651486,"11":452.496965,"12":458.699153,"13":526.891523,"14":543.228402,"15":376.437233,"16":291.894107,"17":162.790711},"SNR":{"0":4.456502,"1":4.572404,"2":4.680478,"3":4.461713,"4":4.562233,"5":4.451291,"6":4.562233,"7":4.472136,"8":5.434058,"9":3.809628,"10":4.209859,"11":4.911525,"12":4.609167,"13":4.375844,"14":4.360478,"15":4.249489,"16":3.692416,"17":3.011238}}