{"Time":{"0":482.917,"1":523.918,"2":547.252,"3":574.399,"4":606.672,"5":660.58,"6":715.253,"7":823.024,"8":1026.025,"9":1233.846,"10":1444.873,"11":1717.469,"12":6209.305,"13":6669.868,"14":7286.376,"15":13308.3,"16":72020.461},"TimePos":{"0":16.97,"1":16.086,"2":12.81,"3":13.244,"4":21.088,"5":29.863,"6":47.902,"7":83.047,"8":105.704,"9":126.049,"10":115.607,"11":143.887,"12":279.172,"13":234.822,"14":352.949,"15":4909.63,"16":90454.811},"TimeNeg":{"0":-10.611,"1":-24.031,"2":-7.248,"3":-14.337,"4":-19.029,"5":-32.82,"6":-24.81,"7":-59.87,"8":-119.954,"9":-102.116,"10":-84.978,"11":-156.989,"12":-289.988,"13":-181.391,"14":-381.686,"15":-2402.189,"16":-19601.785},"Rate":{"0":2.519088,"1":1.812336,"2":3.477269,"3":2.536035,"4":1.805794,"5":1.151388,"6":1.000645,"7":0.4823695,"8":0.1456618,"9":0.1052913,"10":0.125051,"11":0.0920762,"12":0.03595512,"13":0.05043396,"14":0.04877746,"15":0.009934374,"16":0.002902895},"RatePos":{"0":0.5679905,"1":0.3970504,"2":0.778347,"3":0.5670746,"4":0.3944456,"5":0.253,"6":0.2190065,"7":0.1086487,"8":0.0330691,"9":0.02383015,"10":0.02849122,"11":0.01962792,"12":0.009456785,"13":0.01316079,"14":0.009680747,"15":0.002124511,"16":0.0009169973},"RateNeg":{"0":-0.5679905,"1":-0.3970504,"2":-0.778347,"3":-0.5670746,"4":-0.3944456,"5":-0.253,"6":-0.2190065,"7":-0.1086487,"8":-0.0330691,"9":-0.02383015,"10":-0.02849122,"11":-0.01962792,"12":-0.009456785,"13":-0.01316079,"14":-0.009680747,"15":-0.002124511,"16":-0.0007666553},"FracExp":{"0":1.0,"1":1.0,"2":1.0,"3":1.0,"4":1.0,"5":1.0,"6":1.0,"7":1.0,"8":0.999989,"9":1.0,"10":0.94999,"11":0.98333,"12":1.0,"13":1.0,"14":1.0,"15":0.42178,"16":0.061306},"BGrate":{"0":0.005946836,"1":0.002044224,"2":0.001022112,"3":0.0,"4":0.0005110562,"5":0.002289532,"6":0.0008458865,"7":0.001004181,"8":0.001321222,"9":0.001041991,"10":0.001928201,"11":0.001680198,"12":0.0004807624,"13":0.0003785197,"14":0.0004176197,"15":0.0003530336,"16":0.0001461626},"BGerr":{"0":0.002102524,"1":0.001022112,"2":0.001022112,"3":0.0,"4":0.0005110562,"5":0.0008653619,"6":0.0004883728,"7":0.0003795449,"8":0.0003531114,"9":0.0003141721,"10":0.0004676575,"11":0.0003503454,"12":0.00008369,"13":0.0000868384,"14":0.0000686563,"15":0.0000267634,"16":0.0000076715},"CorrFact":{"0":3.502603,"1":3.475742,"2":3.491022,"3":3.497248,"4":3.453041,"5":3.460422,"6":3.474888,"7":3.471847,"8":1.668339,"9":1.215641,"10":1.213743,"11":1.21059,"12":1.38963,"13":1.414273,"14":1.394673,"15":1.337221,"16":1.505014},"CtsInSrc":{"0":20.0,"1":21.0,"2":20.0,"3":20.0,"4":21.0,"5":21.0,"6":21.0,"7":20.0,"8":20.0,"9":20.0,"10":20.0,"11":23.0,"12":15.0,"13":15.0,"14":26.0,"15":24.0,"16":14.0},"BGInSrc":{"0":0.164016,"1":0.082008,"2":0.020502,"3":0.0,"4":0.020502,"5":0.143514,"6":0.061506,"7":0.143514,"8":0.298141,"9":0.237746,"10":0.367426,"11":0.497105,"12":0.273631,"13":0.157545,"14":0.306798,"15":1.088748,"16":0.98618},"Exposure":{"0":27.580448,"1":40.11704,"2":20.05852,"3":27.58044,"4":40.11702,"5":62.68282,"6":72.71206,"7":142.91676,"8":225.655432,"9":228.16512,"10":190.55356,"11":295.86118,"12":569.1598,"13":416.21324,"14":734.63476,"15":3083.979,"16":6747.1443},"Sigma":{"0":342.067217,"1":510.143902,"2":974.512195,"3":1000.0,"4":1023.287805,"5":384.498649,"6":589.640789,"7":366.063201,"8":247.25759,"9":275.689107,"10":220.309012,"11":217.09706,"12":309.163317,"13":410.656009,"14":509.408994,"15":277.584979,"16":251.421198},"SNR":{"0":4.435088,"1":4.564497,"2":4.467505,"3":4.472136,"4":4.578056,"5":4.550939,"6":4.569017,"7":4.439719,"8":4.404771,"9":4.418407,"10":4.389106,"11":4.691082,"12":3.802045,"13":3.832139,"14":5.038605,"15":4.676076,"16":3.786442}}