{"Time":{"0":6112.497},"TimePos":{"0":26524.998},"TimeNeg":{"0":-2309.332},"Rate":{"0":0.006635833},"RatePos":{"0":0.001325398},"RateNeg":{"0":-0.001325398},"FracExp":{"0":0.197302},"BGrate":{"0":0.0002643129},"BGerr":{"0":0.0000150851},"CorrFact":{"0":1.42479},"CtsInSrc":{"0":28.0},"BGInSrc":{"0":1.503693},"Exposure":{"0":5689.0637},"Sigma":{"0":308.741744},"SNR":{"0":5.006673}}