{"Time":{"0":149.439,"1":179.634,"2":200.814,"3":222.386,"4":289.874,"5":420.416,"6":518.264,"7":608.069,"8":659.069,"9":708.621,"10":779.792,"11":911.044,"12":25808.265,"13":58276.973},"TimePos":{"0":22.328,"1":7.176,"2":11.07,"3":19.586,"4":69.942,"5":57.244,"6":54.674,"7":25.045,"8":31.713,"9":19.771,"10":43.879,"11":95.653,"12":7407.159,"13":9971.546},"TimeNeg":{"0":-35.341,"1":-7.868,"2":-14.003,"3":-10.502,"4":-47.902,"5":-60.6,"6":-40.604,"7":-35.131,"8":-25.955,"9":-17.839,"10":-51.399,"11":-87.374,"12":-4434.162,"13":-6751.895},"Rate":{"0":2.347831,"1":8.622138,"2":5.498067,"3":4.096144,"4":1.036315,"5":1.041521,"6":1.291137,"7":2.130519,"8":2.124685,"9":3.289876,"10":1.274949,"11":0.8995184,"12":0.01727028,"13":0.009312583},"RatePos":{"0":0.5063946,"1":1.89421,"2":1.179745,"3":0.9263633,"4":0.2374104,"5":0.235881,"6":0.2915818,"7":0.4718795,"8":0.4811933,"9":0.7387605,"10":0.2912393,"11":0.1760509,"12":0.003527342,"13":0.002258319},"RateNeg":{"0":-0.5063946,"1":-1.89421,"2":-1.179745,"3":-0.9263633,"4":-0.2374104,"5":-0.235881,"6":-0.2915818,"7":-0.4718795,"8":-0.4811933,"9":-0.7387605,"10":-0.2912393,"11":-0.1760509,"12":-0.003527342,"13":-0.002258319},"FracExp":{"0":1.0,"1":1.0,"2":1.0,"3":1.0,"4":1.0,"5":1.0,"6":1.0,"7":1.0,"8":1.0,"9":1.0,"10":1.0,"11":1.0,"12":0.161771,"13":0.155924},"BGrate":{"0":0.004336514,"1":0.009235143,"2":0.005541094,"3":0.007388139,"4":0.004008455,"5":0.002122125,"6":0.002041459,"7":0.005079344,"8":0.004336519,"9":0.002216443,"10":0.004374561,"11":0.00242908,"12":0.0005380191,"13":0.0003920968},"BGerr":{"0":0.001445505,"1":0.004130081,"2":0.002478053,"3":0.002612101,"4":0.0009721931,"5":0.000707375,"6":0.0007715991,"7":0.00153148,"8":0.001445506,"9":0.001279664,"10":0.001129507,"11":0.0006072701,"12":0.0000475546,"13":0.0000298971},"CorrFact":{"0":6.225113,"1":6.217864,"2":6.305935,"3":6.231471,"4":6.253894,"5":6.214562,"6":6.21127,"7":6.195196,"8":6.203928,"9":6.212473,"10":6.203009,"11":6.19971,"12":1.324925,"13":1.350762},"CtsInSrc":{"0":22.0,"1":21.0,"2":22.0,"3":20.0,"4":20.0,"5":20.0,"6":20.0,"7":21.0,"8":20.0,"9":20.0,"10":20.0,"11":27.0,"12":26.0,"13":19.0},"BGInSrc":{"0":0.25008,"1":0.138933,"2":0.138933,"3":0.222293,"4":0.472373,"5":0.25008,"6":0.194507,"7":0.305653,"8":0.25008,"9":0.08336,"10":0.4168,"11":0.444587,"12":1.030617,"13":1.022429},"Exposure":{"0":57.668428,"1":15.04398,"2":25.07326,"3":30.08786,"4":117.84422,"5":117.84412,"6":95.27822,"7":60.17574,"8":57.66836,"9":37.6098,"10":95.27812,"11":183.026692,"12":1915.5772,"13":2607.592},"Sigma":{"0":260.915608,"1":335.749334,"2":351.843877,"3":251.648641,"4":170.446723,"5":236.92328,"6":269.401677,"7":224.553086,"8":236.92328,"9":413.827261,"10":181.970791,"11":238.922321,"12":274.104066,"13":230.601581},"SNR":{"0":4.636366,"1":4.55184,"2":4.660386,"3":4.421747,"4":4.365078,"5":4.415449,"6":4.428045,"7":4.514964,"8":4.415449,"9":4.453238,"10":4.377669,"11":5.109423,"12":4.896118,"13":4.123678}}