{"Time":{"0":99.648,"1":168.588,"2":247.834,"3":325.145,"4":418.272,"5":593.171,"6":711.039,"7":888.639,"8":1069.258,"9":1323.097,"10":1445.774,"11":1546.807,"12":1688.392,"13":1855.273,"14":2010.469,"15":6354.207,"16":6679.72,"17":6998.744,"18":7654.686,"19":23451.005},"TimePos":{"0":35.439,"1":29.181,"2":30.169,"3":33.093,"4":97.927,"5":58.422,"6":60.905,"7":86.397,"8":136.452,"9":68.153,"10":45.769,"11":60.072,"12":83.97,"13":67.527,"14":140.495,"15":152.042,"16":154.987,"17":176.956,"18":260.665,"19":47723.452},"TimeNeg":{"0":-32.259,"1":-33.502,"2":-50.065,"3":-47.141,"4":-60.034,"5":-76.973,"6":-59.446,"7":-116.695,"8":-94.221,"9":-117.388,"10":-54.524,"11":-55.264,"12":-81.513,"13":-82.911,"14":-87.668,"15":-148.835,"16":-173.47,"17":-164.037,"18":-478.986,"19":-10970.423},"Rate":{"0":1.672334,"1":1.816857,"2":1.567667,"3":1.427257,"4":0.718787,"5":0.8428427,"6":0.9488295,"7":0.5588695,"8":0.4909309,"9":0.2459726,"10":0.3825323,"11":0.3345303,"12":0.3741769,"13":0.2638538,"14":0.257915,"15":0.06561702,"16":0.0604666,"17":0.05838495,"18":0.04938974,"19":0.004908674},"RatePos":{"0":0.3764004,"1":0.4081632,"2":0.3359351,"3":0.3200389,"4":0.1626963,"5":0.1897027,"6":0.2129585,"7":0.1264992,"8":0.1113314,"9":0.0557514,"10":0.08587265,"11":0.07546729,"12":0.0840733,"13":0.05811876,"14":0.04855899,"15":0.01712751,"16":0.01573078,"17":0.01517485,"18":0.009582439,"19":0.0008583858},"RateNeg":{"0":-0.3764004,"1":-0.4081632,"2":-0.3359351,"3":-0.3200389,"4":-0.1626963,"5":-0.1897027,"6":-0.2129585,"7":-0.1264992,"8":-0.1113314,"9":-0.0557514,"10":-0.08587265,"11":-0.07546729,"12":-0.0840733,"13":-0.05811876,"14":-0.04855899,"15":-0.01712751,"16":-0.01573078,"17":-0.01517485,"18":-0.009582439,"19":-0.0008583858},"FracExp":{"0":1.0,"1":1.0,"2":1.0,"3":1.0,"4":1.0,"5":1.0,"6":1.0,"7":1.0,"8":1.0,"9":0.999964,"10":1.0,"11":1.0,"12":0.999986,"13":1.0,"14":1.0,"15":1.0,"16":1.0,"17":1.0,"18":1.0,"19":0.183945},"BGrate":{"0":0.001909425,"1":0.001472985,"2":0.001380923,"3":0.0006904618,"4":0.001519747,"5":0.0009547135,"6":0.0006137443,"7":0.001182027,"8":0.001200805,"9":0.001437126,"10":0.0007724311,"11":0.001511278,"12":0.0005764442,"13":0.001287384,"14":0.00848832,"15":0.0005373979,"16":0.0003424508,"17":0.0002886283,"18":0.0009789675,"19":0.0001562312},"BGerr":{"0":0.0007216947,"1":0.0006587389,"2":0.0005637596,"3":0.0003986383,"4":0.0004215019,"5":0.0003608478,"6":0.0003068721,"7":0.0003278352,"8":0.0003100465,"9":0.000384088,"10":0.0003862156,"11":0.0005037594,"12":0.0002577937,"13":0.0004071067,"14":0.000848832,"15":0.0001120552,"16":0.0000856127,"17":0.0000771392,"18":0.0000964605,"19":0.0000064319},"CorrFact":{"0":5.69747,"1":5.720704,"2":5.746228,"3":5.741636,"4":5.745981,"5":5.742948,"6":5.730797,"7":5.74405,"8":5.741738,"9":2.312651,"10":1.925714,"11":1.946136,"12":3.110781,"13":1.907778,"14":1.957432,"15":1.33052,"16":1.334051,"17":1.336027,"18":1.339319,"19":1.544481},"CtsInSrc":{"0":20.0,"1":20.0,"2":22.0,"3":20.0,"4":20.0,"5":20.0,"6":20.0,"7":20.0,"8":20.0,"9":20.0,"10":20.0,"11":20.0,"12":20.0,"13":21.0,"14":32.0,"15":15.0,"16":15.0,"17":15.0,"18":28.0,"19":36.0},"BGInSrc":{"0":0.129263,"1":0.092331,"2":0.110797,"3":0.055399,"4":0.240061,"5":0.129263,"6":0.073865,"7":0.240061,"8":0.276993,"9":0.266636,"10":0.077469,"11":0.174305,"12":0.09539,"13":0.193673,"14":1.936725,"15":0.161691,"16":0.112481,"17":0.09842,"18":0.724093,"19":1.686739},"Exposure":{"0":67.69754,"1":62.6829,"2":80.23412,"3":80.2341,"4":157.96088,"5":135.39492,"6":120.35106,"7":203.09228,"8":230.67266,"9":185.53442,"10":100.29246,"11":115.33634,"12":165.48024,"13":150.4388,"14":228.16358,"15":300.87718,"16":328.45746,"17":340.9938,"18":739.65016,"19":10796.4338},"Sigma":{"0":406.712542,"1":482.123197,"2":483.923751,"3":623.573071,"4":296.781313,"5":406.712542,"6":539.53012,"7":296.781313,"8":275.771968,"9":276.914648,"10":514.335439,"11":341.223626,"12":466.589809,"13":339.724888,"14":155.227341,"15":440.111902,"16":529.425633,"17":566.514331,"18":382.299029,"19":494.128642},"SNR":{"0":4.442967,"1":4.4513,"2":4.666577,"3":4.459634,"4":4.417967,"5":4.442967,"6":4.455467,"7":4.417967,"8":4.409635,"9":4.411954,"10":4.454646,"11":4.432786,"12":4.450604,"13":4.539907,"14":5.311374,"15":3.83109,"16":3.84384,"17":3.847483,"18":5.154193,"19":5.718494}}