{"Time":{"0":3153.994,"1":3265.97,"2":3419.461,"3":3574.324,"4":3734.749,"5":3847.535,"6":3975.06,"7":4140.006,"8":4371.02,"9":4589.775,"10":4775.824,"11":4959.919,"12":5141.789,"13":5400.584,"14":9114.424,"15":9309.882,"16":9486.11,"17":9677.561,"18":9862.11,"19":10054.589,"20":10259.818,"21":10419.394,"22":10629.403,"23":10824.493,"24":11046.03,"25":14880.664,"26":15033.81,"27":15210.233,"28":15433.212,"29":15705.339,"30":15943.445,"31":16129.616,"32":16343.875,"33":16519.882,"34":16782.196,"35":20618.077,"36":20914.059,"37":21212.099,"38":21424.454,"39":21720.517,"40":21988.843,"41":22284.043,"42":22605.809,"43":26398.741,"44":26838.72,"45":27316.217,"46":27612.262,"47":28104.332,"48":32078.337,"49":32529.373,"50":32931.091,"51":33396.617,"52":33951.489,"53":73066.802,"54":79291.588,"55":84818.629,"56":90475.906},"TimePos":{"0":39.457,"1":55.354,"2":79.882,"3":77.965,"4":60.456,"5":70.529,"6":73.384,"7":124.066,"8":91.13,"9":90.511,"10":87.496,"11":61.362,"12":90.105,"13":137.193,"14":121.457,"15":91.481,"16":75.721,"17":84.855,"18":83.339,"19":151.621,"20":71.757,"21":92.708,"22":80.777,"23":96.301,"24":261.394,"25":60.721,"26":93.116,"27":77.161,"28":162.581,"29":113.605,"30":88.62,"31":110.556,"32":71.809,"33":88.865,"34":275.25,"35":127.351,"36":114.695,"37":74.909,"38":198.533,"39":140.665,"40":158.172,"41":83.615,"42":218.171,"43":153.446,"44":300.177,"45":141.108,"46":110.839,"47":490.716,"48":134.892,"49":145.2,"50":237.422,"51":200.645,"52":402.329,"53":627.076,"54":822.84,"55":876.485,"56":377.796},"TimeNeg":{"0":-40.777,"1":-72.519,"2":-98.137,"3":-74.981,"4":-82.461,"5":-52.33,"6":-56.996,"7":-91.563,"8":-106.947,"9":-127.625,"10":-95.538,"11":-96.599,"12":-120.509,"13":-168.689,"14":-129.273,"15":-74.001,"16":-84.747,"17":-115.73,"18":-99.694,"19":-109.139,"20":-53.608,"21":-87.819,"22":-117.301,"23":-114.313,"24":-125.236,"25":-59.629,"26":-92.425,"27":-83.307,"28":-145.818,"29":-109.546,"30":-124.501,"31":-97.551,"32":-103.703,"33":-104.198,"34":-173.449,"35":-120.872,"36":-168.631,"37":-183.344,"38":-137.447,"39":-97.53,"40":-127.661,"41":-137.028,"42":-238.15,"43":-237.694,"44":-286.533,"45":-177.32,"46":-154.936,"47":-381.231,"48":-150.94,"49":-316.144,"50":-256.518,"51":-228.104,"52":-354.226,"53":-614.037,"54":-658.974,"55":-673.026,"56":-264.072},"Rate":{"0":0.3063852,"1":0.1901799,"2":0.1354456,"3":0.1562726,"4":0.1712339,"5":0.197312,"6":0.18551,"7":0.1116685,"8":0.1225273,"9":0.1109133,"10":0.09841951,"11":0.1622493,"12":0.1146197,"13":0.1144628,"14":0.07663276,"15":0.1542946,"16":0.1583308,"17":0.09417331,"18":0.138572,"19":0.09684325,"20":0.2039071,"21":0.1421252,"22":0.09619851,"23":0.1210246,"24":0.07438106,"25":0.2008121,"26":0.1320819,"27":0.152542,"28":0.05910231,"29":0.1089187,"30":0.08650047,"31":0.1170669,"32":0.1397988,"33":0.2005395,"34":0.1061495,"35":0.09595157,"36":0.06621828,"37":0.07238254,"38":0.05531491,"39":0.08416697,"40":0.0657495,"41":0.09207429,"42":0.06048179,"43":0.05009361,"44":0.03343727,"45":0.06133304,"46":0.07391065,"47":0.03805916,"48":0.0691747,"49":0.0426946,"50":0.04011512,"51":0.04573056,"52":0.05637952,"53":0.01864092,"54":0.01519643,"55":0.01395338,"56":0.02429225},"RatePos":{"0":0.0687405,"1":0.04271664,"2":0.0304912,"3":0.03566152,"4":0.03846116,"5":0.04431861,"6":0.04176157,"7":0.02525229,"8":0.02770784,"9":0.02508151,"10":0.02564125,"11":0.03563345,"12":0.02597842,"13":0.02140381,"14":0.02017728,"15":0.03477335,"16":0.03564284,"17":0.02464593,"18":0.0311948,"19":0.02189953,"20":0.04579976,"21":0.03188707,"22":0.02510014,"23":0.02733687,"24":0.01970412,"25":0.04510067,"26":0.02976274,"27":0.03441112,"28":0.01553248,"29":0.02451618,"30":0.02266549,"31":0.02649637,"32":0.03146688,"33":0.04421705,"34":0.02335171,"35":0.02219929,"36":0.01733221,"37":0.0188901,"38":0.01452104,"39":0.02119552,"40":0.01714228,"41":0.02316564,"42":0.01308462,"43":0.01303414,"44":0.008763156,"45":0.01600278,"46":0.01917826,"47":0.007925058,"48":0.01794963,"49":0.01122736,"50":0.01047864,"51":0.01194547,"52":0.01058681,"53":0.00448948,"54":0.003708504,"55":0.003620018,"56":0.007894416},"RateNeg":{"0":-0.0687405,"1":-0.04271664,"2":-0.0304912,"3":-0.03566152,"4":-0.03846116,"5":-0.04431861,"6":-0.04176157,"7":-0.02525229,"8":-0.02770784,"9":-0.02508151,"10":-0.02564125,"11":-0.03563345,"12":-0.02597842,"13":-0.02140381,"14":-0.02017728,"15":-0.03477335,"16":-0.03564284,"17":-0.02464593,"18":-0.0311948,"19":-0.02189953,"20":-0.04579976,"21":-0.03188707,"22":-0.02510014,"23":-0.02733687,"24":-0.01970412,"25":-0.04510067,"26":-0.02976274,"27":-0.03441112,"28":-0.01553248,"29":-0.02451618,"30":-0.02266549,"31":-0.02649637,"32":-0.03146688,"33":-0.04421705,"34":-0.02335171,"35":-0.02219929,"36":-0.01733221,"37":-0.0188901,"38":-0.01452104,"39":-0.02119552,"40":-0.01714228,"41":-0.02316564,"42":-0.01308462,"43":-0.01303414,"44":-0.008763156,"45":-0.01600278,"46":-0.01917826,"47":-0.007925058,"48":-0.01794963,"49":-0.01122736,"50":-0.01047864,"51":-0.01194547,"52":-0.01058681,"53":-0.00448948,"54":-0.003708504,"55":-0.003620018,"56":-0.006503583},"FracExp":{"0":1.0,"1":1.0,"2":1.0,"3":1.0,"4":1.0,"5":1.0,"6":1.0,"7":1.0,"8":1.0,"9":1.0,"10":1.0,"11":1.0,"12":1.0,"13":1.0,"14":1.0,"15":1.0,"16":1.0,"17":1.0,"18":1.0,"19":1.0,"20":1.0,"21":1.0,"22":1.0,"23":1.0,"24":0.64848,"25":1.0,"26":1.0,"27":1.0,"28":1.0,"29":1.0,"30":1.0,"31":1.0,"32":1.0,"33":0.999963,"34":0.692902,"35":1.0,"36":1.0,"37":1.0,"38":1.0,"39":1.0,"40":1.0,"41":1.0,"42":1.0,"43":1.0,"44":1.0,"45":1.0,"46":1.0,"47":0.969043,"48":1.0,"49":1.0,"50":1.0,"51":1.0,"52":0.891486,"53":1.0,"54":1.0,"55":1.0,"56":1.0},"BGrate":{"0":0.0008273776,"1":0.0006921849,"2":0.0007458046,"3":0.002604203,"4":0.0006193229,"5":0.0007204366,"6":0.001018309,"7":0.001026203,"8":0.001117132,"9":0.001014407,"10":0.0007253707,"11":0.0008405087,"12":0.001260763,"13":0.0006510719,"14":0.001146256,"15":0.0009351732,"16":0.0008266264,"17":0.0009919511,"18":0.000724713,"19":0.0008478212,"20":0.0007053871,"21":0.0003673892,"22":0.000781283,"23":0.0009447149,"24":0.001499005,"25":0.0007207303,"26":0.0008181259,"27":0.001081094,"28":0.0008437809,"29":0.0005830618,"30":0.0010175,"31":0.00114622,"32":0.0007413212,"33":0.001109403,"34":0.002160767,"35":0.0006384738,"36":0.000711926,"37":0.000613678,"38":0.0007290025,"39":0.000483895,"40":0.0005040573,"41":0.0004570884,"42":0.0006946169,"43":0.0002931026,"44":0.0003768459,"45":0.0004886137,"46":0.0002773015,"47":0.001783234,"48":0.0002585758,"49":0.0005874163,"50":0.0003491425,"51":0.0004022283,"52":0.0004748606,"53":0.0003081327,"54":0.0004132401,"55":0.0003740738,"56":0.0003006569},"BGerr":{"0":0.0004776867,"1":0.0003460924,"2":0.0003044735,"3":0.0006138165,"4":0.0003096615,"5":0.0003602183,"6":0.000415723,"7":0.0003245139,"8":0.0003532682,"9":0.0003207838,"10":0.0002961313,"11":0.0003431362,"12":0.000363951,"13":0.000217024,"14":0.0003179142,"15":0.0003534622,"16":0.0003374688,"17":0.0003306504,"18":0.0002958629,"19":0.0002681046,"20":0.0003526936,"21":0.0002121122,"22":0.0002952972,"23":0.000314905,"24":0.000363562,"25":0.0003603651,"26":0.0003092225,"27":0.0003822246,"28":0.0002435786,"29":0.000238034,"30":0.0003217618,"31":0.0003455982,"32":0.0003026431,"33":0.0003508239,"34":0.0003880852,"35":0.0001925071,"36":0.0001902702,"37":0.0001850309,"38":0.0001768091,"39":0.0001710827,"40":0.0001593969,"41":0.0001727632,"42":0.0001480928,"43":0.000078335,"44":0.000072524,"45":0.0001120957,"46":0.0000924339,"47":0.0001314618,"48":0.0000861919,"49":0.0001022561,"50":0.0000761891,"51":0.0000877734,"52":0.0000760386,"53":0.0000454317,"54":0.0000483661,"55":0.0000450332,"56":0.0000626913},"CorrFact":{"0":1.233216,"1":1.221346,"2":1.213651,"3":1.219346,"4":1.229048,"5":1.217458,"6":1.217423,"7":1.217417,"8":1.227072,"9":1.223244,"10":1.211664,"11":1.228194,"12":1.223268,"13":1.215662,"14":1.305968,"15":1.286608,"16":1.278832,"17":1.276245,"18":1.276634,"19":1.276757,"20":1.283824,"21":1.287136,"22":1.283561,"23":1.287282,"24":1.275214,