{"Time":{"0":382.411,"1":401.897,"2":417.901,"3":439.887,"4":459.866,"5":479.725,"6":504.45,"7":533.274,"8":573.493,"9":621.588,"10":671.581,"11":773.393,"12":880.807,"13":1041.639,"14":1285.582,"15":8445.379},"TimePos":{"0":10.023,"1":8.088,"2":9.635,"3":12.722,"4":7.787,"5":13.001,"6":15.857,"7":17.121,"8":29.555,"9":26.592,"10":39.282,"11":52.807,"12":63.236,"13":95.467,"14":142.372,"15":13537.284},"TimeNeg":{"0":-15.05,"1":-9.464,"2":-7.916,"3":-12.351,"4":-7.257,"5":-12.072,"6":-11.724,"7":-12.967,"8":-23.099,"9":-18.54,"10":-23.401,"11":-62.53,"12":-54.608,"13":-97.596,"14":-148.475,"15":-3859.018},"Rate":{"0":2.170127,"1":3.084923,"2":3.103082,"3":1.999731,"4":3.304984,"5":2.145843,"6":1.802187,"7":1.674244,"8":1.00785,"9":1.183398,"10":0.8125446,"11":0.4534477,"12":0.4260207,"13":0.2613657,"14":0.1359348,"15":0.005449578},"RatePos":{"0":0.4805969,"1":0.6791519,"2":0.682142,"3":0.4492254,"4":0.7401548,"5":0.4689481,"6":0.4054749,"7":0.376689,"8":0.2222083,"9":0.2597601,"10":0.1839529,"11":0.1008701,"12":0.09689965,"13":0.05991667,"14":0.02355246,"15":0.001155862},"RateNeg":{"0":-0.4805969,"1":-0.6791519,"2":-0.682142,"3":-0.4492254,"4":-0.7401548,"5":-0.4689481,"6":-0.4054749,"7":-0.376689,"8":-0.2222083,"9":-0.2597601,"10":-0.1839529,"11":-0.1008701,"12":-0.09689965,"13":-0.05991667,"14":-0.02355246,"15":-0.001155862},"FracExp":{"0":1.0,"1":1.0,"2":1.0,"3":1.0,"4":1.0,"5":1.0,"6":1.0,"7":1.0,"8":1.0,"9":1.0,"10":1.0,"11":1.0,"12":1.0,"13":1.0,"14":0.999982,"15":0.377328},"BGrate":{"0":0.01208198,"1":0.01035598,"2":0.008629971,"3":0.003624591,"4":0.002013665,"5":0.001208197,"6":0.004393446,"7":0.004027325,"8":0.004027324,"9":0.002684884,"10":0.003866232,"11":0.003414472,"12":0.002827696,"13":0.00251054,"14":0.001172426,"15":0.0002979276},"BGerr":{"0":0.003820657,"1":0.00422781,"2":0.00385944,"3":0.002092658,"4":0.002013665,"5":0.001208197,"6":0.002196723,"7":0.002013663,"8":0.001522186,"9":0.001342442,"10":0.001366919,"11":0.000947004,"12":0.0008525824,"13":0.0006276351,"14":0.0003534998,"15":0.0000139517},"CorrFact":{"0":2.628969,"1":2.600804,"2":2.612315,"3":2.518424,"4":2.48976,"5":2.565754,"6":2.500408,"7":2.534069,"8":2.552776,"9":2.558036,"10":2.57787,"11":2.538029,"12":2.552729,"13":2.585671,"14":1.174589,"15":1.487734},"CtsInSrc":{"0":21.0,"1":21.0,"2":21.0,"3":20.0,"4":20.0,"5":21.0,"6":20.0,"7":20.0,"8":21.0,"9":21.0,"10":20.0,"11":21.0,"12":20.0,"13":20.0,"14":34.0,"15":26.0},"BGInSrc":{"0":0.302933,"1":0.18176,"2":0.151467,"3":0.09088,"4":0.030293,"5":0.030293,"6":0.121173,"7":0.121173,"8":0.212053,"9":0.121173,"10":0.242347,"11":0.393813,"12":0.333227,"13":0.484693,"14":0.34099,"15":1.95563},"Exposure":{"0":25.07316,"1":17.55122,"2":17.55124,"3":25.07318,"4":15.04388,"5":25.07318,"6":27.58048,"7":30.0878,"8":52.65366,"9":45.1317,"10":62.68292,"11":115.33656,"12":117.8439,"13":193.0634,"14":290.84162,"15":6564.1114},"Sigma":{"0":216.053671,"1":280.557083,"2":307.782099,"3":379.441028,"4":659.211139,"5":692.221696,"6":328.10557,"7":328.10557,"8":259.367422,"9":344.610848,"10":230.59146,"11":188.659554,"12":195.744524,"13":161.052785,"14":327.382648,"15":262.548231},"SNR":{"0":4.515484,"1":4.542317,"2":4.549026,"3":4.451508,"4":4.46526,"5":4.575865,"6":4.444633,"7":4.444633,"8":4.535608,"9":4.555735,"10":4.417135,"11":4.495362,"12":4.396515,"13":4.362154,"14":5.771575,"15":4.714729}}