{"Time":{"0":290.542,"1":303.749,"2":318.739,"3":334.11,"4":349.646,"5":366.025,"6":383.641,"7":398.418,"8":416.254,"9":433.744,"10":453.635,"11":475.875,"12":503.056,"13":531.395,"14":553.872,"15":574.057,"16":598.241,"17":634.519,"18":4259.95,"19":4376.939,"20":4490.262,"21":4601.005,"22":4724.392,"23":4869.896,"24":5008.625,"25":5148.975,"26":5288.433,"27":5429.169,"28":5545.2,"29":5686.718,"30":5794.91,"31":5911.06,"32":6076.472,"33":6247.903,"34":6466.518,"35":10048.213,"36":10232.428,"37":10472.152,"38":10669.935,"39":10916.924,"40":11116.655,"41":11323.115,"42":11562.028,"43":11879.268,"44":12306.985,"45":16099.292,"46":16667.621,"47":17226.765,"48":17950.472,"49":76581.918},"TimePos":{"0":5.602,"1":7.439,"2":7.493,"3":7.166,"4":9.181,"5":7.846,"6":7.781,"7":8.049,"8":7.764,"9":7.825,"10":10.5,"11":10.826,"12":16.239,"13":12.974,"14":10.556,"15":10.428,"16":11.319,"17":27.691,"18":50.523,"19":61.407,"20":43.362,"21":73.029,"22":82.53,"23":74.929,"24":54.043,"25":69.147,"26":60.071,"27":39.686,"28":51.528,"29":52.928,"30":65.087,"31":69.288,"32":66.852,"33":98.513,"34":138.133,"35":78.199,"36":114.628,"37":115.607,"38":156.019,"39":97.078,"40":100.441,"41":97.074,"42":154.024,"43":115.095,"44":221.42,"45":295.09,"46":198.137,"47":385.875,"48":338.052,"49":56370.369},"TimeNeg":{"0":-6.934,"1":-7.605,"2":-7.551,"3":-7.878,"4":-8.37,"5":-7.198,"6":-9.77,"7":-6.995,"8":-9.788,"9":-9.727,"10":-12.066,"11":-11.74,"12":-16.356,"13":-12.099,"14":-9.503,"15":-9.63,"16":-13.755,"17":-24.96,"18":-59.799,"19":-66.466,"20":-51.916,"21":-67.381,"22":-50.358,"23":-62.974,"24":-63.801,"25":-86.307,"26":-70.31,"27":-80.665,"28":-76.345,"29":-89.99,"30":-55.264,"31":-51.063,"32":-96.124,"33":-104.579,"34":-120.102,"35":-87.284,"36":-106.016,"37":-125.095,"38":-82.176,"39":-90.971,"40":-102.652,"41":-106.019,"42":-141.84,"43":-163.217,"44":-312.622,"45":-351.798,"46":-273.238,"47":-361.007,"48":-337.831,"49":-23897.088},"Rate":{"0":4.788585,"1":4.026578,"2":3.859096,"3":4.268012,"4":3.325823,"5":3.87038,"6":3.492055,"7":3.685342,"8":3.765599,"9":3.653245,"10":2.960397,"11":2.482918,"12":1.711461,"13":2.199027,"14":2.814236,"15":2.71069,"16":2.1952,"17":1.891621,"18":0.217895,"19":0.1876032,"20":0.2521365,"21":0.1712618,"22":0.1820641,"23":0.1759435,"24":0.2159951,"25":0.1544308,"26":0.1948074,"27":0.2108021,"28":0.1880987,"29":0.1705745,"30":0.2004312,"31":0.2014646,"32":0.1479244,"33":0.1172227,"34":0.115294,"35":0.1506953,"36":0.08309812,"37":0.07710177,"38":0.1041155,"39":0.09831978,"40":0.09720454,"41":0.1221212,"42":0.0629027,"43":0.07092512,"44":0.04595252,"45":0.02997968,"46":0.04169322,"47":0.03171502,"48":0.05270118,"49":0.004031782},"RatePos":{"0":1.026301,"1":0.8618523,"2":0.8467667,"3":0.8932961,"4":0.7267503,"5":0.8480737,"6":0.7474426,"7":0.8264466,"8":0.7732871,"9":0.766551,"10":0.6086685,"11":0.5559977,"12":0.3832458,"13":0.4938498,"14":0.6301894,"15":0.6087572,"16":0.4915692,"17":0.3172998,"18":0.04899815,"19":0.04232992,"20":0.05663404,"21":0.03842487,"22":0.04112674,"23":0.03956449,"24":0.04748981,"25":0.03476621,"26":0.04273919,"27":0.04629813,"28":0.04220244,"29":0.03835716,"30":0.04512205,"31":0.04520127,"32":0.03337698,"33":0.02657011,"34":0.02348099,"35":0.03384529,"36":0.02190519,"37":0.02014373,"38":0.02343548,"39":0.02561124,"40":0.02450311,"41":0.02750868,"42":0.01635324,"43":0.01796158,"44":0.01052197,"45":0.007845977,"46":0.01083784,"47":0.009549186,"48":0.01203359,"49":0.0008411428},"RateNeg":{"0":-1.026301,"1":-0.8618523,"2":-0.8467667,"3":-0.8932961,"4":-0.7267503,"5":-0.8480737,"6":-0.7474426,"7":-0.8264466,"8":-0.7732871,"9":-0.766551,"10":-0.6086685,"11":-0.5559977,"12":-0.3832458,"13":-0.4938498,"14":-0.6301894,"15":-0.6087572,"16":-0.4915692,"17":-0.3172998,"18":-0.04899815,"19":-0.04232992,"20":-0.05663404,"21":-0.03842487,"22":-0.04112674,"23":-0.03956449,"24":-0.04748981,"25":-0.03476621,"26":-0.04273919,"27":-0.04629813,"28":-0.04220244,"29":-0.03835716,"30":-0.04512205,"31":-0.04520127,"32":-0.03337698,"33":-0.02657011,"34":-0.02348099,"35":-0.03384529,"36":-0.02190519,"37":-0.02014373,"38":-0.02343548,"39":-0.02561124,"40":-0.02450311,"41":-0.02750868,"42":-0.01635324,"43":-0.01796158,"44":-0.01052197,"45":-0.007845977,"46":-0.01083784,"47":-0.009549186,"48":-0.01203359,"49":-0.0008411428},"FracExp":{"0":1.0,"1":1.0,"2":1.0,"3":1.0,"4":1.0,"5":1.0,"6":1.0,"7":1.0,"8":1.0,"9":1.0,"10":1.0,"11":1.0,"12":1.0,"13":1.0,"14":1.0,"15":1.0,"16":1.0,"17":1.0,"18":1.0,"19":1.0,"20":1.0,"21":1.0,"22":1.0,"23":1.0,"24":1.0,"25":1.0,"26":1.0,"27":1.0,"28":1.0,"29":1.0,"30":1.0,"31":1.0,"32":1.0,"33":1.0,"34":1.0,"35":1.0,"36":1.0,"37":1.0,"38":1.0,"39":1.0,"40":1.0,"41":1.0,"42":1.0,"43":1.0,"44":1.0,"45":1.0,"46":1.0,"47":0.715036,"48":0.738223,"49":0.124135},"BGrate":{"0":0.009056661,"1":0.005660384,"2":0.007547218,"3":0.005660391,"4":0.001617259,"5":0.005660391,"6":0.004851776,"7":0.003773594,"8":0.008086293,"9":0.008086284,"10":0.007547198,"11":0.001257865,"12":0.0008708316,"13":0.003396242,"14":0.0014151,"15":0.004245303,"16":0.001132081,"17":0.004312923,"18":0.0010076,"19":0.001390883,"20":0.0009333549,"21":0.000475011,"22":0.001505695,"23":0.0008060791,"24":0.001320598,"25":0.000858084,"26":0.0008525832,"27":0.001108359,"28":0.0005215805,"29":0.0007777962,"30":0.00110836,"31":0.0005541801,"32":0.001091309,"33":0.001313613,"34":0.001721851,"35":0.0005275027,"36":0.001384693,"37":0.0007253152,"38":0.0005497126,"39":0.0006963025,"40":0.0006447243,"41":0.0007163606,"42":0.0003442176,"43":0.0007318506,"44":0.0008717689,"45":0.0003098011,"46":0.0002125761,"47":0.003987131,"48":0.00185765,"49":0.0001562793},"BGerr":{"0":0.00452833,"1":0.003268024,"2":0.003773609,"3":0.003268028,"4":0.001617259,"5":0.003268028,"6":0.002801174,"7":0.002668334,"8":0.0036163,"9":0.003616296,"10":0.003081131,"11":0.001257865,"12":0.0008708316,"13":0.001960821,"14":0.0014151,"15":0.002451027,"16":0.001132081,"17":0.001524849,"18":0.0004506123,"19":0.0004917513,"20":0.0004666774,"21":0.0002742477,"22":0.0005018984,"23":0.0003604895,"24":0.000499139,"25":0.0003503113,"26":0.0003812868,"27":0.0004524857,"28":0.0003011346,"29":0.000347841,"30":0.0004524859,"31":0.000319956,"32":0.0003858359,"33":0.0003792074,"34":0.0003850177,"35":0.0002153521,"36":0.0003021649,"37":0.0002093805,"38":0.0001832375,"39":0.0002321008,"40":0.0002149081,"41":0.0002265331,"42":0.000130102,"43":0.0001955953,"44":0.0001541084,"45":0.0000632379,"46":0.0000613654,"47":0.0002496838,"48":0.0001763204,"49":0.0000067252},"CorrFact":{"0":2.742902,"1":2.764139,"2":2.779589,"3":2.802014,"4":2.783393,"5":2.783944,"6":2.796726,"7":2.779994,"8":2.770167,"9":2.805091,"10":2.803391,"11":2.805446,"12":2.793227,"13":2.768618,"14":2.826488,"15":2.730249,"16":2.755944,"17":2.784099,"18":1.208649,"19":1.210234,"20":1.20652,"21":1.206366,"22":1.221931,"23":1.219934,"24":1.221133,"25":1.208403,"26":1.215919,"27":1.215834,"28":1.206665,"29":1.225714,"30":1.214206,"31":1.216383,"32":1.216219,"33":1.206446,"34":1.212482,"35":1.25234,"36":1.247754,"37":1.251809,"38":1.248163,"39":1.243449,"40":1.244027,"41":1.249183,"42":1.249188,"43":1.249614,"44":1.256271,"45":1.310406,"46":1.319023,"47":1.315962,"48":1.30998,"49":1.643538},"CtsInSrc":{"0":22.0,"1":22.0,"2":21.0,"3":23.0,"4":21.0,"5":21.0,"6":22.0,"7":20.0,"8":24.0,"9":23.0,"10":24.0,"11":20.0,"12":20.0,"13":20.0,"14":20.0,"15":20.0,"16":20.0,"17":36.0,"18":20.0,"19":20.0,"20":20.0,"21":20.0,"22":20.0,"23":20.0,"24":21.0,"25":20.0,"26":21.0,"27":21.0,"28":20.0,"29":20.0,"30":20.0,"31":20.0,"32":20.0,"33":20.0,"34":25.0,"35":20.0,"36":15.0,"37":15.0,"38":20.0,"39":15.0,"40":16.0,"41":20.0,"42":15.0,"43":16.0,"44":20.0,"45":15.0,"46":15.0,"47":15.0,"48":21.0,"49":26.0},"BGInSrc":{"0":0.113539,"1":0.085155,"2":0.113539,"3":0.085155,"4":0.028385,"5":0.085155,"6":0.085155,"7":0.05677,"8":0.141924,"9":0.141924,"10":0.170309,"11":0.028385,"12":0.028385,"13":0.085155,"14":0.028385,"15":0.085155,"16":0.028385,"17":0.227079,"18":0.11116,"19":0.177857,