{"Time":{"0":97.413,"1":181.748,"2":339.484,"3":479.884,"4":4221.903,"5":5391.847,"6":17892.131},"TimePos":{"0":39.036,"1":80.067,"2":75.278,"3":82.551,"4":163.726,"5":916.309,"6":32555.25},"TimeNeg":{"0":-16.125,"1":-45.299,"2":-77.669,"3":-65.122,"4":-189.806,"5":-1006.218,"6":-7383.119},"Rate":{"0":2.195998,"1":0.8675868,"2":0.3639792,"3":0.5163292,"4":0.0547223,"5":0.0307094,"6":0.003181325},"RatePos":{"0":0.4962101,"1":0.1978542,"2":0.08349179,"3":0.1119277,"4":0.01449064,"5":0.008253341,"6":0.0007855392},"RateNeg":{"0":-0.4962101,"1":-0.1978542,"2":-0.08349179,"3":-0.1119277,"4":-0.01449064,"5":-0.008253341,"6":-0.0007855392},"FracExp":{"0":1.0,"1":0.999989,"2":1.0,"3":0.814968,"4":1.0,"5":0.919438,"6":0.214768},"BGrate":{"0":0.003742856,"1":0.003079933,"2":0.003262847,"3":0.002985568,"4":0.001053941,"5":0.002227792,"6":0.0004164847},"BGerr":{"0":0.001128514,"1":0.000688694,"2":0.0006525694,"3":0.0007037052,"4":0.0001571122,"5":0.0000931486,"6":0.0000128899},"CorrFact":{"0":6.119856,"1":5.545294,"2":2.854701,"3":2.871427,"4":1.32259,"5":3.181521,"6":1.404585},"CtsInSrc":{"0":20.0,"1":20.0,"2":20.0,"3":22.0,"4":15.0,"5":21.0,"6":23.0},"BGInSrc":{"0":0.20646,"1":0.386115,"2":0.499041,"3":0.35931,"4":0.372601,"5":3.937943,"6":3.572387},"Exposure":{"0":55.161068,"1":125.364692,"2":152.94664,"3":120.3489,"4":353.53146,"5":1767.64434,"6":8577.4733},"Sigma":{"0":317.968421,"1":227.175806,"2":195.384143,"3":255.527834,"4":263.347414,"5":103.623904,"6":175.715968},"SNR":{"0":4.425541,"1":4.384981,"2":4.359461,"3":4.613059,"4":3.77639,"5":3.720845,"6":4.049861}}