{"Time":{"0":123.391,"1":149.766,"2":184.258,"3":213.186,"4":272.063,"5":296.4,"6":307.664,"7":315.546,"8":324.315,"9":333.289,"10":347.438,"11":360.035,"12":372.85,"13":394.483,"14":434.457,"15":496.321,"16":689.653,"17":860.993,"18":1049.059,"19":1248.515,"20":1468.633,"21":1741.055,"22":1905.347,"23":2185.058,"24":2496.858,"25":6011.453,"26":6472.614,"27":7110.277,"28":7897.35,"29":11940.404,"30":12809.549,"31":13642.078,"32":30536.956,"33":38779.955,"34":52721.131,"35":70376.783,"36":92113.718,"37":129419.672,"38":235630.462,"39":789557.769},"TimePos":{"0":15.594,"1":16.799,"2":17.41,"3":16.062,"4":14.853,"5":5.56,"6":4.326,"7":3.965,"8":5.225,"9":6.28,"10":7.176,"11":4.607,"12":9.344,"13":12.784,"14":15.434,"15":68.906,"16":93.71,"17":77.822,"18":105.384,"19":104.005,"20":152.168,"21":77.822,"22":106.592,"23":122.742,"24":184.531,"25":157.082,"26":280.123,"27":269.285,"28":570.379,"29":258.484,"30":307.012,"31":602.508,"32":1075.771,"33":4408.703,"34":7795.811,"35":7479.729,"36":8902.185,"37":41016.203,"38":152724.685,"39":126858.365},"TimeNeg":{"0":-27.03,"1":-10.781,"2":-17.693,"3":-11.518,"4":-42.815,"5":-9.484,"6":-5.704,"7":-3.557,"8":-4.804,"9":-3.749,"10":-7.868,"11":-5.422,"12":-8.207,"13":-12.289,"14":-27.19,"15":-46.43,"16":-124.426,"17":-77.631,"18":-110.244,"19":-94.072,"20":-116.113,"21":-120.254,"22":-86.47,"23":-173.119,"24":-189.057,"25":-206.477,"26":-304.078,"27":-357.54,"28":-517.788,"29":-348.283,"30":-610.66,"31":-525.518,"32":-1586.981,"33":-4031.777,"34":-6229.737,"35":-6451.325,"36":-10787.156,"37":-24210.179,"38":-61772.637,"39":-147144.184},"Rate":{"0":2.990475,"1":4.554585,"2":3.600586,"3":4.339651,"4":2.589807,"5":17.56921,"6":24.7011,"7":30.50572,"8":22.72575,"9":20.51281,"10":14.87432,"11":17.93617,"12":9.518241,"13":4.990024,"14":2.807441,"15":1.040274,"16":0.3118515,"17":0.1565852,"18":0.1132917,"19":0.09238266,"20":0.07703807,"21":0.09209967,"22":0.09452913,"23":0.0615523,"24":0.0584918,"25":0.05271981,"26":0.03227,"27":0.03202331,"28":0.0326454,"29":0.0309137,"30":0.02029098,"31":0.02269362,"32":0.007701209,"33":0.005806543,"34":0.004086807,"35":0.003683674,"36":0.002170482,"37":0.0009270683,"38":0.0007881717,"39":0.0002940669},"RatePos":{"0":0.6567868,"1":0.9996613,"2":0.7872268,"3":0.9736533,"4":0.5202031,"5":2.658421,"6":3.867827,"7":4.960987,"8":3.691836,"9":3.531906,"10":2.450675,"11":3.285004,"12":1.80051,"13":1.091713,"14":0.6294582,"15":0.2340305,"16":0.07016491,"17":0.03542906,"18":0.02553244,"19":0.02407904,"20":0.01892825,"21":0.02408131,"22":0.02482135,"23":0.01612813,"24":0.01399332,"25":0.01375762,"26":0.008544576,"27":0.008187168,"28":0.006290932,"29":0.008190689,"30":0.005417638,"31":0.005235586,"32":0.002050981,"33":0.001310081,"34":0.0009742945,"35":0.0009076243,"36":0.0006280444,"37":0.0002822588,"38":0.000181722,"39":0.0001144885},"RateNeg":{"0":-0.6567868,"1":-0.9996613,"2":-0.7872268,"3":-0.9736533,"4":-0.5202031,"5":-2.658421,"6":-3.867827,"7":-4.960987,"8":-3.691836,"9":-3.531906,"10":-2.450675,"11":-3.285004,"12":-1.80051,"13":-1.091713,"14":-0.6294582,"15":-0.2340305,"16":-0.07016491,"17":-0.03542906,"18":-0.02553244,"19":-0.02407904,"20":-0.01892825,"21":-0.02408131,"22":-0.02482135,"23":-0.01612813,"24":-0.01399332,"25":-0.01375762,"26":-0.008544576,"27":-0.008187168,"28":-0.006290932,"29":-0.008190689,"30":-0.005417638,"31":-0.005235586,"32":-0.002050981,"33":-0.001310081,"34":-0.0009742945,"35":-0.0009076243,"36":-0.0006280444,"37":-0.0002822588,"38":-0.000181722,"39":-0.0001144885},"FracExp":{"0":1.0,"1":1.0,"2":1.0,"3":1.0,"4":1.0,"5":1.0,"6":1.0,"7":1.0,"8":1.0,"9":1.0,"10":1.0,"11":1.0,"12":1.0,"13":1.0,"14":1.0,"15":1.0,"16":0.999995,"17":1.0,"18":1.0,"19":1.0,"20":1.0,"21":1.0,"22":1.0,"23":1.0,"24":1.0,"25":1.0,"26":1.0,"27":1.0,"28":1.0,"29":1.0,"30":1.0,"31":0.973556,"32":1.0,"33":0.60451,"34":0.48124,"35":0.505562,"36":0.471169,"37":0.353148,"38":0.212638,"39":0.221848},"BGrate":{"0":0.003138398,"1":0.004365221,"2":0.001143272,"3":0.002425123,"4":0.001855748,"5":0.01067054,"6":0.01067054,"7":0.01244899,"8":0.005335261,"9":0.01333818,"10":0.005335268,"11":0.009336762,"12":0.001524361,"13":0.002134109,"14":0.001255359,"15":0.001043858,"16":0.0005617486,"17":0.001497508,"18":0.0007197327,"19":0.0007051562,"20":0.0008098682,"21":0.0009402093,"22":0.001286174,"23":0.0007343725,"24":0.0007062066,"25":0.0004341159,"26":0.0006356663,"27":0.0005628197,"28":0.0004948397,"29":0.0006273797,"30":0.0005362377,"31":0.0005579985,"32":0.0003671832,"33":0.000340856,"34":0.0001835508,"35":0.0001855617,"36":0.0001738653,"37":0.0000988721,"38":0.000097774,"39":0.0000941478},"BGerr":{"0":0.0009924487,"1":0.001455074,"2":0.0006600685,"3":0.001084548,"4":0.0006561059,"5":0.003080318,"6":0.003772607,"7":0.004705277,"8":0.00266763,"9":0.004217902,"10":0.002178114,"11":0.003528965,"12":0.001077886,"13":0.001067055,"14":0.0006276794,"15":0.0003479526,"16":0.0001872495,"17":0.0003866549,"18":0.0002275995,"19":0.0002350521,"20":0.0002164464,"21":0.0002714151,"22":0.0003215435,"23":0.0001962693,"24":0.0001712802,"25":0.0001052886,"26":0.0001005077,"27":0.0000913014,"28":0.0000649756,"29":0.0000979802,"30":0.0000736579,"31":0.0000686849,"32":0.0000285852,"33":0.0000198454,"34":0.0000099838,"35":0.0000095569,"36":0.0000076763,"37":0.0000028746,"38":0.0000020204,"39":0.0000015709},"CorrFact":{"0":6.108743,"1":6.016259,"2":6.030037,"3":6.004538,"4":5.99964,"5":6.029003,"6":6.058075,"7":6.053363,"8":6.006405,"9":6.074709,"10":6.060902,"11":6.014945,"12":5.971998,"13":5.97308,"14":5.999291,"15":6.035382,"16":3.422244,"17":1.231413,"18":1.230994,"19":1.23139,"20":1.231495,"21":1.231475,"22":1.237144,"23":1.231906,"24":1.232051,"25":1.291373,"26":1.288718,"27":1.282849,"28":1.293578,"29":1.283057,"30":1.28347,"31":1.285489,"32":1.365066,"33":1.393504,"34":1.470305,"35":1.466343,"36":1.504109,"37":1.678489,"38":1.594851,"39":1.739357},"CtsInSrc":{"0":21.0,"1":21.0,"2":21.0,"3":20.0,"4":25.0,"5":44.0,"6":41.0,"7":38.0,"8":38.0,"9":34.0,"10":37.0,"11":30.0,"12":28.0,"13":21.0,"14":20.0,"15":20.0,"16":20.0,"17":20.0,"18":20.0,"19":15.0,"20":17.0,"21":15.0,"22":15.0,"23":15.0,"24":18.0,"25":15.0,"26":15.0,"27":16.0,"28":28.0,"29":15.0,"30":15.0,"31":20.0,"32":16.0,"33":23.0,"34":20.0,"35":19.0,"36":15.0,"37":15.0,"38":27.0,"39":16.0},"BGInSrc":{"0":0.133772,"1":0.120394,"2":0.040131,"3":0.066886,"4":0.107017,"5":0.160526,"6":0.107017,"7":0.09364,"8":0.053509,"9":0.133772,"10":0.080263,"11":0.09364,"12":0.026754,"13":0.053509,"14":0.053509,"15":0.120394,"16":0.122537,"17":0.232792,"18":0.155194,"19":0.139675,"20":0.217272,"21":0.186233,"22":0.248311,"23":0.217272,"24":0.263831,"25":0.157827,"26":0.371357,"27":0.352789,"28":0.538468,"29":0.380674,"30":0.49209,"31":0.612792,"32":0.977718,"33":1.739169,"34":1.238904,"35":1.306912,"36":1.61295,"37":2.277476,"38":4.459501,"39":5.722963},"Exposure":{"0":42.62414,"1":27.58036,"2":35.10228,"3":27.58036,"4":57.66798,"5":15.04384,"6":10.02922,"7":7.5219,"8":10.02924,"9":10.02922,"10":15.04384,"11":10.02918,"12":17.55116,"13":25.07304,"14":42.62416,"15":115.33598,"16":218.13436,"17":155.45272,"18":215.6279,"19":198.0767,"20":268.28096,"21":198.07646,"22":193.06186,"23":295.86106,"24":373.58838,"25":363.55928,"26":584.20168,"27":626.825,"28":1088.16664,"29":606.76762,"30":917.67206,"31":1098.19612,"32":2662.7526,"33":5102.3555,"34":6749.6516,"35":7043.0057,"36":9277.01,"37":23034.5651,"38":45610.2943,"39":60786.9812},"Sigma":{"0":493.26496,"1":520.280255,"2":904.615937,"3":666.386915,"4":657.912674,"5":946.043314,"6":1080.786979,"7":1071.024411,"8":1418.33212,"9":800.57706,"10":1126.728506,"11":844.988588,"12":1478.645853,"13":782.920382,"14":745.543221,"15":495.362147,"16":486.649349,"17":328.869445,"18":404.362305,"19":319.176471,"20":289.016307,"21":275.548906,"22":237.632353,"23":254.574194,"24":277.178272,"25":387.7404,"26":249.139196,"27":273.409216,"28":388.39961,"29":245.904492,"30":214.633712,"31":257.02439,"32":197.36235,"33":209.966287,"34":278.406249,