{"Time":{"0":312.931,"1":332.711,"2":354.281,"3":394.663,"4":448.734,"5":538.973,"6":649.783,"7":830.913,"8":1061.581,"9":1385.274,"10":4966.167,"11":5164.708,"12":5372.149,"13":5577.068,"14":5790.288,"15":5986.722,"16":6166.225,"17":6424.567,"18":10844.818,"19":11233.375,"20":11764.026,"21":16473.548,"22":16779.654,"23":17095.655,"24":17428.603,"25":17747.053,"26":18238.081,"27":30358.849,"28":34282.564,"29":75592.285,"30":83307.023,"31":103889.601,"32":353260.106,"33":719724.421},"TimePos":{"0":10.357,"1":8.129,"2":16.646,"3":26.41,"4":40.037,"5":55.104,"6":104.762,"7":89.115,"8":179.382,"9":239.304,"10":99.514,"11":106.573,"12":114.761,"13":107.919,"14":85.256,"15":89.406,"16":123.024,"17":170.565,"18":178.782,"19":299.209,"20":217.36,"21":96.846,"22":156.808,"23":146.7,"24":132.18,"25":112.1,"26":320.6,"27":3453.89,"28":390.178,"29":467.895,"30":4213.414,"31":6791.661,"32":84900.371,"33":11475.875},"TimeNeg":{"0":-9.701,"1":-9.422,"2":-13.442,"3":-23.736,"4":-27.661,"5":-50.203,"6":-55.706,"7":-76.368,"8":-141.554,"9":-144.31,"10":-161.247,"11":-99.027,"12":-100.867,"13":-90.158,"14":-105.3,"15":-111.179,"16":-90.097,"17":-135.318,"18":-154.691,"19":-209.776,"20":-231.442,"21":-113.769,"22":-209.26,"23":-159.193,"24":-186.249,"25":-186.27,"26":-378.928,"27":-1172.169,"28":-469.824,"29":-528.524,"30":-2800.72,"31":-5977.035,"32":-37974.578,"33":-7793.637},"Rate":{"0":2.558139,"1":2.78246,"2":1.458897,"3":0.8865043,"4":0.6902227,"5":0.2337177,"6":0.1538856,"7":0.1485436,"8":0.05637896,"9":0.09210684,"10":0.07340901,"11":0.08875066,"12":0.1117696,"13":0.09189184,"14":0.09637524,"15":0.09138362,"16":0.09199506,"17":0.067638,"18":0.05680713,"19":0.03749741,"20":0.06767267,"21":0.09149105,"22":0.05349606,"23":0.06387001,"24":0.06101517,"25":0.06586326,"26":0.04082646,"27":0.02795709,"28":0.03236141,"29":0.0251094,"30":0.01957695,"31":0.01872334,"32":0.002460617,"33":0.002159522},"RatePos":{"0":0.5347041,"1":0.5957371,"2":0.3286609,"3":0.1989675,"4":0.1510196,"5":0.05276283,"6":0.03467378,"7":0.03359894,"8":0.01503364,"9":0.01749402,"10":0.01897103,"11":0.02335649,"12":0.02539001,"13":0.02403703,"14":0.02526068,"15":0.02373675,"16":0.02334693,"17":0.01659386,"18":0.01504108,"19":0.009809137,"20":0.01401134,"21":0.02392782,"22":0.01398308,"23":0.01674162,"24":0.01597534,"25":0.01711965,"26":0.008834392,"27":0.007585397,"28":0.007037866,"29":0.006140446,"30":0.003936281,"31":0.004089986,"32":0.0006518801,"33":0.00127747},"RateNeg":{"0":-0.5347041,"1":-0.5957371,"2":-0.3286609,"3":-0.1989675,"4":-0.1510196,"5":-0.05276283,"6":-0.03467378,"7":-0.03359894,"8":-0.01503364,"9":-0.01749402,"10":-0.01897103,"11":-0.02335649,"12":-0.02539001,"13":-0.02403703,"14":-0.02526068,"15":-0.02373675,"16":-0.02334693,"17":-0.01659386,"18":-0.01504108,"19":-0.009809137,"20":-0.01401134,"21":-0.02392782,"22":-0.01398308,"23":-0.01674162,"24":-0.01597534,"25":-0.01711965,"26":-0.008834392,"27":-0.007585397,"28":-0.007037866,"29":-0.006140446,"30":-0.003936281,"31":-0.004089986,"32":-0.0006518801,"33":-0.0009426984},"FracExp":{"0":1.0,"1":1.0,"2":1.0,"3":1.0,"4":0.999991,"5":0.999994,"6":1.0,"7":1.0,"8":1.0,"9":1.0,"10":1.0,"11":1.0,"12":1.0,"13":1.0,"14":1.0,"15":1.0,"16":1.0,"17":1.0,"18":1.0,"19":1.0,"20":1.0,"21":1.0,"22":1.0,"23":1.0,"24":1.0,"25":1.0,"26":1.0,"27":0.202164,"28":1.0,"29":0.953682,"30":0.302772,"31":0.118407,"32":0.079846,"33":0.173577},"BGrate":{"0":0.002752584,"1":0.005243028,"2":0.004893487,"3":0.001468046,"4":0.0008155886,"5":0.001790155,"6":0.0009398261,"7":0.001367019,"8":0.001468477,"9":0.00167082,"10":0.001987104,"11":0.001368125,"12":0.001441807,"13":0.0009716342,"14":0.001165372,"15":0.0004428415,"16":0.001111445,"17":0.0006291917,"18":0.001112523,"19":0.0003810136,"20":0.000751489,"21":0.000903927,"22":0.0004974563,"23":0.0007306164,"24":0.0006498634,"25":0.0003329049,"26":0.0004614807,"27":0.000773095,"28":0.0005010271,"29":0.0006824444,"30":0.0005429371,"31":0.0006886642,"32":0.0001462964,"33":0.0001640408},"BGerr":{"0":0.001589205,"1":0.002344753,"2":0.001730109,"3":0.0007340232,"4":0.0004708803,"5":0.0005660967,"6":0.0003322787,"7":0.0003946245,"8":0.0002936954,"9":0.0002865432,"10":0.0003358819,"11":0.0003138695,"12":0.0003146282,"13":0.0002694829,"14":0.0003008977,"15":0.0001807893,"16":0.0002778613,"17":0.0001745064,"18":0.0001677192,"19":0.0000794468,"20":0.0001188208,"21":0.0001884818,"22":0.000106058,"23":0.0001406072,"24":0.0001299727,"25":0.0000961014,"26":0.000073896,"27":0.0000780944,"28":0.0000688214,"29":0.000076781,"30":0.0000436098,"31":0.0000620948,"32":0.0000056646,"33":0.0000102526},"CorrFact":{"0":2.236342,"1":2.229112,"2":2.21102,"3":2.230951,"4":2.230904,"5":1.242307,"6":1.244065,"7":1.243129,"8":1.245398,"9":1.245933,"10":1.236429,"11":1.239722,"12":1.224066,"13":1.22922,"14":1.242721,"15":1.229291,"16":1.243796,"17":1.230954,"18":1.294938,"19":1.289039,"20":1.283521,"21":1.301138,"22":1.321591,"23":1.322189,"24":1.313384,"25":1.318841,"26":1.317481,"27":1.831349,"28":1.290313,"29":1.375134,"30":1.608515,"31":1.289135,"32":1.551029,"33":1.622789},"CtsInSrc":{"0":23.0,"1":22.0,"2":20.0,"3":20.0,"4":21.0,"5":20.0,"6":20.0,"7":20.0,"8":15.0,"9":29.0,"10":16.0,"11":15.0,"12":20.0,"13":15.0,"14":15.0,"15":15.0,"16":16.0,"17":17.0,"18":15.0,"19":15.0,"20":24.0,"21":15.0,"22":15.0,"23":15.0,"24":15.0,"25":15.0,"26":22.0,"27":15.0,"28":22.0,"29":18.0,"30":27.0,"31":23.0,"32":17.0,"33":5.0},"BGInSrc":{"0":0.055213,"1":0.092021,"2":0.147234,"3":0.073617,"4":0.055213,"5":0.188515,"6":0.150812,"7":0.226218,"8":0.471287,"9":0.64095,"10":0.518159,"11":0.281286,"12":0.310895,"13":0.192459,"14":0.222068,"15":0.088827,"16":0.236873,"17":0.192459,"18":0.370997,"19":0.19393,"20":0.33727,"21":0.19038,"22":0.182103,"23":0.22349,"24":0.206935,"25":0.099329,"26":0.322819,"27":0.723017,"28":0.430885,"29":0.648504,"30":1.153026,"31":1.041193,"32":1.435324,"33":0.548673},"Exposure":{"0":20.058488,"1":17.55114,"2":30.0877,"3":50.14616,"4":67.696712,"5":105.306352,"6":160.46772,"7":165.4824,"8":320.93574,"9":383.61408,"10":260.76086,"11":205.59982,"12":215.62896,"13":198.0777,"14":190.55564,"15":200.5848,"16":213.12138,"17":305.88304,"18":333.47306,"19":508.98462,"20":448.80182,"21":210.6147,"22":366.06816,"23":305.8923,"24":318.42864,"25":298.37004,"26":699.52826,"27":935.22402,"28":860.00278,"29":950.2667,"30":2123.6831,"31":1511.9019,"32":9811.0649,"33":3344.7382},"Sigma":{"0":719.790227,"1":532.353174,"2":381.380577,"3":541.353584,"4":657.04916,"5":332.331749,"6":372.265298,"7":302.798643,"8":154.13879,"9":257.992462,"10":176.763885,"11":228.085677,"12":290.215949,"13":277.406238,"14":257.734756,"15":411.188665,"16":266.187311,"17":314.874477,"18":261.559892,"19":366.149652,"20":443.728788,"21":373.0661,"22":381.663855,"23":343.554618,"24":357.432432,"25":519.662054,"26":419.349668,"27":195.479395,"28":364.42589,"29":237.814152,"30":279.084912,"31":233.899966,"32":280.061371,"33":3.595636},"SNR":{"0":4.784213,"1":4.670617,"2":4.438913,"3":4.455524,"4":4.570417,"5":4.429589,"6":4.438098,"7":4.421081,"8":3.750187,"9":5.265047,"10":3.869533,"11":3.799828,"12":4.402111,"13":3.822928,"14":3.815228,"15":3.849879,"16":3.94035,"17":4.076086,"18":3.776799,"19":3.822702,"20":4.829848,"21":3.823627,"22":3.825772,"23":3.815043,"24":3.819335,"25":3.847231,"26":4.62131,"27":3.685646,"28":4.598185,"29":4.089182,"30":4.973463,"31":4.577851,"32":3.774646,"33":2.290787}}