{"Time":{"0":3704.925,"1":3923.216,"2":4198.107,"3":4444.768,"4":4800.127,"5":5239.313,"6":5782.734,"7":41788.752,"8":104215.597},"TimePos":{"0":86.55,"1":164.122,"2":97.339,"3":111.438,"4":164.771,"5":217.018,"6":277.845,"7":4482.436,"8":45461.794},"TimeNeg":{"0":-161.674,"1":-131.742,"2":-110.769,"3":-149.323,"4":-243.921,"5":-274.415,"6":-326.404,"7":-3701.546,"8":-48706.15},"Rate":{"0":0.07556393,"1":0.06244035,"2":0.08912758,"3":0.07047577,"4":0.04424805,"5":0.03680231,"6":0.06152512,"7":0.006051346,"8":0.002836114},"RatePos":{"0":0.01982239,"1":0.01631454,"2":0.02319512,"3":0.01843239,"4":0.01171271,"5":0.009781212,"6":0.01141815,"7":0.001531538,"8":0.0006481306},"RateNeg":{"0":-0.01982239,"1":-0.01631454,"2":-0.02319512,"3":-0.01843239,"4":-0.01171271,"5":-0.009781212,"6":-0.01141815,"7":-0.001531538,"8":-0.0006481306},"FracExp":{"0":1.0,"1":1.0,"2":1.0,"3":1.0,"4":1.0,"5":1.0,"6":1.0,"7":0.487736,"8":0.115902},"BGrate":{"0":0.0009439299,"1":0.0005939552,"2":0.0005629457,"3":0.0007300709,"4":0.0008957932,"5":0.0008641675,"6":0.0007997646,"7":0.0001773182,"8":0.0001350001},"BGerr":{"0":0.0002359825,"1":0.0001714601,"2":0.0001990314,"3":0.0002024852,"4":0.0001791586,"5":0.0001604719,"6":0.0001392211,"7":0.0000124148,"8":0.0000061112},"CorrFact":{"0":1.270296,"1":1.246188,"2":1.246274,"3":1.240903,"4":1.235749,"5":1.240855,"6":1.259505,"7":1.482591,"8":1.508003},"CtsInSrc":{"0":15.0,"1":15.0,"2":15.0,"3":15.0,"4":15.0,"5":15.0,"6":30.0,"7":17.0,"8":22.0},"BGInSrc":{"0":0.234306,"1":0.17573,"2":0.117153,"3":0.190374,"4":0.366104,"5":0.42468,"6":0.483257,"7":0.707787,"8":1.473429},"Exposure":{"0":248.22422,"1":295.86356,"2":208.10734,"3":260.76076,"4":408.69202,"5":491.43264,"6":604.24866,"7":3991.6216,"8":10914.2769},"Sigma":{"0":252.075095,"1":292.225949,"2":359.316445,"3":280.48426,"4":199.860076,"5":184.822641,"6":350.871056,"7":328.770197,"8":307.749364},"SNR":{"0":3.81205,"1":3.827282,"2":3.842515,"3":3.823474,"4":3.777781,"5":3.762552,"6":5.38836,"7":3.951157,"8":4.375837}}