{"Time":{"0":64181.024,"1":3498707.6749999998},"TimePos":{"0":6590.744,"1":65590.686},"TimeNeg":{"0":-6763.469,"1":-201689.523},"Rate":{"0":0.00166522,"1":0.001575722},"RatePos":{"0":0.0007921395,"1":0.0005399953},"RateNeg":{"0":-0.0006243343,"1":-0.0004482083},"FracExp":{"0":0.515008,"1":0.040356},"BGrate":{"0":0.0001820938,"1":0.0001293132},"BGerr":{"0":0.0000101163,"1":0.0000058299},"CorrFact":{"0":1.697183,"1":1.464573},"CtsInSrc":{"0":8.0,"1":13.0},"BGInSrc":{"0":1.252354,"1":1.394825},"Exposure":{"0":6877.5239,"1":10786.4046},"Sigma":{"0":4.007611,"1":184.550251},"SNR":{"0":2.667194,"1":3.515601}}