{"Time":{"0":472.494,"1":552.673,"2":612.985,"3":686.451,"4":763.916,"5":850.495,"6":922.814,"7":995.14,"8":1056.641,"9":1151.185,"10":1291.144,"11":1385.753,"12":1445.369,"13":1514.805,"14":1603.888,"15":1730.669,"16":1820.938,"17":1920.644,"18":2068.539,"19":2287.21,"20":2715.142,"21":6468.122,"22":6745.006,"23":7010.305,"24":7330.685,"25":7667.53,"26":7953.826,"27":8489.467,"28":12214.419,"29":12530.423,"30":13003.911,"31":13368.985,"32":13796.136,"33":14334.149,"34":18122.434,"35":19223.539,"36":24045.198,"37":25152.642,"38":30947.202,"39":38954.361,"40":82378.872,"41":194253.43},"TimePos":{"0":31.618,"1":39.196,"2":39.06,"3":38.306,"4":48.597,"5":32.224,"6":37.632,"7":25.482,"8":29.171,"9":75.037,"10":67.967,"11":23.504,"12":26.572,"13":39.877,"14":73.653,"15":47.165,"16":39.638,"17":82.145,"18":61.456,"19":97.299,"20":316.476,"21":107.516,"22":111.452,"23":162.076,"24":135.054,"25":154.248,"26":126.207,"27":291.848,"28":121.091,"29":309.058,"30":166.537,"31":255.288,"32":149.075,"33":207.783,"34":373.547,"35":1066.276,"36":380.74,"37":722.509,"38":848.143,"39":9787.31,"40":35210.995,"41":90615.431},"TimeNeg":{"0":-33.572,"1":-48.56,"2":-21.116,"3":-34.406,"4":-39.159,"5":-37.981,"6":-40.096,"7":-34.694,"8":-36.019,"9":-65.373,"10":-64.922,"11":-26.642,"12":-36.112,"13":-42.865,"14":-49.206,"15":-53.128,"16":-43.104,"17":-60.068,"18":-65.75,"19":-157.215,"20":-330.633,"21":-218.435,"22":-169.368,"23":-153.847,"24":-158.304,"25":-201.792,"26":-132.048,"27":-409.433,"28":-229.933,"29":-194.913,"30":-164.43,"31":-198.538,"32":-171.863,"33":-388.938,"34":-381.156,"35":-727.558,"36":-509.359,"37":-726.704,"38":-859.329,"39":-2506.065,"40":-17730.987,"41":-49381.366},"Rate":{"0":0.7096903,"1":0.501997,"2":0.7348948,"3":0.6083156,"4":0.505696,"5":0.6236172,"6":0.5899115,"7":0.758155,"8":0.702451,"9":0.3476247,"10":0.3319826,"11":0.9091111,"12":0.6967275,"13":0.6227918,"14":0.360912,"15":0.3846047,"16":0.3281635,"17":0.5191157,"18":0.4669482,"19":0.1657105,"20":0.2164087,"21":0.07036437,"22":0.07695088,"23":0.06830477,"24":0.07818035,"25":0.05948888,"26":0.08185906,"27":0.06807054,"28":0.05605291,"29":0.03881412,"30":0.05927526,"31":0.04326115,"32":0.0608183,"33":0.03448457,"34":0.02573003,"35":0.01633878,"36":0.02185467,"37":0.01767957,"38":0.0138647,"39":0.01178421,"40":0.004979332,"41":0.000979826},"RatePos":{"0":0.1551608,"1":0.1130361,"2":0.1649831,"3":0.1362943,"4":0.1134151,"5":0.1402813,"6":0.1294642,"7":0.1700354,"8":0.1576995,"9":0.07438256,"10":0.07482831,"11":0.2042983,"12":0.1565708,"13":0.1299734,"14":0.08110526,"15":0.08660449,"16":0.07367913,"17":0.1152154,"18":0.1112182,"19":0.03945895,"20":0.04060156,"21":0.01784209,"22":0.02010326,"23":0.01778448,"24":0.01979259,"25":0.01576741,"26":0.02238866,"27":0.01320989,"28":0.01454971,"29":0.0101092,"30":0.01540101,"31":0.01128384,"32":0.01587871,"33":0.008836081,"34":0.006781781,"35":0.004223407,"36":0.00574882,"37":0.004043703,"38":0.003315791,"39":0.002676161,"40":0.001319424,"41":0.0004266536},"RateNeg":{"0":-0.1551608,"1":-0.1130361,"2":-0.1649831,"3":-0.1362943,"4":-0.1134151,"5":-0.1402813,"6":-0.1294642,"7":-0.1700354,"8":-0.1576995,"9":-0.07438256,"10":-0.07482831,"11":-0.2042983,"12":-0.1565708,"13":-0.1299734,"14":-0.08110526,"15":-0.08660449,"16":-0.07367913,"17":-0.1152154,"18":-0.1112182,"19":-0.03945895,"20":-0.04060156,"21":-0.01784209,"22":-0.02010326,"23":-0.01778448,"24":-0.01979259,"25":-0.01576741,"26":-0.02238866,"27":-0.01320989,"28":-0.01454971,"29":-0.0101092,"30":-0.01540101,"31":-0.01128384,"32":-0.01587871,"33":-0.008836081,"34":-0.006781781,"35":-0.004223407,"36":-0.00574882,"37":-0.004043703,"38":-0.003315791,"39":-0.002676161,"40":-0.001319424,"41":-0.0003409188},"FracExp":{"0":1.0,"1":1.0,"2":1.0,"3":1.0,"4":1.0,"5":1.0,"6":1.0,"7":1.0,"8":1.0,"9":1.0,"10":1.0,"11":1.0,"12":1.0,"13":1.0,"14":1.0,"15":0.999869,"16":0.999986,"17":0.811,"18":0.788423,"19":0.571376,"20":0.445219,"21":1.0,"22":1.0,"23":1.0,"24":1.0,"25":1.0,"26":1.0,"27":0.847323,"28":1.0,"29":1.0,"30":1.0,"31":1.0,"32":1.0,"33":1.0,"34":1.0,"35":0.803693,"36":1.0,"37":1.0,"38":1.0,"39":0.190698,"40":0.083779,"41":0.091626},"BGrate":{"0":0.0006036999,"1":0.001569619,"2":0.001308017,"3":0.0005412482,"4":0.0006726937,"5":0.001681735,"6":0.001518986,"7":0.0009810118,"8":0.001207398,"9":0.000560578,"10":0.001184617,"11":0.001962023,"12":0.001569617,"13":0.0002378209,"14":0.0008008252,"15":0.001378064,"16":0.0009729654,"17":0.003029079,"18":0.01209134,"19":0.008303738,"20":0.01383092,"21":0.000686341,"22":0.0006196127,"23":0.0003934047,"24":0.0006778661,"25":0.001082139,"26":0.005293767,"27":0.002091604,"28":0.0002250688,"29":0.0002565229,"30":0.0002821102,"31":0.0003323455,"32":0.0005147147,"33":0.0006499535,"34":0.0004038533,"35":0.002262095,"36":0.0003094048,"37":0.0003074093,"38":0.0004512306,"39":0.0003490529,"40":0.0002035855,"41":0.000096671},"BGerr":{"0":0.0004268803,"1":0.0005932602,"2":0.0006540083,"3":0.0003827202,"4":0.0003883799,"5":0.0006865654,"6":0.0006201233,"7":0.0005663874,"8":0.0006036992,"9":0.000280289,"10":0.0004188254,"11":0.0008774433,"12":0.0007019542,"13":0.0002378209,"14":0.0003581399,"15":0.0005208592,"16":0.0004864827,"17":0.0007139608,"18":0.001535602,"19":0.001072008,"20":0.0009731403,"21":0.0001617721,"22":0.0001655984,"23":0.0001244055,"24":0.0001694665,"25":0.0001943579,"26":0.0005047409,"27":0.0002091604,"28":0.0000678608,"29":0.000060463,"30":0.0000782433,"31":0.0000725237,"32":0.0001073254,"33":0.0000884475,"34":0.0000638548,"35":0.0001093425,"36":0.0000530625,"37":0.0000414511,"38":0.0000475639,"39":0.0000325494,"40":0.0000128759,"41":0.0000037181},"CorrFact":{"0":2.207231,"1":2.217947,"2":2.219878,"3":2.215964,"4":2.225471,"5":2.202054,"6":2.195778,"7":2.287882,"8":2.298702,"9":2.226605,"10":2.22333,"11":2.290706,"12":2.19445,"13":2.242392,"14":2.228025,"15":1.941825,"16":1.36311,"17":2.899283,"18":2.492704,"19":1.282334,"20":1.947461,"21":1.453789,"22":1.457532,"23":1.450622,"24":1.451463,"25":1.449255,"26":1.444728,"27":1.457222,"28":1.318674,"29":1.315417,"30":1.316067,"31":1.322163,"32":1.315749,"33":1.318053,"34":1.321419,"35":1.327911,"36":1.32111,"37":1.310259,"38":1.298639,"39":1.368864,"40":1.462899,"41":1.619661},"CtsInSrc":{"0":21.0,"1":20.0,"2":20.0,"3":20.0,"4":20.0,"5":20.0,"6":21.0,"7":20.0,"8":20.0,"9":22.0,"10":20.0,"11":20.0,"12":20.0,"13":23.0,"14":20.0,"15":20.0,"16":20.0,"17":21.0,"18":20.0,"19":20.0,"20":36.0,"21":16.0,"22":15.0,"23":15.0,"24":16.0,"25":15.0,"26":16.0,"27":29.0,"28":15.0,"29":15.0,"30":15.0,"31":15.0,"32":15.0,"33":16.0,"34":15.0,"35":21.0,"36":15.0,"37":20.0,"38":19.0,"39":21.0,"40":16.0,"41":9.0},"BGInSrc":{"0":0.039355,"1":0.137744,"2":0.078711,"3":0.039355,"4":0.059033,"5":0.118066,"6":0.118066,"7":0.059033,"8":0.078711,"9":0.078711,"10":0.157422,"11":0.098389,"12":0.098389,"13":0.019678,"14":0.098389,"15":0.138192,"16":0.080504,"17":0.349358,"18":1.212667,"19":1.207557,"20":3.98476,"21":0.223714,"22":0.174,"23":0.124286,"24":0.198857,"25":0.385285,"26":1.367141,"27":1.242856,"28":0.079005,"29":0.12928,"30":0.093369,"31":0.150827,"32":0.165191,"33":0.387841,"34":0.304789,"35":3.261245,"36":0.275401,"37":0.445501,"38":0.770463,"39":0.818294,"40":0.902986,"41":1.240033},"Exposure":{"0":65.190388,"1":87.75634,"2":60.17574,"3":72.71236,"4":87.75636,"5":70.20506,"6":77.72706,"7":60.17578,"8":65.19046,"9":140.4102,"10":132.88826,"11":50.1465,"12":62.68316,"13":82.74176,"14":122.859,"15":100.279992,"16":82.74068,"17":115.33468,"18":100.2922,"19":145.423348,"20":288.105131,"21":325.95168,"22":280.82024,"23":315.9229,"24":293.35718,"25":356.0405,"26":258.25488,"27":594.21172,"28":351.02414,"29":503.97132,"30":330.96654,"31":453.82568,"32":320.93776,"33":596.72056,"34":754.70286,"35":1441.69194,"36":890.098708,"37":1449.212192,"38":1707.4713,"39":2344.3255,"40":4435.4137,"41":12827.3468},"Sigma":{"0":753.208049,"1":381.509074,"2":506.189066,"3":717.273656,"4":585.074137,"5":412.485145,"6":433.231877,"7":585.074137,"8":506.189066,