{"Time":{"0":25829.659,"1":26305.174,"2":26927.137,"3":30778.186,"4":31251.757,"5":31628.106,"6":32033.98,"7":32577.614,"8":36765.353,"9":38078.278,"10":44052.394,"11":504301.074,"12":839186.705},"TimePos":{"0":114.554,"1":341.084,"2":200.522,"3":173.167,"4":238.667,"5":123.078,"6":181.055,"7":334.446,"8":685.983,"9":619.264,"10":4495.722,"11":134753.835,"12":60990.466},"TimeNeg":{"0":-146.205,"1":-360.961,"2":-280.879,"3":-238.032,"4":-300.404,"5":-137.682,"6":-282.797,"7":-362.578,"8":-677.988,"9":-459.831,"10":-2165.092,"11":-68919.898,"12":-10476.862},"Rate":{"0":0.08044396,"1":0.02950791,"2":0.07152521,"3":0.05023716,"4":0.03859851,"5":0.07990921,"6":0.04426957,"7":0.04853547,"8":0.02892557,"9":0.02653501,"10":0.02973242,"11":0.001832856,"12":0.001032998},"RatePos":{"0":0.02085402,"1":0.007707058,"2":0.01434936,"3":0.01303864,"4":0.01005861,"5":0.02075177,"6":0.01150975,"7":0.009818856,"8":0.005442354,"9":0.006024066,"10":0.005504063,"11":0.0003744414,"12":0.0003989718},"RateNeg":{"0":-0.02085402,"1":-0.007707058,"2":-0.01434936,"3":-0.01303864,"4":-0.01005861,"5":-0.02075177,"6":-0.01150975,"7":-0.009818856,"8":-0.005442354,"9":-0.006024066,"10":-0.005504063,"11":-0.0003744414,"12":-0.000322537},"FracExp":{"0":1.0,"1":1.0,"2":1.0,"3":1.0,"4":1.0,"5":1.0,"6":1.0,"7":1.0,"8":1.0,"9":0.954967,"10":0.208855,"11":0.113145,"12":0.211481},"BGrate":{"0":0.0002293023,"1":0.0002433414,"2":0.0001596934,"3":0.0001879365,"4":0.0002548555,"5":0.0003292908,"6":0.000222138,"7":0.0004065244,"8":0.000276248,"9":0.0002908517,"10":0.0002954023,"11":0.000067845,"12":0.0000554087},"BGerr":{"0":0.0000866681,"1":0.0000544128,"2":0.0000532311,"3":0.0000626455,"4":0.0000637139,"5":0.0001041309,"6":0.0000641257,"7":0.0000707668,"8":0.000041646,"9":0.0000491629,"10":0.0000409649,"11":0.0000027269,"12":0.000002529},"CorrFact":{"0":1.404033,"1":1.396969,"2":1.381539,"3":1.384296,"4":1.39998,"5":1.397139,"6":1.378436,"7":1.368729,"8":1.37838,"9":1.388018,"10":1.397882,"11":1.660502,"12":1.703889},"CtsInSrc":{"0":15.0,"1":15.0,"2":25.0,"3":15.0,"4":15.0,"5":15.0,"6":15.0,"7":25.0,"8":29.0,"9":20.0,"10":30.0,"11":27.0,"12":10.0},"BGInSrc":{"0":0.059793,"1":0.170837,"2":0.076876,"3":0.077279,"4":0.137385,"5":0.085866,"6":0.103039,"7":0.283357,"8":0.376794,"9":0.299723,"10":0.410946,"11":1.563462,"12":0.837447},"Exposure":{"0":260.75974,"1":702.04476,"2":481.4003,"3":411.19876,"4":539.0715,"5":260.75996,"6":463.85144,"7":697.02414,"8":1363.9712,"9":1030.5003,"10":1391.141126,"11":23044.5943,"12":15114.0044},"Sigma":{"0":661.0842,"1":388.195799,"2":972.591327,"3":579.303665,"4":432.727749,"5":549.259484,"6":500.825665,"7":501.085723,"8":503.895204,"9":388.854033,"10":519.215617,"11":404.777236,"12":239.706383},"SNR":{"0":3.857479,"1":3.828687,"2":4.984559,"3":3.852945,"4":3.83736,"5":3.850718,"6":3.846265,"7":4.943088,"8":5.3149,"9":4.404833,"10":5.401905,"11":4.894906,"12":3.202726}}