{"Time":{"0":3527.683,"1":4985.105,"2":5042.975,"3":5121.119,"4":5276.229,"5":5473.342,"6":9466.244,"7":20936.704,"8":21663.277,"9":22086.065,"10":32720.225,"11":33338.328,"12":34077.638,"13":38654.8,"14":39613.87,"15":44284.219,"16":45337.776,"17":50449.343,"18":56456.939,"19":64551.538,"20":92307.515,"21":120276.265,"22":163755.81},"TimePos":{"0":1429.183,"1":24.414,"2":36.383,"3":45.607,"4":48.14,"5":174.753,"6":1535.862,"7":421.194,"8":168.355,"9":963.615,"10":254.989,"11":243.653,"12":533.095,"13":536.66,"14":784.317,"15":577.525,"16":846.295,"17":1491.45,"18":1292.16,"19":4762.908,"20":17478.178,"21":6852.625,"22":95539.387},"TimeNeg":{"0":-255.488,"1":-28.24,"2":-33.456,"3":-41.761,"4":-109.503,"5":-148.973,"6":-430.742,"7":-332.09,"8":-305.379,"9":-254.433,"10":-534.854,"11":-363.114,"12":-495.657,"13":-700.496,"14":-422.409,"15":-516.529,"16":-476.032,"17":-894.37,"18":-1045.491,"19":-2945.629,"20":-18672.539,"21":-7117.618,"22":-33232.624},"Rate":{"0":1.082346,"1":0.8330386,"2":0.6138828,"3":0.5720176,"4":1.028071,"5":0.7507297,"6":0.2562112,"7":0.09131749,"8":0.07969013,"9":0.04235256,"10":0.04501495,"11":0.0313893,"12":0.03070273,"13":0.01761089,"14":0.03591023,"15":0.01786943,"16":0.02302568,"17":0.01386609,"18":0.01335123,"19":0.01260054,"20":0.003844175,"21":0.004047847,"22":0.001627256},"RatePos":{"0":0.2444063,"1":0.178699,"2":0.1386698,"3":0.1292129,"4":0.215631,"5":0.1373724,"6":0.04577716,"7":0.02371692,"8":0.02070926,"9":0.00989607,"10":0.01185888,"11":0.008215316,"12":0.006668297,"13":0.004653351,"14":0.007310433,"15":0.004781803,"16":0.005433097,"17":0.003152146,"18":0.003176519,"19":0.002783994,"20":0.0009928308,"21":0.001010437,"22":0.0004000336},"RateNeg":{"0":-0.2444063,"1":-0.178699,"2":-0.1386698,"3":-0.1292129,"4":-0.215631,"5":-0.1373724,"6":-0.04577716,"7":-0.02371692,"8":-0.02070926,"9":-0.00989607,"10":-0.01185888,"11":-0.008215316,"12":-0.006668297,"13":-0.004653351,"14":-0.007310433,"15":-0.004781803,"16":-0.005433097,"17":-0.003152146,"18":-0.003176519,"19":-0.002783994,"20":-0.0009928308,"21":-0.001010437,"22":-0.0004000336},"FracExp":{"0":0.041672,"1":1.0,"2":0.933423,"3":0.803554,"4":0.286288,"5":0.255589,"6":0.10327,"7":0.279593,"8":0.508093,"9":0.477562,"10":0.533304,"11":1.0,"12":0.879837,"13":0.877546,"14":0.731375,"15":0.953369,"16":0.781197,"17":0.77873,"18":0.791559,"19":0.291761,"20":0.193575,"21":0.416739,"22":0.153255},"BGrate":{"0":0.002738188,"1":0.002517851,"2":0.003050484,"3":0.002832588,"4":0.002937502,"5":0.006809655,"6":0.00164223,"7":0.0004151411,"8":0.0003995733,"9":0.001473035,"10":0.0007058691,"11":0.0003314872,"12":0.000444432,"13":0.0003140954,"14":0.0004953503,"15":0.0005029421,"16":0.0005078301,"17":0.0004510636,"18":0.0006475576,"19":0.0003418463,"20":0.0002244845,"21":0.0001721009,"22":0.0003272762},"BGerr":{"0":0.001117861,"1":0.001258926,"2":0.001245355,"3":0.001156399,"4":0.001468751,"5":0.001651584,"6":0.0005193188,"7":0.0001312791,"8":0.0001204759,"9":0.000148799,"10":0.0001210556,"11":0.0000691199,"12":0.0000655279,"13":0.0000502955,"14":0.0000700531,"15":0.0000649295,"16":0.0000655606,"17":0.0000460365,"18":0.0000553246,"19":0.000028995,"20":0.0000091266,"21":0.0000108199,"22":0.0000104866},"CorrFact":{"0":3.836143,"1":2.005829,"2":2.021037,"3":2.028073,"4":2.02901,"5":2.040837,"6":1.643197,"7":1.289695,"8":1.287017,"9":1.286947,"10":1.289663,"11":1.28699,"12":1.286715,"13":1.304282,"14":1.290294,"15":1.287595,"16":1.287412,"17":1.277749,"18":1.31397,"19":1.334793,"20":1.637404,"21":1.386417,"22":1.490808},"CtsInSrc":{"0":20.0,"1":22.0,"2":20.0,"3":20.0,"4":23.0,"5":31.0,"6":32.0,"7":15.0,"8":15.0,"9":20.0,"10":15.0,"11":15.0,"12":22.0,"13":15.0,"14":25.0,"15":15.0,"16":19.0,"17":21.0,"18":20.0,"19":22.0,"20":18.0,"21":18.0,"22":28.0},"BGInSrc":{"0":0.192233,"1":0.132573,"2":0.19886,"3":0.19886,"4":0.132573,"5":0.563437,"6":0.333523,"7":0.087434,"8":0.096178,"9":0.856855,"10":0.297331,"11":0.201135,"12":0.402271,"13":0.341001,"14":0.437181,"15":0.524587,"16":0.524587,"17":0.838035,"18":1.198232,"19":0.768829,"20":1.570914,"21":1.001963,"22":6.458781},"Exposure":{"0":70.2044,"1":52.6534,"2":65.1897,"3":70.204392,"4":45.131352,"5":82.7409,"6":203.0913,"7":210.6132,"8":240.7008,"9":581.6936,"10":421.2264,"11":606.76696,"12":905.13494,"13":1085.66114,"14":882.56936,"15":1043.03696,"16":1032.997408,"17":1857.9093,"18":1850.3874,"19":2249.048101,"20":6997.874301,"21":5821.9506,"22":19734.958308},"Sigma":{"0":252.39659,"1":329.891575,"2":243.903543,"3":243.903543,"4":344.977555,"5":222.727935,"6":300.244056,"7":539.350462,"8":513.948976,"9":221.166289,"10":288.334017,"11":352.860974,"12":364.139947,"13":268.460718,"14":397.284798,"15":213.741536,"16":272.80487,"17":235.725315,"18":183.6614,"19":325.575487,"20":257.240064,"21":269.840681,"22":104.087642},"SNR":{"0":4.42847,"1":4.661686,"2":4.42694,"3":4.42694,"4":4.767733,"5":5.464922,"6":5.596923,"7":3.85031,"8":3.848043,"9":4.279736,"10":3.795884,"11":3.820826,"12":4.604283,"13":3.784561,"14":4.912188,"15":3.736964,"16":4.238039,"17":4.398935,"18":4.203102,"19":4.526063,"20":3.871934,"21":4.006034,"22":4.067798}}