{"Time":{"0":216.861,"1":252.437,"2":288.289,"3":330.554,"4":365.378,"5":424.102,"6":468.778,"7":513.941,"8":573.29,"9":644.755,"10":698.755,"11":762.666,"12":821.097,"13":891.441,"14":961.396,"15":4267.091,"16":4348.17,"17":4406.264,"18":4451.171,"19":4511.045,"20":4557.199,"21":4631.451,"22":4725.287,"23":4789.366,"24":4849.285,"25":4906.582,"26":5000.154,"27":10062.133,"28":10233.02,"29":10389.23,"30":10665.765,"31":21516.521,"32":21855.261,"33":22105.582,"34":22310.605,"35":22536.825,"36":22772.725,"37":27373.356,"38":27843.072,"39":35154.928,"40":39641.818,"41":92718.175},"TimePos":{"0":9.701,"1":19.257,"2":21.015,"3":16.36,"4":24.16,"5":28.119,"6":16.038,"7":31.05,"8":41.907,"9":30.617,"10":31.778,"11":23.028,"12":32.294,"13":27.141,"14":34.907,"15":30.119,"16":31.782,"17":21.327,"18":24.059,"19":26.868,"20":20.832,"21":46.872,"22":33.271,"23":26.86,"24":29.625,"25":27.489,"26":84.348,"27":97.031,"28":71.569,"29":90.872,"30":1515.232,"31":180.952,"32":155.627,"33":123.444,"34":106.469,"35":125.966,"36":103.176,"37":143.327,"38":360.609,"39":3912.325,"40":769.356,"41":11013.32},"TimeNeg":{"0":-15.372,"1":-25.875,"2":-16.595,"3":-21.25,"4":-18.465,"5":-34.564,"6":-16.557,"7":-29.125,"8":-28.298,"9":-29.559,"10":-23.383,"11":-32.133,"12":-35.403,"13":-38.049,"14":-42.815,"15":-22.535,"16":-50.959,"17":-26.312,"18":-23.58,"19":-35.815,"20":-19.286,"21":-53.421,"22":-46.963,"23":-30.808,"24":-33.059,"25":-27.673,"26":-66.084,"27":-88.51,"28":-73.856,"29":-84.641,"30":-185.664,"31":-137.478,"32":-157.788,"33":-94.693,"34":-81.58,"35":-119.751,"36":-109.933,"37":-165.073,"38":-326.389,"39":-813.92,"40":-574.565,"41":-7383.364},"Rate":{"0":5.502788,"1":2.865052,"2":3.467227,"3":3.654233,"4":3.06111,"5":2.079281,"6":4.216758,"7":2.187733,"8":2.04498,"9":2.175148,"10":2.500687,"11":2.600729,"12":1.919285,"13":2.113794,"14":2.282192,"15":0.7864773,"16":0.4999964,"17":0.8694723,"18":0.9901602,"19":0.6534983,"20":1.049656,"21":0.4018674,"22":0.517269,"23":0.7219187,"24":0.6609809,"25":0.7562395,"26":0.4995197,"27":0.2356384,"28":0.3346425,"29":0.2545403,"30":0.2166231,"31":0.05697089,"32":0.05734202,"33":0.1116276,"34":0.09828581,"35":0.09961838,"36":0.09115094,"37":0.0596003,"38":0.0522875,"39":0.03868599,"40":0.02755511,"41":0.006237225},"RatePos":{"0":1.207489,"1":0.6510476,"2":0.7809682,"3":0.8029738,"4":0.6966273,"5":0.4711003,"6":0.9227255,"7":0.4934933,"8":0.4430112,"9":0.4928208,"10":0.5510311,"11":0.5618973,"12":0.4387235,"13":0.4657786,"14":0.4430218,"15":0.1778571,"16":0.1128882,"17":0.1966259,"18":0.2067509,"19":0.1492356,"20":0.2358444,"21":0.09162222,"22":0.1171672,"23":0.1627301,"24":0.148514,"25":0.171019,"26":0.08445645,"27":0.05383208,"28":0.07366274,"29":0.05827049,"30":0.03649212,"31":0.01519043,"32":0.0152738,"33":0.02533649,"34":0.02578525,"35":0.0227133,"36":0.0231963,"37":0.01595311,"38":0.01006246,"39":0.01026709,"40":0.005618763,"41":0.001648006},"RateNeg":{"0":-1.207489,"1":-0.6510476,"2":-0.7809682,"3":-0.8029738,"4":-0.6966273,"5":-0.4711003,"6":-0.9227255,"7":-0.4934933,"8":-0.4430112,"9":-0.4928208,"10":-0.5510311,"11":-0.5618973,"12":-0.4387235,"13":-0.4657786,"14":-0.4430218,"15":-0.1778571,"16":-0.1128882,"17":-0.1966259,"18":-0.2067509,"19":-0.1492356,"20":-0.2358444,"21":-0.09162222,"22":-0.1171672,"23":-0.1627301,"24":-0.148514,"25":-0.171019,"26":-0.08445645,"27":-0.05383208,"28":-0.07366274,"29":-0.05827049,"30":-0.03649212,"31":-0.01519043,"32":-0.0152738,"33":-0.02533649,"34":-0.02578525,"35":-0.0227133,"36":-0.0231963,"37":-0.01595311,"38":-0.01006246,"39":-0.01026709,"40":-0.005618763,"41":-0.001648006},"FracExp":{"0":1.0,"1":1.0,"2":1.0,"3":1.0,"4":1.0,"5":1.0,"6":1.0,"7":1.0,"8":1.0,"9":1.0,"10":1.0,"11":1.0,"12":1.0,"13":1.0,"14":1.0,"15":1.0,"16":1.0,"17":1.0,"18":1.0,"19":1.0,"20":1.0,"21":1.0,"22":1.0,"23":1.0,"24":1.0,"25":1.0,"26":1.0,"27":1.0,"28":1.0,"29":1.0,"30":0.225535,"31":1.0,"32":1.0,"33":1.0,"34":1.0,"35":1.0,"36":1.0,"37":1.0,"38":1.0,"39":0.112467,"40":0.998128,"41":0.215885},"BGrate":{"0":0.004570183,"1":0.006982213,"2":0.003808482,"3":0.003808482,"4":0.008065016,"5":0.004113162,"6":0.001757761,"7":0.002856362,"8":0.004896624,"9":0.004284545,"10":0.003635374,"11":0.005193391,"12":0.006347479,"13":0.003076085,"14":0.002948709,"15":0.004196056,"16":0.002288755,"17":0.00463774,"18":0.0006625348,"19":0.006545837,"20":0.002360278,"21":0.003776445,"22":0.003147038,"23":0.002736555,"24":0.001510578,"25":0.004005322,"26":0.003357019,"27":0.00226402,"28":0.00123796,"29":0.002621332,"30":0.002302062,"31":0.001479857,"32":0.001456549,"33":0.001350157,"34":0.001252946,"35":0.001558193,"36":0.001312906,"37":0.001708616,"38":0.001470111,"39":0.0007621605,"40":0.0007379193,"41":0.000487822},"BGerr":{"0":0.002285092,"1":0.002105216,"2":0.001703205,"3":0.001703205,"4":0.00232817,"5":0.001371054,"6":0.001242925,"7":0.001166105,"8":0.001413534,"9":0.001428182,"10":0.001374042,"11":0.001642294,"12":0.001638912,"13":0.001162651,"14":0.001042526,"15":0.00158596,"16":0.0009343805,"17":0.001752901,"18":0.0006625348,"19":0.001815489,"20":0.001362707,"21":0.001090166,"22":0.001112646,"23":0.001223825,"24":0.0008721328,"25":0.001513869,"26":0.0008392547,"27":0.0004940497,"28":0.0004126533,"29":0.0005465854,"30":0.0003470488,"31":0.0002616043,"32":0.0002616039,"33":0.0003019043,"34":0.0003132366,"35":0.0003055869,"36":0.0003012013,"37":0.0002847694,"38":0.0001769805,"39":0.0001088801,"40":0.0000673625,"41":0.0000277512},"CorrFact":{"0":6.606156,"1":6.568739,"2":6.567114,"3":6.589464,"4":6.638001,"5":6.601879,"6":6.562945,"7":6.639472,"8":6.629386,"9":6.630012,"10":6.631911,"11":6.606878,"12":6.639187,"13":6.625106,"14":6.625691,"15":2.093677,"16":2.088301,"17":2.094181,"18":2.053704,"19":2.091065,"20":2.115479,"21":2.054124,"22":2.101672,"23":2.098152,"24":2.081471,"25":2.109049,"26":2.117016,"27":2.232939,"28":2.337436,"29":2.286349,"30":2.30084,"31":1.248642,"32":1.235732,"33":1.235702,"34":1.251833,"35":1.247785,"36":1.235681,"37":1.269996,"38":1.283364,"39":1.408951,"40":1.477902,"41":1.542189},"CtsInSrc":{"0":21.0,"1":20.0,"2":20.0,"3":21.0,"4":20.0,"5":20.0,"6":21.0,"7":20.0,"8":22.0,"9":20.0,"10":21.0,"11":22.0,"12":20.0,"13":21.0,"14":27.0,"15":20.0,"16":20.0,"17":20.0,"18":23.0,"19":20.0,"20":20.0,"21":20.0,"22":20.0,"23":20.0,"24":20.0,"25":20.0,"26":36.0,"27":20.0,"28":21.0,"29":20.0,"30":37.0,"31":15.0,"32":15.0,"33":20.0,"34":15.0,"35":20.0,"36":16.0,"37":15.0,"38":29.0,"39":15.0,"40":26.0,"41":18.0},"BGInSrc":{"0":0.114589,"1":0.31512,"2":0.143236,"3":0.143236,"4":0.343767,"5":0.257825,"6":0.057294,"7":0.171883,"8":0.343767,"9":0.257825,"10":0.200531,"11":0.286472,"12":0.429708,"13":0.200531,"14":0.229178,"15":0.220938,"16":0.189375,"17":0.220938,"18":0.031563,"19":0.410313,"20":0.094688,"21":0.378751,"22":0.252501,"23":0.157813,"24":0.094688,"25":0.220938,"26":0.505001,"27":0.42007,"28":0.18003,"29":0.460077,"30":0.883098,"31":0.471231,"32":0.456505,"33":0.294519,"34":0.235615,"35":0.382875,"36":0.279793,"37":0.526937,"38":1.009963,"39":0.405125,"40":0.989849,"41":1.937416},"Exposure":{"0":25.07316,"1":45.13176,"2":37.60978,"3":37.60978,"4":42.62444,"5":62.68294,"6":32.59514,"7":60.17564,"8":70.20486,"9":60.1756,"10":55.16094,"11":55.16094,"12":67.6975,"13":65.1902,"14":77.72142,"15":52.65374,"16":82.74168,"17":47.63916,"18":47.63912,"19":62.68312,"20":40.1172,"21":100.29298,"22":80.23438,"23":57.66844,"24":62.6831,"25":55.16112,"26":150.43146,"27":185.54184,"28":145.42492,"29":175.51278,"30":383.61196,"31":318.42978,"32":313.4153,"33":218.13696,"34":188.049,"35":245.7172,"36":213.10986,"37":308.40002,"38":686.99808,"39":531.54822,"40":1341.40488,"41":3971.5632},"Sigma":{"0":364.52755,"1":207.182831,"2":309.985081,"3":325.596139,"4":198.073784,"5":229.715905,"6":516.934018,"7":282.568121,"8":218.227572,"9":229.715905,"10":274.423033,"11":239.688783,"12":176.387981,"13":274.423033,"14":330.395436,"15":236.855905,"16":256.241866,"17":236.855905,"18":727.711095,"19":172.140617,"20":364.112773,"21":179.45831,