{"Time":{"0":426.25,"1":441.682,"2":456.094,"3":474.48,"4":503.574,"5":540.997,"6":587.684,"7":650.517,"8":771.7,"9":45712.385,"10":45850.733,"11":45962.561,"12":46110.591,"13":46308.692,"14":46500.699,"15":51429.849,"16":51563.993,"17":51694.411,"18":51890.793,"19":80196.65,"20":81464.654,"21":333570.015,"22":345092.117,"23":383928.9,"24":474591.886,"25":680307.574,"26":835013.735},"TimePos":{"0":8.422,"1":8.034,"2":6.158,"3":15.353,"4":11.332,"5":19.041,"6":22.5,"7":34.887,"8":81.691,"9":87.837,"10":52.289,"11":45.769,"12":123.397,"13":55.677,"14":119.414,"15":63.201,"16":56.931,"17":79.459,"18":98.702,"19":64.321,"20":5930.62,"21":930.871,"22":447.803,"23":24010.758,"24":72668.421,"25":15032.789,"26":9007.228},"TimeNeg":{"0":-6.622,"1":-7.01,"2":-6.378,"3":-12.227,"4":-13.741,"5":-26.091,"6":-27.647,"7":-40.333,"8":-86.296,"9":-60.095,"10":-50.511,"11":-59.539,"12":-102.262,"13":-74.704,"14":-136.33,"15":-62.165,"16":-70.942,"17":-73.488,"18":-116.923,"19":-58.537,"20":-1203.682,"21":-698.874,"22":-515.001,"23":-16319.968,"24":-38637.151,"25":-9111.237,"26":-8971.619},"Rate":{"0":4.519306,"1":5.250974,"2":5.450867,"3":2.493753,"4":2.640069,"5":1.497339,"6":1.334927,"7":0.9289909,"8":0.7177359,"9":0.1705305,"10":0.2336331,"11":0.2264881,"12":0.1544782,"13":0.2665631,"14":0.1722706,"15":0.1887301,"16":0.1891844,"17":0.1750381,"18":0.1895724,"19":0.196147,"20":0.1246526,"21":0.01263392,"22":0.0228702,"23":0.009606516,"24":0.005594664,"25":0.005026694,"26":0.003048618},"RatePos":{"0":1.010548,"1":1.097761,"2":1.224348,"3":0.560135,"4":0.5965866,"5":0.3363252,"6":0.3021153,"7":0.2050603,"8":0.1210313,"9":0.03749305,"10":0.05265519,"11":0.05116047,"12":0.03548652,"13":0.06013923,"14":0.028651,"15":0.04302756,"16":0.04259161,"17":0.03747218,"18":0.0328167,"19":0.04440679,"20":0.01890785,"21":0.003456627,"22":0.005713341,"23":0.002186399,"24":0.001198051,"25":0.001330912,"26":0.001406684},"RateNeg":{"0":-1.010548,"1":-1.097761,"2":-1.224348,"3":-0.560135,"4":-0.5965866,"5":-0.3363252,"6":-0.3021153,"7":-0.2050603,"8":-0.1210313,"9":-0.03749305,"10":-0.05265519,"11":-0.05116047,"12":-0.03548652,"13":-0.06013923,"14":-0.028651,"15":-0.04302756,"16":-0.04259161,"17":-0.03747218,"18":-0.0328167,"19":-0.04440679,"20":-0.01890785,"21":-0.003456627,"22":-0.005713341,"23":-0.002186399,"24":-0.001198051,"25":-0.001330912,"26":-0.001107911},"FracExp":{"0":1.0,"1":1.0,"2":1.0,"3":1.0,"4":1.0,"5":1.0,"6":1.0,"7":1.0,"8":1.0,"9":1.0,"10":1.0,"11":1.0,"12":0.999985,"13":0.999986,"14":1.0,"15":1.0,"16":1.0,"17":1.0,"18":1.0,"19":1.0,"20":0.061502,"21":1.0,"22":1.0,"23":0.078954,"24":0.056609,"25":0.185056,"26":0.18032},"BGrate":{"0":0.0,"1":0.003921541,"2":0.007058765,"3":0.003208532,"4":0.008235226,"5":0.00196077,"6":0.004705841,"7":0.003137231,"8":0.002458326,"9":0.001049474,"10":0.001510217,"11":0.001895475,"12":0.002333166,"13":0.001347196,"14":0.001647716,"15":0.00303023,"16":0.001048522,"17":0.0005844221,"18":0.00145089,"19":0.001983458,"20":0.001749004,"21":0.0008435239,"22":0.0005125226,"23":0.001123944,"24":0.0002615707,"25":0.000318863,"26":0.0003210123},"BGerr":{"0":0.0,"1":0.002772948,"2":0.00407538,"3":0.001852447,"4":0.003112623,"5":0.001132051,"6":0.001663766,"7":0.001109178,"8":0.0006570152,"9":0.0003966638,"10":0.0005708084,"11":0.0006318251,"12":0.0004762555,"13":0.0004763059,"14":0.000378012,"15":0.0007349388,"16":0.0004280573,"17":0.000292211,"18":0.0003877667,"19":0.0005980352,"20":0.0002875345,"21":0.0000662735,"22":0.0000661664,"23":0.0000627324,"24":0.0000124136,"25":0.0000176602,"26":0.0000205087},"CorrFact":{"0":3.399406,"1":3.443403,"2":3.431952,"3":3.454232,"4":3.344276,"5":3.393892,"6":3.387054,"7":3.365354,"8":3.388042,"9":1.210227,"10":1.21027,"11":1.204566,"12":1.790066,"13":1.753105,"14":1.204453,"15":1.20592,"16":1.217744,"17":1.221848,"18":1.213417,"19":1.219777,"20":1.236525,"21":1.407842,"22":1.333986,"23":1.364331,"24":1.509562,"25":1.441981,"26":1.420238},"CtsInSrc":{"0":20.0,"1":23.0,"2":20.0,"3":20.0,"4":20.0,"5":20.0,"6":20.0,"7":21.0,"8":36.0,"9":21.0,"10":20.0,"11":20.0,"12":20.0,"13":20.0,"14":37.0,"15":20.0,"16":20.0,"17":22.0,"18":34.0,"19":20.0,"20":45.0,"21":16.0,"22":17.0,"23":26.0,"24":25.0,"25":17.0,"26":8.0},"BGInSrc":{"0":0.0,"1":0.058995,"2":0.088493,"3":0.088493,"4":0.206483,"5":0.088493,"6":0.235981,"7":0.235981,"8":0.412967,"9":0.15525,"10":0.15525,"11":0.199608,"12":0.526492,"13":0.175646,"14":0.421394,"15":0.379887,"16":0.134078,"17":0.089385,"18":0.312848,"19":0.243684,"20":0.767422,"21":1.374729,"22":0.493458,"23":3.578943,"24":1.648116,"25":1.424683,"26":1.040702},"Exposure":{"0":15.043928,"1":15.0439,"2":12.5366,"3":27.5805,"4":25.0732,"5":45.13172,"6":50.14642,"7":75.21956,"8":167.987072,"9":147.93168,"10":102.80008,"11":105.30746,"12":225.6555,"13":130.3788,"14":255.74428,"15":125.36578,"16":127.87318,"17":152.94636,"18":215.62508,"19":122.85838,"20":438.77682,"21":1629.745,"22":962.8032,"23":3184.271,"24":6300.8449,"25":4468.0086,"26":3241.9389},"Sigma":{"0":1000.0,"1":549.933533,"2":389.72321,"3":389.72321,"4":253.621872,"5":389.72321,"6":236.887984,"7":248.873805,"8":322.433776,"9":355.232664,"10":338.190835,"11":297.589615,"12":181.200019,"13":319.231791,"14":378.369029,"15":212.946884,"16":362.933748,"17":490.251372,"18":402.897455,"19":268.88988,"20":350.597352,"21":135.408014,"22":259.108184,"23":112.241599,"24":298.555849,"25":197.39109,"26":4.303932},"SNR":{"0":4.472136,"1":4.783349,"2":4.452058,"3":4.452058,"4":4.425291,"5":4.452058,"6":4.4186,"7":4.53033,"8":5.930169,"9":4.548324,"10":4.437039,"11":4.427012,"12":4.353152,"13":4.432433,"14":6.012726,"15":4.38626,"16":4.441823,"17":4.671147,"18":5.776705,"19":4.41705,"20":6.592637,"21":3.654986,"22":4.002947,"23":4.393761,"24":4.669805,"25":3.776878,"26":2.751681}}