{"Time":{"0":461.654,"1":495.778,"2":581.621,"3":750.655,"4":5256.185,"5":5965.321,"6":21399.803},"TimePos":{"0":15.363,"1":31.386,"2":68.401,"3":89.922,"4":179.42,"5":613.611,"6":8134.803},"TimeNeg":{"0":-14.725,"1":-18.761,"2":-54.458,"3":-100.633,"4":-196.678,"5":-529.715,"6":-9241.313},"Rate":{"0":2.295522,"1":1.351125,"2":0.4996831,"3":0.1618779,"4":0.05264441,"5":0.03307825,"6":0.008192398},"RatePos":{"0":0.5137858,"1":0.3032812,"2":0.1127028,"3":0.03404705,"4":0.0137543,"5":0.00623953,"6":0.00183844},"RateNeg":{"0":-0.5137858,"1":-0.3032812,"2":-0.1127028,"3":-0.03404705,"4":-0.0137543,"5":-0.00623953,"6":-0.00183844},"FracExp":{"0":1.0,"1":1.0,"2":0.999985,"3":1.0,"4":1.0,"5":1.0,"6":0.199417},"BGrate":{"0":0.0006299215,"1":0.001511812,"2":0.001388419,"3":0.001029339,"4":0.0004668898,"5":0.0003931743,"6":0.0003162748},"BGerr":{"0":0.0006299215,"1":0.0007559059,"2":0.0004628064,"3":0.0003255057,"4":0.000093378,"5":0.0000491468,"6":0.0000221437},"CorrFact":{"0":3.456646,"1":3.400598,"2":3.095884,"3":1.352692,"4":1.335598,"5":1.324644,"6":1.357983},"CtsInSrc":{"0":20.0,"1":20.0,"2":20.0,"3":23.0,"4":15.0,"5":29.0,"6":22.0},"BGInSrc":{"0":0.018953,"1":0.075812,"2":0.170577,"3":0.196145,"4":0.175596,"5":0.449526,"6":1.09592},"Exposure":{"0":30.087888,"1":50.14648,"2":122.857052,"3":190.55468,"4":376.09786,"5":1143.32594,"6":3465.0886},"Sigma":{"0":1054.241419,"1":525.62071,"2":348.74714,"3":367.646152,"4":422.11617,"5":508.098705,"6":272.437721},"SNR":{"0":4.467858,"1":4.455024,"2":4.433635,"3":4.754535,"4":3.827487,"5":5.301401,"6":4.456169}}