{"Time":{"0":2975.611,"1":3007.771,"2":3035.878,"3":3069.619,"4":3100.419,"5":3128.522,"6":3155.07,"7":3182.567,"8":3210.378,"9":3245.248,"10":3274.24,"11":3308.165,"12":3342.558,"13":3387.094,"14":3428.172,"15":3467.045,"16":3504.796,"17":3554.83,"18":3590.056,"19":3622.634,"20":3658.573,"21":3714.558,"22":3759.019,"23":3806.489,"24":3852.966,"25":3903.543,"26":4009.774,"27":4083.078,"28":4125.847,"29":4181.141,"30":4236.647,"31":4368.464,"32":8887.592,"33":9021.604,"34":9151.819,"35":9243.238,"36":9341.668,"37":9443.564,"38":9539.849,"39":9669.285,"40":9825.598,"41":9919.079,"42":10113.789,"43":89983.037,"44":135800.897,"45":211148.117,"46":331190.353,"47":525907.3149999999,"48":771838.858},"TimePos":{"0":17.066,"1":9.979,"2":21.989,"3":13.321,"4":15.116,"5":9.579,"6":13.119,"7":10.695,"8":20.494,"9":13.203,"10":14.299,"11":17.985,"12":16.186,"13":19.29,"14":18.329,"15":17.065,"16":21.938,"17":17.036,"18":19.42,"19":9.408,"20":26.122,"21":25.298,"22":20.953,"23":26.137,"24":19.777,"25":53.931,"26":42.388,"27":29.239,"28":19.065,"29":35.763,"30":17.866,"31":212.551,"32":90.043,"33":56.324,"34":48.967,"35":60.347,"36":42.152,"37":48.071,"38":59.6,"39":95.647,"40":44.641,"41":58.975,"42":75.885,"43":5825.338,"44":11561.872,"45":16674.22,"46":53212.411,"47":35687.694,"48":122995.776},"TimeNeg":{"0":-18.036,"1":-15.094,"2":-18.128,"3":-11.752,"4":-17.479,"5":-12.987,"6":-16.969,"7":-14.378,"8":-17.116,"9":-14.377,"10":-15.789,"11":-19.625,"12":-16.409,"13":-28.349,"14":-21.788,"15":-20.545,"16":-20.686,"17":-28.095,"18":-18.19,"19":-13.158,"20":-26.531,"21":-29.863,"22":-19.164,"23":-26.516,"24":-20.34,"25":-30.8,"26":-52.3,"27":-30.916,"28":-13.531,"29":-36.229,"30":-19.744,"31":-113.951,"32":-72.933,"33":-43.969,"34":-73.891,"35":-42.453,"36":-38.082,"37":-59.744,"38":-48.215,"39":-69.836,"40":-60.666,"41":-48.84,"42":-135.735,"43":-5255.413,"44":-6052.708,"45":-6562.688,"46":-40320.558,"47":-44889.497,"48":-164540.453},"Rate":{"0":1.234298,"1":1.816455,"2":1.22084,"3":1.77404,"4":1.376716,"5":2.044465,"6":1.526427,"7":1.759647,"8":1.172122,"9":1.577192,"10":1.388916,"11":1.170132,"12":1.305889,"13":0.98667,"14":1.058306,"15":1.108959,"16":1.024624,"17":0.9709255,"18":1.160108,"19":1.891499,"20":0.8324691,"21":0.7974922,"22":1.043044,"23":0.8750766,"24":1.102595,"25":0.7312768,"26":1.102841,"27":1.339409,"28":1.281533,"29":0.978795,"30":1.170034,"31":0.5305629,"32":0.271525,"33":0.4587967,"34":0.3859063,"35":0.356999,"36":0.3148389,"37":0.231543,"38":0.2820579,"39":0.2705512,"40":0.2593107,"41":0.2452952,"42":0.2118234,"43":0.02580456,"44":0.009827656,"45":0.007531103,"46":0.004762442,"47":0.003283791,"48":0.001672536},"RatePos":{"0":0.2767615,"1":0.3974282,"2":0.2554829,"3":0.387637,"4":0.3008196,"5":0.4358815,"6":0.3270773,"7":0.3860167,"8":0.2574706,"9":0.346449,"10":0.3114309,"11":0.2573741,"12":0.2928141,"13":0.2114201,"14":0.2379584,"15":0.2493476,"16":0.2244767,"17":0.2124319,"18":0.2541589,"19":0.4241231,"20":0.182379,"21":0.1744859,"22":0.2335543,"23":0.1870365,"24":0.2415588,"25":0.164655,"26":0.2419321,"27":0.2934405,"28":0.287353,"29":0.2147198,"30":0.2563333,"31":0.09290327,"32":0.06123571,"33":0.1028818,"34":0.08482245,"35":0.08052154,"36":0.07067377,"37":0.0520264,"38":0.06331377,"39":0.06107429,"40":0.05679444,"41":0.0535278,"42":0.04105986,"43":0.005562755,"44":0.002651502,"45":0.001653298,"46":0.0009641333,"47":0.0008447322,"48":0.0004336349},"RateNeg":{"0":-0.2767615,"1":-0.3974282,"2":-0.2554829,"3":-0.387637,"4":-0.3008196,"5":-0.4358815,"6":-0.3270773,"7":-0.3860167,"8":-0.2574706,"9":-0.346449,"10":-0.3114309,"11":-0.2573741,"12":-0.2928141,"13":-0.2114201,"14":-0.2379584,"15":-0.2493476,"16":-0.2244767,"17":-0.2124319,"18":-0.2541589,"19":-0.4241231,"20":-0.182379,"21":-0.1744859,"22":-0.2335543,"23":-0.1870365,"24":-0.2415588,"25":-0.164655,"26":-0.2419321,"27":-0.2934405,"28":-0.287353,"29":-0.2147198,"30":-0.2563333,"31":-0.09290327,"32":-0.06123571,"33":-0.1028818,"34":-0.08482245,"35":-0.08052154,"36":-0.07067377,"37":-0.0520264,"38":-0.06331377,"39":-0.06107429,"40":-0.05679444,"41":-0.0535278,"42":-0.04105986,"43":-0.005562755,"44":-0.002651502,"45":-0.001653298,"46":-0.0009641333,"47":-0.0008447322,"48":-0.0004336349},"FracExp":{"0":1.0,"1":1.0,"2":1.0,"3":1.0,"4":1.0,"5":1.0,"6":1.0,"7":1.0,"8":1.0,"9":1.0,"10":1.0,"11":1.0,"12":1.0,"13":1.0,"14":1.0,"15":1.0,"16":1.0,"17":1.0,"18":1.0,"19":1.0,"20":1.0,"21":1.0,"22":1.0,"23":1.0,"24":1.0,"25":0.680551,"26":0.423674,"27":0.541852,"28":1.0,"29":0.626898,"30":1.0,"31":0.399321,"32":1.0,"33":1.0,"34":1.0,"35":0.999975,"36":1.0,"37":1.0,"38":0.999979,"39":1.0,"40":0.999987,"41":1.0,"42":0.746424,"43":0.129203,"44":0.162413,"45":0.178793,"46":0.086693,"47":0.089523,"48":0.055127},"BGrate":{"0":0.001552135,"1":0.002172988,"2":0.002037176,"3":0.001086494,"4":0.0008357638,"5":0.0,"6":0.003621646,"7":0.004345969,"8":0.003621645,"9":0.004938607,"10":0.001810823,"11":0.00434597,"12":0.001671529,"13":0.002287353,"14":0.002716235,"15":0.002897313,"16":0.00191734,"17":0.001207213,"18":0.002172985,"19":0.002414432,"20":0.001552132,"21":0.00098772,"22":0.000679058,"23":0.001034755,"24":0.002037171,"25":0.002362129,"26":0.002716255,"27":0.002507302,"28":0.001671526,"29":0.002414445,"30":0.002172985,"31":0.001462598,"32":0.001034226,"33":0.0005602053,"34":0.001219494,"35":0.001661536,"36":0.0009560925,"37":0.0008893878,"38":0.0007073544,"39":0.001131727,"40":0.0007241898,"41":0.0,"42":0.001214104,"43":0.0001687476,"44":0.000224946,"45":0.0005338515,"46":0.0001641187,"47":0.0001345683,"48":0.0001378508},"BGerr":{"0":0.001097525,"1":0.001536534,"2":0.001176164,"3":0.001086494,"4":0.0008357638,"5":0.0,"6":0.001810823,"7":0.002172984,"8":0.001619649,"9":0.002208612,"10":0.001280445,"11":0.001774235,"12":0.001181949,"13":0.001143677,"14":0.001358117,"15":0.001448657,"16":0.001106977,"17":0.0008536287,"18":0.001254573,"19":0.001707261,"20":0.0008961239,"21":0.0006984235,"22":0.000679058,"23":0.0007316821,"24":0.001176161,"25":0.001056376,"26":0.001358128,"27":0.001447592,"28":0.001181947,"29":0.001207222,"30":0.001254573,"31":0.00055281,"32":0.0003447419,"33":0.0003234347,"34":0.0004311564,"35":0.0005538454,"36":0.0004780462,"37":0.0003977463,"38":0.0003536772,"39":0.0003578834,"40":0.0003620949,"41":0.0,"42":0.0003839335,"43":0.000021431,"44":0.000019289,"45":0.0000277536,"46":0.0000085092,"47":0.0000070825,"48":0.000004811},"CorrFact":{"0":2.172253,"1":2.174411,"2":2.137002,"3":2.120879,"4":2.139639,"5":2.097045,"6":2.097969,"7":2.111905,"8":2.112901,"9":2.084934,"10":2.095173,"11":2.112074,"12":2.134088,"13":2.147176,"14":2.13443,"15":2.096804,"16":2.087834,"17":2.09207,"18":2.085799,"19":2.139987,"20":2.095416,"21":2.10023,"22":2.095044,"23":2.09956,"24":2.114557,"25":2.12286,"26":2.117766,"27":2.087071,"28":2.094291,"29":2.114511,"30":2.103644,"31":2.108377,"32":2.231401,"33":2.307177,"34":2.273931,"35":1.850734,"36":1.267904,"37":1.254199,"38":1.526286,"39":2.259741,"40":1.305072,"41":1.259353,"42":1.248098,"43":1.697898,"44":1.958368,"45":1.373392,"46":1.5044,"47":1.477772,"48":1.576673},"CtsInSrc":{"0":20.0,"1":21.0,"2":23.0,"3":21.0,"4":21.0,"5":22.0,"6":22.0,"7":21.0,"8":21.0,"9":21.0,"10":20.0,"11":21.0,"12":20.0,"13":22.0,"14":20.0,"15":20.0,"16":21.0,"17":21.0,"18":21.0,"19":20.0,"20":21.0,"21":21.0,"22":20.0,"23":22.0,"24":21.0,"25":20.0,"26":21.0,"27":21.0,"28":20.0,"29":21.0,"30":21.0,"31":33.0,"32":20.0,"33":20.0,"34":21.0,"35":20.0,"36":20.0,"37":20.0,"38":20.0,"39":20.0,"40":21.0,"41":21.0,"42":27.0,"43":22.0,"44":15.0,"45":25.0,"46":27.0,"47":17.0,"48":19.0},"BGInSrc":{"0":0.054484,"1":0.054484,"2":0.081725,"3":0.027242,"4":0.027242,"5":0.0,"6":0.108967,"7":0.108967,"8":0.136209,"9":0.136209,"10":0.054484,"11":0.163451,"12":0.054484,"13":0.108967,"14":0.108967,"15":0.108967,"16":0.081725,"17":0.054484,"18":0.081725,"19":0.054484,"20":0.081725,"21":0.054484,"22":0.027242,"23":0.054484,"24":0.081725,"25":0.136209,"26":0.108967,"27":0.081725,"28":0.054484,"29":0.108967,