{"Time":{"0":240.088,"1":295.166,"2":333.905,"3":350.141,"4":363.93,"5":372.844,"6":381.413,"7":391.004,"8":400.548,"9":410.978,"10":424.592,"11":440.276,"12":456.312,"13":503.147,"14":5616.988,"15":11707.663,"16":17658.461,"17":22582.62,"18":23891.233,"19":29248.206,"20":37743.777,"21":46439.158,"22":52444.85,"23":59764.163,"24":75343.617,"25":93460.19,"26":109527.253,"27":135837.581,"28":188347.791,"29":307200.694},"TimePos":{"0":16.423,"1":31.549,"2":5.346,"3":6.661,"4":5.409,"5":4.017,"6":5.477,"7":3.408,"8":3.893,"9":6.0,"10":7.43,"11":6.789,"12":10.811,"13":41.702,"14":1074.871,"15":1162.146,"16":1195.006,"17":494.267,"18":747.699,"19":1176.755,"20":4251.962,"21":1340.895,"22":1123.164,"23":5375.47,"24":5887.004,"25":5985.121,"26":7679.59,"27":21868.005,"28":9858.253,"29":127224.668},"TimeNeg":{"0":-18.68,"1":-38.656,"2":-7.191,"3":-10.89,"4":-7.127,"5":-3.505,"6":-4.552,"7":-4.114,"8":-6.136,"9":-6.537,"10":-7.614,"11":-8.254,"12":-9.247,"13":-36.024,"14":-884.042,"15":-1188.571,"16":-1302.265,"17":-466.032,"18":-814.346,"19":-1370.921,"20":-4081.58,"21":-1205.962,"22":-1423.589,"23":-2958.099,"24":-6958.834,"25":-7724.813,"26":-5500.667,"27":-14474.049,"28":-3382.075,"29":-99853.032},"Rate":{"0":1.927129,"1":0.9731229,"2":6.22291,"3":5.231866,"4":5.20716,"5":8.840701,"6":7.278833,"7":9.228422,"8":6.55834,"9":6.751655,"10":4.821428,"11":4.361935,"12":3.241161,"13":0.8893582,"14":0.01895497,"15":0.01584026,"16":0.01159467,"17":0.02037238,"18":0.01232276,"19":0.009370283,"20":0.007177314,"21":0.01253783,"22":0.008064612,"23":0.005890367,"24":0.00692505,"25":0.00421952,"26":0.004541409,"27":0.004009689,"28":0.004400973,"29":0.001629171},"RatePos":{"0":0.4232174,"1":0.2140493,"2":1.277333,"3":0.9946422,"4":1.1702,"5":1.983444,"6":1.563682,"7":2.013807,"8":1.471388,"9":1.339542,"10":1.027932,"11":0.9818954,"12":0.7332883,"13":0.1976834,"14":0.003851862,"15":0.003113533,"16":0.002554696,"17":0.005410749,"18":0.003333753,"19":0.002353841,"20":0.001431046,"21":0.002692251,"22":0.002176435,"23":0.00160421,"24":0.001902137,"25":0.001066559,"26":0.001193421,"27":0.0008724423,"28":0.001184073,"29":0.0003850737},"RateNeg":{"0":-0.4232174,"1":-0.2140493,"2":-1.277333,"3":-0.9946422,"4":-1.1702,"5":-1.983444,"6":-1.563682,"7":-2.013807,"8":-1.471388,"9":-1.339542,"10":-1.027932,"11":-0.9818954,"12":-0.7332883,"13":-0.1976834,"14":-0.003851862,"15":-0.003113533,"16":-0.002554696,"17":-0.005410749,"18":-0.003333753,"19":-0.002353841,"20":-0.001431046,"21":-0.002692251,"22":-0.002176435,"23":-0.00160421,"24":-0.001902137,"25":-0.001066559,"26":-0.001193421,"27":-0.0008724423,"28":-0.001184073,"29":-0.0003850737},"FracExp":{"0":1.0,"1":1.0,"2":1.0,"3":1.0,"4":1.0,"5":1.0,"6":1.0,"7":1.0,"8":1.0,"9":1.0,"10":1.0,"11":1.0,"12":1.0,"13":1.0,"14":0.884442,"15":0.966341,"16":1.0,"17":1.0,"18":1.0,"19":0.936889,"20":0.605648,"21":0.956903,"22":0.952016,"23":0.400756,"24":0.222705,"25":0.418434,"26":0.369049,"27":0.219808,"28":0.353361,"29":0.078241},"BGrate":{"0":0.003732528,"1":0.002332834,"2":0.01045109,"3":0.009331335,"4":0.007838343,"5":0.00870921,"6":0.01632982,"7":0.0,"8":0.006531929,"9":0.02351495,"10":0.0,"11":0.008709244,"12":0.01143088,"13":0.01137827,"14":0.0005217248,"15":0.0004730678,"16":0.0002844275,"17":0.0004329693,"18":0.0004360766,"19":0.0002450702,"20":0.0002886634,"21":0.0002724429,"22":0.0002669432,"23":0.0002327952,"24":0.0003138771,"25":0.0002114847,"26":0.0001598034,"27":0.0001855442,"28":0.000241648,"29":0.000152357},"BGerr":{"0":0.001866264,"1":0.001043275,"2":0.005225545,"3":0.0041731,"4":0.004525469,"5":0.006158341,"6":0.007302919,"7":0.0,"8":0.004618771,"9":0.007838318,"10":0.0,"11":0.004354622,"12":0.004320465,"13":0.00218975,"14":0.0000516584,"15":0.0000430062,"16":0.0000252389,"17":0.0000631551,"18":0.0000496956,"19":0.0000240311,"20":0.0000179367,"21":0.0000250804,"22":0.0000248926,"23":0.0000175977,"24":0.0000216596,"25":0.0000115203,"26":0.0000103803,"27":0.0000090108,"28":0.0000146791,"29":0.0000045648},"CorrFact":{"0":3.241493,"1":3.278788,"2":3.268411,"3":3.298763,"4":3.280089,"5":3.335888,"6":3.343115,"7":3.305489,"8":3.299559,"9":3.292806,"10":3.296941,"11":3.302644,"12":3.28833,"13":3.273701,"14":1.308584,"15":1.336384,"16":1.360048,"17":1.34142,"18":1.344294,"19":1.36252,"20":1.364775,"21":1.368009,"22":1.362318,"23":1.383172,"24":1.404859,"25":1.441976,"26":1.451133,"27":1.422448,"28":1.384754,"29":1.426347},"CtsInSrc":{"0":21.0,"1":21.0,"2":24.0,"3":28.0,"4":20.0,"5":20.0,"6":22.0,"7":21.0,"8":20.0,"9":26.0,"10":22.0,"11":20.0,"12":20.0,"13":22.0,"14":26.0,"15":28.0,"16":22.0,"17":15.0,"18":15.0,"19":17.0,"20":28.0,"21":23.0,"22":15.0,"23":15.0,"24":15.0,"25":18.0,"26":16.0,"27":24.0,"28":16.0,"29":23.0},"BGInSrc":{"0":0.13102,"1":0.163775,"2":0.13102,"3":0.163775,"4":0.098265,"5":0.06551,"6":0.163775,"7":0.0,"8":0.06551,"9":0.294796,"10":0.0,"11":0.13102,"12":0.229286,"13":0.884387,"14":0.903911,"15":1.074618,"16":0.710292,"17":0.41578,"18":0.681171,"19":0.584955,"20":1.456941,"21":0.663969,"22":0.647217,"23":0.777472,"24":0.897949,"25":1.213225,"26":0.777309,"27":1.482175,"28":1.130579,"29":2.706886},"Exposure":{"0":35.1023,"1":70.20446,"2":12.53652,"3":17.55112,"4":12.53648,"5":7.52194,"6":10.02922,"7":7.5219,"8":10.02922,"9":12.53652,"10":15.04382,"11":15.04382,"12":20.05844,"13":77.72594,"14":1732.5443,"15":2271.593736,"16":2497.2708,"17":960.2988,"18":1562.045,"19":2386.889409,"20":5047.1949,"21":2437.0956,"22":2424.549068,"23":3339.7236,"24":2860.829299,"25":5736.7024,"26":4864.162,"27":7988.2578,"28":4678.6218,"29":17766.727799},"Sigma":{"0":318.561001,"1":284.482408,"2":364.35543,"3":380.055233,"4":350.793626,"5":430.339801,"6":298.135669,"7":1000.0,"8":430.339801,"9":261.590033,"10":1000.0,"11":303.296192,"12":228.136477,"13":124.063262,"14":280.40149,"15":275.613517,"16":337.780322,"17":240.474285,"18":184.457574,"19":286.17781,"20":293.196663,"21":365.425518,"22":237.812809,"23":241.997703,"24":227.583269,"25":254.004196,"26":301.489132,"27":312.831106,"28":216.509834,"29":250.219624},"SNR":{"0":4.553519,"1":4.546256,"2":4.8718,"3":5.260048,"4":4.449805,"5":4.457248,"6":4.654931,"7":4.582576,"8":4.457248,"9":5.040269,"10":4.690416,"11":4.442362,"12":4.420036,"13":4.498903,"14":4.92099,"15":5.087552,"16":4.538571,"17":3.765168,"18":3.696363,"19":3.980848,"20":5.015433,"21":4.657006,"22":3.705423,"23":3.671818,"24":3.640668,"25":3.956201,"26":3.805369,"27":4.595936,"28":3.716807,"29":4.230802}}