{"Time":{"0":132.676,"1":381.837,"2":7674.123},"TimePos":{"0":14.097,"1":883.191,"2":39015.243},"TimeNeg":{"0":-18.498,"1":-235.065,"2":-3069.825},"Rate":{"0":5.686807,"1":0.04668478,"2":0.001395805},"RatePos":{"0":1.271609,"1":0.01138761,"2":0.0004611564},"RateNeg":{"0":-1.271609,"1":-0.01138761,"2":-0.0003853437},"FracExp":{"0":1.0,"1":1.0,"2":0.313494},"BGrate":{"0":0.0,"1":0.001000372,"2":0.0001177747},"BGerr":{"0":0.0,"1":0.00014008,"2":0.0000044578},"CorrFact":{"0":9.26807,"1":2.919555,"2":1.479627},"CtsInSrc":{"0":20.0,"1":19.0,"2":14.0},"BGInSrc":{"0":0.0,"1":1.118671,"2":1.55385},"Exposure":{"0":32.594988,"1":1118.255712,"2":13193.4126},"Sigma":{"0":1000.0,"1":114.151713,"2":211.618529},"SNR":{"0":4.472136,"1":4.099612,"2":3.622235}}