{"Time":{"0":240.881,"1":261.119,"2":275.653,"3":299.407,"4":326.315,"5":346.954,"6":391.009,"7":442.113,"8":516.674,"9":593.409,"10":687.695,"11":5040.445,"12":6010.411,"13":11124.115,"14":17408.19},"TimePos":{"0":9.635,"1":6.948,"2":9.966,"3":16.299,"4":9.45,"5":18.899,"6":19.975,"7":41.583,"8":27.198,"9":28.19,"10":94.368,"11":428.383,"12":697.02,"13":1396.507,"14":1174.228},"TimeNeg":{"0":-7.916,"1":-10.603,"2":-7.586,"3":-13.789,"4":-10.609,"5":-11.189,"6":-25.156,"7":-31.129,"8":-32.978,"9":-49.537,"10":-66.097,"11":-266.143,"12":-541.582,"13":-709.625,"14":-1167.59},"Rate":{"0":6.176456,"1":5.590905,"2":6.177613,"3":3.468907,"4":4.926612,"5":3.319685,"6":2.217445,"7":1.428055,"8":1.641849,"9":1.276789,"10":0.8552374,"11":0.02774354,"12":0.02683314,"13":0.01094447,"14":0.01027694},"RatePos":{"0":1.320386,"1":1.259505,"2":1.329621,"3":0.7601992,"4":1.106548,"5":0.7456221,"6":0.5002881,"7":0.3142911,"8":0.3693199,"9":0.2876319,"10":0.1649444,"11":0.007284665,"12":0.005395458,"13":0.00273394,"14":0.002560004},"RateNeg":{"0":-1.320386,"1":-1.259505,"2":-1.329621,"3":-0.7601992,"4":-1.106548,"5":-0.7456221,"6":-0.5002881,"7":-0.3142911,"8":-0.3693199,"9":-0.2876319,"10":-0.1649444,"11":-0.007284665,"12":-0.005395458,"13":-0.00273394,"14":-0.002560004},"FracExp":{"0":1.0,"1":1.0,"2":1.0,"3":1.0,"4":1.0,"5":1.0,"6":1.0,"7":1.0,"8":1.0,"9":1.0,"10":1.0,"11":1.0,"12":1.0,"13":1.0,"14":1.0},"BGrate":{"0":0.003332059,"1":0.008330152,"2":0.0116622,"3":0.002915551,"4":0.004373336,"5":0.002915553,"6":0.003887401,"7":0.00241287,"8":0.0019437,"9":0.001881001,"10":0.003462278,"11":0.0003582074,"12":0.0005155375,"13":0.0004804962,"14":0.0004124568},"BGerr":{"0":0.002356122,"1":0.003725357,"2":0.004407897,"3":0.001683294,"4":0.002524947,"5":0.001683295,"6":0.001587025,"7":0.00098505,"8":0.00097185,"9":0.0008412094,"10":0.0007943009,"11":0.0000653994,"12":0.000058751,"13":0.0000433249,"14":0.0000300815},"CorrFact":{"0":4.940594,"1":4.94248,"2":4.974671,"3":4.990926,"4":4.96278,"5":5.016092,"6":5.048131,"7":4.986271,"8":4.969019,"9":4.99857,"10":5.000501,"11":1.306238,"12":1.310477,"13":1.356869,"14":1.412855},"CtsInSrc":{"0":22.0,"1":20.0,"2":22.0,"3":21.0,"4":20.0,"5":20.0,"6":20.0,"7":21.0,"8":20.0,"9":20.0,"10":28.0,"11":15.0,"12":26.0,"13":18.0,"14":18.0},"BGInSrc":{"0":0.058482,"1":0.146204,"2":0.204686,"3":0.087722,"4":0.087722,"5":0.087722,"6":0.175445,"7":0.175445,"8":0.116963,"9":0.146204,"10":0.555575,"11":0.248784,"12":0.638546,"13":1.011988,"14":0.965899},"Exposure":{"0":17.551188,"1":17.55118,"2":17.5512,"3":30.08776,"4":20.05846,"5":30.08774,"6":45.13164,"7":72.71208,"8":60.17554,"9":77.72668,"10":160.465232,"11":694.52558,"12":1238.60272,"13":2106.132,"14":2341.8182},"Sigma":{"0":530.594151,"1":303.647235,"2":281.724681,"3":412.906277,"4":393.161595,"5":393.161595,"6":276.782485,"7":290.744084,"8":339.987929,"9":303.647235,"10":215.321854,"11":324.762331,"12":348.51963,"13":186.174232,"14":241.805655},"SNR":{"0":4.677766,"1":4.438969,"2":4.646145,"3":4.563154,"4":4.452235,"5":4.452235,"6":4.432337,"7":4.543736,"8":4.445602,"9":4.438969,"10":5.185005,"11":3.808486,"12":4.973284,"13":4.003187,"14":4.014423}}