{"Time":{"0":3583.354,"1":4038.708,"2":4539.711,"3":4949.787,"4":5565.606,"5":9564.74,"6":10799.684,"7":16122.021,"8":21889.49,"9":29832.968,"10":42293.845},"TimePos":{"0":179.141,"1":172.596,"2":228.217,"3":259.43,"4":275.438,"5":431.602,"6":816.368,"7":1269.55,"8":1277.362,"9":3648.62,"10":3971.621},"TimeNeg":{"0":-302.263,"1":-276.213,"2":-328.407,"3":-181.858,"4":-356.39,"5":-516.163,"6":-803.343,"7":-1009.586,"8":-1209.88,"9":-2353.983,"10":-4209.862},"Rate":{"0":0.04075084,"1":0.04385855,"2":0.03495043,"3":0.04449418,"4":0.0330513,"5":0.01757666,"6":0.01690606,"7":0.0140442,"8":0.009482639,"9":0.01344585,"10":0.004669618},"RatePos":{"0":0.01069062,"1":0.01147417,"2":0.009230206,"3":0.01158931,"4":0.008382634,"5":0.005275547,"6":0.003737276,"7":0.003046984,"8":0.002323837,"9":0.002694618,"10":0.001749315},"RateNeg":{"0":-0.01069062,"1":-0.01147417,"2":-0.009230206,"3":-0.01158931,"4":-0.008382634,"5":-0.005275547,"6":-0.003737276,"7":-0.003046984,"8":-0.002323837,"9":-0.002694618,"10":-0.001414182},"FracExp":{"0":1.0,"1":1.0,"2":1.0,"3":1.0,"4":1.0,"5":1.0,"6":1.0,"7":1.0,"8":1.0,"9":0.433992,"10":0.360397},"BGrate":{"0":0.0004900254,"1":0.0004349904,"2":0.0005991729,"3":0.0002949363,"4":0.0003604871,"5":0.002203971,"6":0.0004810563,"7":0.00109181,"8":0.0002757162,"9":0.0004100411,"10":0.0001874479},"BGerr":{"0":0.0000909954,"1":0.000088792,"2":0.0000935751,"3":0.0000737341,"4":0.0000681256,"5":0.0001388371,"6":0.0000496172,"7":0.0000624146,"8":0.0000240894,"9":0.0000331499,"10":0.0000140105},"CorrFact":{"0":1.328738,"1":1.32958,"2":1.326443,"3":1.32044,"4":1.324019,"5":1.290243,"6":1.29038,"7":1.361397,"8":1.36221,"9":1.350757,"10":1.457475},"CtsInSrc":{"0":15.0,"1":15.0,"2":15.0,"3":15.0,"4":16.0,"5":15.0,"6":22.0,"7":26.0,"8":18.0,"9":27.0,"10":10.0},"BGInSrc":{"0":0.2359,"1":0.195228,"2":0.333514,"3":0.130152,"4":0.227766,"5":2.088845,"6":0.779172,"7":2.488383,"8":0.685773,"9":1.068192,"10":0.552706},"Exposure":{"0":481.4041,"1":448.80932,"2":556.62416,"3":441.288,"4":631.82772,"5":947.76418,"6":1619.71102,"7":2279.1357,"8":2487.2416,"9":2605.0847,"10":2948.5848},"Sigma":{"0":337.037039,"1":371.505944,"2":281.581293,"3":457.0,"4":366.423958,"5":98.120385,"6":264.054029,"7":165.28217,"8":288.97383,"9":300.281996,"10":228.686037},"SNR":{"0":3.81183,"1":3.822373,"2":3.786528,"3":3.839243,"4":3.94283,"5":3.331724,"6":4.523632,"7":4.609214,"8":4.080596,"9":4.98989,"10":3.301992}}