{"Time":{"0":202505.814,"1":840438.569},"TimePos":{"0":8221.686,"1":12529.447},"TimeNeg":{"0":-4107.616,"1":-12230.373},"Rate":{"0":0.005783699,"1":0.001488871},"RatePos":{"0":0.001463593,"1":0.0007190518},"RateNeg":{"0":-0.001463593,"1":-0.0005572592},"FracExp":{"0":0.404078,"1":0.335187},"BGrate":{"0":0.0001415618,"1":0.0000872761},"BGerr":{"0":0.0000108894,"1":0.0000049974},"CorrFact":{"0":1.768327,"1":1.968831},"CtsInSrc":{"0":17.0,"1":7.0},"BGInSrc":{"0":0.705261,"1":0.724319},"Exposure":{"0":4982.0051,"1":8299.163},"Sigma":{"0":300.35899,"1":4.350377},"SNR":{"0":3.951713,"1":2.671775}}