{"Time":{"0":892.975,"1":21170.457,"2":58331.117,"3":82396.104,"4":145944.71,"5":360079.532},"TimePos":{"0":2928.385,"1":263.652,"2":11015.071,"3":9017.629,"4":14309.049,"5":173896.712},"TimeNeg":{"0":-438.134,"1":-232.793,"2":-12767.963,"3":-8185.239,"4":-14406.192,"5":-124684.038},"Rate":{"0":2.921836,"1":0.06302103,"2":0.02104458,"3":0.009160363,"4":0.01147942,"5":0.001545867},"RatePos":{"0":0.415199,"1":0.01304393,"2":0.004931904,"3":0.002353142,"4":0.002905029,"5":0.0005192494},"RateNeg":{"0":-0.415199,"1":-0.01304393,"2":-0.004931904,"3":-0.002353142,"4":-0.002905029,"5":-0.0004309888},"FracExp":{"0":0.030536,"1":1.0,"2":0.053344,"3":0.14298,"4":0.068281,"5":0.045841},"BGrate":{"0":0.002296312,"1":0.0006621476,"2":0.000314413,"3":0.0003849202,"4":0.0003595519,"5":0.000084741},"BGerr":{"0":0.000811869,"1":0.0001324295,"2":0.0000444647,"3":0.0000308183,"4":0.000035257,"5":0.0000033576},"CorrFact":{"0":6.03575,"1":1.321707,"2":1.435352,"3":1.403543,"4":1.381268,"5":1.787063},"CtsInSrc":{"0":50.0,"1":24.0,"2":19.0,"3":17.0,"4":17.0,"5":13.0},"BGInSrc":{"0":0.236059,"1":0.32872,"2":0.398894,"3":0.946773,"4":0.704977,"5":1.15988},"Exposure":{"0":102.7993,"1":496.4454,"2":1268.6938,"3":2459.6613,"4":1960.7086,"5":13687.3507},"Sigma":{"0":596.26406,"1":360.052203,"2":329.736104,"3":211.776939,"4":235.7203,"5":257.639564},"SNR":{"0":7.037194,"1":4.831445,"2":4.267029,"3":3.892822,"4":3.951568,"5":3.586792}}