{"Time":{"0":152.133,"1":237.195,"2":364.251,"3":455.178,"4":569.401,"5":742.543,"6":873.497,"7":959.474,"8":1053.828,"9":1149.491,"10":1253.101,"11":1344.767,"12":1510.022,"13":5120.311,"14":5215.302,"15":6714.691,"16":6817.11,"17":6920.53,"18":7013.343,"19":7177.598,"20":11651.138,"21":11960.959,"22":12289.852,"23":12785.221,"24":17295.486,"25":17483.647,"26":17672.227,"27":17956.286,"28":18177.025,"29":18346.688,"30":18633.621,"31":23040.105,"32":23254.518,"33":23560.493,"34":23711.288,"35":23964.707,"36":24227.223,"37":28530.478,"38":28825.116,"39":32038.659,"40":46802.708,"41":51035.358,"42":51604.606,"43":52057.653,"44":52422.866,"45":52930.966,"46":57827.417,"47":137655.94},"TimePos":{"0":45.749,"1":81.038,"2":46.752,"3":46.088,"4":67.259,"5":79.659,"6":38.968,"7":40.747,"8":56.714,"9":51.314,"10":35.461,"11":56.624,"12":91.952,"13":49.797,"14":55.097,"15":51.71,"16":47.077,"17":51.472,"18":43.907,"19":159.824,"20":165.886,"21":94.26,"22":191.61,"23":287.959,"24":103.269,"25":65.546,"26":172.829,"27":94.37,"28":69.202,"29":105.139,"30":169.221,"31":108.294,"32":149.627,"33":51.76,"34":121.608,"35":88.833,"36":304.903,"37":141.745,"38":135.449,"39":7645.228,"40":381.15,"41":296.649,"42":299.07,"43":146.901,"44":115.162,"45":268.974,"46":1120.599,"47":1408.161},"TimeNeg":{"0":-29.471,"1":-39.313,"2":-46.019,"3":-44.175,"4":-68.135,"5":-105.882,"6":-51.296,"7":-47.009,"8":-53.608,"9":-38.949,"10":-52.295,"11":-56.205,"12":-108.631,"13":-70.554,"14":-45.194,"15":-46.075,"16":-50.708,"17":-56.343,"18":-41.341,"19":-120.348,"20":-122.454,"21":-143.935,"22":-234.633,"23":-303.76,"24":-92.302,"25":-84.892,"26":-123.033,"27":-111.23,"28":-126.369,"29":-100.461,"30":-181.794,"31":-82.262,"32":-106.119,"33":-156.348,"34":-99.036,"35":-131.811,"36":-173.683,"37":-108.986,"38":-152.893,"39":-3078.094,"40":-388.591,"41":-307.616,"42":-272.599,"43":-153.977,"44":-218.312,"45":-392.938,"46":-1379.179,"47":-888.525},"Rate":{"0":1.534488,"1":0.9533671,"2":1.251624,"3":1.286985,"4":0.984749,"5":0.6268838,"6":0.6205115,"7":0.5131566,"8":0.4017885,"9":0.4334488,"10":0.460095,"11":0.6708121,"12":0.579429,"13":0.2489337,"14":0.2810306,"15":0.2673194,"16":0.2561694,"17":0.2342368,"18":0.2945951,"19":0.1610364,"20":0.1545918,"21":0.1934938,"22":0.0977704,"23":0.09607223,"24":0.127262,"25":0.1731631,"26":0.06194975,"27":0.1206506,"28":0.09579577,"29":0.1204933,"30":0.07257382,"31":0.09833101,"32":0.07285572,"33":0.09536111,"34":0.1126045,"35":0.1131707,"36":0.05316189,"37":0.09162045,"38":0.06682525,"39":0.04617126,"40":0.03637222,"41":0.03259439,"42":0.0343219,"43":0.0657172,"44":0.05914135,"45":0.03903134,"46":0.01732016,"47":0.006647409},"RatePos":{"0":0.34685,"1":0.2154955,"2":0.2812457,"3":0.2900458,"4":0.2074495,"5":0.1416985,"6":0.1394417,"7":0.1098238,"8":0.08590707,"9":0.09784466,"10":0.1038597,"11":0.1506138,"12":0.1070177,"13":0.05616883,"14":0.06315617,"15":0.05984104,"16":0.05740902,"17":0.05255243,"18":0.06616805,"19":0.02906295,"20":0.03407823,"21":0.04268095,"22":0.02271479,"23":0.0191433,"24":0.02880418,"25":0.03796694,"26":0.01624126,"27":0.02721005,"28":0.02485196,"29":0.02731142,"30":0.01625437,"31":0.02564735,"32":0.01901885,"33":0.02408674,"34":0.02540307,"35":0.02541777,"36":0.01243536,"37":0.02184145,"38":0.01745668,"39":0.007421407,"40":0.007878262,"41":0.008547922,"42":0.009026259,"43":0.01716707,"44":0.01548386,"45":0.00900342,"46":0.003316982,"47":0.002262584},"RateNeg":{"0":-0.34685,"1":-0.2154955,"2":-0.2812457,"3":-0.2900458,"4":-0.2074495,"5":-0.1416985,"6":-0.1394417,"7":-0.1098238,"8":-0.08590707,"9":-0.09784466,"10":-0.1038597,"11":-0.1506138,"12":-0.1070177,"13":-0.05616883,"14":-0.06315617,"15":-0.05984104,"16":-0.05740902,"17":-0.05255243,"18":-0.06616805,"19":-0.02906295,"20":-0.03407823,"21":-0.04268095,"22":-0.02271479,"23":-0.0191433,"24":-0.02880418,"25":-0.03796694,"26":-0.01624126,"27":-0.02721005,"28":-0.02485196,"29":-0.02731142,"30":-0.01625437,"31":-0.02564735,"32":-0.01901885,"33":-0.02408674,"34":-0.02540307,"35":-0.02541777,"36":-0.01243536,"37":-0.02184145,"38":-0.01745668,"39":-0.007421407,"40":-0.007878262,"41":-0.008547922,"42":-0.009026259,"43":-0.01716707,"44":-0.01548386,"45":-0.00900342,"46":-0.003316982,"47":-0.001863964},"FracExp":{"0":1.0,"1":1.0,"2":1.0,"3":1.0,"4":1.0,"5":1.0,"6":0.999973,"7":1.0,"8":1.0,"9":1.0,"10":1.0,"11":0.999981,"12":1.0,"13":1.0,"14":1.0,"15":1.0,"16":1.0,"17":1.0,"18":1.0,"19":0.903855,"20":1.0,"21":1.0,"22":1.0,"23":1.0,"24":1.0,"25":1.0,"26":1.0,"27":1.0,"28":1.0,"29":1.0,"30":1.0,"31":1.0,"32":1.0,"33":1.0,"34":1.0,"35":1.0,"36":0.943001,"37":1.0,"38":1.0,"39":0.107556,"40":1.0,"41":1.0,"42":1.0,"43":1.0,"44":1.0,"45":1.0,"46":1.0,"47":1.0},"BGrate":{"0":0.002830721,"1":0.001769199,"2":0.001043262,"3":0.001715586,"4":0.001715586,"5":0.001147588,"6":0.001087596,"7":0.0009453583,"8":0.0005639918,"9":0.002067969,"10":0.002127053,"11":0.0007173413,"12":0.00170057,"13":0.001481193,"14":0.0009874746,"15":0.000225181,"16":0.0004503616,"17":0.0006127016,"18":0.001033183,"19":0.006608368,"20":0.0007294521,"21":0.0009382094,"22":0.0005551339,"23":0.0006886982,"24":0.001225356,"25":0.0006559257,"26":0.0007623351,"27":0.0008227636,"28":0.0003603984,"29":0.001302708,"30":0.001526068,"31":0.0007881811,"32":0.0006362115,"33":0.0007818501,"34":0.0007941515,"35":0.0003970756,"36":0.001941301,"37":0.0008038354,"38":0.0005991321,"39":0.0005629288,"40":0.0004470437,"41":0.0003820332,"42":0.0004759263,"43":0.0005754384,"44":0.000618086,"45":0.0009217262,"46":0.0003510792,"47":0.0003165776},"BGerr":{"0":0.0008534944,"1":0.0005334335,"2":0.000466561,"3":0.0006065512,"4":0.000495247,"5":0.0003460107,"6":0.0004863875,"7":0.0004726792,"8":0.0003256208,"9":0.0006893231,"10":0.0007090178,"11":0.0003586707,"12":0.0004124489,"13":0.0004937309,"14":0.000441612,"15":0.000225181,"16":0.0003184538,"17":0.0003537434,"18":0.0005165913,"19":0.0007580318,"20":0.000182363,"21":0.0002275492,"22":0.0001308463,"23":0.0001236939,"24":0.0002971925,"25":0.0002479166,"26":0.0001905838,"27":0.0002375114,"28":0.0001611751,"29":0.0002988617,"30":0.0002475609,"31":0.0002275283,"32":0.0001764533,"33":0.0002168462,"34":0.0002122459,"35":0.0001500805,"36":0.0002320299,"37":0.000214834,"38":0.0001729545,"39":0.0000720756,"40":0.000065913,"41":0.0000721975,"42":0.0000828481,"43":0.000125571,"44":0.0001236172,"45":0.0001071485,"46":0.0000307917,"47":0.0000260225},"CorrFact":{"0":5.833247,"1":5.798658,"2":5.833912,"3":5.853686,"4":5.856088,"5":5.878209,"6":2.814206,"7":2.05468,"8":2.020533,"9":1.974655,"10":2.037824,"11":3.799659,"12":3.918686,"13":1.511444,"14":1.416259,"15":1.308434,"16":1.255244,"17":1.26689,"18":1.261246,"19":1.261505,"20":2.144098,"21":2.218328,"22":2.221026,"23":2.221267,"24":1.259525,"25":1.246354,"26":1.240562,"27":1.250866,"28":1.254885,"29":1.255484,"30":1.244826,"31":1.261804,"32":1.255793,"33":1.253076,"34":1.253254,"35":1.254014,"36":1.254575,"37":1.290682,"38":1.299532,"39":1.353261,"40":1.292821,"41":1.333567,"42":1.332215,"43":1.333585,"44":1.333124,"45":1.332411,"46":1.539576,"47":1.354299},"CtsInSrc":{"0":20.0,"1":20.0,"2":20.0,"3":20.0,"4":23.0,"5":20.0,"6":20.0,"7":22.0,"8":22.0,"9":20.0,"10":20.0,"11":20.0,"12":30.0,"13":20.0,"14":20.0,"15":20.0,"16":20.0,"17":20.0,"18":20.0,"19":34.0,"20":21.0,"21":21.0,"22":19.0,"23":26.0,"24":20.0,"25":21.0,"26":15.0,"27":20.0,"28":15.0,"29":20.0,"30":21.0,"31":15.0,"32":15.0,"33":16.0,"34":20.0,"35":20.0,"36":20.0,"37":18.0,"38":15.0,"39":40.0,"40":22.0,"41":15.0,"42":15.0,"43":15.0,"44":15.0,"45":20.0,"46":29.0,"47":12.0},"BGInSrc":{"0":0.212924,"1":0.212924,"2":0.096784,"3":0.154854,"4":0.232281,"5":0.212924,"6":0.098167,"7":0.082961,"8":0.062221,"9":0.186662,"10":0.186662,"11":0.080935,"12":0.341106,"13":0.178263,"14":0.099035,"15":0.022019,"16":0.044039,"17":0.066058,"18":0.088077,"19":1.673472,"20":0.210331,"21":0.223476,"22":0.236622,"23":0.407516,"24":0.239643,"25":0.098677,"26":0.225547,"27":0.16916,"28":0.070483,"29":0.267837,"30":0.535673,