{"Time":{"0":115.043,"1":200.522,"2":5404.519,"3":65635.789},"TimePos":{"0":14.059,"1":96.569,"2":16307.743,"3":31236.615},"TimeNeg":{"0":-13.522,"1":-71.421,"2":-1334.141,"3":-14087.013},"Rate":{"0":1.894463,"1":0.4800566,"2":0.0108791,"3":0.001928197},"RatePos":{"0":0.4254895,"1":0.08054117,"2":0.001969125,"3":0.0009196485},"RateNeg":{"0":-0.4254895,"1":-0.08054117,"2":-0.001969125,"3":-0.00071272},"FracExp":{"0":1.0,"1":0.999996,"2":0.218442,"3":0.108925},"BGrate":{"0":0.003149812,"1":0.00436828,"2":0.0003265712,"3":0.0001306486},"BGerr":{"0":0.001818545,"1":0.000873656,"2":0.0000227533,"3":0.0000081496},"CorrFact":{"0":2.6239,"1":2.223676,"2":1.320827,"3":1.497918},"CtsInSrc":{"0":20.0,"1":37.0,"2":33.0,"3":7.0},"BGInSrc":{"0":0.086873,"1":0.733823,"2":1.258514,"3":0.644996},"Exposure":{"0":27.580408,"1":167.988992,"2":3853.7201,"3":4936.8737},"Sigma":{"0":397.02219,"1":247.104409,"2":361.995253,"3":4.511004},"SNR":{"0":4.452431,"1":5.960388,"2":5.52484,"3":2.705407}}