{"Time":{"0":169.08,"1":392.173,"2":405.811,"3":426.586,"4":460.385,"5":503.983,"6":593.857,"7":679.826,"8":777.564,"9":917.52,"10":1094.513,"11":1275.078,"12":1416.69,"13":1552.053,"14":1716.628,"15":1963.046,"16":5479.865,"17":5764.677,"18":6099.638,"19":6549.53,"20":6947.079,"21":7482.121,"22":12019.831,"23":13010.404,"24":17444.945,"25":18396.871,"26":63899.785,"27":190711.087},"TimePos":{"0":19.134,"1":6.909,"2":8.315,"3":15.121,"4":18.931,"5":38.016,"6":43.42,"7":47.714,"8":60.298,"9":68.274,"10":96.88,"11":76.783,"12":70.566,"13":60.569,"14":109.115,"15":166.078,"16":112.784,"17":131.358,"18":205.088,"19":158.874,"20":260.28,"21":412.228,"22":341.546,"23":657.272,"24":416.879,"25":450.317,"26":41186.323,"27":179694.379},"TimeNeg":{"0":-61.099,"1":-5.628,"2":-6.729,"3":-12.46,"4":-18.679,"5":-24.667,"6":-51.858,"7":-42.549,"8":-50.023,"9":-79.657,"10":-108.72,"11":-83.685,"12":-64.829,"13":-64.797,"14":-104.006,"15":-137.303,"16":-155.498,"17":-172.027,"18":-203.604,"19":-244.803,"20":-238.675,"21":-274.762,"22":-922.138,"23":-649.027,"24":-578.524,"25":-535.047,"26":-27491.233,"27":-81331.19},"Rate":{"0":5.513165,"1":3.489382,"2":3.090176,"3":1.594307,"4":1.223447,"5":0.6935137,"6":0.4050855,"7":0.2720374,"8":0.221414,"9":0.1652186,"10":0.2077327,"11":0.1566856,"12":0.1776978,"13":0.192412,"14":0.1126187,"15":0.1064405,"16":0.07123073,"17":0.06316792,"18":0.0467893,"19":0.04718093,"20":0.03824361,"21":0.04275446,"22":0.01975251,"23":0.0231134,"24":0.01923541,"25":0.01954153,"26":0.003911855,"27":0.0009261239},"RatePos":{"0":0.7912646,"1":0.7811265,"2":0.6765016,"3":0.3573002,"4":0.2678371,"5":0.1557739,"6":0.09089224,"7":0.06139201,"8":0.04968042,"9":0.03728569,"10":0.04572407,"11":0.03527845,"12":0.04024147,"13":0.04332239,"14":0.02532739,"15":0.02073074,"16":0.01853655,"17":0.01641987,"18":0.01216241,"19":0.01231264,"20":0.009963438,"21":0.009010036,"22":0.00522339,"23":0.005583432,"24":0.005118378,"25":0.005156355,"26":0.001068198,"27":0.0002675817},"RateNeg":{"0":-0.7912646,"1":-0.7811265,"2":-0.6765016,"3":-0.3573002,"4":-0.2678371,"5":-0.1557739,"6":-0.09089224,"7":-0.06139201,"8":-0.04968042,"9":-0.03728569,"10":-0.04572407,"11":-0.03527845,"12":-0.04024147,"13":-0.04332239,"14":-0.02532739,"15":-0.02073074,"16":-0.01853655,"17":-0.01641987,"18":-0.01216241,"19":-0.01231264,"20":-0.009963438,"21":-0.009010036,"22":-0.00522339,"23":-0.005583432,"24":-0.005118378,"25":-0.005156355,"26":-0.001068198,"27":-0.0002675817},"FracExp":{"0":1.0,"1":1.0,"2":1.0,"3":1.0,"4":1.0,"5":1.0,"6":0.999984,"7":1.0,"8":1.0,"9":1.0,"10":0.999989,"11":0.999994,"12":1.0,"13":1.0,"14":1.0,"15":1.0,"16":1.0,"17":1.0,"18":1.0,"19":1.0,"20":1.0,"21":1.0,"22":1.0,"23":1.0,"24":1.0,"25":1.0,"26":0.075791,"27":0.100061},"BGrate":{"0":0.002806116,"1":0.001771382,"2":0.004428442,"3":0.001610339,"4":0.001771378,"5":0.001417101,"6":0.0007133726,"7":0.002007978,"8":0.0006160848,"9":0.001225208,"10":0.0008684638,"11":0.0008471224,"12":0.001840652,"13":0.001084311,"14":0.0005315251,"15":0.001045491,"16":0.0004351084,"17":0.0003297989,"18":0.0002448202,"19":0.0003924476,"20":0.0002673754,"21":0.0003519733,"22":0.000279203,"23":0.0003333084,"24":0.0004453168,"25":0.0003257564,"26":0.0001566543,"27":0.0000610386},"BGerr":{"0":0.0008100558,"1":0.001771382,"2":0.002556762,"3":0.001138682,"4":0.001022706,"5":0.0007085504,"6":0.0004118658,"7":0.0007099276,"8":0.0003556967,"9":0.0004331765,"10":0.0003070483,"11":0.0003458363,"12":0.0005549773,"13":0.0004426681,"14":0.0002377053,"15":0.0002794193,"16":0.0001162876,"17":0.0000952047,"18":0.0000706735,"19":0.0000900336,"20":0.0000668438,"21":0.0000653598,"22":0.0000407259,"23":0.0000437655,"24":0.000058473,"25":0.0000502653,"26":0.000010112,"27":0.0000018329},"CorrFact":{"0":9.069039,"1":2.189672,"2":2.220774,"3":2.203486,"4":2.198092,"5":2.183271,"6":1.936335,"7":1.238979,"8":1.225505,"9":1.233228,"10":2.051216,"11":1.265747,"12":1.218146,"13":1.214345,"14":1.206909,"15":1.210217,"16":1.283991,"17":1.286194,"18":1.283389,"19":1.283278,"20":1.283537,"21":1.290607,"22":1.704147,"23":1.718969,"24":1.315336,"25":1.311772,"26":1.435488,"27":1.804374},"CtsInSrc":{"0":49.0,"1":20.0,"2":21.0,"3":20.0,"4":21.0,"5":20.0,"6":20.0,"7":20.0,"8":20.0,"9":20.0,"10":21.0,"11":20.0,"12":20.0,"13":20.0,"14":20.0,"15":27.0,"16":15.0,"17":15.0,"18":15.0,"19":15.0,"20":15.0,"21":23.0,"22":15.0,"23":18.0,"24":15.0,"25":15.0,"26":15.0,"27":15.0},"BGInSrc":{"0":0.225145,"1":0.022207,"2":0.066621,"3":0.044414,"4":0.066621,"5":0.088828,"6":0.067968,"7":0.181247,"8":0.067968,"9":0.181247,"10":0.178554,"11":0.135935,"12":0.249215,"13":0.135935,"14":0.113279,"15":0.317182,"16":0.116732,"17":0.100056,"18":0.100056,"19":0.158422,"20":0.133408,"21":0.241802,"22":0.352824,"23":0.4354,"24":0.44327,"25":0.320988,"26":0.81541,"27":1.594241},"Exposure":{"0":80.2336,"1":12.536548,"2":15.0439,"3":27.58054,"4":37.60972,"5":62.68294,"6":95.276432,"7":90.26338,"8":110.32182,"9":147.93154,"10":205.59728,"11":160.467,"12":135.39472,"13":125.3655,"14":213.1213,"15":303.38088,"16":268.28288,"17":303.38524,"18":408.6923,"19":403.67728,"20":498.9545,"21":686.9903,"22":1263.68414,"23":1306.29836,"24":995.40332,"25":985.36368,"26":5205.1548,"27":26118.5441},"Sigma":{"0":750.455211,"1":899.616473,"2":544.23767,"3":635.417802,"4":544.23767,"5":448.308236,"6":507.937554,"7":309.27919,"8":507.937554,"9":309.27919,"10":329.827452,"11":357.941344,"12":262.849645,"13":357.941344,"14":392.55231,"15":314.765438,"16":477.058799,"17":515.859746,"18":515.859746,"19":408.357845,"20":445.747645,"21":506.846553,"22":284.606146,"23":307.229967,"24":250.097685,"25":296.368473,"26":269.49243,"27":280.029177},"SNR":{"0":6.967536,"1":4.467115,"2":4.567877,"3":4.462095,"4":4.567877,"5":4.452054,"6":4.456766,"7":4.431153,"8":4.456766,"9":4.431153,"10":4.543181,"11":4.441398,"12":4.415787,"13":4.441398,"14":4.446521,"15":5.134427,"16":3.842719,"17":3.847042,"18":3.847042,"19":3.83191,"20":3.838395,"21":4.745204,"22":3.781551,"23":4.13964,"24":3.758107,"25":3.789795,"26":3.662107,"27":3.461088}}