{"Time":{"0":652.761,"1":672.847,"2":695.672,"3":725.306,"4":748.527,"5":778.902,"6":805.221,"7":840.002,"8":874.906,"9":909.389,"10":948.18,"11":996.622,"12":1046.433,"13":4404.401,"14":4507.336,"15":4639.048,"16":6162.293,"17":6297.595,"18":6415.744,"19":6517.092,"20":6621.603,"21":6748.05,"22":10221.248,"23":10312.583,"24":10403.662,"25":10551.318,"26":12239.126,"27":12403.853,"28":15915.174,"29":16102.34,"30":16473.589,"31":21711.56,"32":22311.77,"33":27672.942,"34":28284.457,"35":34137.386,"36":34587.965,"37":111415.181,"38":119917.668,"39":125983.415,"40":290344.004},"TimePos":{"0":12.843,"1":12.815,"2":10.048,"3":10.502,"4":14.862,"5":12.067,"6":13.328,"7":16.157,"8":16.356,"9":11.961,"10":23.316,"11":20.006,"12":22.846,"13":41.05,"14":58.466,"15":62.146,"16":58.491,"17":63.599,"18":50.758,"19":52.21,"20":42.977,"21":87.022,"22":48.326,"23":42.24,"24":56.469,"25":74.292,"26":38.516,"27":167.143,"28":76.523,"29":92.45,"30":1831.089,"31":152.428,"32":316.942,"33":385.443,"34":348.094,"35":256.687,"36":164.65,"37":3316.421,"38":934.698,"39":548.64,"40":238569.056},"TimeNeg":{"0":-14.738,"1":-7.243,"2":-10.01,"3":-19.586,"4":-12.719,"5":-15.513,"6":-14.252,"7":-21.452,"8":-18.746,"9":-18.126,"10":-26.83,"11":-25.126,"12":-29.804,"13":-49.214,"14":-61.885,"15":-73.246,"16":-59.353,"17":-76.811,"18":-54.55,"19":-50.59,"20":-52.301,"21":-83.471,"22":-49.459,"23":-43.009,"24":-48.839,"25":-91.188,"26":-59.269,"27":-126.211,"28":-86.453,"29":-110.643,"30":-278.799,"31":-203.611,"32":-447.782,"33":-321.62,"34":-226.072,"35":-252.297,"36":-193.892,"37":-3805.081,"38":-825.426,"39":-1153.817,"40":-49947.015},"Rate":{"0":2.970795,"1":4.155224,"2":4.165744,"3":2.885812,"4":3.336351,"5":3.001632,"6":3.039673,"7":2.526816,"8":2.458401,"9":2.768374,"10":1.647272,"11":2.075446,"12":2.192685,"13":0.4623816,"14":0.3445419,"15":0.3850387,"16":0.2718323,"17":0.3068388,"18":0.4258602,"19":0.4249861,"20":0.4749683,"21":0.3756211,"22":0.3089105,"23":0.3262826,"24":0.2499926,"25":0.2543058,"26":0.2672563,"27":0.1177192,"28":0.1499817,"29":0.09395229,"30":0.08785136,"31":0.06462551,"32":0.05329544,"33":0.02706922,"34":0.04321814,"35":0.03993565,"36":0.06135748,"37":0.02529061,"38":0.01557925,"39":0.01592788,"40":0.0006809044},"RatePos":{"0":0.6694442,"1":0.9320068,"2":0.9343666,"3":0.6372113,"4":0.7123096,"5":0.6732589,"6":0.6828462,"7":0.5282924,"8":0.5420312,"9":0.6219003,"10":0.3723547,"11":0.4368549,"12":0.4180571,"13":0.1047686,"14":0.07780887,"15":0.07782601,"16":0.06160447,"17":0.06937109,"18":0.09460797,"19":0.09629547,"20":0.1052941,"21":0.06980194,"22":0.06812857,"23":0.07161284,"24":0.05664157,"25":0.04555749,"26":0.06080026,"27":0.02362314,"28":0.03406134,"29":0.02420217,"30":0.01532218,"31":0.01634194,"32":0.01010365,"33":0.007226966,"34":0.01014322,"35":0.0105824,"36":0.01557205,"37":0.005376802,"38":0.003500025,"39":0.003680923,"40":0.0003229014},"RateNeg":{"0":-0.6694442,"1":-0.9320068,"2":-0.9343666,"3":-0.6372113,"4":-0.7123096,"5":-0.6732589,"6":-0.6828462,"7":-0.5282924,"8":-0.5420312,"9":-0.6219003,"10":-0.3723547,"11":-0.4368549,"12":-0.4180571,"13":-0.1047686,"14":-0.07780887,"15":-0.07782601,"16":-0.06160447,"17":-0.06937109,"18":-0.09460797,"19":-0.09629547,"20":-0.1052941,"21":-0.06980194,"22":-0.06812857,"23":-0.07161284,"24":-0.05664157,"25":-0.04555749,"26":-0.06080026,"27":-0.02362314,"28":-0.03406134,"29":-0.02420217,"30":-0.01532218,"31":-0.01634194,"32":-0.01010365,"33":-0.007226966,"34":-0.01014322,"35":-0.0105824,"36":-0.01557205,"37":-0.005376802,"38":-0.003500025,"39":-0.003680923,"40":-0.000265998},"FracExp":{"0":1.0,"1":1.0,"2":1.0,"3":1.0,"4":1.0,"5":1.0,"6":1.0,"7":1.0,"8":1.0,"9":1.0,"10":1.0,"11":1.0,"12":1.0,"13":1.0,"14":1.0,"15":1.0,"16":0.999997,"17":1.0,"18":1.0,"19":1.0,"20":1.0,"21":1.0,"22":1.0,"23":1.0,"24":1.0,"25":1.0,"26":1.0,"27":1.0,"28":1.0,"29":1.0,"30":0.225786,"31":1.0,"32":1.0,"33":1.0,"34":1.0,"35":1.0,"36":1.0,"37":0.213005,"38":1.0,"39":1.0,"40":0.065447},"BGrate":{"0":0.005500361,"1":0.003025193,"2":0.003025196,"3":0.008067187,"4":0.00110007,"5":0.002200144,"6":0.003300213,"7":0.001613438,"8":0.00605039,"9":0.003025195,"10":0.004235272,"11":0.004705858,"12":0.004610096,"13":0.002881172,"14":0.001620658,"15":0.001920815,"16":0.002237371,"17":0.001543658,"18":0.003498958,"19":0.002530092,"20":0.003412294,"21":0.003051068,"22":0.002243607,"23":0.001403754,"24":0.00246214,"25":0.002531064,"26":0.003464332,"27":0.003736077,"28":0.001870693,"29":0.002301797,"30":0.00225005,"31":0.0005085406,"32":0.0007740425,"33":0.0006950766,"34":0.0007418318,"35":0.0007517589,"36":0.000664032,"37":0.0006286261,"38":0.0006352399,"39":0.0006851413,"40":0.0002071425},"BGerr":{"0":0.002459836,"1":0.002139135,"2":0.002139137,"3":0.002852181,"4":0.00110007,"5":0.001555737,"6":0.001905379,"7":0.001140873,"8":0.002286832,"9":0.001746597,"10":0.001600782,"11":0.001778647,"12":0.001629915,"13":0.0008317228,"14":0.0005402194,"15":0.0005544916,"16":0.0006458734,"17":0.0004881476,"18":0.0008486218,"19":0.0007303747,"20":0.0008810506,"21":0.0006227966,"22":0.0006764728,"23":0.0005730801,"24":0.0006828749,"25":0.0005523234,"26":0.0008402239,"27":0.0005037726,"28":0.0004830108,"29":0.0004799578,"30":0.0002633484,"31":0.000099733,"32":0.0000839567,"33":0.000089734,"34":0.0001028736,"35":0.0001120656,"36":0.0001254903,"37":0.0000549233,"38":0.0000522164,"39":0.0000548552,"40":0.0000050902},"CorrFact":{"0":4.128108,"1":4.180073,"2":4.190652,"3":4.183005,"4":4.188426,"5":4.151919,"6":4.21095,"7":4.142797,"8":4.151314,"9":4.183758,"10":4.174567,"11":4.110499,"12":4.159129,"13":2.114299,"14":2.093722,"15":2.107178,"16":1.623079,"17":2.177757,"18":2.173671,"19":2.21321,"20":2.188842,"21":2.172364,"22":1.453612,"23":1.332126,"24":1.333592,"25":1.332517,"26":1.329202,"27":1.333127,"28":1.241087,"29":1.228458,"30":1.23352,"31":1.454537,"32":1.434672,"33":1.3192,"34":1.335971,"35":1.39058,"36":1.395719,"37":1.664628,"38":1.313167,"39":1.367203,"40":1.589462},"CtsInSrc":{"0":20.0,"1":20.0,"2":20.0,"3":21.0,"4":22.0,"5":20.0,"6":20.0,"7":23.0,"8":21.0,"9":20.0,"10":20.0,"11":23.0,"12":28.0,"13":20.0,"14":20.0,"15":25.0,"16":20.0,"17":20.0,"18":21.0,"19":20.0,"20":21.0,"21":30.0,"22":21.0,"23":21.0,"24":20.0,"25":32.0,"26":20.0,"27":27.0,"28":20.0,"29":16.0,"30":35.0,"31":16.0,"32":29.0,"33":15.0,"34":19.0,"35":15.0,"36":16.0,"37":24.0,"38":22.0,"39":21.0,"40":12.0},"BGInSrc":{"0":0.151703,"1":0.060681,"2":0.060681,"3":0.242724,"4":0.030341,"5":0.060681,"6":0.091022,"7":0.060681,"8":0.212384,"9":0.091022,"10":0.212384,"11":0.212384,"12":0.242724,"13":0.260064,"14":0.195048,"15":0.260064,"16":0.263659,"17":0.216744,"18":0.368466,"19":0.260093,"20":0.325117,"21":0.520187,"22":0.219392,"23":0.119668,"24":0.259282,"25":0.418839,"26":0.338761,"27":1.095991,"28":0.304877,"29":0.467479,"30":1.071888,"31":0.181061,"32":0.591929,"33":0.491463,"34":0.425935,"35":0.382633,"36":0.238083,"37":0.953573,"38":1.118101,"39":1.166423,"40":3.911363},"Exposure":{"0":27.580468,"1":20.05856,"2":20.05854,"3":30.08782,"4":27.58052,"5":27.58048,"6":27.5805,"7":37.60976,"8":35.10246,"9":30.08782,"10":50.14638,"11":45.13174,"12":52.650552,"13":90.2634,"14":120.35128,"15":135.39272,"16":117.84338,"17":140.40962,"18":105.30726,"19":102.79996,"20":95.27804,"21":170.49334,"22":97.785448,"23":85.24886,"24":105.30738,"25":165.479612,"26":97.785348,"27":293.353452,"28":162.97564,"29":203.09292,"30":476.38424,"31":356.03948,"32":764.72362,"33":707.06372,"34":574.16658,"35":508.98428,"36":358.54152,"37":1516.9165,"38":1760.1246,"39":1702.4567,"40":18882.4763},"Sigma":{"0":292.560302,"1":464.699774,"2":464.699774,"3":241.881416,"4":724.103195,"5":464.699774,"6":378.848426,"7":534.616872,"8":258.960075,"9":378.848426,"10":246.502655,"11":283.874916,"12":323.451364,"13":262.939264,"14":304.61611,"15":329.540105,"16":259.306893,"17":288.635471,"18":230.865484,"19":262.90958,"20":246.291474,"21":277.632976,"22":314.147533,"23":427.399013,"24":274.51307,"25":345.533522,"26":239.299646,