{"Time":{"0":26837.014,"1":26990.942,"2":27128.994,"3":27260.877,"4":27384.494,"5":27531.751,"6":27674.442,"7":27869.599,"8":28074.95,"9":28296.834,"10":28518.765,"11":28734.511,"12":32676.775,"13":32882.657,"14":33061.637,"15":33319.15,"16":33499.319,"17":33710.876,"18":33905.371,"19":34110.815,"20":34379.376,"21":38513.581,"22":38719.992,"23":38919.433,"24":39142.922,"25":39362.862,"26":39678.178,"27":44648.847,"28":45374.981,"29":45620.544,"30":78982.288,"31":79295.857,"32":79759.078,"33":80231.602,"34":80605.166,"35":81055.652,"36":109929.924,"37":150291.074,"38":167586.368,"39":182800.064,"40":200505.381,"41":245093.707,"42":361815.848,"43":454837.269,"44":575305.78,"45":716753.495},"TimePos":{"0":63.964,"1":67.998,"2":62.834,"3":58.824,"4":48.036,"5":76.29,"6":79.023,"7":102.002,"8":104.758,"9":126.083,"10":92.2,"11":92.074,"12":108.378,"13":95.559,"14":117.164,"15":87.816,"16":83.159,"17":79.709,"18":90.813,"19":111.027,"20":145.842,"21":84.37,"22":98.603,"23":109.776,"24":74.336,"25":87.575,"26":188.466,"27":259.398,"28":156.779,"29":1089.567,"30":150.076,"31":174.995,"32":265.892,"33":111.797,"34":159.461,"35":210.422,"36":255.048,"37":5315.342,"38":5361.004,"39":7247.24,"40":7059.856,"41":37319.171,"42":36490.517,"43":59448.386,"44":42600.999,"45":184413.176},"TimeNeg":{"0":-51.372,"1":-89.963,"2":-70.054,"3":-69.049,"4":-64.793,"5":-99.222,"6":-66.401,"7":-116.134,"8":-103.349,"9":-117.126,"10":-95.847,"11":-123.546,"12":-102.236,"13":-97.504,"14":-83.421,"15":-140.349,"16":-92.353,"17":-128.398,"18":-114.786,"19":-114.631,"20":-157.534,"21":-111.2,"22":-122.04,"23":-100.838,"24":-113.712,"25":-145.605,"26":-227.74,"27":-297.223,"28":-114.011,"29":-88.785,"30":-150.803,"31":-163.493,"32":-288.226,"33":-206.632,"34":-261.767,"35":-291.024,"36":-304.08,"37":-7443.267,"38":-7580.596,"39":-5449.875,"40":-5943.803,"41":-21409.513,"42":-34237.708,"43":-52074.507,"44":-56869.959,"45":-94172.523},"Rate":{"0":0.2116562,"1":0.1554593,"2":0.1858585,"3":0.1924712,"4":0.2187476,"5":0.1463644,"6":0.1667731,"7":0.1113048,"8":0.1166332,"9":0.0992661,"10":0.1287518,"11":0.1133693,"12":0.1166478,"13":0.1280692,"14":0.09199979,"15":0.1078008,"16":0.1406475,"17":0.08876742,"18":0.1197073,"19":0.09238334,"20":0.1056346,"21":0.09536087,"22":0.1127479,"23":0.08770416,"24":0.0982077,"25":0.07948391,"26":0.09174165,"27":0.06538047,"28":0.06912605,"29":0.06233286,"30":0.06574815,"31":0.05847551,"32":0.03561667,"33":0.06386356,"34":0.04678762,"35":0.05474388,"36":0.03655727,"37":0.00990714,"38":0.008067459,"39":0.007663989,"40":0.008033158,"41":0.003996349,"42":0.001435769,"43":0.001075653,"44":0.0008932658,"45":0.0004106387},"RatePos":{"0":0.04759117,"1":0.03519024,"2":0.04188377,"3":0.0436662,"4":0.04902199,"5":0.03217679,"6":0.03787858,"7":0.02525187,"8":0.02625436,"9":0.02264778,"10":0.02924292,"11":0.02577814,"12":0.02646578,"13":0.02892319,"14":0.02414612,"15":0.02442082,"16":0.03164232,"17":0.02320207,"18":0.02701399,"19":0.02269057,"20":0.02090011,"21":0.0248521,"22":0.02540717,"23":0.02292807,"24":0.02556747,"25":0.02084419,"26":0.01667645,"27":0.01273234,"28":0.01816615,"29":0.01638064,"30":0.01714194,"31":0.01529855,"32":0.009372187,"33":0.01666016,"34":0.01225486,"35":0.0121235,"36":0.00934544,"37":0.002440959,"38":0.001906494,"39":0.001988049,"40":0.001746529,"41":0.0008158702,"42":0.0004239148,"43":0.0003298021,"44":0.0002712499,"45":0.000193054},"RateNeg":{"0":-0.04759117,"1":-0.03519024,"2":-0.04188377,"3":-0.0436662,"4":-0.04902199,"5":-0.03217679,"6":-0.03787858,"7":-0.02525187,"8":-0.02625436,"9":-0.02264778,"10":-0.02924292,"11":-0.02577814,"12":-0.02646578,"13":-0.02892319,"14":-0.02414612,"15":-0.02442082,"16":-0.03164232,"17":-0.02320207,"18":-0.02701399,"19":-0.02269057,"20":-0.02090011,"21":-0.0248521,"22":-0.02540717,"23":-0.02292807,"24":-0.02556747,"25":-0.02084419,"26":-0.01667645,"27":-0.01273234,"28":-0.01816615,"29":-0.01638064,"30":-0.01714194,"31":-0.01529855,"32":-0.009372187,"33":-0.01666016,"34":-0.01225486,"35":-0.0121235,"36":-0.00934544,"37":-0.002440959,"38":-0.001906494,"39":-0.001988049,"40":-0.001746529,"41":-0.0008158702,"42":-0.0004239148,"43":-0.0003298021,"44":-0.0002712499,"45":-0.0001575919},"FracExp":{"0":1.0,"1":1.0,"2":1.0,"3":1.0,"4":1.0,"5":1.0,"6":1.0,"7":1.0,"8":1.0,"9":1.0,"10":1.0,"11":1.0,"12":1.0,"13":1.0,"14":1.0,"15":1.0,"16":1.0,"17":1.0,"18":1.0,"19":1.0,"20":1.0,"21":1.0,"22":1.0,"23":1.0,"24":1.0,"25":1.0,"26":1.0,"27":1.0,"28":1.0,"29":0.253208,"30":1.0,"31":1.0,"32":1.0,"33":1.0,"34":1.0,"35":1.0,"36":1.0,"37":0.189247,"38":0.32897,"39":0.302524,"40":0.311396,"41":0.174273,"42":0.217874,"43":0.162952,"44":0.231596,"45":0.114553},"BGrate":{"0":0.0009494576,"1":0.00152516,"2":0.00115368,"3":0.002226572,"4":0.0003882227,"5":0.0008735018,"6":0.002108453,"7":0.001305233,"8":0.0006314478,"9":0.001620934,"10":0.001630541,"11":0.001523617,"12":0.00136245,"13":0.001016949,"14":0.001204693,"15":0.001125263,"16":0.0006883967,"17":0.0008708636,"18":0.0008814844,"19":0.0009369859,"20":0.0007467334,"21":0.0007045676,"22":0.000693892,"23":0.0008723219,"24":0.0006513338,"25":0.0009848805,"26":0.0008828479,"27":0.0005684691,"28":0.0009620706,"29":0.0008723168,"30":0.0004802887,"31":0.0005776022,"32":0.0005062405,"33":0.0004805123,"34":0.0005045068,"35":0.0006102714,"36":0.0006285202,"37":0.0003222493,"38":0.0002522021,"39":0.0001507565,"40":0.0002320593,"41":0.0001510392,"42":0.000122041,"43":0.0001301895,"44":0.0000974069,"45":0.0000986729},"BGerr":{"0":0.0004246103,"1":0.0004598531,"2":0.0004360502,"3":0.0006175399,"4":0.0002745149,"5":0.0003301526,"6":0.0005635077,"7":0.0003620066,"8":0.0002577875,"9":0.0003820579,"10":0.0004357804,"11":0.0003933962,"12":0.0003125674,"13":0.0002820508,"14":0.0003011733,"15":0.0002729164,"16":0.000243385,"17":0.0002513967,"18":0.0002544626,"19":0.00025042,"20":0.0001928057,"21":0.0002348559,"22":0.0002194279,"23":0.0002518176,"24":0.0002302813,"25":0.0002542951,"26":0.0001802106,"27":0.0000947448,"28":0.0002333364,"29":0.0002115679,"30":0.0001164871,"31":0.0001204384,"32":0.0000881252,"33":0.0001132578,"34":0.0001009014,"35":0.0001017119,"36":0.0000981584,"37":0.000028595,"38":0.0000157626,"39":0.0000105551,"40":0.0000155398,"41":0.0000063826,"42":0.0000042158,"43":0.0000040744,"44":0.0000027673,"45":0.0000023245},"CorrFact":{"0":1.227304,"1":1.242795,"2":1.244455,"3":1.248365,"4":1.236764,"5":1.232267,"6":1.231522,"7":1.231511,"8":1.221635,"9":1.231392,"10":1.229424,"11":1.242642,"12":1.246266,"13":1.248528,"14":1.250396,"15":1.245814,"16":1.241766,"17":1.246602,"18":1.24184,"19":1.241739,"20":1.243409,"21":1.254845,"22":1.253451,"23":1.24672,"24":1.241323,"25":1.254815,"26":1.2465,"27":1.36384,"28":1.269963,"29":1.261768,"30":1.331643,"31":1.336978,"32":1.340796,"33":1.369707,"34":1.332767,"35":1.326526,"36":1.306201,"37":1.388991,"38":1.814745,"39":1.909017,"40":1.474529,"41":1.606883,"42":1.686439,"43":1.547223,"44":1.613216,"45":1.669173},"CtsInSrc":{"0":20.0,"1":20.0,"2":20.0,"3":20.0,"4":20.0,"5":21.0,"6":20.0,"7":20.0,"8":20.0,"9":20.0,"10":20.0,"11":20.0,"12":20.0,"13":20.0,"14":15.0,"15":20.0,"16":20.0,"17":15.0,"18":20.0,"19":17.0,"20":26.0,"21":15.0,"22":20.0,"23":15.0,"24":15.0,"25":15.0,"26":31.0,"27":27.0,"28":15.0,"29":15.0,"30":15.0,"31":15.0,"32":15.0,"33":15.0,"34":15.0,"35":21.0,"36":16.0,"37":18.0,"38":20.0,"39":16.0,"40":23.0,"41":27.0,"42":15.0,"43":15.0,"44":15.0,"45":11.0},"BGInSrc":{"0":0.109507,"1":0.240916,"2":0.15331,"3":0.284718,"4":0.043803,"5":0.15331,"6":0.30662,"7":0.284718,"8":0.131409,"9":0.394226,"10":0.30662,"11":0.328521,"12":0.286952,"13":0.196335,"14":0.241643,"15":0.256746,"16":0.120822,"17":0.181233,"18":0.181233,"19":0.211438,"20":0.226541,"21":0.137793,"22":0.153103,"23":0.183723,"24":0.122482,"25":0.229654,"26":0.367447,"27":0.316422,"28":0.260518,"29":0.260271,"30":0.144509,"31":0.195512,"32":0.280517,"33":0.153009,"34":0.212513,"35":0.306018,"36":0.351423,"37":0.778081,"38":1.073724,"39":0.579084,"40":0.939675,"41":1.545856,