{"Time":{"0":203.562,"1":293.284,"2":549.436,"3":600.028,"4":613.79,"5":626.477,"6":642.673,"7":655.818,"8":672.752,"9":696.778,"10":714.055,"11":729.959,"12":746.191,"13":761.957,"14":777.48,"15":791.461,"16":811.886,"17":828.045,"18":841.987,"19":860.788,"20":897.204,"21":4201.283,"22":4348.878,"23":4505.808,"24":4762.815,"25":4972.817,"26":5150.946,"27":5316.639,"28":5516.613,"29":5728.566,"30":5907.634,"31":6078.652,"32":6319.828,"33":6560.384,"34":10074.836,"35":10270.838,"36":10512.035,"37":10758.91,"38":10953.064,"39":11173.414,"40":11392.826,"41":11614.812,"42":11814.269,"43":12006.162,"44":12322.733,"45":39795.627,"46":45339.028,"47":57383.212,"48":63408.925,"49":68382.062,"50":71632.325,"51":112751.619,"52":136951.334,"53":225194.571,"54":305056.862,"55":489695.048,"56":652119.807},"TimePos":{"0":29.782,"1":100.528,"2":44.961,"3":6.906,"4":5.681,"5":8.037,"6":6.885,"7":6.276,"8":9.401,"9":10.449,"10":5.708,"11":7.355,"12":6.167,"13":7.953,"14":7.473,"15":8.536,"16":8.17,"17":7.055,"18":8.156,"19":19.443,"20":20.632,"21":56.431,"22":49.245,"23":125.497,"24":91.641,"25":94.762,"26":97.161,"27":71.877,"28":97.562,"29":118.79,"30":80.131,"31":132.264,"32":104.21,"33":136.946,"34":93.615,"35":108.229,"36":132.807,"37":96.548,"38":102.979,"39":105.782,"40":94.478,"41":108.179,"42":99.279,"43":115.493,"44":152.45,"45":5108.02,"46":346.899,"47":1330.482,"48":1085.905,"49":825.088,"50":3423.907,"51":8757.299,"52":19178.213,"53":17755.517,"54":81893.637,"55":70053.65,"56":18450.449},"TimeNeg":{"0":-22.872,"1":-59.94,"2":-155.624,"3":-5.631,"4":-6.856,"5":-7.007,"6":-8.158,"7":-6.26,"8":-10.657,"9":-14.624,"10":-6.829,"11":-10.196,"12":-8.877,"13":-9.599,"14":-7.571,"15":-6.508,"16":-11.888,"17":-7.989,"18":-6.888,"19":-10.644,"20":-16.973,"21":-58.906,"22":-91.165,"23":-107.684,"24":-131.511,"25":-118.36,"26":-83.367,"27":-68.533,"28":-128.097,"29":-114.391,"30":-60.278,"31":-90.887,"32":-108.912,"33":-136.346,"34":-152.102,"35":-102.387,"36":-132.969,"37":-114.067,"38":-97.607,"39":-117.37,"40":-113.63,"41":-127.509,"42":-91.277,"43":-92.614,"44":-201.078,"45":-6231.663,"46":-435.381,"47":-916.059,"48":-1082.92,"49":-629.156,"50":-2425.175,"51":-9322.418,"52":-11427.583,"53":-29365.809,"54":-40713.771,"55":-67583.321,"56":-12127.062},"Rate":{"0":1.96944,"1":0.6283886,"2":0.5558913,"3":8.152191,"4":8.493652,"5":6.768361,"6":8.526166,"7":8.051393,"8":5.378335,"9":4.699647,"10":8.953707,"11":6.060409,"12":7.342351,"13":5.986296,"14":7.07042,"15":6.810666,"16":5.057124,"17":8.791478,"18":6.772152,"19":3.562062,"20":3.251066,"21":0.2347113,"22":0.1905876,"23":0.128507,"24":0.1179105,"25":0.124922,"26":0.147052,"27":0.1889166,"28":0.119333,"29":0.08556522,"30":0.1920012,"31":0.1214113,"32":0.1272825,"33":0.08422868,"34":0.07560967,"35":0.08898453,"36":0.07032438,"37":0.08828278,"38":0.1235701,"39":0.08348148,"40":0.0895954,"41":0.07872877,"42":0.09723128,"43":0.09555909,"44":0.08452275,"45":0.0201843,"46":0.03369027,"47":0.01480136,"48":0.0126993,"49":0.0131582,"50":0.01336123,"51":0.007499132,"52":0.004958949,"53":0.006297428,"54":0.001297115,"55":0.001292616,"56":0.001154403},"RatePos":{"0":0.4326057,"1":0.1416834,"2":0.1198678,"3":1.832989,"4":1.863248,"5":1.523952,"6":1.712786,"7":1.815355,"8":1.179843,"9":0.9870406,"10":1.918551,"11":1.331225,"12":1.5713,"13":1.311481,"14":1.548991,"15":1.529233,"16":1.140235,"17":1.738896,"18":1.522692,"19":0.7814079,"20":0.6682251,"21":0.05285056,"22":0.04274408,"23":0.02908171,"24":0.02687274,"25":0.0284132,"26":0.03327852,"27":0.04275267,"28":0.02695139,"29":0.02235938,"30":0.04310407,"31":0.02747591,"32":0.02877566,"33":0.02071901,"34":0.01975097,"35":0.02309026,"36":0.01833965,"37":0.02298456,"38":0.0278731,"39":0.02169836,"40":0.02326811,"41":0.02054856,"42":0.02542029,"43":0.02403885,"44":0.01735177,"45":0.005423119,"46":0.00762125,"47":0.00299951,"48":0.002877241,"49":0.003545654,"50":0.002648579,"51":0.00174702,"52":0.00108381,"53":0.001520848,"54":0.0003642969,"55":0.0003753542,"56":0.000492516},"RateNeg":{"0":-0.4326057,"1":-0.1416834,"2":-0.1198678,"3":-1.832989,"4":-1.863248,"5":-1.523952,"6":-1.712786,"7":-1.815355,"8":-1.179843,"9":-0.9870406,"10":-1.918551,"11":-1.331225,"12":-1.5713,"13":-1.311481,"14":-1.548991,"15":-1.529233,"16":-1.140235,"17":-1.738896,"18":-1.522692,"19":-0.7814079,"20":-0.6682251,"21":-0.05285056,"22":-0.04274408,"23":-0.02908171,"24":-0.02687274,"25":-0.0284132,"26":-0.03327852,"27":-0.04275267,"28":-0.02695139,"29":-0.02235938,"30":-0.04310407,"31":-0.02747591,"32":-0.02877566,"33":-0.02071901,"34":-0.01975097,"35":-0.02309026,"36":-0.01833965,"37":-0.02298456,"38":-0.0278731,"39":-0.02169836,"40":-0.02326811,"41":-0.02054856,"42":-0.02542029,"43":-0.02403885,"44":-0.01735177,"45":-0.005423119,"46":-0.00762125,"47":-0.00299951,"48":-0.002877241,"49":-0.003545654,"50":-0.002648579,"51":-0.00174702,"52":-0.00108381,"53":-0.001520848,"54":-0.0003642969,"55":-0.0003753542,"56":-0.0003935464},"FracExp":{"0":1.0,"1":1.0,"2":1.0,"3":1.0,"4":1.0,"5":1.0,"6":1.0,"7":1.0,"8":1.0,"9":1.0,"10":1.0,"11":1.0,"12":1.0,"13":1.0,"14":1.0,"15":1.0,"16":1.0,"17":1.0,"18":1.0,"19":1.0,"20":1.0,"21":1.0,"22":1.0,"23":0.892458,"24":1.0,"25":1.0,"26":1.0,"27":1.0,"28":0.988851,"29":1.0,"30":0.999982,"31":1.0,"32":1.0,"33":1.0,"34":1.0,"35":1.0,"36":1.0,"37":1.0,"38":1.0,"39":1.0,"40":1.0,"41":1.0,"42":0.999905,"43":0.999997,"44":1.0,"45":0.112544,"46":0.996792,"47":1.0,"48":0.971094,"49":0.981028,"50":0.441954,"51":0.197065,"52":0.209476,"53":0.11158,"54":0.156523,"55":0.112379,"56":0.337012},"BGrate":{"0":0.002582264,"1":0.001016767,"2":0.00122012,"3":0.008676422,"4":0.008676436,"5":0.009037935,"6":0.007230329,"7":0.01301465,"8":0.005422763,"9":0.006507306,"10":0.008676422,"11":0.007746799,"12":0.005422761,"13":0.004648084,"14":0.005422768,"15":0.005422754,"16":0.008134161,"17":0.01446068,"18":0.007230339,"19":0.003615176,"20":0.004338693,"21":0.001194176,"22":0.0004203984,"23":0.001134588,"24":0.001675295,"25":0.001569487,"26":0.001307906,"27":0.001681595,"28":0.0008817696,"29":0.0007594307,"30":0.0005605428,"31":0.001058084,"32":0.001015554,"33":0.0008639566,"34":0.0007023726,"35":0.0003511858,"36":0.0005565961,"37":0.0005853097,"38":0.0008604053,"39":0.0004419421,"40":0.0004146538,"41":0.000679957,"42":0.0009704766,"43":0.0004738925,"44":0.0003835692,"45":0.0004567711,"46":0.0002945044,"47":0.0003716596,"48":0.0003659329,"49":0.0004377583,"50":0.0003034946,"51":0.00022492,"52":0.0001645596,"53":0.0001805478,"54":0.0000915045,"55":0.0001073828,"56":0.0001048166},"BGerr":{"0":0.001154824,"1":0.0004150934,"2":0.0004067068,"3":0.004338211,"4":0.004338218,"5":0.004041887,"6":0.003615164,"7":0.00531321,"8":0.002711381,"9":0.002656597,"10":0.004338211,"11":0.003464474,"12":0.003130833,"13":0.002683573,"14":0.003130837,"15":0.003130828,"16":0.003320757,"17":0.005112621,"18":0.003615169,"19":0.001807588,"20":0.001771264,"21":0.0004513562,"22":0.0002427171,"23":0.0003275273,"24":0.000384339,"25":0.0003806565,"26":0.0003775601,"27":0.0004854347,"28":0.00027884,"29":0.0002531436,"30":0.0002802714,"31":0.0003054427,"32":0.0003062012,"33":0.0002494028,"34":0.000187717,"35":0.000143371,"36":0.0001606755,"37":0.0001850912,"38":0.000229953,"39":0.0001562501,"40":0.0001567244,"41":0.0001885861,"42":0.000250576,"43":0.0001675463,"44":0.0001156505,"45":0.0000530986,"46":0.0000566774,"47":0.0000377363,"48":0.0000383602,"49":0.0000508884,"50":0.0000279389,"51":0.00001751,"52":0.0000094537,"53":0.0000112623,"54":0.0000030829,"55":0.0000038425,"56":0.0000049356},"CorrFact":{"0":4.970188,"1":5.083288,"2":5.125361,"3":5.137965,"4":5.096924,"5":5.125968,"6":5.153099,"7":5.088341,"8":5.163954,"9":5.159864,"10":5.127565,"11":5.098125,"12":5.03948,"13":5.022681,"14":5.08482,"15":5.143931,"16":5.113622,"17":5.129772,"18":5.121834,"19":5.130115,"20":5.128949,"21":1.362928,"22":1.341982,"23":1.353118,"24":1.340657,"25":1.353827,"26":1.343202,"27":1.342133,"28":1.344644,"29":1.346034,"30":1.353243,"31":1.370837,