{"Time":{"0":323.879,"1":342.941,"2":367.093,"3":389.141,"4":417.156,"5":432.517,"6":454.99,"7":489.264,"8":515.537,"9":545.775,"10":575.782,"11":617.792,"12":653.147,"13":700.287,"14":729.934,"15":771.973,"16":807.842,"17":837.517,"18":872.298,"19":916.958,"20":958.311,"21":1015.498,"22":1060.253,"23":1098.838,"24":1150.354,"25":1200.527,"26":1239.462,"27":1298.293,"28":1346.834,"29":1387.159,"30":1442.359,"31":1514.952,"32":1584.432,"33":5020.322,"34":5234.642,"35":5422.168,"36":5638.914,"37":5984.092,"38":11015.317,"39":11585.1,"40":16782.543,"41":17262.654,"42":17896.741},"TimePos":{"0":10.453,"1":8.942,"2":9.863,"3":15.396,"4":7.439,"5":7.122,"6":17.244,"7":13.058,"8":16.873,"9":14.214,"10":29.339,"11":12.402,"12":22.178,"13":15.155,"14":18.103,"15":18.689,"16":17.923,"17":15.827,"18":23.671,"19":16.62,"20":25.413,"21":18.373,"22":16.242,"23":25.295,"24":21.418,"25":18.884,"26":22.573,"27":21.41,"28":20.508,"29":25.314,"30":45.333,"31":22.886,"32":86.58,"33":114.428,"34":88.156,"35":113.751,"36":115.142,"37":213.752,"38":224.479,"39":431.957,"40":250.139,"41":311.607,"42":359.5},"TimeNeg":{"0":-7.098,"1":-8.609,"2":-15.21,"3":-12.184,"4":-12.619,"5":-7.922,"6":-15.351,"7":-17.03,"8":-13.215,"9":-13.366,"10":-15.792,"11":-12.671,"12":-22.953,"13":-24.962,"14":-14.492,"15":-23.936,"16":-17.18,"17":-11.753,"18":-18.954,"19":-20.99,"20":-24.733,"21":-31.773,"22":-26.382,"23":-22.344,"24":-26.221,"25":-28.755,"26":-20.051,"27":-36.258,"28":-27.131,"29":-19.817,"30":-29.886,"31":-27.26,"32":-46.593,"33":-73.621,"34":-99.892,"35":-99.37,"36":-102.994,"37":-230.036,"38":-344.68,"39":-345.303,"40":-326.543,"41":-229.972,"42":-322.481},"Rate":{"0":5.84411,"1":5.635777,"2":3.99144,"3":3.635226,"4":5.450558,"5":6.988956,"6":3.221508,"7":3.618931,"8":3.333874,"9":4.000637,"10":2.198534,"11":4.16929,"12":2.316954,"13":2.705888,"14":3.101624,"15":2.586658,"16":3.007998,"17":3.599512,"18":2.343466,"19":2.665915,"20":2.181796,"21":1.988715,"22":2.33911,"23":2.092525,"24":2.098116,"25":2.102504,"26":2.453416,"27":1.808334,"28":2.098607,"29":2.304978,"30":1.312034,"31":2.015794,"32":1.425273,"33":0.1515081,"34":0.1626818,"35":0.1415604,"36":0.1393775,"37":0.1272354,"38":0.04032646,"39":0.04848366,"40":0.0344093,"41":0.03681655,"42":0.03702121},"RatePos":{"0":1.306783,"1":1.270883,"2":0.897544,"3":0.8151458,"4":1.171013,"5":1.53536,"6":0.7077129,"7":0.7765045,"8":0.7496789,"9":0.8595081,"10":0.4950759,"11":0.9171573,"12":0.5089971,"13":0.5813405,"14":0.6945175,"15":0.5557249,"16":0.6590375,"17":0.8082732,"18":0.5262272,"19":0.6020216,"20":0.4693455,"21":0.449095,"22":0.5267313,"23":0.4685595,"24":0.4744714,"25":0.472119,"26":0.5397007,"27":0.3977961,"28":0.4732416,"29":0.5063662,"30":0.2983965,"31":0.4520122,"32":0.2634167,"33":0.03451824,"34":0.03673526,"35":0.03221982,"36":0.03178612,"37":0.02129936,"38":0.01058313,"39":0.009818271,"40":0.009060365,"41":0.009619888,"42":0.008615654},"RateNeg":{"0":-1.306783,"1":-1.270883,"2":-0.897544,"3":-0.8151458,"4":-1.171013,"5":-1.53536,"6":-0.7077129,"7":-0.7765045,"8":-0.7496789,"9":-0.8595081,"10":-0.4950759,"11":-0.9171573,"12":-0.5089971,"13":-0.5813405,"14":-0.6945175,"15":-0.5557249,"16":-0.6590375,"17":-0.8082732,"18":-0.5262272,"19":-0.6020216,"20":-0.4693455,"21":-0.449095,"22":-0.5267313,"23":-0.4685595,"24":-0.4744714,"25":-0.472119,"26":-0.5397007,"27":-0.3977961,"28":-0.4732416,"29":-0.5063662,"30":-0.2983965,"31":-0.4520122,"32":-0.2634167,"33":-0.03451824,"34":-0.03673526,"35":-0.03221982,"36":-0.03178612,"37":-0.02129936,"38":-0.01058313,"39":-0.009818271,"40":-0.009060365,"41":-0.009619888,"42":-0.008615654},"FracExp":{"0":1.0,"1":1.0,"2":1.0,"3":1.0,"4":1.0,"5":1.0,"6":1.0,"7":1.0,"8":1.0,"9":1.0,"10":1.0,"11":1.0,"12":1.0,"13":1.0,"14":1.0,"15":1.0,"16":1.0,"17":1.0,"18":1.0,"19":1.0,"20":1.0,"21":1.0,"22":1.0,"23":1.0,"24":1.0,"25":1.0,"26":1.0,"27":1.0,"28":1.0,"29":1.0,"30":1.0,"31":1.0,"32":0.790727,"33":1.0,"34":1.0,"35":1.0,"36":1.0,"37":1.0,"38":1.0,"39":1.0,"40":1.0,"41":1.0,"42":1.0},"BGrate":{"0":0.0,"1":0.009450811,"2":0.00441038,"3":0.002004717,"4":0.008269472,"5":0.009188283,"6":0.004240753,"7":0.004594148,"8":0.003675318,"9":0.006014164,"10":0.003062764,"11":0.006615575,"12":0.003062769,"13":0.004134732,"14":0.0008481505,"15":0.003891518,"16":0.002362704,"17":0.003007082,"18":0.001945757,"19":0.005145448,"20":0.003859087,"21":0.003859087,"22":0.003242933,"23":0.0005803135,"24":0.00464251,"25":0.00174094,"26":0.003891515,"27":0.002876338,"28":0.003481882,"29":0.003062767,"30":0.004410382,"31":0.001102596,"32":0.003412896,"33":0.001953406,"34":0.001028108,"35":0.001632879,"36":0.001772602,"37":0.001481194,"38":0.0004241297,"39":0.0003968457,"40":0.000503296,"41":0.0003267789,"42":0.0003944454},"BGerr":{"0":0.0,"1":0.003858278,"2":0.00220519,"3":0.001417549,"4":0.003375998,"5":0.004109125,"6":0.001896522,"7":0.002054565,"8":0.001837659,"9":0.002455272,"10":0.00136971,"11":0.002700797,"12":0.001369712,"13":0.001687997,"14":0.0008481505,"15":0.001588706,"16":0.001364108,"17":0.00173614,"18":0.001123384,"19":0.001944797,"20":0.001458598,"21":0.001458598,"22":0.001450284,"23":0.0005803135,"24":0.001641375,"25":0.001005132,"26":0.001588704,"27":0.00117426,"28":0.001421473,"29":0.001369711,"30":0.001273168,"31":0.0007796533,"32":0.0009465671,"33":0.000448142,"34":0.0003251163,"35":0.0003848732,"36":0.0003963658,"37":0.0002540227,"38":0.0000706883,"39":0.0000585117,"40":0.0000786016,"41":0.0000653558,"42":0.0000639875},"CorrFact":{"0":5.128548,"1":4.987082,"2":5.031706,"3":5.026947,"4":5.007285,"5":5.039882,"6":5.033368,"7":4.980622,"8":5.043312,"9":5.053508,"10":4.995689,"11":5.017578,"12":5.012398,"13":4.971661,"14":5.061866,"15":5.049624,"16":5.047919,"17":4.984458,"18":5.015216,"19":5.062179,"20":5.017249,"21":5.035033,"22":5.019821,"23":4.991171,"24":5.053468,"25":5.028895,"26":5.019404,"27":5.005396,"28":5.040562,"29":4.986494,"30":5.017738,"31":5.068223,"32":5.063546,"33":1.451197,"34":1.544534,"35":1.535191,"36":1.550133,"37":1.553698,"38":1.555174,"39":1.526207,"40":1.348983,"41":1.345141,"42":1.347914},"CtsInSrc":{"0":20.0,"1":20.0,"2":20.0,"3":20.0,"4":22.0,"5":21.0,"6":21.0,"7":22.0,"8":20.0,"9":22.0,"10":20.0,"11":21.0,"12":21.0,"13":22.0,"14":20.0,"15":22.0,"16":21.0,"17":20.0,"18":20.0,"19":20.0,"20":22.0,"21":20.0,"22":20.0,"23":20.0,"24":20.0,"25":20.0,"26":21.0,"27":21.0,"28":20.0,"29":21.0,"30":20.0,"31":20.0,"32":30.0,"33":20.0,"34":20.0,"35":20.0,"36":20.0,"37":37.0,"38":15.0,"39":25.0,"40":15.0,"41":15.0,"42":19.0},"BGInSrc":{"0":0.0,"1":0.165873,"2":0.110582,"3":0.055291,"4":0.165873,"5":0.138227,"6":0.138227,"7":0.138227,"8":0.110582,"9":0.165873,"10":0.138227,"11":0.165873,"12":0.138227,"13":0.165873,"14":0.027645,"15":0.165873,"16":0.082936,"17":0.082936,"18":0.082936,"19":0.193518,"20":0.193518,"21":0.193518,"22":0.138227,"23":0.027645,"24":0.221164,"25":0.082936,"26":0.165873,"27":0.165873,"28":0.165873,"29":0.138227,"30":0.331745,"31":0.055291,"32":0.359391,"33":0.367335,"34":0.193334,"35":0.348002,"36":0.386668,"37":0.657336,"38":0.241398,"39":0.308452,"40":0.290241,"41":0.176977,"42":0.269004},"Exposure":{"0":17.551168,"1":17.55116,"2":25.07308,"3":27.5804,"4":20.05844,"5":15.04386,"6":32.59498,"7":30.08768,"8":30.08768,"9":27.58034,"10":45.13154,"11":25.07306,"12":45.13146,"13":40.11692,"14":32.59498,"15":42.62416,"16":35.1023,"17":27.58034,"18":42.6242,"19":37.60958,"20":50.1461,"21":50.1461,"22":42.62414,"23":47.63882,"24":47.6388,"25":47.63882,"26":42.6242,"27":57.66802,"28":47.6388,"29":45.1315,"30":75.2192,"31":50.1461,"32":105.303772,"33":188.04848,"34":188.04852,"35":213.1215,"36":218.13608,"37":443.78812,"38":569.15974,"39":777.26036,"40":576.68152,"41":541.57878,"42":681.9811},"Sigma":{"0":1000.0,"1":292.896246,"2":359.723175,"3":510.139607,"4":322.43082,"5":337.475728,"6":337.475728,"7":353.65248,"8":359.723175,"9":322.43082,"10":321.298975,"11":307.663533,"12":337.475728,"13":322.43082,"14":722.44635,"15":322.43082,"16":436.833991,"17":415.949894,