{"Time":{"0":64582.88,"1":68869.896,"2":69738.196,"3":70446.937,"4":74738.98,"5":75439.404,"6":76186.785,"7":80517.73,"8":81863.005,"9":86253.331,"10":87550.916,"11":92954.796,"12":97648.931,"13":98759.818,"14":104509.163,"15":112958.844,"16":121983.745,"17":127509.682,"18":133302.419,"19":142571.532,"20":150552.224,"21":158745.856,"22":167863.558,"23":173678.461,"24":179941.658,"25":192699.232,"26":242889.606,"27":296180.174,"28":374344.172,"29":495785.808,"30":594143.493},"TimePos":{"0":658.854,"1":243.117,"2":392.781,"3":558.404,"4":406.2,"5":284.963,"6":618.415,"7":445.658,"8":737.647,"9":541.004,"10":835.552,"11":1216.652,"12":291.742,"13":1196.722,"14":1215.43,"15":4303.268,"16":1115.741,"17":1376.734,"18":1365.983,"19":3593.646,"20":1466.958,"21":4844.154,"22":1522.027,"23":1492.688,"24":1006.912,"25":10006.99,"26":24693.817,"27":17778.206,"28":26367.97,"29":32253.61,"30":84079.031},"TimeNeg":{"0":-481.241,"1":-466.45,"2":-625.183,"3":-315.959,"4":-551.59,"5":-294.224,"6":-462.418,"7":-542.221,"8":-899.617,"9":-492.006,"10":-756.581,"11":-1408.491,"12":-310.012,"13":-819.145,"14":-1371.118,"15":-3561.273,"16":-934.976,"17":-888.129,"18":-1212.972,"19":-4693.954,"20":-1105.792,"21":-3513.401,"22":-965.649,"23":-994.554,"24":-1472.807,"25":-8446.466,"26":-22103.687,"27":-18215.45,"28":-10099.127,"29":-43525.155,"30":-61482.714},"Rate":{"0":0.01836041,"1":0.02724964,"2":0.01868629,"3":0.03132065,"4":0.01981897,"5":0.0334881,"6":0.02147426,"7":0.01932998,"8":0.01457876,"9":0.01840843,"10":0.01674338,"11":0.009607803,"12":0.0320699,"13":0.01374927,"14":0.01451666,"15":0.007907811,"16":0.01037087,"17":0.009548363,"18":0.009392871,"19":0.006015135,"20":0.009691848,"21":0.004041332,"22":0.00805956,"23":0.007794776,"24":0.007704446,"25":0.004040954,"26":0.004538134,"27":0.001558404,"28":0.001322908,"29":0.001011282,"30":0.0008060057},"RatePos":{"0":0.004677659,"1":0.007137247,"2":0.004938129,"3":0.006987479,"4":0.005233572,"5":0.008790823,"6":0.005218022,"7":0.005108776,"8":0.003460319,"9":0.004875625,"10":0.003754856,"11":0.002279762,"12":0.008385838,"13":0.00304954,"14":0.002923473,"15":0.001748895,"16":0.002666307,"17":0.00247004,"18":0.002304516,"19":0.001337112,"20":0.002288395,"21":0.001091553,"22":0.002172359,"23":0.002083512,"24":0.002082454,"25":0.0008925655,"26":0.001174219,"27":0.0004309324,"28":0.0003889426,"29":0.0003047405,"30":0.0002469063},"RateNeg":{"0":-0.004677659,"1":-0.007137247,"2":-0.004938129,"3":-0.006987479,"4":-0.005233572,"5":-0.008790823,"6":-0.005218022,"7":-0.005108776,"8":-0.003460319,"9":-0.004875625,"10":-0.003754856,"11":-0.002279762,"12":-0.008385838,"13":-0.00304954,"14":-0.002923473,"15":-0.001748895,"16":-0.002666307,"17":-0.00247004,"18":-0.002304516,"19":-0.001337112,"20":-0.002288395,"21":-0.001091553,"22":-0.002172359,"23":-0.002083512,"24":-0.002082454,"25":-0.0008925655,"26":-0.001174219,"27":-0.0004309324,"28":-0.0003889426,"29":-0.0003047405,"30":-0.0002469063},"FracExp":{"0":0.980844,"1":1.0,"2":1.0,"3":0.983575,"4":1.0,"5":1.0,"6":0.974307,"7":1.0,"8":1.0,"9":1.0,"10":1.0,"11":1.0,"12":1.0,"13":1.0,"14":0.900537,"15":0.512329,"16":0.987893,"17":0.989696,"18":0.971243,"19":0.587524,"20":0.989175,"21":0.615008,"22":0.979668,"23":1.0,"24":1.0,"25":0.422832,"26":0.110745,"27":0.381107,"28":0.420231,"29":0.270189,"30":0.171165},"BGrate":{"0":0.0002666378,"1":0.0002991913,"2":0.0003368882,"3":0.0005316889,"4":0.0003467848,"5":0.0004232767,"6":0.0005106648,"7":0.0003487477,"8":0.0003865936,"9":0.0003636461,"10":0.0003539119,"11":0.0002393457,"12":0.0003121255,"13":0.0004213004,"14":0.0005122263,"15":0.0003256526,"16":0.0002173735,"17":0.0002391365,"18":0.0002818071,"19":0.0001843856,"20":0.000211256,"21":0.0001283553,"22":0.0002582231,"23":0.0002046847,"24":0.0002699153,"25":0.0001647588,"26":0.0002051635,"27":0.0001117344,"28":0.0001561248,"29":0.0001047919,"30":0.000094524},"BGerr":{"0":0.0000464157,"1":0.0000586762,"2":0.000051983,"3":0.0000710499,"4":0.0000535101,"5":0.0000760227,"6":0.0000619272,"7":0.0000531835,"8":0.0000434952,"9":0.0000536167,"10":0.000042606,"11":0.0000218492,"12":0.0000650827,"13":0.0000413119,"14":0.0000444156,"15":0.0000198554,"16":0.000024772,"17":0.0000230109,"18":0.0000240764,"19":0.0000128468,"20":0.0000217894,"21":0.0000090761,"22":0.0000246206,"23":0.0000216965,"24":0.0000249537,"25":0.0000084188,"26":0.0000116151,"27":0.0000046965,"28":0.0000047729,"29":0.0000032716,"30":0.0000026886},"CorrFact":{"0":1.307595,"1":1.307535,"2":1.297803,"3":1.311209,"4":1.294152,"5":1.314543,"6":1.295009,"7":1.302971,"8":1.299572,"9":1.300303,"10":1.304414,"11":1.372866,"12":1.30286,"13":1.310438,"14":1.310247,"15":1.469135,"16":1.350304,"17":1.38405,"18":1.360415,"19":1.387945,"20":1.335948,"21":1.448531,"22":1.366805,"23":1.337908,"24":1.333144,"25":1.452049,"26":1.475792,"27":1.47763,"28":1.489849,"29":1.610777,"30":1.58812},"CtsInSrc":{"0":16.0,"1":15.0,"2":15.0,"3":21.0,"4":15.0,"5":15.0,"6":18.0,"7":15.0,"8":19.0,"9":15.0,"10":21.0,"11":19.0,"12":15.0,"13":22.0,"14":27.0,"15":23.0,"16":16.0,"17":16.0,"18":18.0,"19":22.0,"20":19.0,"21":15.0,"22":15.0,"23":15.0,"24":15.0,"25":23.0,"26":17.0,"27":16.0,"28":16.0,"29":15.0,"30":15.0},"BGInSrc":{"0":0.298169,"1":0.212296,"2":0.34294,"3":0.457254,"4":0.332147,"5":0.245156,"6":0.537762,"7":0.34452,"8":0.632956,"9":0.37565,"10":0.563475,"11":0.628317,"12":0.187823,"13":0.849286,"14":1.193119,"15":1.31213,"16":0.440374,"17":0.536031,"18":0.705868,"19":0.897804,"20":0.537625,"21":0.659742,"22":0.629314,"23":0.5091,"24":0.669314,"25":1.285566,"26":1.063278,"27":1.53271,"28":2.392552,"29":2.145574,"30":2.355069},"Exposure":{"0":1118.2558,"1":709.56702,"2":1017.96448,"3":860.0021,"4":957.79076,"5":579.187,"6":1053.06314,"7":987.87852,"8":1637.26458,"9":1033.00974,"10":1592.13336,"11":2625.1431,"12":601.75396,"13":2015.86724,"14":2329.2817,"15":4029.2311,"16":2025.888368,"17":2241.5262,"18":2504.7927,"19":4869.166568,"20":2544.899488,"21":5139.965,"22":2437.0956,"23":2487.2416,"24":2479.7197,"25":7802.7176,"26":5182.589098,"27":13717.438299,"28":15324.607567,"29":20474.611798,"30":24915.040097},"Sigma":{"0":302.513244,"1":355.177106,"2":276.982999,"3":336.198204,"4":286.193965,"5":335.098391,"6":267.771294,"7":278.945526,"8":257.916611,"9":264.041445,"10":301.270737,"11":320.302918,"12":378.21135,"13":253.973233,"14":249.446541,"15":271.091771,"16":310.043405,"17":299.807914,"18":286.771026,"19":337.349094,"20":332.944483,"21":307.39577,"22":239.500347,"23":268.526372,"24":231.595354,"25":330.562347,"26":264.745987,"27":224.561516,"28":186.040391,"29":191.903529,"30":188.765268},"SNR":{"0":3.925127,"1":3.817948,"2":3.784083,"3":4.482396,"4":3.786892,"5":3.809438,"6":4.115403,"7":3.78368,"8":4.213127,"9":3.775605,"10":4.459127,"11":4.214388,"12":3.824292,"13":4.508637,"14":4.965552,"15":4.521605,"16":3.8896,"17":3.865671,"18":4.075854,"19":4.498603,"20":4.235217,"21":3.70237,"22":3.71005,"23":3.741171,"24":3.699695,"25":4.527348,"26":3.864811,"27":3.616353,"28":3.401293,"29":3.318502,"30":3.264419}}