{"Time":{"0":226.747,"1":253.359,"2":286.923,"3":329.043,"4":369.485,"5":416.599,"6":468.099,"7":523.531,"8":601.174,"9":737.924,"10":896.861,"11":1055.228,"12":1178.069,"13":1304.842,"14":1401.82,"15":1566.012},"TimePos":{"0":11.9,"1":10.362,"2":19.422,"3":17.419,"4":24.616,"5":20.126,"6":26.294,"7":26.023,"8":58.703,"9":74.899,"10":63.893,"11":68.501,"12":63.504,"13":37.023,"14":85.47,"15":129.381},"TimeNeg":{"0":-13.173,"1":-14.712,"2":-23.203,"3":-22.698,"4":-23.023,"5":-22.498,"6":-31.374,"7":-29.138,"8":-51.619,"9":-78.048,"10":-84.039,"11":-94.474,"12":-54.34,"13":-63.269,"14":-59.954,"15":-78.723},"Rate":{"0":3.244966,"1":3.228574,"2":2.030255,"3":2.140338,"4":1.72719,"5":1.916063,"6":1.487465,"7":1.48295,"8":0.7415239,"9":0.5309764,"10":0.5494934,"11":0.235143,"12":0.2037566,"13":0.2383592,"14":0.1614213,"15":0.166229},"RatePos":{"0":0.7335708,"1":0.7275808,"2":0.4450127,"3":0.4719461,"4":0.3886255,"5":0.4317976,"6":0.3250724,"7":0.33315,"8":0.1665859,"9":0.1207931,"10":0.1240261,"11":0.05318244,"12":0.04586048,"13":0.05347314,"14":0.03706151,"15":0.031219},"RateNeg":{"0":-0.7335708,"1":-0.7275808,"2":-0.4450127,"3":-0.4719461,"4":-0.3886255,"5":-0.4317976,"6":-0.3250724,"7":-0.33315,"8":-0.1665859,"9":-0.1207931,"10":-0.1240261,"11":-0.05318244,"12":-0.04586048,"13":-0.05347314,"14":-0.03706151,"15":-0.031219},"FracExp":{"0":1.0,"1":1.0,"2":1.0,"3":1.0,"4":1.0,"5":1.0,"6":1.0,"7":1.0,"8":1.0,"9":1.0,"10":1.0,"11":0.999968,"12":1.0,"13":1.0,"14":1.0,"15":1.0},"BGrate":{"0":0.008541712,"1":0.00610122,"2":0.002153374,"3":0.005338567,"4":0.002568936,"5":0.00358896,"6":0.0005305414,"7":0.001663971,"8":0.0008319857,"9":0.002200445,"10":0.001240929,"11":0.001369559,"12":0.00108959,"13":0.0006401338,"14":0.003531777,"15":0.001542512},"BGerr":{"0":0.003228464,"1":0.002728548,"2":0.001243251,"3":0.002017789,"4":0.001284468,"5":0.001605032,"6":0.0005305414,"7":0.000960694,"8":0.0004803472,"9":0.000663459,"10":0.0005066072,"11":0.0005176448,"12":0.0005447948,"13":0.0004526429,"14":0.0008829441,"15":0.0004877851},"CorrFact":{"0":4.112117,"1":4.078732,"2":4.138967,"3":4.1309,"4":4.139414,"5":4.115023,"6":4.090703,"7":4.108907,"8":4.109175,"9":4.130039,"10":4.10202,"11":1.937688,"12":1.208328,"13":1.199131,"14":1.204661,"15":1.206211},"CtsInSrc":{"0":20.0,"1":20.0,"2":21.0,"3":21.0,"4":20.0,"5":20.0,"6":21.0,"7":20.0,"8":20.0,"9":20.0,"10":20.0,"11":20.0,"12":20.0,"13":20.0,"14":20.0,"15":29.0},"BGInSrc":{"0":0.214168,"1":0.152977,"2":0.091786,"3":0.214168,"4":0.122382,"5":0.152977,"6":0.030595,"7":0.091786,"8":0.091786,"9":0.33655,"10":0.183573,"11":0.223197,"12":0.128401,"13":0.064201,"14":0.513605,"15":0.321003},"Exposure":{"0":25.073188,"1":25.0732,"2":42.6244,"3":40.11712,"4":47.63906,"5":42.62436,"6":57.6683,"7":55.16098,"8":110.32192,"9":152.9462,"10":147.9315,"11":162.970072,"12":117.84362,"13":100.29246,"14":145.4239,"15":208.10402},"Sigma":{"0":244.426822,"1":290.104144,"2":394.548019,"3":256.780451,"4":324.846293,"5":290.104144,"6":685.377215,"7":375.67754,"8":375.67754,"9":193.779106,"10":264.419391,"11":234.43172,"12":309.523613,"13":439.146704,"14":151.761806,"15":282.523729},"SNR":{"0":4.423522,"1":4.43741,"2":4.562241,"3":4.535133,"4":4.444355,"5":4.43741,"6":4.575797,"7":4.451299,"8":4.451299,"9":4.39575,"10":4.430466,"11":4.421441,"12":4.442967,"13":4.457551,"14":4.355496,"15":5.32461}}