{"Time":{"0":195.487,"1":470.728,"2":990.086},"TimePos":{"0":134.955,"1":225.782,"2":531.323},"TimeNeg":{"0":-113.269,"1":-140.286,"2":-293.575},"Rate":{"0":0.1796633,"1":0.05102902,"2":0.02824182},"RatePos":{"0":0.04075723,"1":0.01339134,"2":0.006746542},"RateNeg":{"0":-0.04075723,"1":-0.01339134,"2":-0.006746542},"FracExp":{"0":0.999998,"1":1.0,"2":1.0},"BGrate":{"0":0.001145456,"1":0.0006554683,"2":0.0009068607},"BGerr":{"0":0.000249959,"1":0.0001589744,"2":0.0001245669},"CorrFact":{"0":2.261994,"1":1.265585,"2":1.276392},"CtsInSrc":{"0":20.0,"1":15.0,"2":19.0},"BGInSrc":{"0":0.28433,"1":0.239946,"2":0.748068},"Exposure":{"0":248.2239,"1":366.06836,"2":824.89794},"Sigma":{"0":317.759904,"1":253.628788,"2":177.625774},"SNR":{"0":4.408134,"1":3.810599,"2":4.186117}}