{"Time":{"0":97.174,"1":176.802,"2":277.035,"3":395.366,"4":516.486,"5":652.442,"6":789.454,"7":866.268,"8":974.997,"9":1126.68,"10":51022.607,"11":430100.354},"TimePos":{"0":21.301,"1":57.01,"2":39.518,"3":61.598,"4":60.829,"5":50.239,"6":38.592,"7":39.505,"8":56.142,"9":115.074,"10":69725.299,"11":224215.836},"TimeNeg":{"0":-21.323,"1":-58.326,"2":-43.223,"3":-78.812,"4":-59.523,"5":-75.127,"6":-86.774,"7":-38.222,"8":-69.224,"9":-95.541,"10":-17008.5,"11":-245894.799},"Rate":{"0":1.016764,"1":0.4017252,"2":0.5283189,"3":0.3281662,"4":0.3682847,"5":0.3940691,"6":0.3711773,"7":0.6326562,"8":0.3719217,"9":0.3527429,"10":0.003427826,"11":0.0002327833},"RatePos":{"0":0.227875,"1":0.08862579,"2":0.1184057,"3":0.07239772,"4":0.08339667,"5":0.0848956,"6":0.08197649,"7":0.1358684,"8":0.08214089,"9":0.05781469,"10":0.0008224201,"11":0.0001161342},"RateNeg":{"0":-0.227875,"1":-0.08862579,"2":-0.1184057,"3":-0.07239772,"4":-0.08339667,"5":-0.0848956,"6":-0.08197649,"7":-0.1358684,"8":-0.08214089,"9":-0.05781469,"10":-0.0008224201,"11":-0.0000956577},"FracExp":{"0":1.0,"1":1.0,"2":1.0,"3":1.0,"4":1.0,"5":1.0,"6":1.0,"7":1.0,"8":1.0,"9":0.999959,"10":0.095126,"11":0.105783},"BGrate":{"0":0.001057951,"1":0.001954908,"2":0.0005450048,"3":0.001605819,"4":0.002060802,"5":0.001798518,"6":0.001978371,"7":0.002030586,"8":0.001978372,"9":0.00182781,"10":0.0001646137,"11":0.0000867648},"BGerr":{"0":0.0007480842,"1":0.0006181962,"2":0.0003853766,"3":0.0005078045,"4":0.0006213551,"5":0.0005687414,"6":0.0005965012,"7":0.0007674892,"8":0.0005965017,"9":0.0004433091,"10":0.0000081001,"11":0.0000017277},"CorrFact":{"0":2.171849,"1":2.230314,"2":2.190638,"3":2.217996,"4":2.244006,"5":2.268837,"6":2.242339,"7":2.251351,"8":2.246835,"9":1.974998,"10":1.517114,"11":1.506345},"CtsInSrc":{"0":20.0,"1":21.0,"2":20.0,"3":21.0,"4":20.0,"5":22.0,"6":21.0,"7":22.0,"8":21.0,"9":38.0,"10":20.0,"11":12.0},"BGInSrc":{"0":0.045095,"1":0.225473,"2":0.045095,"3":0.225473,"4":0.24802,"5":0.225473,"6":0.24802,"7":0.157831,"8":0.24802,"9":0.384947,"10":1.358169,"11":4.314796},"Exposure":{"0":42.624468,"1":115.33686,"2":82.74164,"3":140.40998,"4":120.35134,"5":125.36596,"6":125.36592,"7":77.72688,"8":125.36582,"9":210.605632,"10":8250.643929,"11":49729.7882},"Sigma":{"0":625.806678,"1":291.364518,"2":625.806678,"3":291.364518,"4":264.131262,"5":305.389603,"6":277.503656,"7":366.144284,"8":277.503656,"9":402.888626,"10":278.939342,"11":3.079766},"SNR":{"0":4.461939,"1":4.532825,"2":4.461939,"3":4.532825,"4":4.41606,"5":4.641808,"6":4.52785,"7":4.656389,"8":4.52785,"9":6.101268,"10":4.167975,"11":2.433502}}