{"Time":{"0":141.81,"1":181.122,"2":228.927,"3":267.753,"4":309.396,"5":343.68,"6":392.649,"7":431.953,"8":464.992,"9":516.167,"10":3910.125,"11":4474.59,"12":12717.542,"13":41060.395},"TimePos":{"0":20.686,"1":21.491,"2":23.832,"3":22.615,"4":13.567,"5":21.908,"6":20.578,"7":11.361,"8":23.453,"9":29.945,"10":144.318,"11":572.743,"12":3846.17,"13":78267.656},"TimeNeg":{"0":-36.982,"1":-18.626,"2":-26.314,"3":-14.994,"4":-19.028,"5":-20.717,"6":-27.061,"7":-18.727,"8":-21.678,"9":-27.722,"10":-136.501,"11":-420.146,"12":-2588.193,"13":-14320.414},"Rate":{"0":0.6940983,"1":1.061702,"2":0.7957601,"3":1.081457,"4":1.227305,"5":1.029759,"6":0.8530357,"7":1.34475,"8":0.9332754,"9":1.31897,"10":0.1755508,"11":0.07885376,"12":0.0191163,"13":0.002262757},"RatePos":{"0":0.1572043,"1":0.2327395,"2":0.1793631,"3":0.2425925,"4":0.2757488,"5":0.221789,"6":0.1919653,"7":0.3016545,"8":0.2045867,"9":0.2163181,"10":0.03945742,"11":0.01410477,"12":0.003745983,"13":0.0005446075},"RateNeg":{"0":-0.1572043,"1":-0.2327395,"2":-0.1793631,"3":-0.2425925,"4":-0.2757488,"5":-0.221789,"6":-0.1919653,"7":-0.3016545,"8":-0.2045867,"9":-0.2163181,"10":-0.03945742,"11":-0.01410477,"12":-0.003745983,"13":-0.0005446075},"FracExp":{"0":1.0,"1":1.0,"2":1.0,"3":1.0,"4":1.0,"5":1.0,"6":1.0,"7":1.0,"8":1.0,"9":1.0,"10":1.0,"11":1.0,"12":0.304725,"13":0.140925},"BGrate":{"0":0.004343361,"1":0.00234134,"2":0.003121788,"3":0.001664955,"4":0.002881651,"5":0.005141768,"6":0.002628871,"7":0.002081196,"8":0.002081192,"9":0.007058092,"10":0.0003651949,"11":0.0003762649,"12":0.0005062941,"13":0.0001500606},"BGerr":{"0":0.00153561,"1":0.001351773,"2":0.001396106,"3":0.001177301,"4":0.001663722,"5":0.001943406,"6":0.001314436,"7":0.001471628,"8":0.001201577,"9":0.001957562,"10":0.0000976024,"11":0.0000526876,"12":0.0000464119,"13":0.0000052726},"CorrFact":{"0":2.026745,"1":2.037313,"2":2.010955,"3":2.040044,"4":2.009636,"5":2.015196,"6":2.044687,"7":2.02937,"8":2.014732,"9":2.023276,"10":2.47761,"11":2.475558,"12":1.387828,"13":1.550489},"CtsInSrc":{"0":20.0,"1":21.0,"2":20.0,"3":20.0,"4":20.0,"5":22.0,"6":20.0,"7":20.0,"8":21.0,"9":38.0,"10":20.0,"11":32.0,"12":28.0,"13":21.0},"BGInSrc":{"0":0.250473,"1":0.093927,"2":0.156546,"3":0.062618,"4":0.093927,"5":0.219164,"6":0.125236,"7":0.062618,"8":0.093927,"9":0.407019,"10":0.102554,"11":0.373589,"12":0.992695,"13":1.957989},"Exposure":{"0":57.668,"1":40.11692,"2":50.14614,"3":37.60958,"4":32.59498,"5":42.62422,"6":47.63888,"7":30.08762,"8":45.13152,"9":57.66694,"10":280.81964,"11":992.88876,"12":1960.7086,"13":13047.9892},"Sigma":{"0":223.01848,"1":385.514728,"2":283.440184,"3":450.279602,"4":367.074405,"5":262.938799,"6":317.39576,"7":450.279602,"8":385.514728,"9":333.015341,"10":725.954202,"11":604.561831,"12":296.78288,"13":276.786682},"SNR":{"0":4.415263,"1":4.56176,"2":4.436588,"3":4.457916,"4":4.450806,"5":4.642966,"6":4.443697,"7":4.457916,"8":4.56176,"9":6.097365,"10":4.449121,"11":5.590573,"12":5.103146,"13":4.154839}}