{"Time":{"0":188887.494,"1":194689.621,"2":235944.632},"TimePos":{"0":880.631,"1":838.503,"2":5063.339},"TimeNeg":{"0":-816.811,"1":-858.939,"2":-2234.544},"Rate":{"0":0.01125901,"1":0.01187117,"2":0.006468179},"RatePos":{"0":0.003024083,"1":0.003098394,"2":0.001736815},"RateNeg":{"0":-0.003024083,"1":-0.003098394,"2":-0.001736815},"FracExp":{"0":1.0,"1":1.0,"2":0.431175},"BGrate":{"0":0.0003405925,"1":0.0003957795,"2":0.000349725},"BGerr":{"0":0.0000407086,"1":0.0000434424,"2":0.0000250443},"CorrFact":{"0":1.325177,"1":1.314613,"2":1.366027},"CtsInSrc":{"0":15.0,"1":16.0,"2":16.0},"BGInSrc":{"0":0.578136,"1":0.671813,"2":1.100466},"Exposure":{"0":1697.4421,"1":1697.4421,"2":3146.6615},"Sigma":{"0":208.708618,"1":207.865095,"2":189.065907},"SNR":{"0":3.723117,"1":3.831396,"2":3.724161}}