{"Time":{"0":248.975,"1":292.359,"2":339.659,"3":397.76,"4":461.274,"5":527.658,"6":595.879,"7":712.979,"8":4342.933,"9":5982.163,"10":6359.853,"11":10073.863,"12":10359.062,"13":12187.559,"14":17237.038,"15":47266.692,"16":101374.434,"17":155963.758,"18":220471.806,"19":359982.167},"TimePos":{"0":21.729,"1":23.477,"2":23.816,"3":33.413,"4":27.567,"5":36.402,"6":53.43,"7":104.316,"8":248.647,"9":111.324,"10":237.602,"11":170.45,"12":191.14,"13":190.532,"14":4782.009,"15":5238.234,"16":20243.417,"17":40115.783,"18":17247.38,"19":90255.571},"TimeNeg":{"0":-18.388,"1":-21.654,"2":-23.823,"3":-34.285,"4":-30.101,"5":-38.817,"6":-31.819,"7":-63.671,"8":-256.499,"9":-129.378,"10":-266.366,"11":-256.387,"12":-114.749,"13":-120.375,"14":-1636.447,"15":-8549.603,"16":-8571.871,"17":-29434.17,"18":-19073.0,"19":-55161.36},"Rate":{"0":2.112998,"1":1.877378,"2":1.692267,"3":1.182412,"4":1.388326,"5":1.07441,"6":0.9425553,"7":0.7209193,"8":0.09453764,"9":0.112481,"10":0.05955052,"11":0.05327743,"12":0.06162997,"13":0.06471252,"14":0.02674246,"15":0.009051837,"16":0.005653653,"17":0.003114775,"18":0.002153148,"19":0.0007818383},"RatePos":{"0":0.4650135,"1":0.4102538,"2":0.3800844,"3":0.2671537,"4":0.3132112,"5":0.2409564,"6":0.2126438,"7":0.1326649,"8":0.01705405,"9":0.02540652,"10":0.01321393,"11":0.01430578,"12":0.01616118,"13":0.01644125,"14":0.004838175,"15":0.002451147,"16":0.001522897,"17":0.0008633742,"18":0.0005880246,"19":0.0003246445},"RateNeg":{"0":-0.4650135,"1":-0.4102538,"2":-0.3800844,"3":-0.2671537,"4":-0.3132112,"5":-0.2409564,"6":-0.2126438,"7":-0.1326649,"8":-0.01705405,"9":-0.02540652,"10":-0.01321393,"11":-0.01430578,"12":-0.01616118,"13":-0.01644125,"14":-0.004838175,"15":-0.002451147,"16":-0.001522897,"17":-0.0008633742,"18":-0.0005880246,"19":-0.0002650985},"FracExp":{"0":1.0,"1":1.0,"2":1.0,"3":1.0,"4":1.0,"5":1.0,"6":1.0,"7":1.0,"8":0.893433,"9":1.0,"10":0.94527,"11":0.810636,"12":1.0,"13":0.999995,"14":0.248447,"15":0.23313,"16":0.132347,"17":0.093443,"18":0.291043,"19":0.116695},"BGrate":{"0":0.004349588,"1":0.0006443839,"2":0.001831407,"3":0.003007126,"4":0.003025804,"5":0.0007732606,"6":0.002046868,"7":0.001384965,"8":0.001412709,"9":0.0008285502,"10":0.0007256418,"11":0.001655361,"12":0.0007489888,"13":0.0008184553,"14":0.0004575962,"15":0.0002166364,"16":0.0001628159,"17":0.0001578933,"18":0.0001278792,"19":0.0001243888},"BGerr":{"0":0.001775712,"1":0.0006443839,"2":0.001057363,"3":0.001136587,"4":0.00123528,"5":0.0005467778,"6":0.0008356303,"7":0.0004896592,"8":0.0002039069,"9":0.0002139308,"10":0.0001423101,"11":0.0002467666,"12":0.0001765384,"13":0.0001830122,"14":0.0000464618,"15":0.0000150573,"16":0.0000113165,"17":0.0000084157,"18":0.0000055339,"19":0.0000040723},"CorrFact":{"0":4.070352,"1":4.040312,"2":4.048549,"3":4.043465,"4":4.038341,"5":4.052608,"6":4.052933,"7":4.068395,"8":1.360423,"9":1.367355,"10":1.373515,"11":1.277754,"12":1.276291,"13":1.277788,"14":1.363744,"15":2.034155,"16":1.499455,"17":1.44861,"18":1.553803,"19":1.492556},"CtsInSrc":{"0":21.0,"1":21.0,"2":20.0,"3":20.0,"4":20.0,"5":20.0,"6":20.0,"7":30.0,"8":32.0,"9":20.0,"10":21.0,"11":15.0,"12":15.0,"13":16.0,"14":32.0,"15":15.0,"16":15.0,"17":15.0,"18":16.0,"19":11.0},"BGInSrc":{"0":0.174492,"1":0.029082,"2":0.087246,"3":0.203575,"4":0.174492,"5":0.058164,"6":0.174492,"7":0.232657,"8":0.637575,"9":0.199434,"10":0.345685,"11":0.572769,"12":0.229108,"13":0.254462,"14":0.729702,"15":0.696347,"16":0.620915,"17":1.026136,"18":1.351783,"19":2.110804},"Exposure":{"0":40.117008,"1":45.1316,"2":47.63892,"3":67.69738,"4":57.66812,"5":75.21934,"6":85.24852,"7":167.987312,"8":451.314,"9":240.70218,"10":476.38562,"11":346.00866,"12":305.88934,"13":310.9052,"14":1594.6428,"15":3214.3586,"16":3813.6033,"17":6498.9216,"18":10570.7768,"19":16969.4064},"Sigma":{"0":292.344255,"1":721.094253,"2":395.316817,"3":257.283747,"4":278.306457,"5":484.869351,"6":278.306457,"7":361.884246,"8":340.799402,"9":384.524807,"10":304.660745,"11":168.969984,"12":273.528964,"13":276.725748,"14":422.057928,"15":295.533254,"16":333.184003,"17":255.495261,"18":250.408182,"19":4.30402},"SNR":{"0":4.543949,"1":4.576137,"2":4.452345,"3":4.42596,"4":4.432556,"5":4.458941,"6":4.432556,"7":5.434136,"8":5.543412,"9":4.427248,"10":4.506648,"11":3.72419,"12":3.813457,"13":3.935986,"14":5.527386,"15":3.692899,"16":3.712433,"17":3.607676,"18":3.661663,"19":2.949237}}