{"Time":{"0":596.726,"1":780.643,"2":982.845,"3":1073.262,"4":1211.79,"5":1386.119,"6":1558.109,"7":1772.625,"8":7061.621,"9":16301.968},"TimePos":{"0":66.463,"1":140.8,"2":48.919,"3":38.737,"4":93.272,"5":69.382,"6":90.455,"7":154.245,"8":605.125,"9":6936.276},"TimeNeg":{"0":-46.366,"1":-117.453,"2":-61.402,"3":-41.497,"4":-99.791,"5":-81.057,"6":-102.608,"7":-124.061,"8":-1965.909,"9":-5260.053},"Rate":{"0":0.2139983,"1":0.2422667,"2":0.2211803,"3":0.3036281,"4":0.09403174,"5":0.1599952,"6":0.09338285,"7":0.0732212,"8":0.01928462,"9":0.01025207},"RatePos":{"0":0.04794986,"1":0.05509532,"2":0.04966122,"3":0.06796302,"4":0.02444608,"5":0.03607205,"6":0.02465075,"7":0.01819794,"8":0.004886573,"9":0.002389883},"RateNeg":{"0":-0.04794986,"1":-0.05509532,"2":-0.04966122,"3":-0.06796302,"4":-0.02444608,"5":-0.03607205,"6":-0.02465075,"7":-0.01819794,"8":-0.004886573,"9":-0.002389883},"FracExp":{"0":1.0,"1":0.999994,"2":1.0,"3":1.0,"4":1.0,"5":1.0,"6":1.0,"7":1.0,"8":0.422266,"9":0.207223},"BGrate":{"0":0.0003600582,"1":0.001284852,"2":0.0007364826,"3":0.0002531658,"4":0.0005260586,"5":0.001080173,"6":0.001683387,"7":0.001459728,"8":0.0006682628,"9":0.0005291922},"BGerr":{"0":0.0002545996,"1":0.0003116224,"2":0.0003682413,"3":0.0002531658,"4":0.0002352606,"5":0.0003818989,"6":0.0004208467,"7":0.000326405,"8":0.0000712371,"9":0.0000378962},"CorrFact":{"0":1.209719,"1":3.181065,"2":1.225027,"3":1.219304,"4":1.218522,"5":1.213334,"6":1.228539,"7":1.228045,"8":1.286464,"9":1.317768},"CtsInSrc":{"0":20.0,"1":20.0,"2":20.0,"3":20.0,"4":15.0,"5":20.0,"6":15.0,"7":17.0,"8":17.0,"9":21.0},"BGInSrc":{"0":0.040625,"1":0.331815,"2":0.08125,"3":0.020313,"4":0.101563,"5":0.1625,"6":0.325,"7":0.40625,"8":0.725507,"9":1.337458},"Exposure":{"0":112.829088,"1":258.251672,"2":110.32178,"3":80.23404,"4":193.06324,"5":150.43896,"6":193.06334,"7":278.30558,"8":1085.6609,"9":2527.3584},"Sigma":{"0":694.813411,"1":244.395065,"2":490.307275,"3":983.614549,"4":328.013692,"5":345.285385,"6":180.615228,"7":182.669394,"8":210.429829,"9":205.294205},"SNR":{"0":4.46296,"1":4.397228,"2":4.453784,"3":4.467548,"4":3.846495,"5":4.435434,"6":3.788235,"7":4.023599,"8":3.94645,"9":4.289782}}