{"Time":{"0":258.596,"1":284.307,"2":308.783,"3":359.622,"4":513.883,"5":813.502,"6":1056.503,"7":3494.994},"TimePos":{"0":12.261,"1":14.13,"2":12.219,"3":54.151,"4":135.578,"5":106.75,"6":192.207,"7":227609.024},"TimeNeg":{"0":-17.827,"1":-13.451,"2":-10.347,"3":-38.62,"4":-100.11,"5":-164.041,"6":-136.252,"7":-2246.284},"Rate":{"0":4.486498,"1":4.916268,"2":5.718969,"3":1.103055,"4":0.07449714,"5":0.06564336,"6":0.05332421,"7":0.001890376},"RatePos":{"0":0.9826173,"1":1.078718,"2":1.28495,"3":0.2490999,"4":0.01972125,"5":0.01719847,"6":0.01424326,"7":0.0004229754},"RateNeg":{"0":-0.9826173,"1":-1.078718,"2":-1.28495,"3":-0.2490999,"4":-0.01972125,"5":-0.01719847,"6":-0.01424326,"7":-0.0004229754},"FracExp":{"0":1.0,"1":1.0,"2":1.0,"3":0.999989,"4":1.0,"5":1.0,"6":1.0,"7":0.081288},"BGrate":{"0":0.002521369,"1":0.004125873,"2":0.00420228,"3":0.002099567,"4":0.00155264,"5":0.0007949245,"6":0.001507322,"7":0.0001716609},"BGerr":{"0":0.001260685,"1":0.001684381,"2":0.001879317,"3":0.0006639414,"4":0.0003765705,"5":0.0002513772,"6":0.0003142985,"7":0.000005051},"CorrFact":{"0":6.451339,"1":6.49199,"2":6.483408,"3":5.166826,"4":1.199808,"5":1.202292,"6":1.207508,"7":1.549648},"CtsInSrc":{"0":21.0,"1":21.0,"2":20.0,"3":20.0,"4":15.0,"5":15.0,"6":15.0,"7":26.0},"BGInSrc":{"0":0.075862,"1":0.113794,"2":0.094828,"3":0.194776,"4":0.365938,"5":0.215258,"6":0.495093,"7":3.20738},"Exposure":{"0":30.087768,"1":27.58048,"2":22.56584,"3":92.769752,"4":235.68778,"5":270.79026,"6":328.45856,"7":18684.39376},"Sigma":{"0":551.634103,"1":449.590862,"2":469.369071,"3":321.546358,"4":164.885131,"5":217.197503,"6":140.505105,"7":241.509805},"SNR":{"0":4.565865,"1":4.55751,"2":4.450732,"3":4.428163,"4":3.777507,"5":3.816815,"6":3.743821,"7":4.469235}}