{"Time":{"0":41549.469},"TimePos":{"0":72984.161},"TimeNeg":{"0":-27640.431},"Rate":{"0":0.001325175},"RatePos":{"0":0.0003200177},"RateNeg":{"0":-0.0003200177},"FracExp":{"0":0.235743},"BGrate":{"0":0.0002057387},"BGerr":{"0":0.000004589},"CorrFact":{"0":1.488442},"CtsInSrc":{"0":26.0},"BGInSrc":{"0":4.880444},"Exposure":{"0":23721.5653},"Sigma":{"0":194.009732},"SNR":{"0":4.140942}}