{"Time":{"0":91324.32,"1":848526.724},"TimePos":{"0":18774.815,"1":17095.845},"TimeNeg":{"0":-10700.531,"1":-7421.358},"Rate":{"0":0.00507638,"1":0.001663388},"RatePos":{"0":0.001311985,"1":0.0009299256},"RateNeg":{"0":-0.001311985,"1":-0.0007053027},"FracExp":{"0":0.175232,"1":0.184899},"BGrate":{"0":0.000202331,"1":0.0002029222},"BGerr":{"0":0.0000116045,"1":0.0000111875},"CorrFact":{"0":1.643358,"1":1.484344},"CtsInSrc":{"0":17.0,"1":6.0},"BGInSrc":{"0":1.045047,"1":0.919887},"Exposure":{"0":5165.038,"1":4533.1984},"Sigma":{"0":266.192881,"1":3.494367},"SNR":{"0":3.869236,"1":2.358403}}