{"Time":{"0":1235.642},"TimePos":{"0":10569.38},"TimeNeg":{"0":-1142.759},"Rate":{"0":0.005194585},"RatePos":{"0":0.001282515},"RateNeg":{"0":-0.001282515},"FracExp":{"0":0.426227},"BGrate":{"0":0.0003771907},"BGerr":{"0":0.000017625},"CorrFact":{"0":1.431334},"CtsInSrc":{"0":20.0},"BGInSrc":{"0":1.882949},"Exposure":{"0":4992.0343},"Sigma":{"0":205.912025},"SNR":{"0":4.050312}}