{"Time":{"0":4277.772,"1":4342.703,"2":4413.641,"3":4498.868,"4":4598.125,"5":4714.362,"6":4797.284,"7":4864.859,"8":4931.548,"9":4990.726,"10":5092.47,"11":5224.956,"12":5313.79,"13":5400.137,"14":5490.407,"15":5595.259,"16":5719.702,"17":5815.721,"18":5914.261,"19":6015.059,"20":6097.029,"21":6179.909,"22":6260.899,"23":6378.758,"24":6466.257,"25":6562.896,"26":6680.94,"27":15907.316,"28":16465.069,"29":16990.986,"30":17899.652,"31":21728.825,"32":22023.244,"33":22269.254,"34":22582.737,"35":22822.133,"36":23016.18,"37":23269.595,"38":23527.5,"39":23963.101,"40":27929.475,"41":30454.608,"42":48410.095,"43":62618.386,"44":79366.13,"45":94617.616,"46":111028.391,"47":220055.656},"TimePos":{"0":31.504,"1":36.777,"2":38.552,"3":28.544,"4":59.667,"5":36.201,"6":33.513,"7":31.128,"8":27.122,"9":48.177,"10":61.769,"11":57.155,"12":33.511,"13":42.443,"14":47.45,"15":70.471,"16":41.306,"17":53.1,"18":44.824,"19":41.811,"20":20.016,"21":39.936,"22":56.731,"23":41.672,"24":49.451,"25":45.581,"26":119.97,"27":252.536,"28":243.884,"29":292.14,"30":494.203,"31":152.23,"32":78.455,"33":170.932,"34":118.209,"35":104.47,"36":153.633,"37":125.876,"38":126.224,"39":197.087,"40":283.016,"41":2972.95,"42":4643.705,"43":7779.885,"44":7895.356,"45":4701.651,"46":10974.41,"47":69285.579},"TimeNeg":{"0":-46.223,"1":-33.427,"2":-34.16,"3":-46.675,"4":-70.713,"5":-56.569,"6":-46.721,"7":-34.062,"8":-35.561,"9":-32.057,"10":-53.567,"11":-70.717,"12":-31.679,"13":-52.835,"14":-47.828,"15":-57.402,"16":-53.972,"17":-54.714,"18":-45.439,"19":-55.974,"20":-40.16,"21":-62.864,"22":-41.054,"23":-61.128,"24":-45.827,"25":-47.189,"26":-72.462,"27":-118.546,"28":-305.217,"29":-282.033,"30":-616.525,"31":-161.185,"32":-142.189,"33":-167.556,"34":-142.552,"35":-121.187,"36":-89.576,"37":-99.782,"38":-132.029,"39":-309.377,"40":-579.5,"41":-2242.118,"42":-2395.705,"43":-6332.23,"44":-5744.358,"45":-3678.109,"46":-8525.8,"47":-41805.923},"Rate":{"0":0.5841067,"1":0.6545475,"2":0.6565165,"3":0.7072621,"4":0.3654646,"5":0.5659537,"6":0.5963466,"7":0.7407387,"8":0.7515256,"9":0.5895508,"10":0.4242022,"11":0.3633179,"12":0.7129464,"13":0.4917425,"14":0.5020057,"15":0.3620713,"16":0.4847979,"17":0.4337293,"18":0.5338312,"19":0.4778308,"20":0.8267691,"21":0.465555,"22":0.4839308,"23":0.4853079,"24":0.4954508,"25":0.5236846,"26":0.345189,"27":0.0864766,"28":0.04521007,"29":0.0429419,"30":0.04338792,"31":0.06250584,"32":0.1178362,"33":0.05681447,"34":0.07406282,"35":0.08562009,"36":0.07975525,"37":0.08604757,"38":0.07508351,"39":0.08116143,"40":0.02327802,"41":0.01598393,"42":0.01118448,"43":0.009466687,"44":0.004167712,"45":0.005986138,"46":0.003747139,"47":0.0008372833},"RatePos":{"0":0.1309806,"1":0.1470543,"2":0.14694,"3":0.1510476,"4":0.08234123,"5":0.1212853,"6":0.1341055,"7":0.166261,"8":0.169002,"9":0.1322014,"10":0.09332243,"11":0.08216966,"12":0.1601745,"13":0.1108976,"14":0.1127834,"15":0.08173191,"16":0.1087115,"17":0.09772165,"18":0.1199335,"19":0.1072506,"20":0.1812292,"21":0.1042979,"22":0.1086197,"23":0.1064763,"24":0.1114162,"25":0.1179891,"26":0.07130141,"27":0.02049386,"28":0.0118271,"29":0.01128155,"30":0.008170863,"31":0.01629372,"32":0.02643458,"33":0.01490105,"34":0.01934006,"35":0.02233851,"36":0.02071796,"37":0.02235251,"38":0.01953834,"39":0.01457758,"40":0.006123693,"41":0.003357211,"42":0.002787652,"43":0.002439288,"44":0.001142117,"45":0.001506238,"46":0.00078563,"47":0.0004594946},"RateNeg":{"0":-0.1309806,"1":-0.1470543,"2":-0.14694,"3":-0.1510476,"4":-0.08234123,"5":-0.1212853,"6":-0.1341055,"7":-0.166261,"8":-0.169002,"9":-0.1322014,"10":-0.09332243,"11":-0.08216966,"12":-0.1601745,"13":-0.1108976,"14":-0.1127834,"15":-0.08173191,"16":-0.1087115,"17":-0.09772165,"18":-0.1199335,"19":-0.1072506,"20":-0.1812292,"21":-0.1042979,"22":-0.1086197,"23":-0.1064763,"24":-0.1114162,"25":-0.1179891,"26":-0.07130141,"27":-0.02049386,"28":-0.0118271,"29":-0.01128155,"30":-0.008170863,"31":-0.01629372,"32":-0.02643458,"33":-0.01490105,"34":-0.01934006,"35":-0.02233851,"36":-0.02071796,"37":-0.02235251,"38":-0.01953834,"39":-0.01457758,"40":-0.006123693,"41":-0.003357211,"42":-0.002787652,"43":-0.002439288,"44":-0.001142117,"45":-0.001506238,"46":-0.00078563,"47":-0.000348504},"FracExp":{"0":1.0,"1":1.0,"2":1.0,"3":1.0,"4":1.0,"5":1.0,"6":1.0,"7":1.0,"8":1.0,"9":1.0,"10":1.0,"11":1.0,"12":1.0,"13":1.0,"14":1.0,"15":1.0,"16":1.0,"17":1.0,"18":1.0,"19":1.0,"20":1.0,"21":1.0,"22":1.0,"23":1.0,"24":1.0,"25":1.0,"26":0.859907,"27":1.0,"28":1.0,"29":1.0,"30":1.0,"31":1.0,"32":1.0,"33":1.0,"34":1.0,"35":1.0,"36":1.0,"37":1.0,"38":1.0,"39":1.0,"40":1.0,"41":0.385585,"42":0.288862,"43":0.161502,"44":0.363051,"45":0.615772,"46":0.505055,"47":0.101451},"BGrate":{"0":0.0007208744,"1":0.001330184,"2":0.0002568632,"3":0.0004966025,"4":0.001146006,"5":0.001207952,"6":0.001396695,"7":0.001146007,"8":0.00178777,"9":0.0006983478,"10":0.001457422,"11":0.001752717,"12":0.001432509,"13":0.001764248,"14":0.0009801378,"15":0.001460598,"16":0.0005880827,"17":0.001385869,"18":0.00103459,"19":0.0007640039,"20":0.001551884,"21":0.0003633678,"22":0.0007640036,"23":0.001090103,"24":0.001176164,"25":0.001610601,"26":0.00169305,"27":0.0002621235,"28":0.0003542859,"29":0.0004477201,"30":0.000362801,"31":0.0004517624,"32":0.0002916856,"33":0.0006844891,"34":0.0006417091,"35":0.0006844899,"36":0.0003704711,"37":0.0003992854,"38":0.0004485729,"39":0.0009911788,"40":0.0003207501,"41":0.0003348234,"42":0.0002242961,"43":0.0002085704,"44":0.0001747994,"45":0.0001187952,"46":0.0001168122,"47":0.0000731777},"BGerr":{"0":0.000416197,"1":0.0005948765,"2":0.0002568632,"3":0.000351151,"4":0.0004051742,"5":0.0004931444,"6":0.0005701983,"7":0.0005730033,"8":0.0007298541,"9":0.0004031913,"10":0.0004858074,"11":0.0005059659,"12":0.0006406374,"13":0.0005880828,"14":0.0004383309,"15":0.0004618816,"16":0.0003395297,"17":0.0004899785,"18":0.0004626826,"19":0.000382002,"20":0.0006940234,"21":0.0002569398,"22":0.0003820018,"23":0.0004450326,"24":0.0004801669,"25":0.0005694335,"26":0.0004371437,"27":0.0000700554,"28":0.0000669538,"29":0.0000736047,"30":0.0000476381,"31":0.0001362115,"32":0.0001304457,"33":0.0001613356,"34":0.0001779781,"35":0.0001975952,"36":0.0001400249,"37":0.0001509157,"38":0.0001495243,"39":0.0001587156,"40":0.0000513611,"41":0.0000343522,"42":0.0000262519,"43":0.0000194493,"44":0.0000112598,"45":0.0000081018,"46":0.0000058188,"47":0.0000032726},"CorrFact":{"0":2.27641,"1":2.308395,"2":2.389063,"3":2.422283,"4":2.400399,"5":2.398754,"6":2.40584,"7":2.423491,"8":2.368655,"9":2.371741,"10":2.348601,"11":2.349246,"12":2.33475,"13":2.362458,"14":2.402715,"15":2.336772,"16":2.316008,"17":2.355709,"18":2.420564,"19":2.344995,"20":2.379685,"21":2.397422,"22":2.374932,"23":2.388436,"24":2.373572,"25":2.447409,"26":2.408101,"27":1.79246,"28":1.676739,"29":1.672402,"30":1.685216,"31":1.31846,"32":1.304187,"33":1.302178,"34":1.302034,"35":1.301458,"36":1.300962,"37":1.302311,"38":1.302765,"39":1.305015,"40":1.363661,"41":1.377874,"42":1.37469,"43":1.389782,"44":1.460137,"45":1.884944,"46":1.547381,"47":1.823468},"CtsInSrc":{"0":20.0,"1":20.0,"2":20.0,"3":22.0,"4":20.0,"5":22.0,"6":20.0,"7":20.0,"8":20.0,"9":20.0,"10":21.0,"11":20.0,"12":20.0,"13":20.0,"14":20.0,"15":20.0,"16":20.0,"17":20.0,"18":20.0,"19":20.0,"20":21.0,"21":20.0,"22":20.0,"23":21.0,"24":20.0,"25":20.0,"26":24.0,"27":18.0,"28":15.0,"29":15.0,"30":29.0,"31":15.0,"32":20.0,"33":15.0,"34":15.0,"35":15.0,"36":15.0,"37":15.0,"38":15.0,"39":32.0,"40":15.0,"41":24.0,"42":17.0,"43":16.0,"44":15.0,"45":17.0,"46":25.0,"47":6.0},"BGInSrc":{"0":0.056031,"1":0.093385,"2":0.018677,"3":0.037354,"4":0.149416,"5":0.112062,"6":0.112062,"7":0.074708,"8":0.112062,"9":0.056031,"10":0.168093,"11":0.224125,"12":0.093385,"13":0.168093,"14":0.093385,"15":0.18677,"16":0.056031,"17":0.149416,"18":0.093385,"19":0.074708,"20":0.093385,"21":0.037354,"22":0.074708,"23":0.112062,"24":0.112062,"25":0.149416,"26":0.280156,"27":0.097269,"28":0.194539,"29":0.257069,"30":0.402973,