{"Time":{"0":302.724,"1":333.622,"2":406.197,"3":3898.128,"4":4033.8,"5":6046.998,"6":6160.329,"7":9538.008,"8":9626.403,"9":9698.127,"10":9775.828,"11":9878.879,"12":9979.764,"13":10197.758,"14":15350.051,"15":15454.629,"16":15593.13,"17":15779.293,"18":15983.659,"19":16148.139,"20":16308.723,"21":21027.416,"22":21213.225,"23":21426.398,"24":21601.821,"25":21810.233,"26":22004.534,"27":22210.755,"28":22411.093,"29":26848.197,"30":27071.381,"31":27345.389,"32":56723.338,"33":63537.611,"34":68441.405,"35":74174.683,"36":74743.932,"37":80117.749,"38":87228.857,"39":124775.146,"40":140064.147,"41":267726.335},"TimePos":{"0":11.981,"1":18.693,"2":89.034,"3":69.246,"4":84.011,"5":46.852,"6":68.914,"7":48.815,"8":38.146,"9":31.612,"10":49.189,"11":41.416,"12":78.433,"13":101.138,"14":51.206,"15":61.965,"16":91.453,"17":130.949,"18":77.022,"19":60.473,"20":110.498,"21":96.507,"22":136.355,"23":68.607,"24":133.886,"25":85.943,"26":112.285,"27":104.142,"28":126.946,"29":114.548,"30":114.515,"31":178.989,"32":254.682,"33":4475.402,"34":476.744,"35":312.655,"36":310.051,"37":670.796,"38":5030.565,"39":7563.029,"40":3013.582,"41":24090.654},"TimeNeg":{"0":-15.599,"1":-18.917,"2":-53.882,"3":-68.656,"4":-66.427,"5":-58.456,"6":-66.48,"7":-58.999,"8":-39.581,"9":-33.578,"10":-46.089,"11":-53.862,"12":-59.469,"13":-139.56,"14":-79.174,"15":-53.372,"16":-76.537,"17":-94.709,"18":-73.417,"19":-87.459,"20":-100.11,"21":-121.629,"22":-89.303,"23":-76.818,"24":-106.816,"25":-74.526,"26":-108.359,"27":-93.936,"28":-96.196,"29":-123.647,"30":-108.636,"31":-159.494,"32":-244.27,"33":-1299.484,"34":-428.391,"35":-482.165,"36":-256.593,"37":-1836.879,"38":-3204.591,"39":-10394.901,"40":-4431.567,"41":-45961.367},"Rate":{"0":1.645089,"1":1.14011,"2":0.4033918,"3":0.1959096,"4":0.252821,"5":0.2393462,"6":0.2568567,"7":0.2350596,"8":0.3141407,"9":0.3704214,"10":0.2544989,"11":0.2535642,"12":0.1749659,"13":0.175495,"14":0.1861223,"15":0.2081339,"16":0.1429056,"17":0.07985352,"18":0.1597887,"19":0.1632237,"20":0.1600443,"21":0.1228053,"22":0.1163108,"23":0.1833816,"24":0.1105202,"25":0.1654836,"26":0.1207068,"27":0.134694,"28":0.1246832,"29":0.07742451,"30":0.08254188,"31":0.06464108,"32":0.06621201,"33":0.04300051,"34":0.03359456,"35":0.0243404,"36":0.03902763,"37":0.03148401,"38":0.02182155,"39":0.01478833,"40":0.01304865,"41":0.004556901},"RatePos":{"0":0.3599343,"1":0.2552887,"2":0.07843475,"3":0.04430437,"4":0.04731421,"5":0.05394811,"6":0.04885828,"7":0.0518497,"8":0.07048188,"9":0.08348619,"10":0.05729442,"11":0.05727859,"12":0.03930042,"13":0.03008958,"14":0.04204359,"15":0.04701583,"16":0.03228126,"17":0.02090001,"18":0.03605409,"19":0.03695489,"20":0.0305398,"21":0.02784081,"22":0.02645307,"23":0.04135337,"24":0.02500236,"25":0.0375563,"26":0.02748227,"27":0.03043868,"28":0.02748344,"29":0.02025265,"30":0.02156953,"31":0.01558461,"32":0.0130482,"33":0.01128333,"34":0.007001047,"35":0.006489284,"36":0.009617849,"37":0.006716845,"38":0.005140997,"39":0.003323443,"40":0.00269548,"41":0.001818777},"RateNeg":{"0":-0.3599343,"1":-0.2552887,"2":-0.07843475,"3":-0.04430437,"4":-0.04731421,"5":-0.05394811,"6":-0.04885828,"7":-0.0518497,"8":-0.07048188,"9":-0.08348619,"10":-0.05729442,"11":-0.05727859,"12":-0.03930042,"13":-0.03008958,"14":-0.04204359,"15":-0.04701583,"16":-0.03228126,"17":-0.02090001,"18":-0.03605409,"19":-0.03695489,"20":-0.0305398,"21":-0.02784081,"22":-0.02645307,"23":-0.04135337,"24":-0.02500236,"25":-0.0375563,"26":-0.02748227,"27":-0.03043868,"28":-0.02748344,"29":-0.02025265,"30":-0.02156953,"31":-0.01558461,"32":-0.0130482,"33":-0.01128333,"34":-0.007001047,"35":-0.006489284,"36":-0.009617849,"37":-0.006716845,"38":-0.005140997,"39":-0.003323443,"40":-0.00269548,"41":-0.001453299},"FracExp":{"0":1.0,"1":1.0,"2":1.0,"3":1.0,"4":1.0,"5":1.0,"6":1.0,"7":1.0,"8":1.0,"9":1.0,"10":1.0,"11":1.0,"12":1.0,"13":1.0,"14":1.0,"15":1.0,"16":1.0,"17":1.0,"18":1.0,"19":1.0,"20":1.0,"21":1.0,"22":1.0,"23":1.0,"24":1.0,"25":1.0,"26":1.0,"27":1.0,"28":1.0,"29":1.0,"30":1.0,"31":1.0,"32":1.0,"33":0.085966,"34":1.0,"35":1.0,"36":1.0,"37":0.369945,"38":0.133964,"39":0.10681,"40":0.357986,"41":0.064354},"BGrate":{"0":0.001975226,"1":0.0007242489,"2":0.001905942,"3":0.001611342,"4":0.001477075,"5":0.001492538,"6":0.001326718,"7":0.002064076,"8":0.0008589219,"9":0.002389564,"10":0.001401398,"11":0.002102098,"12":0.0006454922,"13":0.002034007,"14":0.001535071,"15":0.001735297,"16":0.001191398,"17":0.0008869293,"18":0.001182572,"19":0.001653596,"20":0.001267078,"21":0.001240984,"22":0.001476452,"23":0.001145523,"24":0.0009516192,"25":0.001816727,"26":0.001604381,"27":0.00105127,"28":0.0009331892,"29":0.000807915,"30":0.0007960438,"31":0.001180814,"32":0.001259189,"33":0.0004820164,"34":0.0005417471,"35":0.0005927425,"36":0.0004730543,"37":0.0005587054,"38":0.0004497386,"39":0.000316575,"40":0.0004918819,"41":0.0001185391},"BGerr":{"0":0.001396696,"1":0.0007242489,"2":0.0006027116,"3":0.000509551,"4":0.0004670921,"5":0.0005641262,"6":0.0004690655,"7":0.0006527181,"8":0.0004958988,"9":0.0009031703,"10":0.0005721182,"11":0.0007006994,"12":0.0003227461,"13":0.0004336517,"14":0.0005116903,"15":0.0005784323,"16":0.0003971326,"17":0.0002956431,"18":0.0004181022,"19":0.0004985778,"20":0.0003657738,"21":0.000344187,"22":0.000369113,"23":0.0004050036,"24":0.000286924,"25":0.0004855407,"26":0.0003891196,"27":0.0003324407,"28":0.0002951003,"29":0.0002240753,"30":0.0002297981,"31":0.0002272478,"32":0.0001877088,"33":0.0000839083,"34":0.0000682537,"35":0.0000778309,"36":0.0000823482,"37":0.0000703903,"38":0.000058061,"39":0.0000307485,"40":0.0000384095,"41":0.0000076517},"CorrFact":{"0":2.16621,"1":2.14689,"2":2.156982,"3":1.365994,"4":1.321635,"5":1.270228,"6":1.250044,"7":1.219725,"8":1.224944,"9":1.216868,"10":1.220555,"11":1.220171,"12":1.211803,"13":1.224016,"14":1.225598,"15":1.212403,"16":1.212468,"17":1.217552,"18":1.212709,"19":1.222246,"20":1.215393,"21":1.357792,"22":1.334556,"23":1.344605,"24":1.345532,"25":1.347382,"26":1.355656,"27":1.348031,"28":1.338127,"29":1.245453,"30":1.24267,"31":1.243154,"32":1.25273,"33":1.446232,"34":1.29341,"35":1.331572,"36":1.321708,"37":1.29918,"38":1.301016,"39":1.390946,"40":1.408645,"41":2.426539},"CtsInSrc":{"0":21.0,"1":20.0,"2":27.0,"3":20.0,"4":29.0,"5":20.0,"6":28.0,"7":21.0,"8":20.0,"9":20.0,"10":20.0,"11":20.0,"12":20.0,"13":35.0,"14":20.0,"15":20.0,"16":20.0,"17":15.0,"18":20.0,"19":20.0,"20":28.0,"21":20.0,"22":20.0,"23":20.0,"24":20.0,"25":20.0,"26":20.0,"27":20.0,"28":21.0,"29":15.0,"30":15.0,"31":18.0,"32":27.0,"33":15.0,"34":24.0,"35":15.0,"36":17.0,"37":23.0,"38":19.0,"39":21.0,"40":26.0,"41":9.0},"BGInSrc":{"0":0.054478,"1":0.027239,"2":0.272389,"3":0.222207,"4":0.222207,"5":0.157175,"6":0.179629,"7":0.222537,"8":0.066761,"9":0.155776,"10":0.133522,"11":0.200283,"12":0.089015,"13":0.489581,"14":0.200143,"15":0.200143,"16":0.200143,"17":0.200143,"18":0.177905,"19":0.244619,"20":0.266857,"21":0.270703,"22":0.333173,"23":0.166587,"24":0.229057,"25":0.291527,"26":0.353997,"27":0.208233,"28":0.208233,"29":0.192441,"30":0.177638,"31":0.399685,"32":0.628276,"33":0.239295,"34":0.490354,"35":0.471124,"36":0.268053,"37":0.518312,"38":0.496157,"39":0.607218,"40":1.310993,"41":0.534389},"Exposure":{"0":27.580508,"1":37.60982,"2":142.915572,"3":137.90206,"4":150.43744,"5":105.30738,"6":135.39342,"7":107.81436,"8":77.72664,"9":65.1901,"10":95.2779,"11":95.27782,"12":137.90222,"13":240.69806,"14":130.38018,"15":115.33636,"16":167.98994,"17":225.65816,"18":150.43886,"19":147.93158,"20":210.60832,"21":218.13618,"22":225.65816,"23":145.42416,"24":240.70212,"25":160.46814,"26":220.64384,"27":198.078,"28":223.1417,"29":238.19478,"30":223.15098,"31":338.48294,"32":498.9527,"33":496.44552,"34":905.13518,"35":794.8203,"36":566.6436,"37":927.701,"38":1103.212,"39":1918.0845,"40":2665.2599,"41":4508.1254},"Sigma":{"0":543.734723,"1":733.244781,"2":310.292315,"3":281.461762,"4":409.542579,"5":334.016898,"6":438.058274,"7":295.250215,"8":517.148119,