{"Time":{"0":110614.934,"1":115844.922,"2":211155.149},"TimePos":{"0":1262.495,"1":664.106,"2":3571.288},"TimeNeg":{"0":-1302.472,"1":-752.518,"2":-3601.03},"Rate":{"0":0.01499351,"1":0.01484943,"2":0.003256428},"RatePos":{"0":0.002882125,"1":0.003843383,"2":0.001376747},"RateNeg":{"0":-0.002882125,"1":-0.003843383,"2":-0.001084333},"FracExp":{"0":1.0,"1":1.0,"2":0.556532},"BGrate":{"0":0.0003827969,"1":0.0003837672,"2":0.0001014054},"BGerr":{"0":0.0000317896,"1":0.0000431772,"2":0.0000076875},"CorrFact":{"0":1.372606,"1":1.360998,"2":1.711446},"CtsInSrc":{"0":29.0,"1":16.0,"2":8.0},"BGInSrc":{"0":0.981862,"1":0.543654,"2":0.404772},"Exposure":{"0":2564.9679,"1":1416.6245,"2":3991.6216},"Sigma":{"0":343.615643,"1":252.695646,"2":247.516864},"SNR":{"0":5.202241,"1":3.863635,"2":3.003163}}