{"Time":{"0":10554.571,"1":10664.307,"2":10750.279,"3":10867.329,"4":11028.262,"5":17612.128},"TimePos":{"0":44.291,"1":49.891,"2":54.182,"3":59.99,"4":102.148,"5":202.963},"TimeNeg":{"0":-50.986,"1":-65.445,"2":-36.081,"3":-62.868,"4":-100.942,"5":-153.073},"Rate":{"0":0.3140206,"1":0.2746097,"2":0.3314562,"3":0.2441708,"4":0.2141315,"5":0.1452445},"RatePos":{"0":0.07059107,"1":0.05992475,"2":0.07451056,"3":0.05474325,"4":0.03987247,"5":0.02494809},"RateNeg":{"0":-0.07059107,"1":-0.05992475,"2":-0.07451056,"3":-0.05474325,"4":-0.03987247,"5":-0.02494809},"FracExp":{"0":1.0,"1":1.0,"2":1.0,"3":1.0,"4":1.0,"5":1.0},"BGrate":{"0":0.001097691,"1":0.0,"2":0.001158674,"3":0.000425635,"4":0.0003862287,"5":0.0001468335},"BGerr":{"0":0.0005488454,"1":0.0,"2":0.0005793368,"3":0.0003009694,"4":0.0002229893,"5":0.000103827},"CorrFact":{"0":1.503822,"1":1.508212,"2":1.503777,"3":1.503851,"4":1.50365,"5":1.523294},"CtsInSrc":{"0":20.0,"1":21.0,"2":20.0,"3":20.0,"4":29.0,"5":34.0},"BGInSrc":{"0":0.104585,"1":0.0,"2":0.104585,"3":0.052293,"4":0.078439,"5":0.052278},"Exposure":{"0":95.27772,"1":115.33622,"2":90.2631,"3":122.85818,"4":203.08978,"5":356.0366},"Sigma":{"0":380.462287,"1":1000.0,"2":380.462287,"3":539.46914,"4":638.630592,"5":918.344867},"SNR":{"0":4.448446,"1":4.582576,"2":4.448446,"3":4.46029,"4":5.370409,"5":5.821869}}