{"Time":{"0":137.132,"1":226.294,"2":410.594,"3":4100.154,"4":4751.269,"5":5791.924,"6":10126.059,"7":32722.904},"TimePos":{"0":42.266,"1":40.861,"2":177.496,"3":280.918,"4":519.9,"5":542.331,"6":653.342,"7":36616.193},"TimeNeg":{"0":-42.982,"1":-46.895,"2":-143.44,"3":-328.36,"4":-370.196,"5":-520.754,"6":-585.264,"7":-16333.467},"Rate":{"0":0.5293404,"1":0.5224996,"2":0.1923444,"3":0.03223815,"4":0.02195696,"5":0.02553907,"6":0.01841838,"7":0.001527229},"RatePos":{"0":0.1191451,"1":0.1176054,"2":0.03199998,"3":0.008427564,"4":0.00579641,"5":0.005686077,"6":0.004419526,"7":0.000778281},"RateNeg":{"0":-0.1191451,"1":-0.1176054,"2":-0.03199998,"3":-0.008427564,"4":-0.00579641,"5":-0.005686077,"6":-0.004419526,"7":-0.0005907699},"FracExp":{"0":1.0,"1":1.0,"2":0.999995,"3":1.0,"4":1.0,"5":1.0,"6":1.0,"7":0.102944},"BGrate":{"0":0.001523843,"1":0.001480304,"2":0.00135196,"3":0.0003017701,"4":0.0003682229,"5":0.0003910205,"6":0.000256378,"7":0.0000787926},"BGerr":{"0":0.0005759587,"1":0.0005595023,"2":0.0002819032,"3":0.0000629234,"4":0.0000575068,"5":0.0000542248,"6":0.0000405369,"7":0.0000051954},"CorrFact":{"0":2.271027,"1":2.307611,"2":1.688169,"3":1.325717,"4":1.332026,"5":1.318976,"6":1.290156,"7":1.494297},"CtsInSrc":{"0":20.0,"1":20.0,"2":37.0,"3":15.0,"4":15.0,"5":21.0,"6":18.0,"7":6.0},"BGInSrc":{"0":0.129906,"1":0.129906,"2":0.433889,"3":0.183862,"4":0.327754,"5":0.415688,"6":0.317551,"7":0.429488},"Exposure":{"0":85.248588,"1":87.75596,"2":320.933552,"3":609.27846,"4":890.0969,"5":1063.08524,"6":1238.6062,"7":5450.8702},"Sigma":{"0":404.689009,"1":404.689009,"2":404.169558,"3":386.462053,"4":286.6424,"5":357.084043,"6":352.174957,"7":4.482504},"SNR":{"0":4.44282,"1":4.44282,"2":6.010767,"3":3.825323,"4":3.788027,"5":4.49151,"6":4.167501,"7":2.585151}}