{"Time":{"0":245.594,"1":502.129,"2":520.932,"3":539.964,"4":579.264,"5":642.732,"6":751.026,"7":931.811,"8":1209.266,"9":1706.835,"10":5777.857,"11":6310.879,"12":6926.357,"13":11637.64,"14":12783.213,"15":17678.08,"16":18670.248,"17":23811.541,"18":29539.399,"19":35857.411,"20":45188.723,"21":53086.879,"22":58657.621,"23":64321.566,"24":72108.161,"25":84766.319,"26":127671.789,"27":173474.438,"28":264718.89,"29":361927.515,"30":442217.121,"31":598662.602,"32":848573.1310000001,"33":1091404.8319999999},"TimePos":{"0":245.401,"1":8.925,"2":7.673,"3":16.222,"4":24.561,"5":41.326,"6":106.037,"7":85.72,"8":149.26,"9":326.192,"10":317.914,"11":181.047,"12":892.851,"13":283.48,"14":799.076,"15":413.813,"16":701.335,"17":1331.196,"18":1368.17,"19":835.014,"20":3060.477,"21":951.902,"22":1115.243,"23":1274.962,"24":5029.778,"25":3918.786,"26":30053.522,"27":17611.784,"28":54529.622,"29":38258.768,"30":45028.079,"31":101884.386,"32":129351.777,"33":42521.364},"TimeNeg":{"0":-23.903,"1":-11.133,"2":-9.878,"3":-11.359,"4":-23.078,"5":-38.908,"6":-66.968,"7":-74.748,"8":-191.734,"9":-348.309,"10":-316.437,"11":-215.109,"12":-434.431,"13":-408.54,"14":-862.092,"15":-624.214,"16":-578.356,"17":-979.722,"18":-680.514,"19":-987.857,"20":-4473.629,"21":-1420.479,"22":-1216.981,"23":-1104.174,"24":-3108.183,"25":-4218.636,"26":-23767.253,"27":-10788.302,"28":-68176.568,"29":-37384.999,"30":-37393.241,"31":-106239.653,"32":-115070.23,"33":-80515.845},"Rate":{"0":17.68627,"1":5.199857,"2":5.073751,"3":3.232825,"4":2.062338,"5":1.121122,"6":0.5179858,"7":0.3438972,"8":0.06215709,"9":0.05045355,"10":0.03349006,"11":0.05321785,"12":0.03316416,"13":0.02883052,"14":0.0180359,"15":0.02033851,"16":0.02587302,"17":0.01536752,"18":0.01440979,"19":0.01408323,"20":0.007337004,"21":0.01295627,"22":0.008730569,"23":0.01035491,"24":0.006731604,"25":0.00604062,"26":0.003639435,"27":0.003888675,"28":0.002564126,"29":0.002122991,"30":0.001532604,"31":0.0008847917,"32":0.0006496592,"33":0.0009834519},"RatePos":{"0":3.62159,"1":1.087434,"2":1.135802,"3":0.7253278,"4":0.4424046,"5":0.2526788,"6":0.1166117,"7":0.07754499,"8":0.01587361,"9":0.01119772,"10":0.008774471,"11":0.01384531,"12":0.006394741,"13":0.007536401,"14":0.003998022,"15":0.005383563,"16":0.005693139,"17":0.003244404,"18":0.003478544,"19":0.003446762,"20":0.001681859,"21":0.0029071,"22":0.002339359,"23":0.002535201,"24":0.001486075,"25":0.001424788,"26":0.0009842654,"27":0.001048516,"28":0.0006171343,"29":0.0005704766,"30":0.0004247594,"31":0.0002425118,"32":0.0001978191,"33":0.0004367119},"RateNeg":{"0":-3.62159,"1":-1.087434,"2":-1.135802,"3":-0.7253278,"4":-0.4424046,"5":-0.2526788,"6":-0.1166117,"7":-0.07754499,"8":-0.01587361,"9":-0.01119772,"10":-0.008774471,"11":-0.01384531,"12":-0.006394741,"13":-0.007536401,"14":-0.003998022,"15":-0.005383563,"16":-0.005693139,"17":-0.003244404,"18":-0.003478544,"19":-0.003446762,"20":-0.001681859,"21":-0.0029071,"22":-0.002339359,"23":-0.002535201,"24":-0.001486075,"25":-0.001424788,"26":-0.0009842654,"27":-0.001048516,"28":-0.0006171343,"29":-0.0005704766,"30":-0.0004247594,"31":-0.0002425118,"32":-0.0001978191,"33":-0.0003439565},"FracExp":{"0":0.093103,"1":1.0,"2":1.0,"3":1.0,"4":1.0,"5":1.0,"6":1.0,"7":0.999986,"8":1.0,"9":0.840099,"10":1.0,"11":1.0,"12":0.893515,"13":1.0,"14":0.950894,"15":1.0,"16":0.936542,"17":0.916808,"18":0.91667,"19":0.925689,"20":0.52182,"21":0.953297,"22":0.984763,"23":0.977991,"24":0.563822,"25":0.570021,"26":0.102163,"27":0.195728,"28":0.090969,"29":0.144252,"30":0.170903,"31":0.119941,"32":0.137202,"33":0.100404},"BGrate":{"0":0.002989206,"1":0.003325768,"2":0.00126696,"3":0.002418739,"4":0.002800648,"5":0.001940032,"6":0.0007711926,"7":0.001028284,"8":0.0009769203,"9":0.001511711,"10":0.0003417969,"11":0.0002846003,"12":0.0004680291,"13":0.0002645971,"14":0.0005299196,"15":0.0003532951,"16":0.0005682761,"17":0.00037381,"18":0.0007818156,"19":0.001019366,"20":0.0002559214,"21":0.0002542306,"22":0.000237059,"23":0.0002876759,"24":0.0001638596,"25":0.0001118738,"26":0.0001233356,"27":0.0001142548,"28":0.0000795814,"29":0.0001019851,"30":0.0000727419,"31":0.000078323,"32":0.0000679552,"33":0.0000622379},"BGerr":{"0":0.001336814,"1":0.001920133,"2":0.00126696,"3":0.00139646,"4":0.00114336,"5":0.0007332632,"6":0.0003148381,"7":0.0003886549,"8":0.0002610929,"9":0.0002519518,"10":0.0000683594,"11":0.0000789339,"12":0.0000585036,"13":0.0000577398,"14":0.0000540847,"15":0.0000545146,"16":0.0000643446,"17":0.0000396238,"18":0.0000608643,"19":0.0000737587,"20":0.0000190225,"21":0.0000250501,"22":0.0000238253,"23":0.000026045,"24":0.0000123866,"25":0.0000087896,"26":0.0000084707,"27":0.000008203,"28":0.0000039399,"29":0.0000050677,"30":0.0000032564,"31":0.0000026313,"32":0.0000019552,"33":0.000002957},"CorrFact":{"0":18.53488,"1":4.548034,"2":4.457472,"3":4.47306,"4":4.493048,"5":4.532885,"6":4.510789,"7":2.78214,"8":1.35287,"9":1.352166,"10":1.43707,"11":1.416148,"12":1.433084,"13":1.346523,"14":1.346193,"15":1.442735,"16":1.454501,"17":1.402906,"18":1.460255,"19":1.300018,"20":1.442695,"21":1.434597,"22":1.387106,"23":1.390228,"24":1.453633,"25":1.516116,"26":1.397269,"27":1.504774,"28":1.58031,"29":1.556079,"30":1.544738,"31":1.468062,"32":1.712618,"33":1.680133},"CtsInSrc":{"0":24.0,"1":23.0,"2":20.0,"3":20.0,"4":22.0,"5":20.0,"6":20.0,"7":20.0,"8":16.0,"9":22.0,"10":15.0,"11":15.0,"12":28.0,"13":15.0,"14":22.0,"15":15.0,"16":22.0,"17":24.0,"18":20.0,"19":20.0,"20":21.0,"21":21.0,"22":15.0,"23":18.0,"24":22.0,"25":19.0,"26":15.0,"27":15.0,"28":19.0,"29":16.0,"30":15.0,"31":17.0,"32":15.0,"33":8.0},"BGInSrc":{"0":0.074948,"1":0.06671,"2":0.022237,"3":0.06671,"4":0.13342,"5":0.155657,"6":0.13342,"7":0.165004,"8":0.333125,"9":0.856607,"10":0.216819,"11":0.112746,"12":0.555057,"13":0.183106,"14":0.837058,"15":0.36673,"16":0.68107,"17":0.791979,"18":1.468224,"19":1.720091,"20":1.006141,"21":0.574964,"22":0.54445,"23":0.669357,"24":0.751847,"25":0.518927,"26":0.678162,"27":0.635106,"28":0.888327,"29":1.112838,"30":1.024643,"31":1.955153,"32":2.278887,"33":0.768854},"Exposure":{"0":25.073,"1":20.058508,"2":17.55118,"3":27.58046,"4":47.63894,"5":80.234,"6":173.00462,"7":160.465792,"8":340.99486,"9":566.64724,"10":634.35116,"11":396.15574,"12":1185.9463,"13":692.01962,"14":1579.59418,"15":1038.0274,"16":1198.4842,"17":2118.6685,"18":1877.9677,"19":1687.4129,"20":3931.4464,"21":2261.5846,"22":2296.6868,"23":2326.7744,"24":4588.359,"25":4638.505,"26":5498.5089,"27":5558.6841,"28":11162.4996,"29":10911.7696,"30":14086.0114,"31":24962.6788,"32":33535.1375,"33":12353.4671},"Sigma":{"0":713.798676,"1":595.43782,"2":898.416136,"3":517.546097,"4":401.45412,"5":337.301595,"6":364.73561,"7":318.042775,"8":175.970317,"9":148.096396,"10":340.910204,"11":476.085594,"12":395.561905,"13":370.820112,"14":247.717218,"15":258.594691,"16":276.452782,"17":276.451665,"18":162.131181,"19":146.872084,"20":267.348028,"21":360.529483,"22":264.176346,"23":285.98081,"24":373.86159,"25":453.292252,"26":307.491519,"27":315.033692,"28":411.827793,"29":269.220051,"30":304.677738,"31":229.046666,"32":194.015207,"33":4.765339},"SNR":{"0":4.883566,"1":4.781767,"2":4.467108,"3":4.457054,"4":4.661656,"5":4.436946,"6":4.441973,"7":4.434809,"8":3.915749,"9":4.5057,"10":3.816762,"11":3.843747,"12":5.186161,"13":3.825502,"14":4.511206,"15":3.777891,"16":4.544597,"17":4.736622,"18":4.142478,"19":4.08593,"20":4.362437,"21":4.456768,"22":3.732034,"23":4.084455,"24":4.529789,"25":4.239663,"26":3.697615,"27":3.708743,"28":4.154891,"29":3.721435,"30":3.608169,"31":3.648449,"32":3.284107,"33":2.859233}}