{"Time":{"0":5561.152,"1":5614.828,"2":5669.237,"3":5716.761,"4":5755.744,"5":5807.904,"6":5853.277,"7":5920.196,"8":5987.172,"9":6038.571,"10":6095.848,"11":6171.639,"12":6271.898,"13":11645.434,"14":11686.284,"15":11728.674,"16":11796.613,"17":11852.666,"18":11916.698,"19":11983.8,"20":12039.475,"21":53433.627,"22":61422.401,"23":85568.998,"24":86035.59,"25":91437.83,"26":107577.118,"27":111317.988,"28":131935.442,"29":148145.191,"30":157798.253,"31":247551.285,"32":357108.99,"33":544042.209},"TimePos":{"0":31.508,"1":27.979,"2":21.208,"3":16.309,"4":32.487,"5":17.937,"6":32.739,"7":43.547,"8":21.703,"9":17.943,"10":40.9,"11":32.806,"12":103.899,"13":20.568,"14":19.836,"15":27.592,"16":32.365,"17":18.937,"18":47.676,"19":20.691,"20":65.326,"21":7835.728,"22":187.947,"23":182.024,"24":354.791,"25":652.371,"26":411.374,"27":7542.802,"28":5634.682,"29":853.975,"30":8402.578,"31":20817.668,"32":130080.62,"33":63568.743},"TimeNeg":{"0":-36.189,"1":-22.168,"2":-26.431,"3":-26.315,"4":-22.674,"5":-19.673,"6":-27.436,"7":-34.179,"8":-23.429,"9":-29.696,"10":-39.334,"11":-34.891,"12":-67.453,"13":-27.071,"14":-20.281,"15":-22.554,"16":-40.347,"17":-23.687,"18":-45.095,"19":-19.426,"20":-34.985,"21":-1858.45,"22":-153.046,"23":-184.044,"24":-284.568,"25":-292.881,"26":-488.75,"27":-3329.495,"28":-937.443,"29":-883.584,"30":-3294.884,"31":-14185.087,"32":-43495.021,"33":-5262.841},"Rate":{"0":2.267303,"1":3.080441,"2":3.408658,"3":3.604758,"4":2.800127,"5":4.138549,"6":2.551875,"7":1.97377,"8":3.380464,"9":3.213616,"10":1.903865,"11":2.383804,"12":2.524404,"13":1.45818,"14":1.894314,"15":1.36329,"16":0.9343292,"17":1.592186,"18":0.725407,"19":1.697059,"20":1.139961,"21":0.1791167,"22":0.1030916,"23":0.05467098,"24":0.04355367,"25":0.03539624,"26":0.02256011,"27":0.02933275,"28":0.02455473,"29":0.01929655,"30":0.01515636,"31":0.005509047,"32":0.001888456,"33":0.001330807},"RatePos":{"0":0.5109122,"1":0.6950412,"2":0.7474788,"3":0.8122931,"4":0.6334316,"5":0.9254077,"6":0.5735562,"7":0.4482395,"8":0.7647127,"9":0.7269691,"10":0.4318025,"11":0.5266144,"12":0.4134154,"13":0.3275057,"14":0.4054974,"15":0.3075579,"16":0.2114124,"17":0.3581328,"18":0.1646297,"19":0.382856,"20":0.23413,"21":0.04666242,"22":0.0208054,"23":0.01425282,"24":0.009664638,"25":0.007056974,"26":0.00591658,"27":0.004886642,"28":0.004627588,"29":0.0042394,"30":0.003475087,"31":0.001307757,"32":0.0005295216,"33":0.0008548586},"RateNeg":{"0":-0.5109122,"1":-0.6950412,"2":-0.7474788,"3":-0.8122931,"4":-0.6334316,"5":-0.9254077,"6":-0.5735562,"7":-0.4482395,"8":-0.7647127,"9":-0.7269691,"10":-0.4318025,"11":-0.5266144,"12":-0.4134154,"13":-0.3275057,"14":-0.4054974,"15":-0.3075579,"16":-0.2114124,"17":-0.3581328,"18":-0.1646297,"19":-0.382856,"20":-0.23413,"21":-0.04666242,"22":-0.0208054,"23":-0.01425282,"24":-0.009664638,"25":-0.007056974,"26":-0.00591658,"27":-0.004886642,"28":-0.004627588,"29":-0.0042394,"30":-0.003475087,"31":-0.001307757,"32":-0.0005295216,"33":-0.0006081759},"FracExp":{"0":1.0,"1":1.0,"2":1.0,"3":1.0,"4":1.0,"5":1.0,"6":1.0,"7":1.0,"8":1.0,"9":1.0,"10":1.0,"11":1.0,"12":0.673067,"13":1.0,"14":1.0,"15":1.0,"16":1.0,"17":1.0,"18":1.0,"19":1.0,"20":0.724841,"21":0.016812,"22":1.0,"23":1.0,"24":1.0,"25":1.0,"26":1.0,"27":0.15405,"28":0.242637,"29":1.0,"30":0.143183,"31":0.144767,"32":0.070434,"33":0.061306},"BGrate":{"0":0.002243026,"1":0.003532764,"2":0.002124972,"3":0.003562451,"4":0.004129205,"5":0.0,"6":0.001682269,"7":0.003907203,"8":0.005046806,"9":0.004781182,"10":0.003469678,"11":0.003738373,"12":0.00307211,"13":0.001828078,"14":0.002170843,"15":0.003473348,"16":0.003193884,"17":0.002724195,"18":0.003129144,"19":0.004341682,"20":0.001996261,"21":0.0008126201,"22":0.0006552156,"23":0.000391916,"24":0.0005432677,"25":0.0004473488,"26":0.0002570902,"27":0.000289967,"28":0.0002658724,"29":0.0003730569,"30":0.0002944487,"31":0.0001256465,"32":0.0000970285,"33":0.000060664},"BGerr":{"0":0.0009157116,"1":0.001335259,"2":0.001062486,"3":0.001454365,"4":0.001376402,"5":0.0,"6":0.0008411343,"7":0.001127912,"8":0.001682269,"9":0.001593727,"10":0.001046147,"11":0.001182177,"12":0.000821056,"13":0.001055441,"14":0.001253337,"15":0.001417989,"16":0.001129209,"17":0.001362098,"18":0.0009895223,"19":0.001772484,"20":0.0008927552,"21":0.000256973,"22":0.0001544358,"23":0.0000899117,"24":0.0000801005,"25":0.0000597795,"26":0.0000440906,"27":0.0000351637,"28":0.000034324,"29":0.0000399959,"30":0.000037395,"31":0.0000092377,"32":0.0000044804,"33":0.0000049532},"CorrFact":{"0":7.733253,"1":7.792667,"2":7.770078,"3":7.741304,"4":7.811851,"5":7.782488,"6":7.71709,"7":7.789019,"8":7.716181,"9":7.742859,"10":7.745563,"11":7.778396,"12":7.733758,"13":3.488505,"14":3.468014,"15":3.44823,"16":3.436762,"17":3.413113,"18":3.414384,"19":3.433959,"20":3.47458,"21":1.963433,"22":1.418819,"23":1.347104,"24":1.348323,"25":1.308136,"26":1.375007,"27":1.345461,"28":1.37024,"29":1.570308,"30":1.30134,"31":1.52019,"32":1.671339,"33":1.499925},"CtsInSrc":{"0":20.0,"1":20.0,"2":21.0,"3":20.0,"4":20.0,"5":20.0,"6":20.0,"7":20.0,"8":20.0,"9":20.0,"10":20.0,"11":21.0,"12":38.0,"13":20.0,"14":22.0,"15":20.0,"16":20.0,"17":20.0,"18":20.0,"19":20.0,"20":24.0,"21":15.0,"22":25.0,"23":15.0,"24":21.0,"25":26.0,"26":15.0,"27":37.0,"28":29.0,"29":22.0,"30":20.0,"31":19.0,"32":15.0,"33":4.0},"BGInSrc":{"0":0.151847,"1":0.177155,"2":0.101232,"3":0.151847,"4":0.227771,"5":0.0,"6":0.101232,"7":0.303695,"8":0.227771,"9":0.227771,"10":0.278387,"11":0.253079,"12":0.35431,"13":0.087088,"14":0.087088,"15":0.174176,"16":0.232234,"17":0.116117,"18":0.290293,"19":0.174176,"20":0.145146,"21":0.132436,"22":0.223424,"23":0.143468,"24":0.347343,"25":0.422857,"26":0.231413,"27":0.485658,"28":0.423972,"29":0.648208,"30":0.493165,"31":0.636683,"32":1.186231,"33":0.255989},"Exposure":{"0":67.697508,"1":50.14634,"2":47.639,"3":42.62438,"4":55.16096,"5":37.60974,"6":60.1756,"7":77.72684,"8":45.1317,"9":47.63904,"10":80.23416,"11":67.69758,"12":115.331252,"13":47.639028,"14":40.11706,"15":50.14634,"16":72.71218,"17":42.62438,"18":92.77068,"19":40.1171,"20":72.709131,"21":162.97458,"22":340.99272,"23":366.06798,"24":639.35932,"25":945.2521,"26":900.12452,"27":1674.87258,"28":1594.6428,"29":1737.5589,"30":1674.8764,"31":5067.2533,"32":12225.5948,"33":4219.7859},"Sigma":{"0":320.175932,"1":296.047349,"2":412.890522,"3":320.175932,"4":260.422554,"5":1000.0,"6":393.133831,"7":224.666522,"8":260.422554,"9":260.422554,"10":234.95804,"11":259.237528,"12":397.553384,"13":396.038873,"14":435.815965,"15":278.817028,"16":240.755522,"17":342.479725,"18":214.70583,"19":278.817028,"20":367.498371,"21":355.003299,"22":470.487643,"23":451.377143,"24":403.270012,"25":452.639142,"26":372.126191,"27":619.994059,"28":522.084438,"29":307.241089,"30":311.451424,"31":392.296143,"32":252.19078,"33":3.749065},"SNR":{"0":4.437756,"1":4.432026,"2":4.560207,"3":4.437756,"4":4.420568,"5":4.472136,"6":4.449215,"7":4.403382,"8":4.420568,"9":4.420568,"10":4.40911,"11":4.526659,"12":6.106217,"13":4.452381,"14":4.67158,"15":4.432629,"16":4.419462,"17":4.445797,"18":4.406296,"19":4.432629,"20":4.868924,"21":3.838564,"22":4.95504,"23":3.835802,"24":4.506498,"25":5.015782,"26":3.813033,"27":6.00264,"28":5.306161,"29":4.551718,"30":4.361433,"31":4.212591,"32":3.566343,"33":2.188194}}