{"Time":{"0":12128.39,"1":16168.398,"2":16639.373,"3":17039.011,"4":17456.357,"5":21807.187,"6":22132.187,"7":22596.17,"8":23164.596,"9":27754.523,"10":28776.148},"TimePos":{"0":270.453,"1":223.62,"2":156.324,"3":228.063,"4":221.903,"5":170.509,"6":183.997,"7":226.493,"8":272.345,"9":373.49,"10":620.552},"TimeNeg":{"0":-165.817,"1":-197.61,"2":-247.355,"3":-243.313,"4":-189.283,"5":-203.082,"6":-154.492,"7":-279.986,"8":-341.934,"9":-358.647,"10":-648.136},"Rate":{"0":0.1013964,"1":0.0467852,"2":0.04894331,"3":0.0421784,"4":0.06098596,"5":0.05259095,"6":0.058335,"7":0.03840991,"8":0.03838101,"9":0.03234086,"10":0.0182238},"RatePos":{"0":0.0173391,"1":0.01219472,"2":0.01272541,"3":0.01099394,"4":0.01405714,"5":0.01371841,"6":0.015139,"7":0.01003473,"8":0.009151164,"9":0.0085538,"10":0.00489703},"RateNeg":{"0":-0.0173391,"1":-0.01219472,"2":-0.01272541,"3":-0.01099394,"4":-0.01405714,"5":-0.01371841,"6":-0.015139,"7":-0.01003473,"8":-0.009151164,"9":-0.0085538,"10":-0.00489703},"FracExp":{"0":1.0,"1":1.0,"2":1.0,"3":1.0,"4":1.0,"5":1.0,"6":1.0,"7":1.0,"8":1.0,"9":1.0,"10":1.0},"BGrate":{"0":0.0009190164,"1":0.0003341075,"2":0.000256888,"3":0.0002985642,"4":0.0002161694,"5":0.0004067045,"6":0.0002244405,"7":0.0003449939,"8":0.0003339203,"9":0.0004854897,"10":0.0004611087},"BGerr":{"0":0.0001706571,"1":0.0000766495,"2":0.0000686562,"3":0.0000684953,"4":0.0000624027,"5":0.0000909419,"6":0.0000709743,"7":0.0000719362,"8":0.000064263,"9":0.0000700744,"10":0.0000518788},"CorrFact":{"0":1.278538,"1":1.326265,"2":1.326328,"3":1.338013,"4":1.326024,"5":1.323235,"6":1.323082,"7":1.312206,"8":1.324912,"9":1.616843,"10":1.603908},"CtsInSrc":{"0":35.0,"1":15.0,"2":15.0,"3":15.0,"4":19.0,"5":15.0,"6":15.0,"7":15.0,"8":18.0,"9":15.0,"10":15.0},"BGInSrc":{"0":0.400939,"1":0.140736,"2":0.1037,"3":0.140736,"4":0.088886,"5":0.151941,"6":0.07597,"7":0.174732,"8":0.20512,"9":0.355445,"10":0.585003},"Exposure":{"0":436.2702,"1":421.22982,"2":403.67886,"3":471.3762,"4":411.18642,"5":373.59042,"6":338.48822,"7":506.47864,"8":614.27902,"9":732.13704,"10":1268.68836},"Sigma":{"0":464.712652,"1":460.22344,"2":537.480389,"3":460.22344,"4":737.012288,"5":437.028698,"6":621.21419,"7":406.905819,"8":450.783948,"9":285.446258,"10":219.012951},"SNR":{"0":5.847846,"1":3.836512,"2":3.84611,"3":3.836512,"4":4.338432,"5":3.833605,"6":3.853294,"7":3.827698,"8":4.194112,"9":3.780876,"10":3.721399}}