{"Time":{"0":850.68,"1":916.561,"2":972.861,"3":1063.396,"4":1189.036,"5":1289.319,"6":1389.644,"7":1495.297,"8":1593.616,"9":1732.097,"10":1854.69,"11":2033.993,"12":6771.037,"13":6952.841,"14":7154.553,"15":7358.519,"16":7559.568,"17":7742.519,"18":7977.816,"19":8162.714,"20":18287.846,"21":18532.475,"22":18890.739,"23":19207.222,"24":19465.679,"25":20015.892,"26":24085.263,"27":24314.072,"28":24646.734,"29":25013.008,"30":25251.049,"31":25558.808,"32":25992.123,"33":30143.558,"34":30886.235,"35":31606.026,"36":35822.724,"37":36370.481,"38":36774.183,"39":37347.461,"40":41629.189,"41":42249.495,"42":42974.104,"43":47339.122,"44":47738.625,"45":48242.559,"46":48877.623,"47":53310.327,"48":53990.889,"49":54685.804,"50":59174.147,"51":60045.32,"52":64884.623,"53":65913.255,"54":70546.108},"TimePos":{"0":28.436,"1":25.238,"2":46.664,"3":61.436,"4":38.596,"5":46.127,"6":41.08,"7":50.763,"8":60.258,"9":67.201,"10":37.378,"11":148.923,"12":96.149,"13":104.9,"14":103.772,"15":80.332,"16":112.463,"17":142.634,"18":107.921,"19":101.037,"20":105.511,"21":131.671,"22":182.098,"23":103.81,"24":148.738,"25":442.874,"26":104.506,"27":126.427,"28":159.833,"29":89.421,"30":92.083,"31":230.625,"32":253.631,"33":268.878,"34":348.6,"35":423.624,"36":253.821,"37":225.077,"38":222.546,"39":460.221,"40":260.695,"41":282.261,"42":593.687,"43":216.494,"44":183.058,"45":333.533,"46":487.38,"47":332.844,"48":221.441,"49":466.759,"50":382.027,"51":878.331,"52":372.487,"53":799.036,"54":216.623},"TimeNeg":{"0":-44.276,"1":-37.445,"2":-31.063,"3":-43.871,"4":-64.204,"5":-61.688,"6":-54.198,"7":-64.573,"8":-47.556,"9":-78.223,"10":-55.392,"11":-141.924,"12":-84.377,"13":-85.656,"14":-96.812,"15":-100.194,"16":-120.716,"17":-70.488,"18":-92.664,"19":-76.976,"20":-120.146,"21":-139.118,"22":-226.593,"23":-134.384,"24":-154.647,"25":-401.475,"26":-131.181,"27":-124.303,"28":-206.234,"29":-206.441,"30":-148.619,"31":-215.677,"32":-202.691,"33":-430.661,"34":-473.799,"35":-371.191,"36":-255.162,"37":-293.936,"38":-178.624,"39":-350.732,"40":-260.825,"41":-359.611,"42":-442.348,"43":-187.183,"44":-183.009,"45":-320.876,"46":-301.531,"47":-374.218,"48":-347.718,"49":-473.473,"50":-455.415,"51":-489.146,"52":-389.735,"53":-656.145,"54":-197.081},"Rate":{"0":0.7007316,"1":0.8159208,"2":0.6509316,"3":0.4812848,"4":0.5235728,"5":0.4734082,"6":0.5375152,"7":0.4464781,"8":0.4700862,"9":0.2807497,"10":0.3088108,"11":0.3685403,"12":0.1429047,"13":0.1284976,"14":0.09058691,"15":0.1350508,"16":0.103848,"17":0.09766314,"18":0.09103836,"19":0.1580101,"20":0.08260239,"21":0.0696557,"22":0.04536469,"23":0.07896334,"24":0.06144305,"25":0.04233698,"26":0.08052058,"27":0.07635181,"28":0.05149039,"29":0.06435483,"30":0.07927628,"31":0.04306871,"32":0.08708684,"33":0.03461445,"34":0.02923863,"35":0.04433005,"36":0.03824781,"37":0.0374407,"38":0.04807673,"39":0.04566184,"40":0.03849473,"41":0.03103675,"42":0.02630188,"43":0.0498236,"44":0.05416877,"45":0.02967024,"46":0.02540474,"47":0.02705443,"48":0.03375107,"49":0.03389308,"50":0.02294277,"51":0.02577958,"52":0.02508188,"53":0.02280502,"54":0.02142377},"RatePos":{"0":0.1568562,"1":0.1832298,"2":0.1461784,"3":0.1087826,"4":0.1149559,"5":0.1065413,"6":0.1208386,"7":0.1004807,"8":0.105453,"9":0.06373813,"10":0.06752861,"11":0.06380359,"12":0.03148052,"13":0.0288915,"14":0.02377208,"15":0.03049954,"16":0.02360978,"17":0.02390284,"18":0.02381971,"19":0.03389612,"20":0.02166235,"21":0.01808978,"22":0.0119319,"23":0.0205669,"24":0.01611334,"25":0.008152678,"26":0.02101625,"27":0.01984975,"28":0.01360044,"29":0.01681352,"30":0.02081484,"31":0.01126339,"32":0.0157906,"33":0.009059893,"34":0.007672308,"35":0.009792688,"36":0.00999685,"37":0.009780435,"38":0.01256584,"39":0.009948383,"40":0.01005059,"41":0.008144416,"42":0.00660136,"43":0.01296475,"44":0.01411114,"45":0.007887563,"46":0.006765168,"47":0.007122685,"48":0.008806623,"49":0.006883219,"50":0.006008085,"51":0.005320767,"52":0.00661573,"53":0.004685914,"54":0.009505992},"RateNeg":{"0":-0.1568562,"1":-0.1832298,"2":-0.1461784,"3":-0.1087826,"4":-0.1149559,"5":-0.1065413,"6":-0.1208386,"7":-0.1004807,"8":-0.105453,"9":-0.06373813,"10":-0.06752861,"11":-0.06380359,"12":-0.03148052,"13":-0.0288915,"14":-0.02377208,"15":-0.03049954,"16":-0.02360978,"17":-0.02390284,"18":-0.02381971,"19":-0.03389612,"20":-0.02166235,"21":-0.01808978,"22":-0.0119319,"23":-0.0205669,"24":-0.01611334,"25":-0.008152678,"26":-0.02101625,"27":-0.01984975,"28":-0.01360044,"29":-0.01681352,"30":-0.02081484,"31":-0.01126339,"32":-0.0157906,"33":-0.009059893,"34":-0.007672308,"35":-0.009792688,"36":-0.00999685,"37":-0.009780435,"38":-0.01256584,"39":-0.009948383,"40":-0.01005059,"41":-0.008144416,"42":-0.00660136,"43":-0.01296475,"44":-0.01411114,"45":-0.007887563,"46":-0.006765168,"47":-0.007122685,"48":-0.008806623,"49":-0.006883219,"50":-0.006008085,"51":-0.005320767,"52":-0.00661573,"53":-0.004685914,"54":-0.007367066},"FracExp":{"0":1.0,"1":1.0,"2":1.0,"3":1.0,"4":1.0,"5":1.0,"6":1.0,"7":1.0,"8":1.0,"9":0.999977,"10":1.0,"11":0.999997,"12":1.0,"13":1.0,"14":1.0,"15":1.0,"16":1.0,"17":1.0,"18":1.0,"19":1.0,"20":1.0,"21":1.0,"22":1.0,"23":1.0,"24":1.0,"25":0.968053,"26":1.0,"27":1.0,"28":1.0,"29":1.0,"30":1.0,"31":1.0,"32":1.0,"33":1.0,"34":1.0,"35":0.965291,"36":1.0,"37":1.0,"38":1.0,"39":0.760574,"40":1.0,"41":1.0,"42":0.839767,"43":1.0,"44":1.0,"45":1.0,"46":0.966158,"47":1.0,"48":1.0,"49":1.0,"50":1.0,"51":0.900257,"52":1.0,"53":0.963164,"54":1.0},"BGrate":{"0":0.000291278,"1":0.001351529,"2":0.001089943,"3":0.002011204,"4":0.001236154,"5":0.001178659,"6":0.001111454,"7":0.001101789,"8":0.0005893291,"9":0.002051222,"10":0.0004661844,"11":0.002817039,"12":0.001082717,"13":0.0005698508,"14":0.001190988,"15":0.001082716,"16":0.001397052,"17":0.0007133184,"18":0.0009744438,"19":0.006465998,"20":0.00101923,"21":0.0003185094,"22":0.000668283,"23":0.0005431415,"24":0.0007581038,"25":0.0006331162,"26":0.0006792801,"27":0.0004063329,"28":0.0009144472,"29":0.0005903134,"30":0.001027924,"31":0.000423942,"32":0.0006378976,"33":0.0002888145,"34":0.000291162,"35":0.0003316054,"36":0.0003561615,"37":0.0003334025,"38":0.0004518791,"39":0.0007614928,"40":0.000317184,"41":0.000373682,"42":0.001254854,"43":0.0002864368,"44":0.0003609886,"45":0.0006562795,"46":0.0005959653,"47":0.0004071864,"48":0.0002746007,"49":0.0004024436,"50":0.0002502896,"51":0.001047748,"52":0.000413627,"53":0.0004735647,"54":0.0004091029},"BGerr":{"0":0.000291278,"1":0.0006757646,"2":0.0005449715,"3":0.0006359984,"4":0.0005046579,"5":0.0004811856,"6":0.0004970572,"7":0.0004498036,"8":0.0003402493,"9":0.0005482121,"10":0.0003296422,"11":0.0004510873,"12":0.0003609057,"13":0.000254845,"14":0.0003590964,"15":0.0003609053,"16":0.0003607174,"17":0.000269609,"18":0.0003248146,"19":0.0008881731,"20":0.0002548075,"21":0.0001300309,"22":0.0001533146,"23":0.0001810472,"24":0.0001895259,"25":0.0001055194,"26":0.0002048107,"27":0.0001535794,"28":0.0001906754,"29":0.0001704088,"30":0.0002493082,"31":0.0001175804,"32":0.0001426382,"33":0.0000555824,"34":0.0000514707,"35":0.0000568698,"36":0.0000759339,"37":0.0000727544,"38":0.000096341,"39":0.0001008622,"40":0.0000709245,"41":0.000069391,"42":0.000109221,"43":0.0000765535,"44":0.0000902472,"45":0.0000910096,"46":0.00008036,"47":0.0000688271,"48":0.0000629977,"49":0.0000593371,"50":0.0000490858,"51":0.0000828318,"52":0.0000670992,"53":0.0000529462,"54":0.000087221},"CorrFact":{"0":2.550276,"1":2.568084,"2":2.540494,"3":2.561255,"4":2.578609,"5":2.568326,"6":2.574294,"7":2.59122,"8":2.542178,"9":2.072247,"10":1.367031,"11":3.135939,"12":1.240019,"13":1.230979,"14":1.230961,"15":1.231041,"16":1.23081,"17":1.235407,"18":1.233467,"19":1.231036,"20":1.262007,"21":1.264739,"22":1.258933,"23":1.264818,"24":1.262076,"25":1.259171,"26":1.278825,"27":1.284978,"28":1.285279,"29":1.2843,"30":1.293466,"31":1.297812,"32":1.294073,"33":1.636316,"34":1.629059,"35":1.639445,"36":1.313711,"37":1.310601,"38":1.301526,"39":1.308098,"40":1.353309,