{"Time":{"0":230.38,"1":245.785,"2":269.549,"3":297.893,"4":329.304,"5":404.496,"6":1626.191,"7":1820.755,"8":5321.75,"9":5716.473,"10":11104.955,"11":11632.87,"12":12254.012,"13":17110.195,"14":17613.977,"15":18247.327,"16":22845.593,"17":65535.796,"18":77012.83},"TimePos":{"0":8.078,"1":10.224,"2":14.041,"3":10.769,"4":21.983,"5":77.169,"6":81.832,"7":90.358,"8":126.616,"9":223.321,"10":204.679,"11":328.668,"12":356.908,"13":165.648,"14":215.984,"15":452.661,"16":255.284,"17":3345.711,"18":3476.179},"TimeNeg":{"0":-6.966,"1":-7.327,"2":-13.54,"3":-14.304,"4":-20.641,"5":-53.209,"6":-93.681,"7":-112.731,"8":-189.307,"9":-268.107,"10":-211.535,"11":-323.235,"12":-292.474,"13":-142.752,"14":-338.134,"15":-417.366,"16":-451.775,"17":-2828.559,"18":-3068.605},"Rate":{"0":2.829161,"1":2.366761,"2":1.56725,"3":1.749356,"4":0.9754518,"5":0.5270068,"6":0.1462199,"7":0.1247784,"8":0.06684072,"9":0.06134161,"10":0.04802838,"11":0.03021627,"12":0.03340877,"13":0.06352323,"14":0.03510362,"15":0.03113076,"16":0.0307186,"17":0.01014388,"18":0.007952421},"RatePos":{"0":0.6334772,"1":0.5313818,"2":0.3424435,"3":0.3842174,"4":0.2187098,"5":0.09234619,"6":0.03213453,"7":0.02753417,"8":0.01683971,"9":0.01299927,"10":0.012544,"11":0.007931078,"12":0.008497928,"13":0.01654742,"14":0.009154454,"15":0.006882622,"16":0.007592216,"17":0.00240178,"18":0.00246289},"RateNeg":{"0":-0.6334772,"1":-0.5313818,"2":-0.3424435,"3":-0.3842174,"4":-0.2187098,"5":-0.09234619,"6":-0.03213453,"7":-0.02753417,"8":-0.01683971,"9":-0.01299927,"10":-0.012544,"11":-0.007931078,"12":-0.008497928,"13":-0.01654742,"14":-0.009154454,"15":-0.006882622,"16":-0.007592216,"17":-0.00240178,"18":-0.002059098},"FracExp":{"0":1.0,"1":1.0,"2":1.0,"3":1.0,"4":1.0,"5":1.0,"6":1.0,"7":1.0,"8":1.0,"9":1.0,"10":1.0,"11":1.0,"12":1.0,"13":1.0,"14":1.0,"15":1.0,"16":1.0,"17":0.394312,"18":0.376586},"BGrate":{"0":0.001776,"1":0.004566848,"2":0.0009687264,"3":0.005327991,"4":0.001253646,"5":0.001639409,"6":0.0008355618,"7":0.001134736,"8":0.0003872088,"9":0.0007467693,"10":0.0004095496,"11":0.0003735448,"12":0.001212483,"13":0.0004267894,"14":0.0002672259,"15":0.0003120252,"16":0.0004474204,"17":0.0004550427,"18":0.0002946129},"BGerr":{"0":0.001776,"1":0.002636671,"2":0.0009687264,"3":0.00238275,"4":0.0008864615,"5":0.0005796188,"6":0.0003158127,"7":0.0003421357,"8":0.0001224462,"9":0.0001363408,"10":0.000089371,"11":0.0000681996,"12":0.000123109,"13":0.0001066973,"14":0.0000629858,"15":0.0000543166,"16":0.0000725812,"17":0.0000385962,"18":0.0000242993},"CorrFact":{"0":2.130929,"1":2.085339,"2":2.060983,"3":2.102038,"4":2.084474,"5":2.095707,"6":1.230664,"7":1.220112,"8":1.329948,"9":1.331904,"10":1.347993,"11":1.334877,"12":1.338159,"13":1.3176,"14":1.309698,"15":1.306633,"16":1.301865,"17":1.307217,"18":1.476581},"CtsInSrc":{"0":20.0,"1":20.0,"2":21.0,"3":21.0,"4":20.0,"5":33.0,"6":21.0,"7":21.0,"8":16.0,"9":23.0,"10":15.0,"11":15.0,"12":17.0,"13":15.0,"14":15.0,"15":21.0,"16":17.0,"17":20.0,"18":14.0},"BGInSrc":{"0":0.026718,"1":0.080154,"2":0.026718,"3":0.13359,"4":0.053436,"5":0.213744,"6":0.146652,"7":0.230453,"8":0.122328,"9":0.366984,"10":0.170461,"11":0.243515,"12":0.787365,"13":0.131622,"14":0.148075,"15":0.27147,"16":0.316352,"17":1.107842,"18":0.726125},"Exposure":{"0":15.043908,"1":17.55126,"2":27.58052,"3":25.07322,"4":42.62444,"5":130.378552,"6":175.51284,"7":203.08946,"8":315.92226,"9":491.42834,"10":416.2147,"11":651.90322,"12":649.38258,"13":308.40014,"14":554.11778,"15":870.02638,"16":707.0586,"17":2434.5883,"18":2464.6759},"Sigma":{"0":747.559637,"1":430.449057,"2":784.987619,"3":349.268281,"4":527.897382,"5":433.853639,"6":376.216089,"7":298.910571,"8":410.451094,"9":337.797475,"10":398.669854,"11":331.907963,"12":202.797738,"13":451.851206,"14":425.537998,"15":438.63509,"16":325.096025,"17":201.053361,"18":221.638259},"SNR":{"0":4.466082,"1":4.453975,"2":4.576668,"3":4.553037,"4":4.460028,"5":5.706861,"6":4.550241,"7":4.531766,"8":3.969232,"9":4.71885,"10":3.828794,"11":3.809857,"12":3.931403,"13":3.83886,"14":3.834595,"15":4.523096,"16":4.046065,"17":4.223483,"18":3.862089}}