{"Time":{"0":121.456,"1":206.459,"2":285.073,"3":386.308,"4":819.154},"TimePos":{"0":22.076,"1":34.859,"2":33.971,"3":65.624,"4":1207.362},"TimeNeg":{"0":-23.055,"1":-62.927,"2":-43.756,"3":-67.263,"4":-367.222},"Rate":{"0":1.928762,"1":0.8831393,"2":1.167201,"3":0.5124126,"4":0.01748662},"RatePos":{"0":0.4344721,"1":0.1997794,"2":0.2554693,"3":0.1136659,"4":0.003888672},"RateNeg":{"0":-0.4344721,"1":-0.1997794,"2":-0.2554693,"3":-0.1136659,"4":-0.003888672},"FracExp":{"0":1.0,"1":1.0,"2":1.0,"3":0.999985,"4":1.0},"BGrate":{"0":0.003218451,"1":0.002334261,"2":0.0008009047,"3":0.002543335,"4":0.001582036},"BGerr":{"0":0.00121646,"1":0.0007038061,"2":0.0004624025,"3":0.0006358338,"4":0.0001494884},"CorrFact":{"0":4.384253,"1":4.367751,"2":4.332978,"3":3.29553,"4":1.223253},"CtsInSrc":{"0":20.0,"1":20.0,"2":21.0,"3":21.0,"4":25.0},"BGInSrc":{"0":0.145254,"1":0.228256,"2":0.062252,"3":0.337973,"4":2.491049},"Exposure":{"0":45.131668,"1":97.7853,"2":77.72678,"3":132.885752,"4":1574.5842},"Sigma":{"0":361.647149,"1":287.288578,"2":582.557876,"3":244.540558,"4":95.627328},"SNR":{"0":4.439322,"1":4.420573,"2":4.568851,"3":4.508058,"4":4.49681}}