{"Time":{"0":1874.502,"1":11945.304},"TimePos":{"0":3399.4,"1":5299.885},"TimeNeg":{"0":-1177.355,"1":-2033.266},"Rate":{"0":0.03996011,"1":0.006921085},"RatePos":{"0":0.007323671,"1":0.001879886},"RateNeg":{"0":-0.007323671,"1":-0.001879886},"FracExp":{"0":0.291995,"1":0.393884},"BGrate":{"0":0.0004626583,"1":0.0002561192},"BGerr":{"0":0.0000517268,"1":0.0000177587},"CorrFact":{"0":1.757713,"1":1.401866},"CtsInSrc":{"0":31.0,"1":15.0},"BGInSrc":{"0":0.618292,"1":0.739777},"Exposure":{"0":1336.3909,"1":2888.4096},"Sigma":{"0":439.504511,"1":278.007847},"SNR":{"0":5.456295,"1":3.681651}}