{"Time":{"0":33448.945,"1":38156.179},"TimePos":{"0":3494.779,"1":1239.684},"TimeNeg":{"0":-1118.42,"1":-1212.455},"Rate":{"0":0.01645688,"1":0.01004263},"RatePos":{"0":0.004465024,"1":0.002412517},"RateNeg":{"0":-0.004465024,"1":-0.002412517},"FracExp":{"0":0.283166,"1":1.0},"BGrate":{"0":0.000552984,"1":0.0003479003},"BGerr":{"0":0.0000592861,"1":0.0000266046},"CorrFact":{"0":1.505689,"1":1.357032},"CtsInSrc":{"0":15.0,"1":19.0},"BGInSrc":{"0":0.722365,"1":0.8531},"Exposure":{"0":1306.3033,"1":2452.1394},"Sigma":{"0":184.356855,"1":278.163767},"SNR":{"0":3.685733,"1":4.162718}}