{"Time":{"0":98.141,"1":124.376,"2":151.556,"3":199.129,"4":245.091,"5":293.881,"6":336.711,"7":385.434,"8":436.679,"9":493.437,"10":566.799,"11":632.505,"12":719.643,"13":831.681,"14":933.21,"15":1038.259,"16":1156.741,"17":1290.877,"18":1418.981,"19":1622.771,"20":5128.211,"21":5250.377,"22":5418.039,"23":5602.63,"24":5791.243,"25":5990.211,"26":6159.463,"27":6339.775,"28":6540.716,"29":6733.254,"30":6919.921,"31":7101.22,"32":7385.907,"33":11729.988,"34":25208.251,"35":40295.514,"36":48622.227,"37":114520.802},"TimePos":{"0":11.448,"1":12.795,"2":15.702,"3":23.289,"4":27.474,"5":23.816,"6":31.132,"7":17.511,"8":21.427,"9":32.366,"10":26.702,"11":41.23,"12":61.906,"13":35.117,"14":46.417,"15":51.689,"16":81.139,"17":77.383,"18":59.6,"19":179.246,"20":61.811,"21":85.07,"22":82.89,"23":103.9,"24":90.798,"25":87.401,"26":91.154,"27":123.963,"28":106.055,"29":81.508,"30":97.933,"31":127.248,"32":150.947,"33":148.045,"34":4424.959,"35":963.536,"36":4535.501,"37":7400.553},"TimeNeg":{"0":-8.61,"1":-14.786,"2":-14.386,"3":-31.871,"4":-22.672,"5":-21.315,"6":-19.014,"7":-17.591,"8":-33.733,"9":-35.331,"10":-40.995,"11":-39.004,"12":-45.908,"13":-50.132,"14":-66.412,"15":-58.632,"16":-66.793,"17":-52.997,"18":-50.722,"19":-144.19,"20":-56.033,"21":-60.355,"22":-82.593,"23":-101.7,"24":-84.714,"25":-108.17,"26":-81.851,"27":-89.158,"28":-76.978,"29":-86.482,"30":-105.16,"31":-83.366,"32":-157.44,"33":-177.904,"34":-2076.327,"35":-844.227,"36":-3132.456,"37":-11229.443},"Rate":{"0":3.980289,"1":3.122489,"2":2.819659,"3":1.530094,"4":1.681426,"5":1.871999,"6":1.587436,"7":2.399611,"8":1.529574,"9":1.241159,"10":1.310596,"11":1.044001,"12":0.7475904,"13":0.9414539,"14":0.7123036,"15":0.7308746,"16":0.5392151,"17":0.6201241,"18":0.7249296,"19":0.3775437,"20":0.2207205,"21":0.1665759,"22":0.1464215,"23":0.1180195,"24":0.1385139,"25":0.09310566,"26":0.1414068,"27":0.1135863,"28":0.1323458,"29":0.1452064,"30":0.08872028,"31":0.1155279,"32":0.1176033,"33":0.0681243,"34":0.02232356,"35":0.01871701,"36":0.01467101,"37":0.006014889},"RatePos":{"0":0.8978381,"1":0.686125,"2":0.618721,"3":0.3366862,"4":0.370502,"5":0.4107749,"6":0.3607197,"7":0.5258187,"8":0.3361033,"9":0.2738713,"10":0.2809025,"11":0.2306893,"12":0.168882,"13":0.2126761,"14":0.1604402,"15":0.1643829,"16":0.122709,"17":0.1394737,"18":0.1640033,"19":0.06943389,"20":0.0484089,"21":0.03772613,"22":0.03302013,"23":0.02658674,"24":0.03137064,"25":0.02427936,"26":0.03178757,"27":0.0257526,"28":0.03000582,"29":0.03274612,"30":0.02353781,"31":0.02619281,"32":0.02174724,"33":0.01712747,"34":0.005231323,"35":0.003699792,"36":0.002541788,"37":0.001626702},"RateNeg":{"0":-0.8978381,"1":-0.686125,"2":-0.618721,"3":-0.3366862,"4":-0.370502,"5":-0.4107749,"6":-0.3607197,"7":-0.5258187,"8":-0.3361033,"9":-0.2738713,"10":-0.2809025,"11":-0.2306893,"12":-0.168882,"13":-0.2126761,"14":-0.1604402,"15":-0.1643829,"16":-0.122709,"17":-0.1394737,"18":-0.1640033,"19":-0.06943389,"20":-0.0484089,"21":-0.03772613,"22":-0.03302013,"23":-0.02658674,"24":-0.03137064,"25":-0.02427936,"26":-0.03178757,"27":-0.0257526,"28":-0.03000582,"29":-0.03274612,"30":-0.02353781,"31":-0.02619281,"32":-0.02174724,"33":-0.01712747,"34":-0.005231323,"35":-0.003699792,"36":-0.002541788,"37":-0.001626702},"FracExp":{"0":1.0,"1":1.0,"2":1.0,"3":1.0,"4":1.0,"5":1.0,"6":1.0,"7":1.0,"8":1.0,"9":1.0,"10":1.0,"11":1.0,"12":1.0,"13":1.0,"14":1.0,"15":1.0,"16":1.0,"17":1.0,"18":1.0,"19":1.0,"20":1.0,"21":1.0,"22":1.0,"23":1.0,"24":1.0,"25":1.0,"26":1.0,"27":1.0,"28":1.0,"29":1.0,"30":1.0,"31":1.0,"32":1.0,"33":1.0,"34":0.18319,"35":1.0,"36":0.406441,"37":0.194743},"BGrate":{"0":0.008561289,"1":0.005188651,"2":0.00380501,"3":0.003113191,"4":0.003995262,"5":0.002536672,"6":0.006278275,"7":0.002446078,"8":0.002594328,"9":0.003382234,"10":0.001691117,"11":0.003210481,"12":0.001858263,"13":0.002350156,"14":0.00126834,"15":0.001037732,"16":0.002321705,"17":0.0008780804,"18":0.002075463,"19":0.002212265,"20":0.0008879751,"21":0.00172696,"22":0.001011754,"23":0.0007125467,"24":0.001430911,"25":0.0007490885,"26":0.0006048541,"27":0.001276599,"28":0.001486452,"29":0.0009966563,"30":0.001957937,"31":0.001291796,"32":0.001221562,"33":0.0002752414,"34":0.0003340931,"35":0.000392846,"36":0.0004374018,"37":0.0001868562},"BGerr":{"0":0.003495131,"1":0.002320435,"2":0.001902505,"3":0.001270955,"4":0.001510067,"5":0.001268336,"6":0.001892971,"7":0.001412244,"8":0.001160219,"9":0.0011958,"10":0.0008455587,"11":0.00107016,"12":0.0007023575,"13":0.0008882756,"14":0.0005672187,"15":0.000518866,"16":0.0006702185,"17":0.0004390402,"18":0.0007337869,"19":0.000442453,"20":0.0003971145,"21":0.0004985303,"22":0.0003577092,"23":0.0002693173,"24":0.0004130685,"25":0.0002831288,"26":0.000270499,"27":0.0003540648,"28":0.0004122675,"29":0.0003523712,"30":0.0004491815,"31":0.0003582798,"32":0.000287925,"33":0.0000794554,"34":0.0000454643,"35":0.0000421175,"36":0.0000335472,"37":0.000014591},"CorrFact":{"0":4.026497,"1":4.129072,"2":4.062012,"3":4.052248,"4":4.053779,"5":4.045216,"6":4.043851,"7":4.027519,"8":4.045307,"9":4.045211,"10":4.054001,"11":4.038309,"12":4.070826,"13":4.053484,"14":4.04738,"15":4.054772,"16":4.058024,"17":4.065867,"18":4.045081,"19":4.032141,"20":1.244802,"21":1.226613,"22":1.221741,"23":1.222193,"24":1.231,"25":1.225887,"26":1.229635,"27":1.227076,"28":1.22789,"29":1.229956,"30":1.233937,"31":1.233369,"32":1.224282,"33":1.395641,"34":1.429227,"35":1.287035,"36":1.320078,"37":1.52369},"CtsInSrc":{"0":20.0,"1":21.0,"2":21.0,"3":21.0,"4":21.0,"5":21.0,"6":20.0,"7":21.0,"8":21.0,"9":21.0,"10":22.0,"11":21.0,"12":20.0,"13":20.0,"14":20.0,"15":20.0,"16":20.0,"17":20.0,"18":20.0,"19":31.0,"20":21.0,"21":20.0,"22":20.0,"23":20.0,"24":20.0,"25":15.0,"26":20.0,"27":20.0,"28":20.0,"29":20.0,"30":15.0,"31":20.0,"32":30.0,"33":16.0,"34":19.0,"35":27.0,"36":36.0,"37":15.0},"BGInSrc":{"0":0.171726,"1":0.143105,"2":0.114484,"3":0.171726,"4":0.200347,"5":0.114484,"6":0.314832,"7":0.085863,"8":0.143105,"9":0.228968,"10":0.114484,"11":0.25759,"12":0.200347,"13":0.200347,"14":0.143105,"15":0.114484,"16":0.343453,"17":0.114484,"18":0.228968,"19":0.715526,"20":0.104643,"21":0.251142,"22":0.167428,"23":0.1465,"24":0.251142,"25":0.1465,"26":0.104643,"27":0.272071,"28":0.272071,"29":0.167428,"30":0.397642,"31":0.272071,"32":0.376713,"33":0.089715,"34":0.397894,"35":0.710173,"36":1.363195,"37":0.677926},"Exposure":{"0":20.058468,"1":27.58044,"2":30.08776,"3":55.16088,"4":50.14624,"5":45.13166,"6":50.1462,"7":35.10238,"8":55.16082,"9":67.6974,"10":67.69738,"11":80.23392,"12":107.81432,"13":85.24854,"14":112.82884,"15":110.32158,"16":147.93122,"17":130.38012,"18":110.32164,"19":323.436092,"20":117.844008,"21":145.42442,"22":165.48292,"23":205.59994,"24":175.512,"25":195.57044,"26":173.0046,"27":213.12146,"28":183.03362,"29":167.98978,"30":203.09218,"31":210.61418,"32":308.386352,"33":325.949,"34":1190.9675,"35":1807.7633,"36":3116.5739,"37":3628.0631},"Sigma":{"0":282.828798,"1":325.895974,"2":364.862775,"3":297.092712,"4":274.67644,"5":364.862775,"6":207.375354,"7":421.884593,"8":325.895974,"9":256.582729,"10":382.332431,"11":241.575184,"12":261.470621,"13":261.470621,"14":310.270638,"15":347.393119,"16":198.25811,"17":347.393119,"18":244.229817,"19":211.623734,"20":446.505192,"21":272.403744,"22":335.039302,"23":358.550044,"24":272.403744,"25":268.251095,"26":425.136561,"27":261.439702,"28":261.439702,"29":335.039302,"30":160.069251,"31":261.439702,"32":333.625088,"33":614.334849,"34":343.551252,"35":345.289531,"36":331.286885,"37":270.548693},"SNR":{"0":4.433192,"1":4.550904,"2":4.557238,"3":4.54457,"4":4.538237,"5":4.557238,"6":4.400746,"7":4.563572,"8":4.550904,"9":4.531904,"10":4.66566,"11":4.525571,"12":4.426702,"13":4.426702,"14":4.439682,"15":4.446172,"16":4.394258,"17":4.446172,"18":4.420213,"19":5.437456,"20":4.559503,"21":4.415399,"22":4.434309,"23":4.439037,"24":4.415399,"25":3.834765,"26":4.448494,"27":4.410671,"28":4.410671,"29":4.434309,"30":3.769267,"31":4.410671,