{"Time":{"0":200.651,"1":217.298,"2":236.269,"3":255.026,"4":284.379,"5":324.457,"6":355.342,"7":409.6,"8":471.911,"9":540.758,"10":627.166,"11":724.357,"12":838.512,"13":933.65,"14":1081.047,"15":1248.102,"16":1498.054,"17":6050.888,"18":6184.81,"19":6350.446,"20":6493.073,"21":6607.484,"22":6754.782,"23":6881.206,"24":7042.322,"25":7245.869,"26":11774.51,"27":11952.133,"28":12157.403,"29":12390.245,"30":12563.547,"31":12756.006,"32":12963.977,"33":69138.211,"34":69636.78,"35":70331.536},"TimePos":{"0":7.443,"1":8.347,"2":9.435,"3":8.229,"4":21.501,"5":16.525,"6":23.25,"7":21.645,"8":29.539,"9":33.404,"10":42.275,"11":57.913,"12":39.037,"13":46.699,"14":89.859,"15":93.302,"16":114.14,"17":91.748,"18":60.626,"19":83.039,"20":53.242,"21":81.748,"22":72.353,"23":73.803,"24":93.214,"25":117.821,"26":72.659,"27":93.114,"28":105.98,"29":61.188,"30":126.082,"31":89.076,"32":159.406,"33":174.699,"34":340.57,"35":327.792},"TimeNeg":{"0":-7.601,"1":-9.204,"2":-10.624,"3":-9.322,"4":-21.124,"5":-18.578,"6":-14.36,"7":-31.008,"8":-40.666,"9":-39.308,"10":-53.003,"11":-54.917,"12":-56.241,"13":-56.102,"14":-100.698,"15":-77.196,"16":-156.65,"17":-88.779,"18":-42.174,"19":-105.01,"20":-59.587,"21":-61.169,"22":-65.55,"23":-54.071,"24":-87.314,"25":-110.333,"26":-107.868,"27":-104.964,"28":-112.157,"29":-126.861,"30":-112.114,"31":-66.378,"32":-118.895,"33":-196.384,"34":-323.87,"35":-354.187},"Rate":{"0":3.143242,"1":2.520548,"2":2.242907,"3":2.530357,"4":1.008106,"5":1.215108,"6":1.115651,"7":0.8325458,"8":0.5975252,"9":0.5778708,"10":0.3508447,"11":0.2919452,"12":0.4395569,"13":0.448626,"14":0.2326131,"15":0.259698,"16":0.2206728,"17":0.1334627,"18":0.2378569,"19":0.1353365,"20":0.2147717,"21":0.1788316,"22":0.1758969,"23":0.1913787,"24":0.1345991,"25":0.1167077,"26":0.1426809,"27":0.098273,"28":0.1109351,"29":0.09768246,"30":0.1018482,"31":0.1579115,"32":0.1359598,"33":0.0529446,"34":0.02981438,"35":0.03037556},"RatePos":{"0":0.6708069,"1":0.5500286,"2":0.4909732,"3":0.5527435,"4":0.226905,"5":0.2720033,"6":0.2505609,"7":0.1828163,"8":0.1341964,"9":0.1296402,"10":0.07704432,"11":0.06578939,"12":0.09915344,"13":0.09622008,"14":0.05113229,"15":0.05732603,"16":0.03667038,"17":0.03024962,"18":0.05391079,"19":0.02994802,"20":0.04840382,"21":0.03927558,"22":0.03973215,"23":0.04298613,"24":0.03030086,"25":0.02529411,"26":0.03161105,"27":0.0249197,"28":0.02529091,"29":0.02541266,"30":0.023166,"31":0.03547018,"32":0.02467053,"33":0.01392246,"34":0.007813518,"35":0.007813901},"RateNeg":{"0":-0.6708069,"1":-0.5500286,"2":-0.4909732,"3":-0.5527435,"4":-0.226905,"5":-0.2720033,"6":-0.2505609,"7":-0.1828163,"8":-0.1341964,"9":-0.1296402,"10":-0.07704432,"11":-0.06578939,"12":-0.09915344,"13":-0.09622008,"14":-0.05113229,"15":-0.05732603,"16":-0.03667038,"17":-0.03024962,"18":-0.05391079,"19":-0.02994802,"20":-0.04840382,"21":-0.03927558,"22":-0.03973215,"23":-0.04298613,"24":-0.03030086,"25":-0.02529411,"26":-0.03161105,"27":-0.0249197,"28":-0.02529091,"29":-0.02541266,"30":-0.023166,"31":-0.03547018,"32":-0.02467053,"33":-0.01392246,"34":-0.007813518,"35":-0.007813901},"FracExp":{"0":1.0,"1":1.0,"2":1.0,"3":1.0,"4":1.0,"5":1.0,"6":1.0,"7":1.0,"8":1.0,"9":1.0,"10":0.999961,"11":0.999993,"12":1.0,"13":1.0,"14":1.0,"15":1.0,"16":0.999972,"17":1.0,"18":1.0,"19":1.0,"20":1.0,"21":1.0,"22":1.0,"23":1.0,"24":1.0,"25":1.0,"26":1.0,"27":1.0,"28":1.0,"29":1.0,"30":1.0,"31":1.0,"32":1.0,"33":1.0,"34":1.0,"35":1.0},"BGrate":{"0":0.001435274,"1":0.0,"2":0.003229364,"3":0.001230234,"4":0.003039401,"5":0.0006151169,"6":0.002296435,"7":0.002460466,"8":0.001230233,"9":0.0008908587,"10":0.001369077,"11":0.001355291,"12":0.001812974,"13":0.001260238,"14":0.0007931756,"15":0.001393056,"16":0.001445124,"17":0.001472499,"18":0.00258585,"19":0.001531398,"20":0.001374331,"21":0.0009299979,"22":0.001445724,"23":0.0006929391,"24":0.0007362477,"25":0.001553487,"26":0.001730904,"27":0.001126807,"28":0.001739427,"29":0.0005934513,"30":0.001405542,"31":0.0005743071,"32":0.001122795,"33":0.0007297426,"34":0.0003324781,"35":0.0006583044},"BGerr":{"0":0.001435274,"1":0.0,"2":0.001864474,"3":0.001230234,"4":0.00124083,"5":0.0006151169,"6":0.001148218,"7":0.001004481,"8":0.0006151167,"9":0.0005143375,"10":0.0005589231,"11":0.0005122517,"12":0.0006409832,"13":0.0005144898,"14":0.0002997922,"15":0.0004200223,"16":0.0003406191,"17":0.0004250737,"18":0.0007464706,"19":0.0004247333,"20":0.0005194481,"21":0.0003796701,"22":0.0004819078,"23":0.0003464695,"24":0.0003005719,"25":0.0003883719,"26":0.0004626035,"27":0.0003563276,"28":0.0004218731,"29":0.0002653995,"30":0.0003629094,"31":0.0002871535,"32":0.0003000797,"33":0.0001183799,"34":0.0000597148,"35":0.0000829386},"CorrFact":{"0":2.151504,"1":2.106607,"2":2.148985,"3":2.116981,"4":2.162506,"5":2.13497,"6":2.107071,"7":2.100418,"8":2.106559,"9":2.107742,"10":1.60169,"11":1.659679,"12":2.112254,"13":2.10873,"14":2.126063,"15":2.132597,"16":1.632245,"17":1.220909,"18":1.239055,"19":1.22875,"20":1.221096,"21":1.224807,"22":1.225045,"23":1.229059,"24":1.223069,"25":1.230151,"26":1.245084,"27":1.233821,"28":1.233351,"29":1.233786,"30":1.233641,"31":1.232903,"32":1.232999,"33":1.333869,"34":1.340398,"35":1.332095},"CtsInSrc":{"0":22.0,"1":21.0,"2":21.0,"3":21.0,"4":20.0,"5":20.0,"6":20.0,"7":21.0,"8":20.0,"9":20.0,"10":21.0,"11":20.0,"12":20.0,"13":22.0,"14":21.0,"15":21.0,"16":37.0,"17":20.0,"18":20.0,"19":21.0,"20":20.0,"21":21.0,"22":20.0,"23":20.0,"24":20.0,"25":22.0,"26":21.0,"27":16.0,"28":20.0,"29":15.0,"30":20.0,"31":20.0,"32":31.0,"33":15.0,"34":15.0,"35":16.0},"BGInSrc":{"0":0.021592,"1":0.0,"2":0.064776,"3":0.021592,"4":0.129553,"5":0.021592,"6":0.086369,"7":0.129553,"8":0.086369,"9":0.064776,"10":0.130438,"11":0.152916,"12":0.172737,"13":0.129553,"14":0.151145,"15":0.237513,"16":0.391314,"17":0.265826,"18":0.265826,"19":0.287978,"20":0.155065,"21":0.132913,"22":0.199369,"23":0.088609,"24":0.132913,"25":0.354434,"26":0.312474,"27":0.223196,"28":0.379433,"29":0.111598,"30":0.334794,"31":0.089278,"32":0.312474,"33":0.270795,"34":0.220912,"35":0.448949},"Exposure":{"0":15.043908,"1":17.55124,"2":20.05856,"3":17.55124,"4":42.62444,"5":35.10248,"6":37.60982,"7":52.65376,"8":70.20498,"9":72.7123,"10":95.274552,"11":112.82868,"12":95.27826,"13":102.80028,"14":190.55668,"15":170.49808,"16":270.78254,"17":180.526988,"18":102.80014,"19":188.04906,"20":112.82948,"21":142.91738,"22":137.90278,"23":127.87354,"24":180.52738,"25":228.153952,"26":180.52674,"27":198.0783,"28":218.13688,"29":188.04914,"30":238.19568,"31":155.45412,"32":278.30044,"33":371.08268,"34":664.43952,"35":681.9783},"Sigma":{"0":1017.8898,"1":1000.0,"2":559.785327,"3":971.576627,"4":375.695982,"5":925.263455,"6":461.131727,"7":394.603256,"8":461.131727,"9":533.046404,"10":391.908175,"11":343.394853,"12":324.655158,"13":413.510529,"14":364.953661,"15":289.926262,"16":396.912247,"17":257.165422,"18":257.165422,"19":259.319432,"20":338.598397,"21":384.565607,"22":297.949051,"23":449.423576,"24":366.136317,"25":244.282967,"26":247.71831,"27":223.528348,"28":213.206611,"29":298.316079,"30":227.492168,"31":446.036688,"32":367.461152,"33":335.297823,"34":372.486057,"35":274.936679},"SNR":{"0":4.685763,"1":4.582576,"2":4.568288,"3":4.577813,"4":4.442856,"5":4.467256,"6":4.452616,"7":4.554002,"8":4.452616,"9":4.457496,"10":4.553804,"11":4.437572,"12":4.433097,"13":4.662499,"14":4.54924,"15":4.530193,"16":6.017739,"17":4.412046,"18":4.412046,"19":4.519047,"20":4.437081,"21":4.553253,"22":4.427067,"23":4.452104,"24":4.442089,"25":4.614027,"26":4.513639,"27":3.943587,"28":4.386364,"29":3.84385,"30":4.396453,"31":4.451951,"32":5.511022,"33":3.80282,"34":3.815744,"35":3.887374}}