{"Time":{"0":11980.335,"1":17676.55,"2":18005.134,"3":23427.223,"4":23724.856,"5":29075.485,"6":29293.606,"7":29586.391,"8":29984.98,"9":30332.268,"10":34920.918,"11":35353.067,"12":35725.705,"13":36291.033,"14":49120.786,"15":52340.661,"16":52842.038,"17":59531.541,"18":64536.86,"19":66536.371,"20":216022.486},"TimePos":{"0":160.579,"1":97.494,"2":197.657,"3":119.389,"4":117.615,"5":100.453,"6":138.079,"7":188.796,"8":133.709,"9":170.031,"10":210.826,"11":142.238,"12":208.38,"13":204.68,"14":2776.022,"15":167.933,"16":341.015,"17":610.454,"18":486.464,"19":2944.909,"20":124680.652},"TimeNeg":{"0":-197.965,"1":-133.179,"2":-231.09,"3":-123.821,"4":-178.245,"5":-122.698,"6":-117.667,"7":-154.706,"8":-209.793,"9":-213.579,"10":-157.749,"11":-221.322,"12":-230.4,"13":-356.949,"14":-905.233,"15":-443.853,"16":-333.444,"17":-633.167,"18":-488.882,"19":-1513.047,"20":-76457.518},"Rate":{"0":0.09762294,"1":0.08428446,"2":0.103579,"3":0.07993368,"4":0.08752512,"5":0.08498401,"6":0.07280807,"7":0.05495981,"8":0.05528808,"9":0.08219348,"10":0.05384227,"11":0.0544434,"12":0.04484724,"13":0.05426328,"14":0.04506638,"15":0.0317212,"16":0.0398627,"17":0.02414334,"18":0.02570985,"19":0.02884751,"20":0.003467778},"RatePos":{"0":0.02235304,"1":0.02200312,"2":0.01796885,"3":0.02095189,"4":0.01983803,"5":0.02215946,"6":0.01928932,"7":0.01445918,"8":0.01466239,"9":0.01677326,"10":0.01406884,"11":0.01423404,"12":0.01179258,"13":0.01145814,"14":0.01179897,"15":0.00836259,"16":0.008875171,"17":0.005230381,"18":0.006821839,"19":0.00623234,"20":0.0008857473},"RateNeg":{"0":-0.02235304,"1":-0.02200312,"2":-0.01796885,"3":-0.02095189,"4":-0.01983803,"5":-0.02215946,"6":-0.01928932,"7":-0.01445918,"8":-0.01466239,"9":-0.01677326,"10":-0.01406884,"11":-0.01423404,"12":-0.01179258,"13":-0.01145814,"14":-0.01179897,"15":-0.00836259,"16":-0.008875171,"17":-0.005230381,"18":-0.006821839,"19":-0.00623234,"20":-0.0008857473},"FracExp":{"0":1.0,"1":1.0,"2":1.0,"3":1.0,"4":1.0,"5":1.0,"6":1.0,"7":1.0,"8":1.0,"9":1.0,"10":1.0,"11":1.0,"12":1.0,"13":1.0,"14":0.116468,"15":1.0,"16":1.0,"17":1.0,"18":1.0,"19":0.267717,"20":0.0408},"BGrate":{"0":0.00129936,"1":0.000706955,"2":0.0008990189,"3":0.0009149804,"4":0.0009025844,"5":0.0006525903,"6":0.001480484,"7":0.0008054964,"8":0.001144653,"9":0.001290709,"10":0.0004805702,"11":0.0005103987,"12":0.0006151301,"13":0.0005106143,"14":0.0004810156,"15":0.0005028641,"16":0.0006164,"17":0.0006907395,"18":0.0004124337,"19":0.0006691503,"20":0.0002353334},"BGerr":{"0":0.0002136135,"1":0.000213155,"2":0.0001763121,"3":0.0002362469,"4":0.0002127412,"5":0.0002063672,"6":0.0002903468,"7":0.0001847935,"8":0.0002202887,"9":0.0002213548,"10":0.000104869,"11":0.0001088174,"12":0.0001087407,"13":0.0000875696,"14":0.0000962031,"15":0.0000826704,"16":0.0000871721,"17":0.0000687312,"18":0.0000551138,"19":0.0000662557,"20":0.000010431},"CorrFact":{"0":1.791845,"1":1.310391,"2":1.321129,"3":1.31556,"4":1.31228,"5":1.276679,"6":1.273504,"7":1.28224,"8":1.300186,"9":1.286693,"10":1.338804,"11":1.336093,"12":1.335909,"13":1.341766,"14":1.3061,"15":1.320862,"16":1.306132,"17":1.35609,"18":1.717801,"19":1.55074,"20":1.667253},"CtsInSrc":{"0":20.0,"1":15.0,"2":34.0,"3":15.0,"4":20.0,"5":15.0,"6":15.0,"7":15.0,"8":15.0,"9":25.0,"10":15.0,"11":15.0,"12":15.0,"13":23.0,"14":15.0,"15":15.0,"16":21.0,"17":23.0,"18":15.0,"19":23.0,"20":19.0},"BGInSrc":{"0":0.465878,"1":0.163076,"2":0.385451,"3":0.222532,"4":0.267038,"5":0.145626,"6":0.378628,"7":0.27669,"8":0.393191,"9":0.495129,"10":0.177126,"11":0.185561,"12":0.269907,"13":0.286776,"14":0.206235,"15":0.307645,"16":0.415737,"17":0.859018,"18":0.402266,"19":0.79861,"20":1.931238},"Exposure":{"0":358.5439,"1":230.67322,"2":428.74668,"3":243.20966,"4":295.85984,"5":223.151008,"6":255.74614,"7":343.50218,"8":343.50198,"9":383.610092,"10":368.57514,"11":363.56052,"12":438.7797,"13":561.62894,"14":428.74838,"15":611.78574,"16":674.45908,"17":1243.6208,"18":975.34608,"19":1193.46842,"20":8206.3929},"Sigma":{"0":255.048531,"1":301.75278,"2":444.676674,"3":257.18939,"4":313.512361,"5":322.563226,"6":196.907362,"7":231.947218,"8":193.034076,"9":288.584809,"10":383.494562,"11":374.464215,"12":308.721558,"13":461.823232,"14":358.663423,"15":290.497424,"16":350.108025,"17":259.033122,"18":271.56049,"19":280.766749,"20":199.399975},"SNR":{"0":4.367322,"1":3.830569,"2":5.764363,"3":3.815106,"4":4.411987,"5":3.835112,"6":3.774528,"7":3.801032,"8":3.770742,"9":4.900268,"10":3.827059,"11":3.824872,"12":3.803005,"13":4.735786,"14":3.819517,"15":3.793226,"16":4.491485,"17":4.615981,"18":3.768756,"19":4.628681,"20":3.915088}}