{"Time":{"0":174.331,"1":435.311,"2":472.78,"3":582.204,"4":644.896,"5":749.834,"6":842.358,"7":914.265,"8":1005.326,"9":1120.79,"10":1349.591,"11":1672.495,"12":5291.161,"13":5628.996,"14":6058.363,"15":6397.486,"16":6800.576,"17":7340.184,"18":11243.403,"19":11793.118,"20":12268.601,"21":12845.268,"22":17046.145,"23":17836.119,"24":18587.229,"25":23316.341,"26":24305.835,"27":29592.839,"28":35052.471,"29":40833.883,"30":52508.263},"TimePos":{"0":51.484,"1":14.438,"2":17.085,"3":29.674,"4":29.665,"5":52.6,"6":35.296,"7":41.116,"8":40.319,"9":127.948,"10":79.674,"11":220.615,"12":129.963,"13":220.879,"14":142.537,"15":129.365,"16":172.578,"17":347.539,"18":254.027,"19":185.718,"20":259.338,"21":610.365,"22":318.445,"23":285.681,"24":653.768,"25":352.001,"26":713.944,"27":1225.62,"28":1541.239,"29":1379.767,"30":1436.83},"TimeNeg":{"0":-23.735,"1":-20.665,"2":-23.031,"3":-20.472,"4":-33.018,"5":-75.273,"6":-39.924,"7":-36.611,"8":-49.945,"9":-75.145,"10":-100.853,"11":-243.229,"12":-160.885,"13":-207.872,"14":-208.487,"15":-196.586,"16":-273.725,"17":-367.03,"18":-322.655,"19":-295.687,"20":-289.765,"21":-317.329,"22":-330.95,"23":-471.529,"24":-465.429,"25":-588.243,"26":-637.493,"27":-878.005,"28":-993.642,"29":-1004.68,"30":-1113.11},"Rate":{"0":1.619128,"1":2.027078,"2":2.394644,"3":1.362283,"4":1.214538,"5":0.3742926,"6":0.3816998,"7":0.3670451,"8":0.3115947,"9":0.1389069,"10":0.1495607,"11":0.0652326,"12":0.06750183,"13":0.04478832,"14":0.05498855,"15":0.05945574,"16":0.04302287,"17":0.04132712,"18":0.0337544,"19":0.04076917,"20":0.03527082,"21":0.03197459,"22":0.02980982,"23":0.02557412,"24":0.02911246,"25":0.02018942,"26":0.01618947,"27":0.01480441,"28":0.01159018,"29":0.01292868,"30":0.007763006},"RatePos":{"0":0.3676686,"1":0.4446572,"2":0.4543173,"3":0.3056171,"4":0.2604922,"5":0.08425561,"6":0.08584269,"7":0.08235702,"8":0.07023829,"9":0.03149373,"10":0.03438867,"11":0.01424044,"12":0.01767922,"13":0.01185983,"14":0.01448511,"15":0.01569813,"16":0.01139234,"17":0.008835957,"18":0.00901947,"19":0.0108309,"20":0.009391904,"21":0.006863373,"22":0.007990947,"23":0.006883398,"24":0.006172737,"25":0.005484126,"26":0.004176348,"27":0.003141029,"28":0.002555792,"29":0.002777171,"30":0.002119835},"RateNeg":{"0":-0.3676686,"1":-0.4446572,"2":-0.4543173,"3":-0.3056171,"4":-0.2604922,"5":-0.08425561,"6":-0.08584269,"7":-0.08235702,"8":-0.07023829,"9":-0.03149373,"10":-0.03438867,"11":-0.01424044,"12":-0.01767922,"13":-0.01185983,"14":-0.01448511,"15":-0.01569813,"16":-0.01139234,"17":-0.008835957,"18":-0.00901947,"19":-0.0108309,"20":-0.009391904,"21":-0.006863373,"22":-0.007990947,"23":-0.006883398,"24":-0.006172737,"25":-0.005484126,"26":-0.004176348,"27":-0.003141029,"28":-0.002555792,"29":-0.002777171,"30":-0.002119835},"FracExp":{"0":0.999993,"1":0.999999,"2":1.0,"3":1.0,"4":1.0,"5":0.999987,"6":1.0,"7":1.0,"8":1.0,"9":1.0,"10":1.0,"11":1.0,"12":0.991372,"13":1.0,"14":1.0,"15":1.0,"16":1.0,"17":1.0,"18":0.995648,"19":0.999995,"20":1.0,"21":1.0,"22":1.0,"23":0.999992,"24":0.949871,"25":1.0,"26":0.979586,"27":1.0,"28":0.992087,"29":0.988431,"30":0.998027},"BGrate":{"0":0.004024683,"1":0.003078276,"2":0.002693526,"3":0.001292875,"4":0.002068597,"5":0.001030618,"6":0.001507016,"7":0.0008750418,"8":0.001758186,"9":0.00133957,"10":0.003014031,"11":0.002199479,"12":0.0007335194,"13":0.0008682063,"14":0.0008435412,"15":0.001012249,"16":0.0008340624,"17":0.0007932435,"18":0.0008773214,"19":0.0008719911,"20":0.0008256397,"21":0.0007058949,"22":0.0008466775,"23":0.0008031436,"24":0.000838486,"25":0.0007859333,"26":0.0007651689,"27":0.0006789378,"28":0.0007065886,"29":0.0007283253,"30":0.0007442502},"BGerr":{"0":0.001039169,"1":0.001376647,"2":0.001204582,"3":0.0007464417,"4":0.0008445013,"5":0.0004207481,"6":0.0006739583,"7":0.0005052056,"8":0.0006645318,"9":0.0003867006,"10":0.0006152366,"11":0.0003278789,"12":0.0001467039,"13":0.000130887,"14":0.0001425845,"15":0.0001620896,"16":0.0001257396,"17":0.0000969101,"18":0.0001132617,"19":0.0001233182,"20":0.0001123553,"21":0.0000799269,"22":0.0001042188,"23":0.0000940008,"24":0.0000810595,"25":0.0000833088,"26":0.0000692751,"27":0.0000517685,"28":0.0000483014,"29":0.000050993,"30":0.0000486532},"CorrFact":{"0":6.18305,"1":3.405876,"2":3.44418,"3":3.426787,"4":3.481016,"5":2.408945,"6":1.44375,"7":1.431333,"8":1.417531,"9":1.430005,"10":1.387744,"11":1.376618,"12":1.316121,"13":1.312782,"14":1.312736,"15":1.321037,"16":1.312658,"17":1.316402,"18":1.336956,"19":1.346096,"20":1.331394,"21":1.327476,"22":1.339662,"23":1.34554,"24":1.339294,"25":1.331108,"26":1.340612,"27":1.321196,"28":1.311577,"29":1.308704,"30":1.307839},"CtsInSrc":{"0":20.0,"1":21.0,"2":28.0,"3":20.0,"4":22.0,"5":20.0,"6":20.0,"7":20.0,"8":20.0,"9":20.0,"10":20.0,"11":23.0,"12":15.0,"13":15.0,"14":15.0,"15":15.0,"16":15.0,"17":23.0,"18":15.0,"19":15.0,"20":15.0,"21":23.0,"22":15.0,"23":15.0,"24":24.0,"25":15.0,"26":17.0,"27":25.0,"28":24.0,"29":25.0,"30":17.0},"BGInSrc":{"0":0.302733,"1":0.108055,"2":0.108055,"3":0.064833,"4":0.129666,"5":0.131787,"6":0.113357,"7":0.068014,"8":0.1587,"9":0.272058,"10":0.544115,"11":1.020216,"12":0.211503,"13":0.372245,"14":0.296104,"15":0.329944,"16":0.372245,"17":0.566827,"18":0.503734,"19":0.419779,"20":0.453361,"21":0.654855,"22":0.549828,"23":0.608143,"24":0.891388,"25":0.738968,"26":1.012968,"27":1.42823,"28":1.776944,"29":1.716562,"30":1.894049},"Exposure":{"0":75.219,"1":35.10244,"2":40.11656,"3":50.146388,"4":62.68306,"5":127.871732,"6":75.21968,"7":77.727,"8":90.26362,"9":203.09316,"10":180.52732,"11":463.84434,"12":288.3395,"13":428.75132,"14":351.02454,"15":325.9515,"16":446.30308,"17":714.56876,"18":574.17324,"19":481.40254,"20":549.10276,"21":927.69446,"22":649.39488,"23":757.20348,"24":1063.09214,"25":940.24316,"26":1323.84874,"27":2103.6247,"28":2514.8219,"29":2356.862,"30":2544.9095},"Sigma":{"0":251.995262,"1":432.33358,"2":577.190129,"3":532.57938,"4":413.14727,"5":369.285372,"6":392.280749,"7":507.58697,"8":330.781815,"9":251.195409,"10":175.172487,"11":144.523242,"12":349.605541,"13":260.660734,"14":293.780302,"15":277.666655,"16":260.660734,"17":323.949688,"18":222.910278,"19":245.600188,"20":235.78456,"21":301.359899,"22":213.509946,"23":202.195956,"24":268.163112,"25":182.062329,"26":174.321955,"27":216.450301,"28":182.95185,"29":193.732557,"30":122.001368},"SNR":{"0":4.40377,"1":4.558743,"2":5.270862,"3":4.457483,"4":4.662474,"5":4.442346,"6":4.446503,"7":4.456756,"8":4.43625,"9":4.410622,"10":4.349127,"11":4.580799,"12":3.818146,"13":3.776474,"14":3.796213,"15":3.78744,"16":3.776474,"17":4.677152,"18":3.742392,"19":3.764155,"20":3.75545,"21":4.658728,"22":3.730449,"23":3.715334,"24":4.716296,"25":3.68143,"26":3.876466,"27":4.713236,"28":4.534868,"29":4.655343,"30":3.66208}}