{"Time":{"0":43653.396,"1":43969.474,"2":44197.19,"3":44400.917,"4":44659.662,"5":44996.03,"6":48839.728,"7":49417.105,"8":49800.774,"9":50367.391,"10":419892.622},"TimePos":{"0":136.887,"1":111.658,"2":89.542,"3":108.968,"4":138.564,"5":308.66,"6":364.674,"7":178.439,"8":168.362,"9":331.356,"10":80255.421},"TimeNeg":{"0":-136.411,"1":-179.191,"2":-116.058,"3":-114.184,"4":-149.778,"5":-197.804,"6":-342.391,"7":-212.703,"8":-205.229,"9":-398.255,"10":-75882.673},"Rate":{"0":0.06609974,"1":0.06703042,"2":0.08849168,"3":0.08205864,"4":0.06335869,"5":0.04783359,"6":0.02681719,"7":0.04909098,"8":0.05186671,"9":0.04720685,"10":0.002590868},"RatePos":{"0":0.01737538,"1":0.01696152,"2":0.02314525,"3":0.02146267,"4":0.0165386,"5":0.01087287,"6":0.007082634,"7":0.01280547,"8":0.01352953,"9":0.0091888,"10":0.000722412},"RateNeg":{"0":-0.01737538,"1":-0.01696152,"2":-0.02314525,"3":-0.02146267,"4":-0.0165386,"5":-0.01087287,"6":-0.007082634,"7":-0.01280547,"8":-0.01352953,"9":-0.0091888,"10":-0.000722412},"FracExp":{"0":1.0,"1":1.0,"2":1.0,"3":1.0,"4":1.0,"5":1.0,"6":1.0,"7":1.0,"8":1.0,"9":1.0,"10":0.050214},"BGrate":{"0":0.0009674938,"1":0.0006565791,"2":0.0009288187,"3":0.0008557658,"4":0.000560398,"5":0.0006380968,"6":0.0004728938,"7":0.0003885662,"8":0.0004068206,"9":0.0004166185,"10":0.0001413798},"BGerr":{"0":0.0002280405,"1":0.0001821023,"2":0.0002576079,"3":0.0002373467,"4":0.0001689664,"5":0.0001360427,"6":0.0000712914,"7":0.000086886,"8":0.0000909679,"9":0.0000658732,"10":0.0000070602},"CorrFact":{"0":1.225938,"1":1.233204,"2":1.22857,"3":1.236511,"4":1.231195,"5":1.231192,"6":1.292919,"7":1.293208,"8":1.30502,"9":1.290178,"10":1.462275},"CtsInSrc":{"0":15.0,"1":16.0,"2":15.0,"3":15.0,"4":15.0,"5":20.0,"6":15.0,"7":15.0,"8":15.0,"9":27.0,"10":15.0},"BGInSrc":{"0":0.264414,"1":0.190966,"2":0.190966,"3":0.190966,"4":0.161586,"5":0.323173,"6":0.334366,"7":0.151985,"8":0.151985,"9":0.303969,"10":1.108464},"Exposure":{"0":273.29784,"1":290.84942,"2":205.60056,"3":223.15174,"4":288.34204,"5":506.4633,"6":707.064428,"7":391.14248,"8":373.5915,"9":729.610992,"10":7840.3271},"Sigma":{"0":236.439095,"1":298.484509,"2":279.60388,"3":279.60388,"4":304.564486,"5":285.58268,"6":290.940724,"7":436.901395,"8":436.901395,"9":555.452235,"10":250.957876},"SNR":{"0":3.804219,"1":3.951912,"2":3.823319,"3":3.823319,"4":3.830959,"5":4.39935,"6":3.78633,"7":3.833593,"8":3.833593,"9":5.137434,"10":3.586413}}