{"Time":{"0":198.344,"1":459.986,"2":4983.459,"3":5218.27,"4":26918.279,"5":96001.159,"6":278246.868,"7":495363.864,"8":734185.2169999999},"TimePos":{"0":9.185,"1":51.119,"2":141.243,"3":142.116,"4":308.682,"5":34179.171,"6":31795.642,"7":78378.877,"8":11696.203},"TimeNeg":{"0":-18.395,"1":-39.144,"2":-124.533,"3":-93.568,"4":-230.387,"5":-34356.261,"6":-90558.405,"7":-113056.026,"8":-93268.345},"Rate":{"0":5.288098,"1":1.395303,"2":0.06844272,"3":0.07718505,"4":0.03645296,"5":0.006140367,"6":0.002404729,"7":0.001459565,"8":0.001838183},"RatePos":{"0":1.148085,"1":0.283054,"2":0.01812499,"3":0.02032433,"4":0.009616407,"5":0.001268652,"6":0.0006670581,"7":0.0004605506,"8":0.0009133681},"RateNeg":{"0":-1.148085,"1":-0.283054,"2":-0.01812499,"3":-0.02032433,"4":-0.009616407,"5":-0.001268652,"6":-0.0006670581,"7":-0.0004605506,"8":-0.000707318},"FracExp":{"0":1.0,"1":1.0,"2":1.0,"3":1.0,"4":1.0,"5":0.08568,"6":0.074776,"7":0.066771,"8":0.047249},"BGrate":{"0":0.0141718,"1":0.003856654,"2":0.001401626,"3":0.001229344,"4":0.0005887279,"5":0.0004986977,"6":0.0002331737,"7":0.0002130342,"8":0.0001810205},"BGerr":{"0":0.003659142,"1":0.001069643,"2":0.0002697431,"3":0.0002682648,"4":0.0000955043,"5":0.0000212839,"6":0.0000089949,"7":0.0000064645,"8":0.0000099498},"CorrFact":{"0":6.749336,"1":5.108898,"2":1.243579,"3":1.236639,"4":1.338362,"5":1.382993,"6":1.479902,"7":1.519634,"8":1.493995},"CtsInSrc":{"0":22.0,"1":25.0,"2":15.0,"3":15.0,"4":15.0,"5":29.0,"6":17.0,"7":15.0,"8":7.0},"BGInSrc":{"0":0.390862,"1":0.348112,"2":0.372519,"3":0.289737,"4":0.317365,"5":2.928401,"6":2.133338,"7":2.723049,"8":0.89776},"Exposure":{"0":27.5803,"1":90.2628,"2":265.776,"3":235.684,"4":539.0695,"5":5872.0966,"6":9149.1377,"7":12782.2154,"8":4959.4394},"Sigma":{"0":214.120938,"1":255.330319,"2":204.034455,"3":232.662633,"4":285.19138,"5":208.604315,"6":180.650209,"7":148.576453,"8":4.043411},"SNR":{"0":4.606018,"1":4.929459,"2":3.776153,"3":3.797668,"4":3.790705,"5":4.840071,"6":3.604977,"7":3.169174,"8":2.598807}}