{"Time":{"0":178.914,"1":197.05,"2":215.774,"3":241.5,"4":261.494,"5":296.618,"6":366.481,"7":465.358,"8":603.84,"9":838.74,"10":1233.244,"11":5747.163},"TimePos":{"0":8.488,"1":7.904,"2":11.745,"3":6.078,"4":11.157,"5":36.209,"6":36.551,"7":55.518,"8":125.142,"9":113.393,"10":232.883,"11":1495.623},"TimeNeg":{"0":-6.556,"1":-9.648,"2":-10.821,"3":-13.98,"4":-13.916,"5":-23.967,"6":-33.654,"7":-62.326,"8":-82.964,"9":-109.758,"10":-281.112,"11":-969.055},"Rate":{"0":3.166941,"1":2.530355,"2":1.979654,"3":2.276863,"4":1.880633,"5":0.6984527,"6":0.6048875,"7":0.3284198,"8":0.115292,"9":0.1086611,"10":0.06084311,"11":0.01073126},"RatePos":{"0":0.6751941,"1":0.5521687,"2":0.4328504,"3":0.498328,"4":0.4024693,"5":0.156829,"6":0.1356789,"7":0.07405267,"8":0.02614026,"9":0.02437488,"10":0.01210003,"11":0.002725204},"RateNeg":{"0":-0.6751941,"1":-0.5521687,"2":-0.4328504,"3":-0.498328,"4":-0.4024693,"5":-0.156829,"6":-0.1356789,"7":-0.07405267,"8":-0.02614026,"9":-0.02437488,"10":-0.01210003,"11":-0.002725204},"FracExp":{"0":1.0,"1":1.0,"2":1.0,"3":1.0,"4":1.0,"5":1.0,"6":1.0,"7":0.999985,"8":1.0,"9":1.0,"10":1.0,"11":0.999999},"BGrate":{"0":0.0,"1":0.0,"2":0.001818717,"3":0.003069097,"4":0.003273695,"5":0.001364039,"6":0.0008768829,"7":0.001396999,"8":0.001310692,"9":0.0002820765,"10":0.0006939593,"11":0.0003093357},"BGerr":{"0":0.0,"1":0.0,"2":0.001286027,"3":0.001771944,"4":0.001636847,"5":0.0006820195,"6":0.0005062686,"7":0.0004939136,"8":0.0003635205,"9":0.000162857,"10":0.0001683099,"11":0.0000241551},"CorrFact":{"0":2.165596,"1":2.114796,"2":2.131432,"3":2.181173,"4":2.151362,"5":2.110149,"6":2.129855,"7":1.951142,"8":1.21624,"9":1.216217,"10":1.21954,"11":1.62888},"CtsInSrc":{"0":22.0,"1":21.0,"2":21.0,"3":21.0,"4":22.0,"5":20.0,"6":20.0,"7":20.0,"8":20.0,"9":20.0,"10":26.0,"11":17.0},"BGInSrc":{"0":0.0,"1":0.0,"2":0.041041,"3":0.061561,"4":0.082082,"5":0.082082,"6":0.061561,"7":0.164625,"8":0.272764,"9":0.062946,"10":0.356691,"11":0.762412},"Exposure":{"0":15.043888,"1":17.55118,"2":22.56586,"3":20.05846,"4":25.07314,"5":60.17556,"6":70.20476,"7":117.841932,"8":208.10686,"9":223.15056,"10":513.9946,"11":2464.6759},"Sigma":{"0":1000.0,"1":1000.0,"2":722.217164,"3":589.110495,"4":534.05059,"5":485.318718,"6":560.975136,"7":340.792174,"8":260.765965,"9":548.601146,"10":296.418934,"11":272.742943},"SNR":{"0":4.690416,"1":4.582576,"2":4.573528,"3":4.569004,"4":4.672737,"5":4.453594,"6":4.45823,"7":4.434949,"8":4.410513,"9":4.457914,"10":5.028343,"11":3.937783}}