{"Time":{"0":43853.974,"1":53680.223,"2":54394.716,"3":140935.151,"4":146644.064},"TimePos":{"0":4000.91,"1":122.828,"2":361.107,"3":447.78,"4":385.356},"TimeNeg":{"0":-676.014,"1":-157.991,"2":-591.665,"3":-447.326,"4":-575.08},"Rate":{"0":0.06182235,"1":0.08586243,"2":0.04356483,"3":0.02131513,"4":0.0187511},"RatePos":{"0":0.01125032,"1":0.02240972,"2":0.008792645,"3":0.005777041,"4":0.006604039},"RateNeg":{"0":-0.01125032,"1":-0.02240972,"2":-0.008792645,"3":-0.005777041,"4":-0.005394521},"FracExp":{"0":0.176377,"1":1.0,"2":1.0,"3":1.0,"4":0.754459},"BGrate":{"0":0.0004879933,"1":0.0005700012,"2":0.000769269,"3":0.0007903237,"4":0.0007180252},"BGerr":{"0":0.0000704358,"1":0.0001307673,"2":0.0000824743,"3":0.0000842488,"4":0.0000904627},"CorrFact":{"0":1.666719,"1":1.62479,"2":1.642747,"3":1.33491,"4":1.296492},"CtsInSrc":{"0":31.0,"1":15.0,"2":26.0,"3":15.0,"4":11.0},"BGInSrc":{"0":0.402547,"1":0.160067,"2":0.732939,"3":0.707424,"4":0.520288},"Exposure":{"0":824.9017,"1":280.81876,"2":952.77284,"3":895.1061,"4":724.6097},"Sigma":{"0":526.610878,"1":404.116716,"2":321.548721,"3":189.527541,"4":159.873253},"SNR":{"0":5.495166,"1":3.831482,"2":4.95469,"3":3.689628,"4":3.475954}}