{"Time":{"0":208.19,"1":233.098,"2":272.432,"3":325.525,"4":424.875,"5":499.164,"6":539.582,"7":569.581,"8":613.981,"9":657.257,"10":695.54,"11":752.111,"12":828.72,"13":904.131,"14":963.066,"15":1038.76,"16":1162.948,"17":1299.849,"18":1448.836,"19":1635.425,"20":5166.144,"21":5500.704,"22":5772.592,"23":6012.117,"24":6291.679,"25":6592.433,"26":7179.176,"27":10982.59,"28":11332.788,"29":11596.185,"30":12042.566,"31":12667.537,"32":17074.275,"33":17721.635,"34":18651.345,"35":24178.416,"36":29666.644,"37":35302.867,"38":44086.45,"39":104126.955,"40":240457.597},"TimePos":{"0":12.775,"1":15.448,"2":21.246,"3":28.329,"4":46.823,"5":22.681,"6":12.35,"7":24.975,"8":18.186,"9":15.026,"10":26.891,"11":33.003,"12":24.091,"13":28.915,"14":32.663,"15":44.725,"16":68.469,"17":76.992,"18":58.386,"19":152.602,"20":133.414,"21":119.791,"22":113.68,"23":137.424,"24":118.623,"25":146.329,"26":351.876,"27":165.131,"28":108.289,"29":288.689,"30":230.942,"31":606.369,"32":363.625,"33":295.456,"34":366.147,"35":4599.204,"36":835.999,"37":943.034,"38":7374.079,"39":11939.971,"40":294036.851},"TimeNeg":{"0":-9.791,"1":-12.133,"2":-23.886,"3":-31.847,"4":-71.021,"5":-27.466,"6":-17.738,"7":-17.649,"8":-19.424,"9":-25.091,"10":-23.256,"11":-29.68,"12":-43.607,"13":-51.32,"14":-30.02,"15":-43.031,"16":-79.463,"17":-68.432,"18":-71.995,"19":-128.203,"20":-84.724,"21":-201.147,"22":-152.097,"23":-125.845,"24":-142.138,"25":-182.13,"26":-440.415,"27":-281.173,"28":-185.068,"29":-155.107,"30":-157.692,"31":-394.029,"32":-353.469,"33":-283.735,"34":-634.254,"35":-1378.195,"36":-889.023,"37":-546.302,"38":-3338.037,"39":-7269.524,"40":-107678.551},"Rate":{"0":2.189682,"1":1.788031,"2":1.031762,"3":0.7288384,"4":0.4156956,"5":0.9340265,"6":1.470272,"7":1.056084,"8":1.256086,"9":1.120986,"10":0.8879656,"11":0.709201,"12":0.6348393,"13":0.5469619,"14":0.7115112,"15":0.5293925,"16":0.3006463,"17":0.31514,"18":0.3359152,"19":0.2620734,"20":0.09481232,"21":0.06373232,"22":0.07639999,"23":0.0778128,"24":0.1061257,"25":0.06191854,"26":0.04929444,"27":0.04861796,"28":0.07403187,"29":0.04864651,"30":0.05624311,"31":0.0304122,"32":0.02807684,"33":0.03539388,"34":0.03099159,"35":0.02877719,"36":0.01237398,"37":0.01743847,"38":0.01991446,"39":0.00665835,"40":0.00113246},"RatePos":{"0":0.4668418,"1":0.3828553,"2":0.225149,"3":0.1635921,"4":0.08900923,"5":0.2049287,"6":0.3293859,"7":0.2365951,"8":0.2743475,"9":0.2516118,"10":0.1989314,"11":0.1593356,"12":0.1423583,"13":0.1224202,"14":0.1595514,"15":0.1159406,"16":0.06799819,"17":0.06895552,"18":0.07546978,"19":0.04537432,"20":0.02459195,"21":0.01668256,"22":0.02003528,"23":0.02040578,"24":0.02390933,"25":0.01629768,"26":0.009302104,"27":0.01273731,"28":0.01935627,"29":0.01270621,"30":0.01469782,"31":0.006725119,"32":0.007383182,"33":0.009222212,"34":0.006556892,"35":0.007507566,"36":0.003225148,"37":0.004103925,"38":0.003531745,"39":0.001095561,"40":0.0004679796},"RateNeg":{"0":-0.4668418,"1":-0.3828553,"2":-0.225149,"3":-0.1635921,"4":-0.08900923,"5":-0.2049287,"6":-0.3293859,"7":-0.2365951,"8":-0.2743475,"9":-0.2516118,"10":-0.1989314,"11":-0.1593356,"12":-0.1423583,"13":-0.1224202,"14":-0.1595514,"15":-0.1159406,"16":-0.06799819,"17":-0.06895552,"18":-0.07546978,"19":-0.04537432,"20":-0.02459195,"21":-0.01668256,"22":-0.02003528,"23":-0.02040578,"24":-0.02390933,"25":-0.01629768,"26":-0.009302104,"27":-0.01273731,"28":-0.01935627,"29":-0.01270621,"30":-0.01469782,"31":-0.006725119,"32":-0.007383182,"33":-0.009222212,"34":-0.006556892,"35":-0.007507566,"36":-0.003225148,"37":-0.004103925,"38":-0.003531745,"39":-0.001095561,"40":-0.0003783243},"FracExp":{"0":1.0,"1":1.0,"2":1.0,"3":1.0,"4":1.0,"5":1.0,"6":1.0,"7":1.0,"8":1.0,"9":1.0,"10":1.0,"11":1.0,"12":1.0,"13":1.0,"14":1.0,"15":1.0,"16":1.0,"17":1.0,"18":1.0,"19":1.0,"20":1.0,"21":1.0,"22":1.0,"23":1.0,"24":1.0,"25":1.0,"26":1.0,"27":1.0,"28":1.0,"29":1.0,"30":1.0,"31":1.0,"32":1.0,"33":1.0,"34":1.0,"35":0.118289,"36":1.0,"37":1.0,"38":0.239446,"39":0.415588,"40":0.032643},"BGrate":{"0":0.0,"1":0.003397241,"2":0.0,"3":0.001245655,"4":0.0007950992,"5":0.00224218,"6":0.001245656,"7":0.0008792866,"8":0.0004982627,"9":0.001868486,"10":0.0007473936,"11":0.001494789,"12":0.0008304384,"13":0.0002335608,"14":0.000896874,"15":0.0008541657,"16":0.001520126,"17":0.0003865841,"18":0.0007186503,"19":0.001134499,"20":0.0003097478,"21":0.0006315945,"22":0.0008643713,"23":0.000872604,"24":0.0005700559,"25":0.0008639857,"26":0.0005799129,"27":0.0004842742,"28":0.0006351365,"29":0.0003862495,"30":0.0004602497,"31":0.0002756464,"32":0.0003776074,"33":0.0002337571,"34":0.0003308209,"35":0.0002179164,"36":0.0003772674,"37":0.0003198441,"38":0.0002364119,"39":0.0001952644,"40":0.0001094949},"BGerr":{"0":0.0,"1":0.001519292,"2":0.0,"3":0.0006228277,"4":0.0003555792,"5":0.0009153661,"6":0.0008808119,"7":0.0006217495,"8":0.0004982627,"9":0.0009342428,"10":0.0005284871,"11":0.0006684897,"12":0.0004794539,"13":0.0002335608,"14":0.0005178104,"15":0.0004270829,"16":0.0004388226,"17":0.0002231944,"18":0.0003213902,"19":0.0002751565,"20":0.0001385234,"21":0.000163077,"22":0.0002096408,"23":0.0002116376,"24":0.0001718783,"25":0.0001885371,"26":0.0000994542,"27":0.0000899275,"28":0.0001270273,"29":0.0000805386,"30":0.0000939481,"31":0.000045316,"32":0.0000629346,"33":0.0000550971,"34":0.0000498731,"35":0.0000411823,"36":0.0000404473,"37":0.0000399805,"38":0.0000231821,"39":0.0000102346,"40":0.000003964},"CorrFact":{"0":2.246008,"1":2.251179,"2":2.217403,"3":2.201174,"4":2.236224,"5":2.242397,"6":2.216025,"7":2.254982,"8":2.251592,"9":2.256999,"10":2.2306,"11":2.233209,"12":2.154916,"13":2.196315,"14":2.236271,"15":2.220187,"16":2.249047,"17":2.188196,"18":2.200147,"19":2.18493,"20":1.385046,"21":1.382288,"22":1.374744,"23":1.386956,"24":1.394036,"25":1.381992,"26":1.368422,"27":1.467706,"28":1.466062,"29":1.455914,"30":1.474787,"31":1.468054,"32":1.366925,"33":1.379103,"34":1.367681,"35":1.370556,"36":1.390652,"37":1.402086,"38":1.576852,"39":1.382769,"40":1.734021},"CtsInSrc":{"0":22.0,"1":22.0,"2":21.0,"3":20.0,"4":22.0,"5":21.0,"6":20.0,"7":20.0,"8":21.0,"9":20.0,"10":20.0,"11":20.0,"12":20.0,"13":20.0,"14":20.0,"15":21.0,"16":20.0,"17":21.0,"18":20.0,"19":34.0,"20":15.0,"21":15.0,"22":15.0,"23":15.0,"24":20.0,"25":15.0,"26":29.0,"27":15.0,"28":15.0,"29":15.0,"30":15.0,"31":21.0,"32":15.0,"33":15.0,"34":23.0,"35":15.0,"36":16.0,"37":19.0,"38":33.0,"39":40.0,"40":10.0},"BGInSrc":{"0":0.0,"1":0.093698,"2":0.0,"3":0.074958,"4":0.093698,"5":0.112438,"6":0.037479,"7":0.037479,"8":0.01874,"9":0.074958,"10":0.037479,"11":0.093698,"12":0.056219,"13":0.01874,"14":0.056219,"15":0.074958,"16":0.224875,"17":0.056219,"18":0.093698,"19":0.318573,"20":0.067568,"21":0.202703,"22":0.22973,"23":0.22973,"24":0.148649,"25":0.283784,"26":0.459459,"27":0.216133,"28":0.186322,"29":0.171416,"30":0.178869,"31":0.275756,"32":0.27078,"33":0.13539,"34":0.330954,"35":0.15408,"36":0.650795,"37":0.476355,"38":0.606389,"39":1.558843,"40":1.435827},"Exposure":{"0":22.565908,"1":27.58062,"2":45.13198,"3":60.17588,"4":117.84442,"5":50.14656,"6":30.08792,"7":42.62456,"8":37.60988,"9":40.1172,"10":50.14654,"11":62.68312,"12":67.69774,"13":80.23436,"14":62.68306,"15":87.75628,"16":147.93194,"17":145.42452,"18":130.38054,"19":280.805172,"20":218.13736,"21":320.93802,"22":265.77668,"23":263.26916,"24":260.76152,"25":328.4589,"26":792.29046,"27":446.30352,"28":293.35706,"29":443.7962,"30":388.63452,"31":1000.3985,"32":717.0945,"33":579.1914,"34":1000.4009,"35":707.0586,"36":1725.0224,"37":1489.3362,"38":2564.9679,"39":7983.2432,"40":13113.179},"Sigma":{"0":1000.0,"1":522.785718,"2":1000.0,"3":531.629274,"4":522.785718,"5":455.042312,"6":753.251543,"7":753.251543,"8":1119.621476,"9":531.629274,"10":753.251543,"11":475.056465,"12":614.449959,"13":1066.258548,"14":614.449959,"15":558.310738,"16":304.626903,"17":645.25906,"18":475.056465,"19":435.918867,"20":494.171023,"21":282.727784,"22":265.091438,"23":265.091438,"24":442.920165,"25":237.639282,