{"Time":{"0":873.384,"1":1058.585,"2":1263.835,"3":1505.107,"4":1761.804},"TimePos":{"0":92.728,"1":98.084,"2":100.942,"3":105.387,"4":194.691},"TimeNeg":{"0":-97.828,"1":-92.473,"2":-107.166,"3":-140.331,"4":-151.309},"Rate":{"0":0.1298562,"1":0.1355174,"2":0.1251075,"3":0.1005789,"4":0.1068656},"RatePos":{"0":0.02983101,"1":0.03034174,"2":0.02788148,"3":0.02310531,"4":0.02003155},"RateNeg":{"0":-0.02983101,"1":-0.03034174,"2":-0.02788148,"3":-0.02310531,"4":-0.02003155},"FracExp":{"0":1.0,"1":1.0,"2":1.0,"3":1.0,"4":1.0},"BGrate":{"0":0.002769126,"1":0.002769124,"2":0.002082799,"3":0.002147482,"4":0.00223314},"BGerr":{"0":0.0005233157,"1":0.0005233152,"2":0.0004342936,"3":0.000405836,"4":0.0003487579},"CorrFact":{"0":1.270774,"1":1.261397,"2":1.265932,"3":1.269187,"4":1.265099},"CtsInSrc":{"0":20.0,"1":21.0,"2":21.0,"3":20.0,"4":30.0},"BGInSrc":{"0":0.527674,"1":0.527674,"2":0.433447,"3":0.527674,"4":0.772666},"Exposure":{"0":190.55632,"1":190.5565,"2":208.10788,"3":245.71774,"4":345.99986},"Sigma":{"0":195.267844,"1":205.295811,"2":227.556643,"3":195.267844,"4":242.208397},"SNR":{"0":4.353062,"1":4.46637,"2":4.487117,"3":4.353062,"4":5.334862}}