{"Time":{"0":3226.615,"1":3448.853,"2":3699.51,"3":3957.655,"4":4304.623,"5":4661.332,"6":5268.867,"7":10029.016,"8":16163.378},"TimePos":{"0":133.12,"1":126.512,"2":81.454,"3":169.32,"4":168.361,"5":142.618,"6":412.627,"7":1436.403,"8":6863.788},"TimeNeg":{"0":-172.95,"1":-89.117,"2":-124.146,"3":-176.69,"4":-177.649,"5":-188.348,"6":-464.917,"7":-1048.828,"8":-1399.069},"Rate":{"0":0.06829703,"1":0.08471707,"2":0.09444729,"3":0.05267206,"4":0.05272267,"5":0.05530616,"6":0.03859505,"7":0.01377081,"8":0.005213049},"RatePos":{"0":0.01804017,"1":0.02218289,"2":0.02397309,"3":0.01391295,"4":0.01397226,"5":0.01451328,"6":0.007509303,"7":0.002998309,"8":0.00138278},"RateNeg":{"0":-0.01804017,"1":-0.02218289,"2":-0.02397309,"3":-0.01391295,"4":-0.01397226,"5":-0.01451328,"6":-0.007509303,"7":-0.002998309,"8":-0.00138278},"FracExp":{"0":0.868346,"1":1.0,"2":1.0,"3":1.0,"4":1.0,"5":1.0,"6":1.0,"7":0.857548,"8":0.479742},"BGrate":{"0":0.001260199,"1":0.000961546,"2":0.001163597,"3":0.0009679771,"4":0.001106259,"5":0.0007228391,"6":0.000908731,"7":0.0004547764,"8":0.0002316192},"BGerr":{"0":0.0002749979,"1":0.0002666849,"2":0.0003004393,"3":0.0002112299,"4":0.0002258141,"5":0.0001866363,"6":0.000128514,"7":0.0000439649,"8":0.0000162166},"CorrFact":{"0":1.237747,"1":1.2349,"2":1.232069,"3":1.242752,"4":1.248019,"5":1.240076,"6":1.245061,"7":1.332155,"8":1.370173},"CtsInSrc":{"0":15.0,"1":15.0,"2":16.0,"3":15.0,"4":15.0,"5":15.0,"6":28.0,"7":23.0,"8":16.0},"BGInSrc":{"0":0.334929,"1":0.207337,"2":0.239235,"3":0.334929,"4":0.382777,"5":0.239235,"6":0.797451,"7":0.969222,"8":0.918148},"Exposure":{"0":265.77512,"1":215.62908,"2":205.5999,"3":346.0097,"4":346.00996,"5":330.9662,"6":877.54364,"7":2131.205,"8":3964.041299},"Sigma":{"0":200.6506,"1":257.241263,"2":255.151196,"3":200.6506,"4":187.079077,"5":238.962185,"6":241.207358,"7":235.124867,"8":234.615643},"SNR":{"0":3.785831,"1":3.819028,"2":3.939721,"3":3.785831,"4":3.773383,"5":3.810728,"6":5.139631,"7":4.592858,"8":3.769976}}