{"Time":{"0":241478.142,"1":279988.669,"2":382958.66,"3":583094.948},"TimePos":{"0":14500.048,"1":22488.316,"2":74857.671,"3":348963.11},"TimeNeg":{"0":-32300.412,"1":-19933.069,"2":-76642.852,"3":-120358.94},"Rate":{"0":0.002389706,"1":0.002012766,"2":0.0008126885,"3":0.0006976636},"RatePos":{"0":0.0006690268,"1":0.0005651375,"2":0.0002868746,"3":0.0002218593},"RateNeg":{"0":-0.0006690268,"1":-0.0005651375,"2":-0.0002868746,"3":-0.0002218593},"FracExp":{"0":0.199886,"1":0.304093,"2":0.16515,"3":0.070942},"BGrate":{"0":0.0001245038,"1":0.0000933976,"2":0.0001608929,"3":0.000084667},"BGerr":{"0":0.0000057613,"1":0.0000041811,"2":0.0000033747,"3":0.0000021049},"CorrFact":{"0":1.615799,"1":1.882167,"2":1.852834,"3":1.906921},"CtsInSrc":{"0":15.0,"1":15.0,"2":15.0,"3":15.0},"BGInSrc":{"0":1.1647,"1":1.204834,"2":4.025597,"3":2.818939},"Exposure":{"0":9354.7363,"1":12900.0585,"2":25020.3467,"3":33294.436698},"Sigma":{"0":256.704096,"1":255.770196,"2":129.972172,"3":173.81561},"SNR":{"0":3.571913,"1":3.561551,"2":2.832906,"3":3.144622}}