{"Time":{"0":168063.423},"TimePos":{"0":87152.822},"TimeNeg":{"0":-36313.984},"Rate":{"0":0.002150334},"RatePos":{"0":0.0004432573},"RateNeg":{"0":-0.0004432573},"FracExp":{"0":0.17901},"BGrate":{"0":0.0002060133},"BGerr":{"0":0.0000044451},"CorrFact":{"0":1.731586},"CtsInSrc":{"0":32.0},"BGInSrc":{"0":4.553276},"Exposure":{"0":22101.8495},"Sigma":{"0":279.37255},"SNR":{"0":4.85121}}