{"Time":{"0":41463.405,"1":372076.43},"TimePos":{"0":4146.227,"1":23854.385},"TimeNeg":{"0":-3472.78,"1":-744.284},"Rate":{"0":0.02932373,"1":0.0007460714},"RatePos":{"0":0.006300151,"1":0.0007145039},"RateNeg":{"0":-0.006300151,"1":-0.0004377106},"FracExp":{"0":0.15829,"1":0.204774},"BGrate":{"0":0.001427833,"1":0.0000124074},"BGerr":{"0":0.0000923589,"1":0.0000019377},"CorrFact":{"0":1.519234,"1":1.939157},"CtsInSrc":{"0":25.0,"1":2.0},"BGInSrc":{"0":1.721983,"1":0.062498},"Exposure":{"0":1206.0113,"1":5037.1657},"Sigma":{"0":208.985443,"1":3.057964},"SNR":{"0":4.654449,"1":1.704485}}