{"Time":{"0":5849.145,"1":14543.046,"2":24258.43,"3":38423.712},"TimePos":{"0":1275.153,"1":4147.599,"2":5997.687,"3":7381.499},"TimeNeg":{"0":-1194.598,"1":-4107.601,"2":-2256.101,"3":-4912.029},"Rate":{"0":0.01455668,"1":0.007902615,"2":0.005338663,"3":0.002496818},"RatePos":{"0":0.002972817,"1":0.001554755,"2":0.001447244,"3":0.001264668},"RateNeg":{"0":-0.002972817,"1":-0.001554755,"2":-0.001447244,"3":-0.0009599719},"FracExp":{"0":0.889318,"1":0.576771,"2":0.43926,"3":0.274928},"BGrate":{"0":0.0004679481,"1":0.0002312908,"2":0.0001962498,"3":0.0001170161},"BGerr":{"0":0.0000434479,"1":0.0000158107,"2":0.0000161864,"3":0.0000104246},"CorrFact":{"0":1.280312,"1":1.398847,"2":1.354631,"3":1.505593},"CtsInSrc":{"0":26.0,"1":28.0,"2":15.0,"3":6.0},"BGInSrc":{"0":1.027799,"1":1.101259,"2":0.711514,"3":0.395496},"Exposure":{"0":2196.3948,"1":4761.3627,"2":3625.5558,"3":3379.8404},"Sigma":{"0":261.68435,"1":357.31332,"2":243.478798,"3":4.581107},"SNR":{"0":4.896594,"1":5.08287,"2":3.688848,"3":2.600928}}