{"Time":{"0":576.573,"1":613.405,"2":674.369,"3":769.711,"4":857.139,"5":971.913,"6":1092.944,"7":1168.969,"8":1255.912,"9":1330.603,"10":1419.668,"11":1568.45,"12":35825.194,"13":37074.23,"14":78317.6},"TimePos":{"0":13.993,"1":19.785,"2":29.026,"3":38.992,"4":46.843,"5":52.42,"6":34.189,"7":38.397,"8":34.196,"9":29.711,"10":50.967,"11":70.167,"12":516.485,"13":791.883,"14":38695.572},"TimeNeg":{"0":-11.08,"1":-22.839,"2":-41.179,"3":-66.315,"4":-48.436,"5":-67.931,"6":-68.611,"7":-41.837,"8":-48.545,"9":-40.494,"10":-59.355,"11":-97.815,"12":-571.688,"13":-732.551,"14":-2479.313},"Rate":{"0":1.781373,"1":1.072993,"2":0.6324736,"3":0.4489262,"4":0.4691095,"5":0.3743345,"6":0.4405332,"7":0.5632846,"8":0.5433237,"9":0.6503579,"10":0.4332897,"11":0.4171192,"12":0.02034488,"13":0.01625423,"14":0.003188229},"RatePos":{"0":0.3997958,"1":0.2347623,"2":0.1418161,"3":0.09865404,"4":0.1058684,"5":0.08432328,"6":0.09905204,"7":0.1264187,"8":0.1221641,"9":0.1463654,"10":0.09513403,"11":0.07563383,"12":0.005371322,"13":0.004081007,"14":0.001828993},"RateNeg":{"0":-0.3997958,"1":-0.2347623,"2":-0.1418161,"3":-0.09865404,"4":-0.1058684,"5":-0.08432328,"6":-0.09905204,"7":-0.1264187,"8":-0.1221641,"9":-0.1463654,"10":-0.09513403,"11":-0.07563383,"12":-0.005371322,"13":-0.004081007,"14":-0.001350897},"FracExp":{"0":1.0,"1":1.0,"2":1.0,"3":1.0,"4":1.0,"5":1.0,"6":1.0,"7":1.0,"8":1.0,"9":1.0,"10":1.0,"11":1.0,"12":1.0,"13":1.0,"14":0.049141},"BGrate":{"0":0.002904053,"1":0.001281199,"2":0.0007778708,"3":0.001382882,"4":0.001910559,"5":0.001210022,"6":0.001062458,"7":0.0009075167,"8":0.001320025,"9":0.001815035,"10":0.001155022,"11":0.001733848,"12":0.0003025741,"13":0.0003779717,"14":0.0002038424},"BGerr":{"0":0.001452027,"1":0.0007397008,"2":0.0004491039,"3":0.0004889225,"4":0.0006041719,"5":0.0004278073,"6":0.0004337468,"7":0.0004537583,"8":0.0005388978,"9":0.0006860186,"10":0.0004365573,"11":0.000433462,"12":0.0000436728,"13":0.0000412401,"14":0.0000178098},"CorrFact":{"0":2.241395,"1":2.18357,"2":2.226219,"3":2.266924,"4":2.255323,"5":2.269106,"6":2.276776,"7":2.267991,"8":2.260114,"9":2.297553,"10":2.290151,"11":2.281714,"12":1.50904,"13":1.508693,"14":1.406067},"CtsInSrc":{"0":20.0,"1":21.0,"2":20.0,"3":21.0,"4":20.0,"5":20.0,"6":20.0,"7":20.0,"8":20.0,"9":20.0,"10":21.0,"11":31.0,"12":15.0,"13":17.0,"14":5.0},"BGInSrc":{"0":0.072814,"1":0.05461,"2":0.05461,"3":0.145628,"4":0.182035,"5":0.145628,"6":0.109221,"7":0.072814,"8":0.109221,"9":0.127424,"10":0.127424,"11":0.291255,"12":0.329253,"13":0.576193,"14":0.412453},"Exposure":{"0":25.073188,"1":42.62444,"2":70.20498,"3":105.30746,"4":95.27822,"5":120.35136,"6":102.8001,"7":80.2342,"8":82.7415,"9":70.20488,"10":110.32194,"11":167.982132,"12":1088.17302,"13":1524.43358,"14":2023.3911},"Sigma":{"0":547.345851,"1":664.314397,"2":632.597899,"3":405.040058,"4":344.274545,"5":385.617749,"6":446.089519,"7":547.345851,"8":446.089519,"9":412.620679,"10":433.384,"11":421.743035,"12":308.704641,"13":261.243652,"14":3.925743},"SNR":{"0":4.455707,"1":4.570551,"2":4.459814,"3":4.55051,"4":4.431065,"5":4.439278,"6":4.447492,"7":4.455707,"8":4.447492,"9":4.443385,"10":4.554518,"11":5.514982,"12":3.787685,"13":3.982895,"14":2.360082}}