{"Time":{"0":185.418,"1":400.869,"2":782.449,"3":1175.837,"4":1864.629,"5":6592.472,"6":14058.89,"7":34327.962},"TimePos":{"0":107.855,"1":130.598,"2":205.349,"3":366.077,"4":178.739,"5":1197.681,"6":5190.046,"7":18815.257},"TimeNeg":{"0":-80.194,"1":-107.597,"2":-250.982,"3":-188.039,"4":-322.715,"5":-1226.878,"6":-3064.412,"7":-11839.819},"Rate":{"0":0.2091917,"1":0.1143008,"2":0.04446818,"3":0.03700252,"4":0.03641584,"5":0.01271178,"6":0.005303094,"7":0.002520636},"RatePos":{"0":0.04718127,"1":0.02586185,"2":0.01174575,"3":0.009705838,"4":0.01092915,"5":0.002771994,"6":0.00127206,"7":0.0006895811},"RateNeg":{"0":-0.04718127,"1":-0.02586185,"2":-0.01174575,"3":-0.009705838,"4":-0.01092915,"5":-0.002771994,"6":-0.00127206,"7":-0.0006895811},"FracExp":{"0":0.999995,"1":1.0,"2":1.0,"3":1.0,"4":1.0,"5":1.0,"6":0.608717,"7":0.362251},"BGrate":{"0":0.0009056533,"1":0.0009780863,"2":0.0007339011,"3":0.0004204444,"4":0.004152354,"5":0.0004138426,"6":0.000164492,"7":0.0000758504},"BGerr":{"0":0.0002614396,"1":0.0002445216,"2":0.000153029,"3":0.0001051111,"4":0.0003472373,"5":0.0000374675,"6":0.0000117196,"7":0.0000035213},"CorrFact":{"0":1.983793,"1":1.377336,"2":1.383707,"3":1.388478,"4":1.413622,"5":1.401146,"6":1.466206,"7":1.977104},"CtsInSrc":{"0":20.0,"1":20.0,"2":15.0,"3":15.0,"4":15.0,"5":23.0,"6":19.0,"7":15.0},"BGInSrc":{"0":0.170306,"1":0.232975,"2":0.334902,"3":0.232975,"4":2.082214,"5":1.003386,"6":0.826511,"7":0.842306},"Exposure":{"0":188.04764,"1":238.19472,"2":456.33064,"3":554.11602,"4":501.45388,"5":2424.5591,"6":5024.6292,"7":11104.8317},"Sigma":{"0":403.345081,"1":339.384497,"2":210.00602,"3":253.538373,"4":74.187502,"5":242.140682,"6":308.618962,"7":362.0609},"SNR":{"0":4.433786,"1":4.419666,"2":3.785897,"3":3.812398,"4":3.331992,"5":4.585788,"6":4.168904,"7":3.655315}}