{"Time":{"0":14815.46,"1":15417.716,"2":16169.812,"3":21317.947},"TimePos":{"0":230.019,"1":289.695,"2":525.468,"3":895.716},"TimeNeg":{"0":-246.37,"1":-372.237,"2":-462.402,"3":-964.701},"Rate":{"0":0.04111892,"1":0.02928958,"2":0.03010805,"3":0.01798683},"RatePos":{"0":0.01073196,"1":0.007701442,"2":0.006387619,"3":0.003626681},"RateNeg":{"0":-0.01073196,"1":-0.007701442,"2":-0.006387619,"3":-0.003626681},"FracExp":{"0":1.0,"1":1.0,"2":1.0,"3":1.0},"BGrate":{"0":0.0003364677,"1":0.0004072599,"2":0.0003982694,"3":0.0006581183},"BGerr":{"0":0.0000717352,"1":0.0000669531,"2":0.0000541976,"3":0.0000542807},"CorrFact":{"0":1.320014,"1":1.316167,"2":1.315672,"3":1.298242},"CtsInSrc":{"0":15.0,"1":15.0,"2":23.0,"3":27.0},"BGInSrc":{"0":0.16029,"1":0.269578,"2":0.393438,"3":1.224374},"Exposure":{"0":476.38944,"1":661.93126,"2":987.8697,"3":1860.4166},"Sigma":{"0":434.241434,"1":332.377412,"2":422.235566,"3":255.242925},"SNR":{"0":3.831448,"1":3.80313,"2":4.7135,"3":4.959585}}