{"Time":{"0":110.077,"1":159.683,"2":190.447,"3":203.741,"4":212.885,"5":222.542,"6":232.363,"7":243.496,"8":262.758,"9":297.052,"10":347.5,"11":505.754,"12":4549.744,"13":4996.555,"14":5272.416,"15":5719.632,"16":6215.733,"17":11244.107,"18":11930.834,"19":17611.346,"20":25091.986,"21":40563.201,"22":54503.881,"23":67149.463,"24":74465.511,"25":88453.321,"26":115589.746,"27":136905.38,"28":150272.531,"29":169113.26,"30":315036.932},"TimePos":{"0":22.012,"1":22.552,"2":6.832,"3":6.075,"4":4.453,"5":4.825,"6":5.033,"7":8.944,"8":14.755,"9":20.578,"10":40.335,"11":251.888,"12":280.437,"13":106.923,"14":214.68,"15":196.213,"16":369.297,"17":319.676,"18":427.718,"19":534.866,"20":4619.733,"21":5369.351,"22":4041.151,"23":3010.564,"24":1493.709,"25":10625.294,"26":12395.093,"27":2178.851,"28":6626.375,"29":21477.635,"30":101448.679},"TimeNeg":{"0":-25.627,"1":-27.594,"2":-8.212,"3":-6.462,"4":-3.069,"5":-5.204,"6":-4.996,"7":-6.1,"8":-10.318,"9":-19.539,"10":-29.87,"11":-117.919,"12":-431.977,"13":-166.373,"14":-168.938,"15":-232.536,"16":-299.888,"17":-691.404,"18":-367.05,"19":-586.115,"20":-1998.749,"21":-7528.29,"22":-4198.537,"23":-5225.196,"24":-980.849,"25":-9185.679,"26":-11791.427,"27":-5613.06,"28":-7428.896,"29":-8908.026,"30":-48953.199},"Rate":{"0":1.369263,"1":1.32393,"2":5.189951,"3":5.478855,"4":9.580769,"5":9.954755,"6":6.368833,"7":4.294969,"8":2.598986,"9":1.603417,"10":0.9204227,"11":0.3979262,"12":0.03993904,"13":0.07196761,"14":0.05068484,"15":0.0456698,"16":0.03228626,"17":0.02624662,"18":0.0379196,"19":0.02232599,"20":0.01582325,"21":0.00836543,"22":0.005404638,"23":0.004260346,"24":0.007906751,"25":0.003242799,"26":0.004144442,"27":0.005204537,"28":0.002898109,"29":0.002552696,"30":0.001156029},"RatePos":{"0":0.3085122,"1":0.2978438,"2":1.06342,"3":1.199043,"4":2.048266,"5":1.794941,"6":1.428441,"7":0.964767,"8":0.5864791,"9":0.3629311,"10":0.2076997,"11":0.06618691,"12":0.01053918,"13":0.01885985,"14":0.0133516,"15":0.01199584,"16":0.008690863,"17":0.007033222,"18":0.00834035,"19":0.005823062,"20":0.003721084,"21":0.001984345,"22":0.001475895,"23":0.001193077,"24":0.002180057,"25":0.0008105755,"26":0.001233642,"27":0.001588228,"28":0.0008514163,"29":0.0006480964,"30":0.0004329841},"RateNeg":{"0":-0.3085122,"1":-0.2978438,"2":-1.06342,"3":-1.199043,"4":-2.048266,"5":-1.794941,"6":-1.428441,"7":-0.964767,"8":-0.5864791,"9":-0.3629311,"10":-0.2076997,"11":-0.06618691,"12":-0.01053918,"13":-0.01885985,"14":-0.0133516,"15":-0.01199584,"16":-0.008690863,"17":-0.007033222,"18":-0.00834035,"19":-0.005823062,"20":-0.003721084,"21":-0.001984345,"22":-0.001475895,"23":-0.001193077,"24":-0.002180057,"25":-0.0008105755,"26":-0.001233642,"27":-0.001588228,"28":-0.0008514163,"29":-0.0006480964,"30":-0.0003619962},"FracExp":{"0":1.0,"1":1.0,"2":1.0,"3":1.0,"4":1.0,"5":1.0,"6":1.0,"7":1.0,"8":1.0,"9":1.0,"10":1.0,"11":0.82716,"12":0.682759,"13":1.0,"14":1.0,"15":1.0,"16":0.884238,"17":0.71419,"18":0.927497,"19":0.88126,"20":0.256091,"21":0.254469,"22":0.503305,"23":0.584526,"24":0.971689,"25":0.427397,"26":0.200488,"27":0.42604,"28":0.487893,"29":0.341533,"30":0.102725},"BGrate":{"0":0.003132115,"1":0.002380408,"2":0.005951024,"3":0.004760817,"4":0.007934699,"5":0.01190203,"6":0.00595104,"7":0.005951024,"8":0.007141214,"9":0.005951022,"10":0.002550437,"11":0.003024309,"12":0.000661365,"13":0.0008053726,"14":0.0007723728,"15":0.0005923459,"16":0.001030089,"17":0.0007541083,"18":0.0009118175,"19":0.0006695818,"20":0.0005785339,"21":0.000845527,"22":0.0003256142,"23":0.0002426969,"24":0.0003954333,"25":0.0002487084,"26":0.0004095092,"27":0.0006939994,"28":0.0003472577,"29":0.0002295832,"30":0.0001957537},"BGerr":{"0":0.001400725,"1":0.001190204,"2":0.003435826,"3":0.003366406,"4":0.00561068,"5":0.005951016,"6":0.004208021,"7":0.003435826,"8":0.002915388,"9":0.002104004,"10":0.001041212,"11":0.0005431819,"12":0.0001072876,"13":0.0001579466,"14":0.0001305548,"15":0.0001081471,"16":0.0001213971,"17":0.0000942635,"18":0.0001025875,"19":0.0000698087,"20":0.0000424202,"21":0.0000386735,"22":0.0000155054,"23":0.0000124501,"24":0.0000299777,"25":0.0000094477,"26":0.0000168307,"27":0.0000314159,"28":0.0000126885,"29":0.0000076613,"30":0.0000053218},"CorrFact":{"0":3.286021,"1":3.339432,"2":3.26538,"3":3.280079,"4":3.284628,"5":3.23305,"6":3.203274,"7":3.245168,"8":3.287668,"9":3.255064,"10":3.260084,"11":3.283124,"12":1.323493,"13":1.33076,"14":1.322361,"15":1.327876,"16":1.327572,"17":1.311116,"18":1.310598,"19":1.437902,"20":1.410105,"21":1.357523,"22":1.529963,"23":1.482786,"24":1.353231,"25":1.534427,"26":1.544223,"27":1.360831,"28":1.459294,"29":1.503688,"30":1.627243},"CtsInSrc":{"0":20.0,"1":20.0,"2":24.0,"3":21.0,"4":22.0,"5":31.0,"6":20.0,"7":20.0,"8":20.0,"9":20.0,"10":20.0,"11":38.0,"12":15.0,"13":15.0,"14":15.0,"15":15.0,"16":15.0,"17":15.0,"18":22.0,"19":16.0,"20":20.0,"21":23.0,"22":16.0,"23":15.0,"24":15.0,"25":20.0,"26":15.0,"27":15.0,"28":16.0,"29":20.0,"30":14.0},"BGInSrc":{"0":0.14921,"1":0.119368,"2":0.089526,"3":0.059684,"4":0.059684,"5":0.119368,"6":0.059684,"7":0.089526,"8":0.179053,"9":0.238737,"10":0.179053,"11":0.925105,"12":0.321693,"13":0.220106,"14":0.296296,"15":0.253968,"16":0.609523,"17":0.544544,"18":0.672142,"19":0.661464,"20":0.980577,"21":2.775067,"22":1.350346,"23":1.168347,"24":0.95082,"25":2.105852,"26":1.985758,"27":2.303846,"28":2.381308,"29":2.382549,"30":3.024391},"Exposure":{"0":47.638868,"1":50.14616,"2":15.04384,"3":12.53654,"4":7.52192,"5":10.02924,"6":10.0292,"7":15.04384,"8":25.07312,"9":40.11692,"10":70.20464,"11":305.889612,"12":486.40714,"13":273.29648,"14":383.61772,"15":428.74934,"16":591.71882,"17":722.10374,"18":737.14486,"19":987.8762,"20":1694.9348,"21":3282.0557,"22":4147.0742,"23":4814.016,"24":2404.5007,"25":8467.152099,"26":4849.1182,"27":3319.6652,"28":6857.465499,"29":10377.714699,"30":15449.9826},"Sigma":{"0":297.483994,"1":333.097217,"2":462.592273,"3":496.179767,"4":519.874718,"5":517.400686,"6":472.484815,"7":385.204886,"8":271.156242,"9":234.121087,"10":271.156242,"11":223.136136,"12":281.272076,"13":342.394752,"14":293.585886,"15":318.021871,"16":200.332487,"17":212.367683,"18":282.033064,"19":222.418894,"20":264.52823,"21":159.341023,"22":227.825038,"23":230.777892,"24":194.907007,"25":223.691668,"26":159.460575,"27":121.738709,"28":156.516733,"29":221.584518,"30":4.582941},"SNR":{"0":4.438277,"1":4.445049,"2":4.880433,"3":4.569358,"4":4.677502,"5":5.546007,"6":4.458592,"7":4.45182,"8":4.431507,"9":4.417966,"10":4.431507,"11":6.012159,"12":3.789579,"13":3.815915,"14":3.796163,"15":3.807136,"16":3.714966,"17":3.731806,"18":4.546524,"19":3.834064,"20":4.252323,"21":4.215714,"22":3.66194,"23":3.57089,"24":3.626855,"25":4.000613,"26":3.359517,"27":3.276945,"28":3.403868,"29":3.938759,"30":3.193483}}