{"Time":{"0":2875.109,"1":2952.023,"2":3022.713,"3":3099.999,"4":3190.814,"5":3280.443,"6":3373.905,"7":3486.426,"8":3601.581,"9":3691.799,"10":3787.205,"11":3881.667,"12":3980.948,"13":4099.129,"14":4209.756,"15":4319.771,"16":4459.184,"17":4614.925,"18":4755.053,"19":4903.173,"20":5049.729,"21":5143.054,"22":5241.308,"23":5329.228,"24":8613.311,"25":8793.14,"26":9012.632,"27":9225.986,"28":9501.491,"29":9767.443,"30":9938.362,"31":10128.831,"32":10324.896,"33":10552.725,"34":10785.044,"35":10977.378,"36":14512.636,"37":15060.461,"38":15741.566,"39":16415.28,"40":20720.996,"41":21950.617,"42":26435.053,"43":27623.929,"44":34603.094,"45":60873.514,"46":61505.085,"47":62330.594,"48":66609.247,"49":67505.151,"50":140054.834,"51":171737.413,"52":298149.118},"TimePos":{"0":44.371,"1":32.647,"2":29.655,"3":45.14,"4":47.096,"5":32.686,"6":67.098,"7":54.87,"8":45.022,"9":30.024,"10":34.911,"11":35.727,"12":54.29,"13":61.476,"14":46.127,"15":74.015,"16":72.504,"17":64.696,"18":62.471,"19":89.863,"20":58.645,"21":35.524,"22":45.086,"23":39.905,"24":77.057,"25":102.828,"26":121.532,"27":156.401,"28":106.555,"29":71.276,"30":90.913,"31":106.044,"32":80.478,"33":146.005,"34":66.633,"35":160.114,"36":201.484,"37":398.332,"38":223.706,"39":492.725,"40":489.796,"41":726.938,"42":681.618,"43":824.11,"44":10979.98,"45":277.145,"46":272.405,"47":532.546,"48":290.631,"49":550.589,"50":13767.309,"51":23167.616,"52":10935.771},"TimeNeg":{"0":-33.356,"1":-32.543,"2":-38.043,"3":-47.631,"4":-45.674,"5":-42.533,"6":-60.776,"7":-45.423,"8":-60.285,"9":-45.195,"10":-65.381,"11":-59.551,"12":-63.554,"13":-63.89,"14":-49.151,"15":-63.888,"16":-65.399,"17":-83.236,"18":-75.432,"19":-85.649,"20":-56.692,"21":-34.681,"22":-62.729,"23":-42.834,"24":-50.816,"25":-102.772,"26":-116.664,"27":-91.823,"28":-119.103,"29":-159.397,"30":-99.643,"31":-99.556,"32":-90.02,"33":-147.352,"34":-86.314,"35":-125.702,"36":-179.628,"37":-346.341,"38":-282.772,"39":-450.008,"40":-545.726,"41":-739.825,"42":-429.124,"43":-507.259,"44":-2944.315,"45":-397.323,"46":-354.425,"47":-553.105,"48":-356.256,"49":-605.273,"50":-15480.246,"51":-11711.638,"52":-6460.075},"Rate":{"0":0.5553129,"1":0.6640272,"2":0.6358062,"3":0.471273,"4":0.4709195,"5":0.5743412,"6":0.3535988,"7":0.4264065,"8":0.4089685,"9":0.5698073,"10":0.4538402,"11":0.4480662,"12":0.3674128,"13":0.3456678,"14":0.4584564,"15":0.3106058,"16":0.3319103,"17":0.2909071,"18":0.3109874,"19":0.2428148,"20":0.3784759,"21":0.5099525,"22":0.223004,"23":0.2941081,"24":0.1935048,"25":0.09454156,"26":0.0754816,"27":0.09815756,"28":0.08106482,"29":0.07953703,"30":0.1290176,"31":0.1255223,"32":0.1439745,"33":0.06209942,"34":0.1608399,"35":0.08082237,"36":0.04958304,"37":0.02475841,"38":0.0370506,"39":0.03302463,"40":0.01802322,"41":0.02325204,"42":0.01660148,"43":0.01845746,"44":0.01343301,"45":0.02821425,"46":0.0304797,"47":0.03131999,"48":0.02901219,"49":0.0179853,"50":0.005396028,"51":0.003449236,"52":0.002922275},"RatePos":{"0":0.1252256,"1":0.1491785,"2":0.1431073,"3":0.1063745,"4":0.1061945,"5":0.1286672,"6":0.07792489,"7":0.09652061,"8":0.09231128,"9":0.1277712,"10":0.0999259,"11":0.1012318,"12":0.08324568,"13":0.07787622,"14":0.1035793,"15":0.07077703,"16":0.07340931,"17":0.06597407,"18":0.07032798,"19":0.05548822,"20":0.08534801,"21":0.1145697,"22":0.05054293,"23":0.06608105,"24":0.04356095,"25":0.02412951,"26":0.02017009,"27":0.0223481,"28":0.02129021,"29":0.02082587,"30":0.02910936,"31":0.02764612,"32":0.03253285,"33":0.01637543,"34":0.03626194,"35":0.01891254,"36":0.0130635,"37":0.006686714,"38":0.009830373,"39":0.006819988,"40":0.004908055,"41":0.004641638,"42":0.004502435,"43":0.004340284,"44":0.002755542,"45":0.007454479,"46":0.008002228,"47":0.006198459,"48":0.007729664,"49":0.004586598,"50":0.001274461,"51":0.0009662417,"52":0.0009821591},"RateNeg":{"0":-0.1252256,"1":-0.1491785,"2":-0.1431073,"3":-0.1063745,"4":-0.1061945,"5":-0.1286672,"6":-0.07792489,"7":-0.09652061,"8":-0.09231128,"9":-0.1277712,"10":-0.0999259,"11":-0.1012318,"12":-0.08324568,"13":-0.07787622,"14":-0.1035793,"15":-0.07077703,"16":-0.07340931,"17":-0.06597407,"18":-0.07032798,"19":-0.05548822,"20":-0.08534801,"21":-0.1145697,"22":-0.05054293,"23":-0.06608105,"24":-0.04356095,"25":-0.02412951,"26":-0.02017009,"27":-0.0223481,"28":-0.02129021,"29":-0.02082587,"30":-0.02910936,"31":-0.02764612,"32":-0.03253285,"33":-0.01637543,"34":-0.03626194,"35":-0.01891254,"36":-0.0130635,"37":-0.006686714,"38":-0.009830373,"39":-0.006819988,"40":-0.004908055,"41":-0.004641638,"42":-0.004502435,"43":-0.004340284,"44":-0.002755542,"45":-0.007454479,"46":-0.008002228,"47":-0.006198459,"48":-0.007729664,"49":-0.004586598,"50":-0.001274461,"51":-0.0009662417,"52":-0.0008152143},"FracExp":{"0":1.0,"1":1.0,"2":1.0,"3":1.0,"4":1.0,"5":1.0,"6":1.0,"7":1.0,"8":1.0,"9":1.0,"10":1.0,"11":1.0,"12":1.0,"13":1.0,"14":1.0,"15":1.0,"16":1.0,"17":1.0,"18":1.0,"19":1.0,"20":1.0,"21":0.999696,"22":1.0,"23":1.0,"24":1.0,"25":1.0,"26":1.0,"27":1.0,"28":1.0,"29":1.0,"30":1.0,"31":1.0,"32":1.0,"33":1.0,"34":1.0,"35":1.0,"36":1.0,"37":1.0,"38":1.0,"39":1.0,"40":1.0,"41":1.0,"42":1.0,"43":1.0,"44":0.183128,"45":1.0,"46":1.0,"47":1.0,"48":1.0,"49":1.0,"50":0.181227,"51":0.168499,"52":0.343755},"BGrate":{"0":0.00214565,"1":0.001421263,"2":0.001916075,"3":0.001997452,"4":0.001797705,"5":0.0004927047,"6":0.001594044,"7":0.002401934,"8":0.001759658,"9":0.0007390565,"10":0.001847641,"11":0.002139373,"12":0.002201444,"13":0.00118249,"14":0.002139373,"15":0.002687477,"16":0.002015607,"17":0.001878956,"18":0.001612485,"19":0.002428326,"20":0.001445979,"21":0.001332891,"22":0.002464314,"23":0.001146843,"24":0.001040672,"25":0.001582159,"26":0.002110553,"27":0.001429608,"28":0.001113903,"29":0.0008973895,"30":0.0009311257,"31":0.0009349107,"32":0.001214114,"33":0.001058459,"34":0.001063416,"35":0.001293314,"36":0.0007837161,"37":0.0008824054,"38":0.0007919178,"39":0.0008328031,"40":0.0007481048,"41":0.000658775,"42":0.0006451273,"43":0.0007345126,"44":0.0004466676,"45":0.0005040529,"46":0.0003944438,"47":0.0006832288,"48":0.0007132611,"49":0.0007170488,"50":0.0003008081,"51":0.0002923181,"52":0.0001951485},"BGerr":{"0":0.0007152168,"1":0.0006356082,"2":0.0007242082,"3":0.0006316497,"4":0.0005992351,"5":0.0003483948,"6":0.0004806223,"7":0.0006661767,"8":0.0005564527,"9":0.0004266944,"10":0.0005842754,"11":0.0006450453,"12":0.0005883607,"13":0.0004180734,"14":0.0006450453,"15":0.0006009381,"16":0.0005204275,"17":0.0004851443,"18":0.0004654845,"19":0.000506341,"20":0.0004819929,"21":0.0005960871,"22":0.0006586156,"23":0.0005128838,"24":0.0003468905,"25":0.0003373174,"26":0.0003619569,"27":0.0002918176,"28":0.0002701611,"29":0.0002398374,"30":0.0002687928,"31":0.0002592976,"32":0.0003244857,"33":0.0002309746,"34":0.000320632,"35":0.0002586629,"36":0.0001324722,"37":0.0001005594,"38":0.0001155131,"39":0.0000868257,"40":0.0000775749,"41":0.0000611657,"42":0.0000699739,"43":0.0000681978,"44":0.0000348789,"45":0.0000759888,"46":0.0000697285,"47":0.0000697318,"48":0.0000970625,"49":0.0000728053,"50":0.0000154719,"51":0.0000140317,"52":0.0000096613},"CorrFact":{"0":2.176285,"1":2.174482,"2":2.166178,"3":2.206463,"4":2.20275,"5":2.164097,"6":2.174242,"7":2.164346,"8":2.173512,"9":2.149009,"10":2.18677,"11":2.156528,"12":2.193324,"13":2.182933,"14":2.206536,"15":2.182106,"16":2.208826,"17":2.182051,"18":2.168412,"19":2.177252,"20":2.200966,"21":1.797928,"22":1.218344,"23":1.222519,"24":1.24549,"25":1.24007,"26":1.240188,"27":1.240261,"28":1.240316,"29":1.240254,"30":1.240259,"31":1.240277,"32":1.240202,"33":1.240156,"34":1.24008,"35":1.239929,"36":1.285374,"37":1.28544,"38":1.285393,"39":1.285714,"40":1.311988,"41":1.31004,"42":1.291004,"43":1.29185,"44":1.377785,"45":1.298062,"46":1.295053,"47":1.294929,"48":1.290881,"49":1.285529,"50":1.473868,"51":1.419376,"52":1.476797},"CtsInSrc":{"0":20.0,"1":20.0,"2":20.0,"3":20.0,"4":20.0,"5":20.0,"6":21.0,"7":20.0,"8":20.0,"9":20.0,"10":21.0,"11":20.0,"12":20.0,"13":20.0,"14":20.0,