{"Time":{"0":118.698,"1":131.535,"2":148.023,"3":164.516,"4":178.141,"5":191.526,"6":208.39,"7":223.822,"8":237.547,"9":254.917,"10":287.824,"11":342.87,"12":414.706,"13":504.673,"14":702.383,"15":4977.96,"16":5153.555,"17":5357.195,"18":5534.086,"19":5754.757,"20":5957.387,"21":6142.353,"22":6430.734,"23":10819.898,"24":11396.253,"25":12231.703,"26":16626.494,"27":17106.662,"28":17521.065,"29":17952.364,"30":18415.033,"31":22352.948,"32":31826.692},"TimePos":{"0":5.415,"1":7.622,"2":8.685,"3":7.236,"4":6.148,"5":7.807,"6":8.494,"7":8.106,"8":6.917,"9":14.621,"10":19.324,"11":19.439,"12":47.896,"13":80.788,"14":78.642,"15":104.154,"16":71.476,"17":53.379,"18":102.147,"19":87.077,"20":100.077,"21":120.713,"22":180.83,"23":177.675,"24":361.04,"25":440.744,"26":211.347,"27":222.616,"28":244.488,"29":234.42,"30":275.698,"31":399.179,"32":2385.778},"TimeNeg":{"0":-24.673,"1":-7.422,"2":-8.866,"3":-7.808,"4":-6.389,"5":-7.237,"6":-9.057,"7":-6.938,"8":-5.619,"9":-10.452,"10":-18.286,"11":-35.722,"12":-52.397,"13":-42.071,"14":-116.922,"15":-118.998,"16":-71.441,"17":-132.163,"18":-123.513,"19":-118.524,"20":-115.553,"21":-84.888,"22":-167.669,"23":-145.77,"24":-398.68,"25":-474.41,"26":-257.523,"27":-268.82,"28":-191.787,"29":-186.811,"30":-228.249,"31":-242.69,"32":-3974.981},"Rate":{"0":4.777584,"1":13.59405,"2":10.14282,"3":14.90372,"4":14.68675,"5":9.533785,"6":9.886956,"7":9.695332,"8":9.252452,"9":4.559543,"10":3.042737,"11":2.086584,"12":1.149129,"13":0.9356254,"14":0.9108549,"15":0.09840336,"16":0.1725108,"17":0.09903862,"18":0.08793565,"19":0.1195885,"20":0.0847714,"21":0.09621445,"22":0.08840816,"23":0.05967228,"24":0.02506666,"25":0.03339755,"26":0.0409495,"27":0.03889892,"28":0.04416385,"29":0.04517911,"30":0.03789391,"31":0.02956806,"32":0.01367181},"RatePos":{"0":0.9588537,"1":2.303539,"2":1.837172,"3":2.393624,"4":2.615236,"5":1.924617,"6":1.817401,"7":1.943576,"8":2.07795,"9":1.031509,"10":0.6873528,"11":0.4706691,"12":0.2584521,"13":0.2110483,"14":0.1656082,"15":0.02344059,"16":0.03863089,"17":0.02579722,"18":0.02212497,"19":0.02689759,"20":0.0221026,"21":0.02418578,"22":0.01781664,"23":0.01549469,"24":0.006568484,"25":0.006907316,"26":0.01074273,"27":0.01015822,"28":0.01151999,"29":0.0117714,"30":0.009907071,"31":0.007758315,"32":0.004484419},"RateNeg":{"0":-0.9588537,"1":-2.303539,"2":-1.837172,"3":-2.393624,"4":-2.615236,"5":-1.924617,"6":-1.817401,"7":-1.943576,"8":-2.07795,"9":-1.031509,"10":-0.6873528,"11":-0.4706691,"12":-0.2584521,"13":-0.2110483,"14":-0.1656082,"15":-0.02344059,"16":-0.03863089,"17":-0.02579722,"18":-0.02212497,"19":-0.02689759,"20":-0.0221026,"21":-0.02418578,"22":-0.01781664,"23":-0.01549469,"24":-0.006568484,"25":-0.006907316,"26":-0.01074273,"27":-0.01015822,"28":-0.01151999,"29":-0.0117714,"30":-0.009907071,"31":-0.007758315,"32":-0.003694357},"FracExp":{"0":1.0,"1":1.0,"2":1.0,"3":1.0,"4":1.0,"5":1.0,"6":1.0,"7":1.0,"8":1.0,"9":1.0,"10":1.0,"11":1.0,"12":1.0,"13":1.0,"14":1.0,"15":1.0,"16":1.0,"17":1.0,"18":1.0,"19":1.0,"20":1.0,"21":1.0,"22":1.0,"23":1.0,"24":1.0,"25":1.0,"26":1.0,"27":1.0,"28":1.0,"29":1.0,"30":1.0,"31":1.0,"32":0.181324},"BGrate":{"0":0.002851041,"1":0.005702041,"2":0.01466242,"3":0.007602732,"4":0.01824655,"5":0.01520546,"6":0.0114041,"7":0.003801361,"8":0.006842466,"9":0.009123273,"10":0.005321915,"11":0.003110208,"12":0.00114041,"13":0.001396421,"14":0.001900752,"15":0.0008428786,"16":0.0002024726,"17":0.0007018139,"18":0.0004488142,"19":0.0005629724,"20":0.0006709846,"21":0.0004222294,"22":0.0005397146,"23":0.000260424,"24":0.0002882711,"25":0.0003405565,"26":0.0005030332,"27":0.0003428101,"28":0.0003475384,"29":0.0003199563,"30":0.0003677292,"31":0.000371627,"32":0.0002620166},"BGerr":{"0":0.00164605,"1":0.003292075,"2":0.004887472,"3":0.003801366,"4":0.006451128,"5":0.005375943,"6":0.004310345,"7":0.002687968,"8":0.003950499,"9":0.003225564,"10":0.002011495,"11":0.001269737,"12":0.000570205,"13":0.0005700864,"14":0.0005271736,"15":0.0002337725,"16":0.0001431698,"17":0.000233938,"18":0.0001696358,"19":0.0001990408,"20":0.000212184,"21":0.0001723745,"22":0.0001496899,"23":0.0000823533,"24":0.0000565346,"25":0.0000559872,"26":0.0000950643,"27":0.0000766547,"28":0.0000819156,"29":0.0000799891,"30":0.0000784001,"31":0.0000690094,"32":0.0000395005},"CorrFact":{"0":5.769665,"1":5.857458,"2":5.790636,"3":5.765907,"4":5.795257,"5":5.790014,"6":5.823142,"7":5.847631,"8":5.824706,"9":5.782269,"10":5.77969,"11":5.804719,"12":5.795626,"13":5.797227,"14":5.815893,"15":1.232821,"16":1.234529,"17":1.235785,"18":1.248121,"19":1.236532,"20":1.230488,"21":1.243106,"22":1.241749,"23":1.293979,"24":1.288387,"25":1.29025,"26":1.300447,"27":1.288899,"28":1.297623,"29":1.280225,"30":1.289028,"31":1.2857,"32":1.347965},"CtsInSrc":{"0":25.0,"1":35.0,"2":31.0,"3":39.0,"4":32.0,"5":25.0,"6":30.0,"7":25.0,"8":20.0,"9":20.0,"10":20.0,"11":20.0,"12":20.0,"13":20.0,"14":31.0,"15":18.0,"16":20.0,"17":15.0,"18":16.0,"19":20.0,"20":15.0,"21":16.0,"22":25.0,"23":15.0,"24":15.0,"25":24.0,"26":15.0,"27":15.0,"28":15.0,"29":15.0,"30":15.0,"31":15.0,"32":12.0},"BGInSrc":{"0":0.085781,"1":0.085781,"2":0.257344,"3":0.114375,"4":0.22875,"5":0.22875,"6":0.200157,"7":0.057188,"8":0.085781,"9":0.22875,"10":0.200157,"11":0.171563,"12":0.114375,"13":0.171563,"14":0.371719,"15":0.18809,"16":0.028937,"17":0.130216,"18":0.101279,"19":0.115748,"20":0.144685,"21":0.086811,"22":0.18809,"23":0.084233,"24":0.219005,"25":0.311661,"26":0.235857,"27":0.168469,"28":0.151622,"29":0.134775,"30":0.185316,"31":0.238536,"32":0.302199},"Exposure":{"0":30.08774,"1":15.04398,"2":17.55128,"3":15.04396,"4":12.53664,"5":15.04396,"6":17.55128,"7":15.04398,"8":12.53662,"9":25.07328,"10":37.60988,"11":55.1612,"12":100.29304,"13":122.85894,"14":195.56442,"15":223.15194,"16":142.91768,"17":185.54228,"18":225.65958,"19":205.601,"20":215.6303,"21":205.60092,"22":348.499,"23":323.44482,"24":759.72004,"25":915.15324,"26":468.86978,"27":491.43638,"28":436.27518,"29":421.2308,"30":503.94766,"31":641.8688,"32":1153.358},"Sigma":{"0":503.054218,"1":704.968726,"2":358.383725,"3":679.966062,"4":392.841585,"5":306.28877,"6":393.906469,"7":616.82018,"8":402.096964,"9":244.46533,"10":261.722396,"11":283.100745,"12":347.726186,"13":283.100745,"14":297.083884,"15":341.441647,"16":976.031563,"17":342.579268,"18":415.327644,"19":485.894461,"20":324.683002,"21":449.013376,"22":475.626669,"23":559.969423,"24":344.140435,"25":462.330407,"26":331.236636,"27":393.713328,"28":415.481691,"29":441.184882,"30":374.964527,"31":333.253683,"32":256.76611},"SNR":{"0":4.982599,"1":5.901373,"2":5.520889,"3":6.226422,"4":5.615843,"5":4.953602,"6":5.440163,"7":4.988399,"8":4.452682,"9":4.420263,"10":4.426746,"11":4.43323,"12":4.446197,"13":4.43323,"14":5.500059,"15":4.19799,"16":4.465619,"17":3.839121,"18":3.974498,"19":4.446068,"20":3.835358,"21":3.978141,"22":4.962112,"23":3.851143,"24":3.816202,"25":4.835097,"26":3.811833,"27":3.829304,"28":3.833671,"29":3.838039,"30":3.824936,"31":3.811144,"32":3.700728}}