{"Time":{"0":484186.08,"1":493293.361,"2":794099.987,"3":835645.1949999999},"TimePos":{"0":1110.407,"1":3535.925,"2":14941.927,"3":13901.975},"TimeNeg":{"0":-1371.06,"1":-4698.078,"2":-14327.155,"3":-21647.39},"Rate":{"0":0.007768789,"1":0.005456592,"2":0.01559391,"3":0.004272831},"RatePos":{"0":0.002917336,"1":0.001983779,"2":0.006152227,"3":0.001662739},"RateNeg":{"0":-0.002917336,"1":-0.001983779,"2":-0.006152227,"3":-0.001662739},"FracExp":{"0":0.991213,"1":0.575516,"2":0.058251,"3":0.15968},"BGrate":{"0":0.006562141,"1":0.006947515,"2":0.006780038,"3":0.005744175},"BGerr":{"0":0.0001500727,"1":0.0001112493,"2":0.0001747688,"3":0.000084464},"CorrFact":{"0":1.285963,"1":1.287917,"2":2.137175,"3":1.318697},"CtsInSrc":{"0":31.0,"1":53.0,"2":24.0,"3":51.0},"BGInSrc":{"0":16.140644,"1":32.922862,"2":11.559721,"3":32.606966},"Exposure":{"0":2459.6613,"1":4738.797,"2":1704.964,"3":5676.5272},"Sigma":{"0":40.255299,"1":38.08347,"2":41.749477,"3":38.361788},"SNR":{"0":2.662973,"1":2.750604,"2":2.534677,"3":2.569755}}