{"Time":{"0":3962.941,"1":5926.934,"2":9665.164,"3":10369.384,"4":17565.385,"5":27106.026,"6":27812.162,"7":33799.276,"8":39007.024,"9":40071.425,"10":45165.791,"11":51237.211,"12":57176.471,"13":81037.874,"14":133520.099,"15":197280.885},"TimePos":{"0":291.395,"1":359.245,"2":99.194,"3":1709.201,"4":4638.153,"5":193.395,"6":537.815,"7":736.647,"8":530.235,"9":634.229,"10":1621.275,"11":1335.016,"12":1181.791,"13":17640.415,"14":11539.143,"15":45937.179},"TimeNeg":{"0":-242.66,"1":-468.164,"2":-156.552,"3":-605.026,"4":-2277.505,"5":-242.878,"6":-512.741,"7":-1153.857,"8":-577.999,"9":-534.166,"10":-948.708,"11":-1234.967,"12":-1388.192,"13":-6447.282,"14":-12608.687,"15":-47330.274},"Rate":{"0":0.1494551,"1":0.1050022,"2":0.09760329,"3":0.06861996,"4":0.04461493,"5":0.04507016,"6":0.02841778,"7":0.02131039,"8":0.01898339,"9":0.02202496,"10":0.01186538,"11":0.0140385,"12":0.0138092,"13":0.007853297,"14":0.005532791,"15":0.002476557},"RatePos":{"0":0.02769575,"1":0.02094202,"2":0.02545401,"3":0.01149307,"4":0.008299021,"5":0.01176188,"6":0.006030767,"7":0.004711158,"8":0.005005274,"9":0.00533853,"10":0.003165638,"11":0.002735933,"12":0.003168488,"13":0.001674274,"14":0.001408619,"15":0.0005949012},"RateNeg":{"0":-0.02769575,"1":-0.02094202,"2":-0.02545401,"3":-0.01149307,"4":-0.008299021,"5":-0.01176188,"6":-0.006030767,"7":-0.004711158,"8":-0.005005274,"9":-0.00533853,"10":-0.003165638,"11":-0.002735933,"12":-0.003168488,"13":-0.001674274,"14":-0.001408619,"15":-0.0005949012},"FracExp":{"0":1.0,"1":1.0,"2":1.0,"3":0.365115,"4":0.30092,"5":1.0,"6":1.0,"7":1.0,"8":1.0,"9":1.0,"10":1.0,"11":1.0,"12":1.0,"13":0.16363,"14":0.164676,"15":0.120301},"BGrate":{"0":0.000824816,"1":0.0005225504,"2":0.0005793105,"3":0.0008045085,"4":0.0005116175,"5":0.0003636218,"6":0.0003807932,"7":0.0004130873,"8":0.0002797489,"9":0.000423422,"10":0.0001877249,"11":0.0003290572,"12":0.0001977174,"13":0.0002584454,"14":0.0002020662,"15":0.000123087},"BGerr":{"0":0.0001374693,"1":0.0000648144,"2":0.0001672325,"3":0.0000888431,"4":0.0000403211,"5":0.0000758204,"6":0.0000500006,"7":0.0000380278,"8":0.0000408056,"9":0.0000488926,"10":0.0000169266,"11":0.0000295502,"12":0.0000175446,"13":0.0000177501,"14":0.0000149372,"15":0.0000051692},"CorrFact":{"0":2.700222,"1":3.398037,"2":1.680711,"3":1.596384,"4":3.101567,"5":1.324871,"6":1.320997,"7":1.898641,"8":1.432135,"9":1.470062,"10":2.100479,"11":1.328654,"12":1.820728,"13":1.3469,"14":1.358418,"15":1.492425},"CtsInSrc":{"0":30.0,"1":26.0,"2":15.0,"3":37.0,"4":31.0,"5":15.0,"6":23.0,"7":22.0,"8":15.0,"9":18.0,"10":15.0,"11":28.0,"12":20.0,"13":24.0,"14":17.0,"15":20.0},"BGInSrc":{"0":0.440497,"1":0.432363,"2":0.148156,"3":0.679776,"4":1.064706,"5":0.158638,"6":0.400045,"7":0.780943,"8":0.310027,"9":0.494724,"10":0.48245,"11":0.845671,"12":0.50813,"13":1.018656,"14":0.803532,"15":1.381057},"Exposure":{"0":534.0549,"1":827.409,"2":255.74612,"3":844.95858,"4":2081.059,"5":436.27296,"6":1050.55594,"7":1890.5042,"8":1108.23348,"9":1168.39492,"10":2569.9825,"11":2569.9825,"12":2569.9825,"13":3941.4756,"14":3976.5778,"15":11220.1675},"Sigma":{"0":402.629326,"1":476.758979,"2":347.256647,"3":483.826228,"4":356.75223,"5":448.672491,"6":430.242391,"7":295.15327,"8":324.840597,"9":306.433727,"10":333.728937,"11":357.559527,"12":432.295127,"13":328.485172,"14":272.673333,"15":321.022046},"SNR":{"0":5.396317,"1":5.013949,"2":3.834496,"3":5.970553,"4":5.375927,"5":3.831883,"6":4.712134,"7":4.523387,"8":3.792676,"9":4.125659,"10":3.748179,"11":5.131157,"12":4.358293,"13":4.690569,"14":3.927813,"15":4.162972}}