{"Time":{"0":32754.895,"1":32989.255,"2":33466.149,"3":33845.582,"4":38535.323,"5":38984.525,"6":39360.372,"7":39901.122,"8":44418.565,"9":44702.016,"10":45394.391},"TimePos":{"0":128.548,"1":169.992,"2":151.937,"3":231.335,"4":175.224,"5":184.861,"6":170.067,"7":296.252,"8":162.617,"9":195.088,"10":440.439},"TimeNeg":{"0":-112.154,"1":-105.812,"2":-306.902,"3":-227.496,"4":-153.234,"5":-273.977,"6":-190.986,"7":-370.683,"8":-303.743,"9":-120.834,"10":-497.287},"Rate":{"0":0.07855376,"1":0.06880689,"2":0.04070146,"3":0.0752395,"4":0.06231238,"5":0.04438632,"6":0.05646249,"7":0.05892877,"8":0.04276882,"9":0.06319944,"10":0.03362721},"RatePos":{"0":0.02054749,"1":0.01803163,"2":0.01076694,"3":0.01465991,"4":0.01620665,"5":0.01152851,"6":0.01470534,"7":0.01103344,"8":0.01114208,"9":0.01641032,"10":0.006989005},"RateNeg":{"0":-0.02054749,"1":-0.01803163,"2":-0.01076694,"3":-0.01465991,"4":-0.01620665,"5":-0.01152851,"6":-0.01470534,"7":-0.01103344,"8":-0.01114208,"9":-0.01641032,"10":-0.006989005},"FracExp":{"0":1.0,"1":1.0,"2":1.0,"3":1.0,"4":1.0,"5":1.0,"6":1.0,"7":1.0,"8":1.0,"9":1.0,"10":1.0},"BGrate":{"0":0.0007982956,"1":0.0007962217,"2":0.0007777299,"3":0.0007179176,"4":0.0003304538,"5":0.0001922003,"6":0.0003569873,"7":0.0003560043,"8":0.0002854305,"9":0.0002661154,"10":0.0004557457},"BGerr":{"0":0.0002133535,"1":0.0001990554,"2":0.0001525254,"3":0.0001465443,"4":0.0000826134,"5":0.0000533068,"6":0.0000818985,"7":0.0000601757,"8":0.0000654822,"9":0.0000768209,"10":0.0000583523},"CorrFact":{"0":1.276894,"1":1.283947,"2":1.275368,"3":1.29439,"4":1.374412,"5":1.365774,"6":1.370845,"7":1.366417,"8":1.341618,"9":1.338575,"10":1.337699},"CtsInSrc":{"0":15.0,"1":15.0,"2":15.0,"3":27.0,"4":15.0,"5":15.0,"6":15.0,"7":29.0,"8":15.0,"9":15.0,"10":24.0},"BGInSrc":{"0":0.192151,"1":0.219602,"2":0.356853,"3":0.329402,"4":0.10854,"5":0.088189,"6":0.128892,"7":0.237432,"8":0.133113,"9":0.084072,"10":0.427364},"Exposure":{"0":240.70204,"1":275.80456,"2":458.83868,"3":458.83032,"4":328.45806,"5":458.83866,"6":361.05346,"7":666.93502,"8":466.36042,"9":315.92186,"10":937.72552},"Sigma":{"0":288.34504,"1":269.222087,"2":209.23402,"3":396.653841,"4":548.790507,"5":609.660455,"6":502.916461,"7":716.676146,"8":486.827095,"9":614.598054,"10":430.799055},"SNR":{"0":3.823034,"1":3.815899,"2":3.780227,"3":5.132329,"4":3.844864,"5":3.850136,"6":3.839592,"7":5.340927,"8":3.838494,"9":3.851201,"10":4.811444}}