{"Time":{"0":253.361,"1":266.838,"2":286.071,"3":305.72,"4":332.558,"5":381.861,"6":462.293,"7":584.479,"8":683.422,"9":790.38,"10":11804.078,"11":12058.813,"12":12248.456,"13":12467.156,"14":12717.711,"15":16864.781,"16":17100.033,"17":17340.685,"18":17608.598,"19":17837.006,"20":22540.819,"21":22735.589,"22":23008.641,"23":23199.564,"24":23518.784,"25":28317.932,"26":28555.805,"27":28854.968,"28":29211.522,"29":34052.297,"30":34224.976,"31":34498.708,"32":34662.064,"33":34859.031,"34":35069.702,"35":39818.71,"36":91089.286,"37":98080.453,"38":104300.639,"39":108945.917,"40":123345.81,"41":133357.027,"42":175378.283,"43":217423.637,"44":373799.443},"TimePos":{"0":4.852,"1":6.418,"2":9.752,"3":12.668,"4":15.918,"5":39.327,"6":54.174,"7":42.31,"8":56.196,"9":47.021,"10":140.04,"11":95.92,"12":101.848,"13":141.402,"14":116.497,"15":114.598,"16":107.512,"17":145.173,"18":120.471,"19":100.16,"20":86.306,"21":127.224,"22":77.324,"23":184.772,"24":118.781,"25":91.563,"26":164.599,"27":121.183,"28":185.847,"29":56.812,"30":159.939,"31":76.763,"32":86.413,"33":87.525,"34":87.463,"35":138.936,"36":284.029,"37":312.301,"38":4280.014,"39":246.516,"40":2898.506,"41":11354.832,"42":13793.669,"43":52089.438,"44":5812.993},"TimeNeg":{"0":-5.178,"1":-8.626,"2":-12.814,"3":-9.898,"4":-14.17,"5":-33.385,"6":-41.104,"7":-68.012,"8":-56.633,"9":-50.762,"10":-110.692,"11":-114.694,"12":-93.723,"13":-116.852,"14":-109.153,"15":-123.598,"16":-120.654,"17":-133.14,"18":-122.739,"19":-107.936,"20":-99.236,"21":-108.464,"22":-145.828,"23":-113.599,"24":-134.447,"25":-116.545,"26":-146.309,"27":-134.564,"28":-235.371,"29":-91.12,"30":-115.867,"31":-113.793,"32":-86.593,"33":-110.554,"34":-123.146,"35":-156.926,"36":-209.909,"37":-271.899,"38":-1286.604,"39":-365.265,"40":-3212.006,"41":-2374.256,"42":-9180.11,"43":-23260.245,"44":-41345.64},"Rate":{"0":8.71788,"1":6.152076,"2":4.048949,"3":3.930595,"4":2.767504,"5":1.139052,"6":0.8719028,"7":0.5093327,"8":0.2073506,"9":0.2456396,"10":0.1004526,"11":0.1206471,"12":0.09742918,"13":0.07311021,"14":0.1399018,"15":0.07915989,"16":0.08082958,"17":0.07039897,"18":0.09307645,"19":0.09180322,"20":0.134394,"21":0.105488,"22":0.1116799,"23":0.06240557,"24":0.1142613,"25":0.1253213,"26":0.0619229,"27":0.07554405,"28":0.1170491,"29":0.1665733,"30":0.1183417,"31":0.1853944,"32":0.1411769,"33":0.1294526,"34":0.1754391,"35":0.1291648,"36":0.04879891,"37":0.04909794,"38":0.03736561,"39":0.03898278,"40":0.02286465,"41":0.01842794,"42":0.01379441,"43":0.004860312,"44":0.00183814},"RatePos":{"0":1.904974,"1":1.316727,"2":0.8722462,"3":0.8635654,"4":0.6232579,"5":0.2587409,"6":0.1966387,"7":0.115208,"8":0.04721419,"9":0.05575099,"10":0.02266486,"11":0.02710824,"12":0.02546012,"13":0.01906965,"14":0.02816665,"15":0.02100023,"16":0.02177949,"17":0.01848236,"18":0.0224221,"19":0.02394347,"20":0.03043063,"21":0.02397625,"22":0.02520801,"23":0.01641303,"24":0.02412579,"25":0.02840567,"26":0.0162811,"27":0.01994541,"28":0.01921721,"29":0.03781177,"30":0.02688866,"31":0.04180559,"32":0.03218627,"33":0.02871577,"34":0.03239943,"35":0.02622865,"36":0.0113395,"37":0.01059381,"38":0.009830561,"39":0.009323268,"40":0.004648057,"41":0.004443853,"42":0.003790083,"43":0.001044345,"44":0.001003554},"RateNeg":{"0":-1.904974,"1":-1.316727,"2":-0.8722462,"3":-0.8635654,"4":-0.6232579,"5":-0.2587409,"6":-0.1966387,"7":-0.115208,"8":-0.04721419,"9":-0.05575099,"10":-0.02266486,"11":-0.02710824,"12":-0.02546012,"13":-0.01906965,"14":-0.02816665,"15":-0.02100023,"16":-0.02177949,"17":-0.01848236,"18":-0.0224221,"19":-0.02394347,"20":-0.03043063,"21":-0.02397625,"22":-0.02520801,"23":-0.01641303,"24":-0.02412579,"25":-0.02840567,"26":-0.0162811,"27":-0.01994541,"28":-0.01921721,"29":-0.03781177,"30":-0.02688866,"31":-0.04180559,"32":-0.03218627,"33":-0.02871577,"34":-0.03239943,"35":-0.02622865,"36":-0.0113395,"37":-0.01059381,"38":-0.009830561,"39":-0.009323268,"40":-0.004648057,"41":-0.004443853,"42":-0.003790083,"43":-0.001044345,"44":-0.0007617676},"FracExp":{"0":1.0,"1":1.0,"2":1.0,"3":1.0,"4":1.0,"5":1.0,"6":1.0,"7":0.999977,"8":1.0,"9":1.0,"10":1.0,"11":1.0,"12":1.0,"13":1.0,"14":1.0,"15":1.0,"16":1.0,"17":1.0,"18":1.0,"19":1.0,"20":1.0,"21":1.0,"22":1.0,"23":1.0,"24":1.0,"25":1.0,"26":1.0,"27":1.0,"28":1.0,"29":1.0,"30":0.990898,"31":0.999986,"32":1.0,"33":1.0,"34":1.0,"35":1.0,"36":1.0,"37":1.0,"38":0.106299,"39":1.0,"40":0.256454,"41":0.108298,"42":0.068975,"43":0.089777,"44":0.095489},"BGrate":{"0":0.002792839,"1":0.005585678,"2":0.009930081,"3":0.006206301,"4":0.004654726,"5":0.00423741,"6":0.001763898,"7":0.002045137,"8":0.003142527,"9":0.008158613,"10":0.0007095585,"11":0.0004548454,"12":0.0009096911,"13":0.0005829094,"14":0.0007277815,"15":0.001672838,"16":0.002728702,"17":0.002729196,"18":0.001587151,"19":0.0007180511,"20":0.001335161,"21":0.001366409,"22":0.0008326006,"23":0.0009132959,"24":0.001125022,"25":0.001287989,"26":0.0008621222,"27":0.001286269,"28":0.001070219,"29":0.001998829,"30":0.001149304,"31":0.0008701061,"32":0.002197472,"33":0.001706055,"34":0.001604547,"35":0.001266416,"36":0.00151822,"37":0.0004465476,"38":0.0004696536,"39":0.000424333,"40":0.0005829081,"41":0.0002727875,"42":0.00125372,"43":0.0002552993,"44":0.0001777472},"BGerr":{"0":0.002792839,"1":0.003224893,"2":0.003510814,"3":0.002775542,"4":0.002081657,"5":0.001277627,"6":0.0007201081,"7":0.000723065,"8":0.0009071693,"9":0.001570126,"10":0.0001967961,"11":0.0001719154,"12":0.0002523029,"13":0.0001757538,"14":0.0002100924,"15":0.0002957188,"16":0.0003858968,"17":0.0003494377,"18":0.0002850607,"19":0.0002072835,"20":0.0002985511,"21":0.0002679748,"22":0.0002149765,"23":0.0001947153,"24":0.0002345833,"25":0.0002746001,"26":0.0001838051,"27":0.0002475426,"28":0.000175943,"29":0.0005342095,"30":0.0002967491,"31":0.0003076289,"32":0.0005179491,"33":0.0004265137,"34":0.0004011367,"35":0.0002393301,"36":0.0001960014,"37":0.0000765823,"38":0.0000772106,"39":0.0000707222,"40":0.0000545943,"41":0.0000282868,"42":0.0000786654,"43":0.0000124871,"44":0.0000111092},"CorrFact":{"0":4.169083,"1":4.223004,"2":4.195832,"3":4.252039,"4":4.192771,"5":4.205945,"6":4.18886,"7":2.84152,"8":1.190873,"9":1.188957,"10":1.270637,"11":1.276619,"12":1.285535,"13":1.271493,"14":1.271103,"15":1.291341,"16":1.28275,"17":1.28559,"18":1.28518,"19":1.286408,"20":1.262423,"21":1.26346,"22":1.257763,"23":1.264304,"24":1.273787,"25":1.321733,"26":1.306842,"27":1.316891,"28":1.31303,"29":1.250567,"30":1.642915,"31":1.781148,"32":1.244881,"33":1.241007,"34":1.245669,"35":1.551854,"36":1.252131,"37":1.319421,"38":1.501831,"39":1.344328,"40":1.428269,"41":1.557267,"42":1.455959,"43":1.412734,"44":1.591798},"CtsInSrc":{"0":21.0,"1":22.0,"2":22.0,"3":21.0,"4":20.0,"5":20.0,"6":20.0,"7":20.0,"8":20.0,"9":21.0,"10":20.0,"11":20.0,"12":15.0,"13":15.0,"14":25.0,"15":15.0,"16":15.0,"17":16.0,"18":18.0,"19":15.0,"20":20.0,"21":20.0,"22":20.0,"23":15.0,"24":23.0,"25":20.0,"26":15.0,"27":15.0,"28":38.0,"29":20.0,"30":20.0,"31":20.0,"32":20.0,"33":21.0,"34":30.0,"35":25.0,"36":20.0,"37":22.0,"38":15.0,"39":18.0,"40":26.0,"41":18.0,"42":17.0,"43":25.0,"44":6.0},"BGInSrc":{"0":0.02801,"1":0.08403,"2":0.224081,"3":0.140051,"4":0.140051,"5":0.308111,"6":0.168061,"7":0.225618,"8":0.354569,"9":0.79778,"10":0.177909,"11":0.095797,"12":0.177909,"13":0.150538,"14":0.164224,"15":0.398463,"16":0.622599,"17":0.759571,"18":0.386011,"19":0.149424,"20":0.247728,"21":0.322047,"22":0.185796,"23":0.272501,"24":0.284888,"25":0.268041,"26":0.268041,"27":0.328959,"28":0.450796,"29":0.295691,"30":0.3141,"31":0.165802,"32":0.380174,"33":0.337933,"34":0.337933,"35":0.374684,"36":0.749907,"37":0.260873,"38":0.277905,"39":0.259599,"40":0.913453,"41":0.405588,"42":1.986662,"43":1.727022,"44":0.800416},"Exposure":{"0":10.029268,"1":15.0439,"2":22.56588,"3":22.56588,"4":30.08784,"5":72.7122,"6":95.27808,"7":110.319431,"8":112.82924,"9":97.78378,"10":250.73214,"11":210.6149,"12":195.57092,"13":258.25368,"14":225.64986,"15":238.19598,"16":228.16666,