{"Time":{"0":384.133,"1":394.886,"2":407.057,"3":423.989,"4":439.156,"5":460.454,"6":488.008,"7":514.713,"8":541.881,"9":580.084,"10":612.093,"11":654.9,"12":717.238,"13":779.508,"14":853.583,"15":923.579,"16":1036.796,"17":1167.366,"18":1290.01,"19":1430.078,"20":5282.727,"21":6490.086,"22":11907.982,"23":18240.05,"24":48682.291,"25":69584.915,"26":87268.495,"27":109924.446,"28":125786.14,"29":142569.927,"30":153754.213,"31":171245.043,"32":339221.683,"33":505988.929,"34":556182.878},"TimePos":{"0":3.767,"1":5.551,"2":8.423,"3":9.042,"4":8.919,"5":10.187,"6":12.721,"7":11.09,"8":16.517,"9":15.923,"10":16.509,"11":23.849,"12":31.715,"13":29.622,"14":28.259,"15":38.497,"16":63.183,"17":55.471,"18":70.729,"19":103.664,"20":555.414,"21":829.865,"22":1196.161,"23":4349.671,"24":4446.861,"25":7152.759,"26":6823.449,"27":7306.066,"28":8800.926,"29":3277.56,"30":3731.341,"31":8785.61,"32":54904.495,"33":21876.863,"34":237773.137},"TimeNeg":{"0":-3.755,"1":-6.986,"2":-6.621,"3":-8.509,"4":-6.125,"5":-12.379,"6":-17.367,"7":-13.984,"8":-16.079,"9":-21.687,"10":-16.086,"11":-26.297,"12":-38.49,"13":-30.554,"14":-44.454,"15":-41.738,"16":-74.72,"17":-67.387,"18":-67.173,"19":-69.338,"20":-626.442,"21":-651.944,"22":-1445.292,"23":-1939.728,"24":-3529.14,"25":-12861.681,"26":-7410.082,"27":-12710.215,"28":-5433.09,"29":-4732.823,"30":-4475.468,"31":-10324.273,"32":-26713.346,"33":-19905.045,"34":-23538.989},"Rate":{"0":5.783146,"1":4.140387,"2":2.842415,"3":2.592833,"4":2.87349,"5":2.07513,"6":1.688097,"7":1.780488,"8":1.323057,"9":1.127343,"10":1.305573,"11":0.8393003,"12":0.6660396,"13":0.7042385,"14":0.583021,"15":0.5238965,"16":0.30638,"17":0.193656,"18":0.1732653,"19":0.1440422,"20":0.01699505,"21":0.01944727,"22":0.01437223,"23":0.01317043,"24":0.00885661,"25":0.00481863,"26":0.004724634,"27":0.005899956,"28":0.003320722,"29":0.006688836,"30":0.005590717,"31":0.003595459,"32":0.002038085,"33":0.002696906,"34":0.0005256575},"RatePos":{"0":1.293151,"1":0.8461896,"2":0.6383989,"3":0.5689891,"4":0.6434779,"5":0.4442003,"6":0.3458525,"7":0.389079,"8":0.2962802,"9":0.252825,"10":0.2927958,"11":0.1890629,"12":0.1439234,"13":0.1577044,"14":0.1307519,"15":0.1174923,"16":0.06911828,"17":0.04389288,"18":0.0390937,"19":0.03193227,"20":0.004513604,"21":0.00413806,"22":0.002762028,"23":0.002447966,"24":0.002112772,"25":0.001270204,"26":0.001101411,"27":0.00120333,"28":0.0008955115,"29":0.001724452,"30":0.001326068,"31":0.0008143397,"32":0.0005083876,"33":0.0007432305,"34":0.0003641147},"RateNeg":{"0":-1.293151,"1":-0.8461896,"2":-0.6383989,"3":-0.5689891,"4":-0.6434779,"5":-0.4442003,"6":-0.3458525,"7":-0.389079,"8":-0.2962802,"9":-0.252825,"10":-0.2927958,"11":-0.1890629,"12":-0.1439234,"13":-0.1577044,"14":-0.1307519,"15":-0.1174923,"16":-0.06911828,"17":-0.04389288,"18":-0.0390937,"19":-0.03193227,"20":-0.004513604,"21":-0.00413806,"22":-0.002762028,"23":-0.002447966,"24":-0.002112772,"25":-0.001270204,"26":-0.001101411,"27":-0.00120333,"28":-0.0008955115,"29":-0.001724452,"30":-0.001326068,"31":-0.0008143397,"32":-0.0005083876,"33":-0.0007432305,"34":-0.0002588924},"FracExp":{"0":1.0,"1":1.0,"2":1.0,"3":1.0,"4":1.0,"5":1.0,"6":1.0,"7":1.0,"8":1.0,"9":1.0,"10":1.0,"11":1.0,"12":1.0,"13":1.0,"14":1.0,"15":1.0,"16":1.0,"17":0.999953,"18":1.0,"19":1.0,"20":0.929218,"21":1.0,"22":0.947314,"23":0.474399,"24":0.403318,"25":0.413657,"26":0.554887,"27":0.513453,"28":0.548879,"29":0.51646,"30":0.577423,"31":0.44662,"32":0.153907,"33":0.189089,"34":0.036423},"BGrate":{"0":0.0,"1":0.002311974,"2":0.005779951,"3":0.006605642,"4":0.001926655,"5":0.003853292,"6":0.002889972,"7":0.001155988,"8":0.0008892231,"9":0.001541318,"10":0.001778442,"11":0.002889975,"12":0.004128527,"13":0.0004816619,"14":0.0007972335,"15":0.0007224931,"16":0.001261079,"17":0.002157223,"18":0.001281201,"19":0.001872318,"20":0.0003781537,"21":0.0003100731,"22":0.0003893928,"23":0.0003487022,"24":0.0002256829,"25":0.0000996225,"26":0.0001032132,"27":0.0000971189,"28":0.0000816027,"29":0.0001170038,"30":0.000131225,"31":0.0000897666,"32":0.0001212826,"33":0.0001196319,"34":0.0000554348},"BGerr":{"0":0.0,"1":0.002311974,"2":0.003337056,"3":0.003302821,"4":0.001926655,"5":0.002224699,"6":0.001668526,"7":0.001155988,"8":0.0008892231,"9":0.001089877,"10":0.001257548,"11":0.001292436,"12":0.001305555,"13":0.0004816619,"14":0.0005637292,"15":0.0005108798,"16":0.0005148334,"17":0.0007190744,"18":0.000523048,"19":0.0005645251,"20":0.0000551594,"21":0.0000429994,"22":0.0000358465,"23":0.0000310649,"24":0.0000188726,"25":0.0000051721,"26":0.000005959,"27":0.0000049756,"28":0.0000049662,"29":0.000009054,"30":0.0000095201,"31":0.0000051913,"32":0.0000052781,"33":0.0000065071,"34":0.0000026827},"CorrFact":{"0":2.175015,"1":2.165384,"2":2.147386,"3":2.179053,"4":2.164556,"5":2.136954,"6":2.123995,"7":2.128774,"8":2.15939,"9":2.12612,"10":2.133955,"11":2.119752,"12":2.153799,"13":2.121977,"14":2.125801,"15":2.107831,"16":2.131059,"17":1.205535,"18":1.205334,"19":1.205237,"20":1.279697,"21":1.278459,"22":1.283233,"23":1.311649,"24":1.559074,"25":2.628888,"26":1.945034,"27":2.425272,"28":1.806373,"29":1.783456,"30":1.441564,"31":1.516602,"32":1.464913,"33":1.515983,"34":1.440972},"CtsInSrc":{"0":20.0,"1":24.0,"2":20.0,"3":21.0,"4":20.0,"5":22.0,"6":24.0,"7":21.0,"8":20.0,"9":20.0,"10":20.0,"11":20.0,"12":22.0,"13":20.0,"14":20.0,"15":20.0,"16":20.0,"17":20.0,"18":20.0,"19":21.0,"20":15.0,"21":23.0,"22":29.0,"23":31.0,"24":19.0,"25":16.0,"26":20.0,"27":26.0,"28":15.0,"29":16.0,"30":19.0,"31":21.0,"32":19.0,"33":15.0,"34":4.0},"BGInSrc":{"0":0.0,"1":0.028984,"2":0.086953,"3":0.115937,"4":0.028984,"5":0.086953,"6":0.086953,"7":0.028984,"8":0.028984,"9":0.057969,"10":0.057969,"11":0.144922,"12":0.289843,"13":0.028984,"14":0.057969,"15":0.057969,"16":0.173906,"17":0.265021,"18":0.176681,"19":0.323915,"20":0.415289,"21":0.459469,"22":0.974372,"23":1.040418,"24":0.725991,"25":0.824785,"26":0.815177,"27":0.998132,"28":0.637541,"29":0.48405,"30":0.621849,"31":0.766145,"32":1.523501,"33":0.945152,"34":0.527613},"Exposure":{"0":7.521908,"1":12.53662,"2":15.0439,"3":17.55126,"4":15.04386,"5":22.5659,"6":30.08784,"7":25.07322,"8":32.59512,"9":37.6098,"10":32.5952,"11":50.14634,"12":70.20502,"13":60.17568,"14":72.71228,"15":80.23422,"16":137.90252,"17":122.852892,"18":137.90246,"19":173.00196,"20":1098.20268,"21":1481.80902,"22":2502.2854,"23":2983.687,"24":3216.865899,"25":8279.104599,"26":7897.995,"27":10277.422699,"28":7812.7468,"29":4137.045,"30":4738.797,"31":8534.8492,"32":12561.572998,"33":7900.502299,"34":9517.710796},"Sigma":{"0":1000.0,"1":827.033506,"2":396.655756,"3":360.264659,"4":689.027922,"5":436.494536,"6":476.333317,"7":723.529318,"8":689.027922,"9":486.509209,"10":486.509209,"11":306.3538,"12":236.864309,"13":689.027922,"14":486.509209,"15":486.509209,"16":279.25323,"17":223.397068,"18":274.829159,"19":211.706421,"20":240.766397,"21":353.760595,"22":312.443541,"23":323.231095,"24":301.002642,"25":354.389584,"26":407.630304,"27":488.930258,"28":370.171116,"29":414.234734,"30":407.374654,"31":456.670998,"32":263.589914,"33":273.390207,"34":3.009467},"SNR":{"0":4.472136,"1":4.892977,"2":4.452412,"3":4.556912,"4":4.465561,"5":4.67161,"6":4.880974,"7":4.576159,"8":4.465561,"9":4.458986,"10":4.458986,"11":4.439264,"12":4.627737,"13":4.465561,"14":4.458986,"15":4.458986,"16":4.432691,"17":4.412015,"18":4.432053,"19":4.510867,"20":3.765296,"21":4.699611,"22":5.203507,"23":5.380154,"24":4.191938,"25":3.793586,"26":4.289619,"27":4.903023,"28":3.708185,"29":3.878817,"30":4.216011,"31":4.415183,"32":4.00892,"33":3.628627,"34":2.030409}}