{"Time":{"0":145.889,"1":195.119,"2":245.4,"3":270.264,"4":283.215,"5":292.96,"6":308.453,"7":438.34,"8":453.002,"9":469.044,"10":492.993,"11":516.747,"12":559.021,"13":605.237,"14":676.924,"15":752.346,"16":932.052,"17":4419.738,"18":4829.332,"19":5109.873,"20":5419.14,"21":6194.639,"22":10528.303,"23":11492.893,"24":25610.354,"25":59431.285,"26":476356.58},"TimePos":{"0":27.439,"1":20.834,"2":18.192,"3":5.865,"4":5.451,"5":5.734,"6":7.791,"7":8.047,"8":5.922,"9":9.938,"10":8.555,"11":19.904,"12":27.777,"13":24.185,"14":37.748,"15":62.618,"16":88.512,"17":165.091,"18":136.61,"19":121.845,"20":163.603,"21":569.031,"22":426.523,"23":1011.437,"24":7882.315,"25":32741.655,"26":154676.001},"TimeNeg":{"0":-57.81,"1":-21.79,"2":-29.447,"3":-6.672,"4":-7.086,"5":-4.295,"6":-9.758,"7":-6.997,"8":-6.615,"9":-10.12,"10":-14.011,"11":-15.199,"12":-22.37,"13":-18.44,"14":-47.502,"15":-37.675,"16":-117.088,"17":-140.802,"18":-244.504,"19":-143.932,"20":-187.422,"21":-611.896,"22":-511.216,"23":-538.067,"24":-7532.021,"25":-8531.597,"26":-87145.05},"Rate":{"0":1.900496,"1":3.837566,"2":4.292464,"3":22.91696,"4":19.43754,"5":26.44016,"6":20.7538,"7":2.770074,"8":3.546582,"9":2.080578,"10":1.871722,"11":1.175786,"12":0.8433841,"13":0.9864773,"14":0.4891517,"15":0.4080865,"16":0.2711749,"17":0.06480243,"18":0.05156197,"19":0.07419801,"20":0.05653197,"21":0.03188258,"22":0.01982826,"23":0.01615764,"24":0.01160184,"25":0.005823036,"26":0.002064533},"RatePos":{"0":0.4331511,"1":0.865115,"2":0.8688164,"3":3.900763,"4":3.590813,"5":4.697794,"6":3.148076,"7":0.6222609,"8":0.7761876,"9":0.4673747,"10":0.4217531,"11":0.264125,"12":0.1900388,"13":0.2222818,"14":0.1107316,"15":0.09383178,"16":0.04429646,"17":0.01696535,"18":0.01356205,"19":0.01949311,"20":0.01482599,"21":0.006106961,"22":0.00538733,"23":0.003849975,"24":0.003141886,"25":0.001597964,"26":0.000567538},"RateNeg":{"0":-0.4331511,"1":-0.865115,"2":-0.8688164,"3":-3.900763,"4":-3.590813,"5":-4.697794,"6":-3.148076,"7":-0.6222609,"8":-0.7761876,"9":-0.4673747,"10":-0.4217531,"11":-0.264125,"12":-0.1900388,"13":-0.2222818,"14":-0.1107316,"15":-0.09383178,"16":-0.04429646,"17":-0.01696535,"18":-0.01356205,"19":-0.01949311,"20":-0.01482599,"21":-0.006106961,"22":-0.00538733,"23":-0.003849975,"24":-0.003141886,"25":-0.001597964,"26":-0.000567538},"FracExp":{"0":1.0,"1":1.0,"2":1.0,"3":1.0,"4":1.0,"5":1.0,"6":1.0,"7":1.0,"8":1.0,"9":1.0,"10":1.0,"11":1.0,"12":1.0,"13":1.0,"14":1.0,"15":1.0,"16":0.999974,"17":1.0,"18":1.0,"19":1.0,"20":1.0,"21":1.0,"22":1.0,"23":1.0,"24":0.110446,"25":0.116941,"26":0.050235},"BGrate":{"0":0.004377269,"1":0.00375194,"2":0.006154494,"3":0.01913486,"4":0.02763932,"5":0.01594573,"6":0.01518849,"7":0.006006484,"8":0.004805189,"9":0.004504849,"10":0.00667386,"11":0.002574202,"12":0.003003236,"13":0.00353322,"14":0.002826576,"15":0.005405826,"16":0.003686849,"17":0.0006718791,"18":0.0007190278,"19":0.0009666172,"20":0.0006586803,"21":0.0007469029,"22":0.0007915886,"23":0.001136372,"24":0.0007198772,"25":0.0002945388,"26":0.0002584724},"BGerr":{"0":0.001169874,"1":0.001531723,"2":0.00185565,"3":0.006378285,"4":0.007665769,"5":0.006509815,"6":0.004803023,"7":0.003467845,"8":0.003397782,"9":0.002600876,"10":0.002984641,"11":0.001486216,"12":0.001343088,"13":0.001580104,"14":0.0009993454,"15":0.001274165,"16":0.0007373699,"17":0.0001371467,"18":0.0001271074,"19":0.0001764793,"20":0.0001267631,"21":0.0000735945,"22":0.0000853592,"23":0.000079562,"24":0.0000539571,"25":0.0000145818,"26":0.0000078003},"CorrFact":{"0":8.254785,"1":8.244655,"2":8.276657,"3":8.265282,"4":8.217614,"5":8.3284,"6":8.327865,"7":2.093099,"8":2.123336,"9":2.096151,"10":2.127884,"11":2.073025,"12":2.130687,"13":2.118361,"14":2.110416,"15":2.103435,"16":1.457872,"17":1.339866,"18":1.334442,"19":1.337581,"20":1.343656,"21":1.339036,"22":1.304118,"23":1.301318,"24":1.336879,"25":1.927866,"26":1.581305},"CtsInSrc":{"0":20.0,"1":20.0,"2":25.0,"3":35.0,"4":30.0,"5":32.0,"6":44.0,"7":20.0,"8":21.0,"9":20.0,"10":20.0,"11":20.0,"12":20.0,"13":20.0,"14":20.0,"15":20.0,"16":39.0,"17":15.0,"18":15.0,"19":15.0,"20":15.0,"21":29.0,"22":15.0,"23":21.0,"24":16.0,"25":16.0,"26":19.0},"BGInSrc":{"0":0.373158,"1":0.159925,"2":0.293195,"3":0.239887,"4":0.346504,"5":0.159925,"6":0.266541,"7":0.090361,"8":0.060241,"9":0.090361,"10":0.150602,"11":0.090361,"12":0.150602,"13":0.150602,"14":0.240963,"15":0.542167,"16":0.757995,"17":0.205523,"18":0.274031,"19":0.256904,"20":0.231214,"21":0.882037,"22":0.742303,"23":1.760812,"24":1.22556,"25":1.421607,"26":3.139889},"Exposure":{"0":85.249,"1":42.62456,"2":47.63924,"3":12.53666,"4":12.53662,"5":10.02932,"6":17.5489,"7":15.043948,"8":12.53662,"9":20.05866,"10":22.56596,"11":35.10262,"12":50.1466,"13":42.6246,"14":85.2492,"15":100.29318,"16":205.594112,"17":305.89316,"18":381.11312,"19":265.77638,"20":351.02554,"21":1180.9261,"22":937.738408,"23":1549.503192,"24":1702.4567,"25":4826.5525,"26":12147.8685},"Sigma":{"0":196.798548,"1":303.880734,"2":279.483205,"3":434.705766,"4":308.560058,"5":487.678868,"6":518.858939,"7":381.629396,"8":491.581751,"9":381.629396,"10":294.714432,"11":381.629396,"12":294.714432,"13":294.714432,"14":231.931556,"15":152.264015,"16":252.25779,"17":352.650381,"18":303.989975,"19":314.324645,"20":331.904618,"21":323.530783,"22":178.121911,"23":156.05901,"24":160.837206,"25":207.138184,"26":167.375982},"SNR":{"0":4.387604,"1":4.435903,"2":4.940589,"3":5.874995,"4":5.41313,"5":5.628208,"6":6.592535,"7":4.451628,"8":4.569233,"9":4.451628,"10":4.437957,"11":4.451628,"12":4.437957,"13":4.437957,"14":4.417453,"15":4.349128,"16":6.121818,"17":3.819693,"18":3.801931,"19":3.806372,"20":3.813033,"21":5.220695,"22":3.680536,"23":4.196817,"24":3.692636,"25":3.644034,"26":3.6377}}