{"Time":{"0":93.325,"1":105.349,"2":122.704,"3":148.01,"4":169.72,"5":196.321,"6":222.362,"7":288.154,"8":581.158,"9":806.959,"10":1000.93,"11":1281.603,"12":4989.429,"13":5238.961,"14":5540.065,"15":5766.871,"16":6019.403,"17":6221.161,"18":6486.27,"19":6817.566,"20":11873.967,"21":17925.268,"22":18667.351,"23":25527.802,"24":39912.362,"25":68092.773,"26":190663.174},"TimePos":{"0":6.719,"1":7.232,"2":9.936,"3":9.702,"4":13.066,"5":11.537,"6":15.584,"7":112.768,"8":115.626,"9":82.888,"10":79.474,"11":335.365,"12":102.7,"13":176.612,"14":113.704,"15":122.585,"16":78.16,"17":124.626,"18":92.697,"19":506.791,"20":1298.258,"21":379.954,"22":292.543,"23":4999.847,"24":13746.295,"25":14475.004,"26":342702.549},"TimeNeg":{"0":-5.818,"1":-5.304,"2":-10.123,"3":-15.371,"4":-12.008,"5":-13.536,"6":-14.503,"7":-50.207,"8":-89.973,"9":-110.175,"10":-111.082,"11":-201.2,"12":-117.944,"13":-146.832,"14":-124.491,"15":-113.102,"16":-129.946,"17":-123.598,"18":-140.483,"19":-238.599,"20":-763.411,"21":-673.117,"22":-362.129,"23":-2379.651,"24":-4631.143,"25":-11226.815,"26":-85939.071},"Rate":{"0":3.405224,"1":3.30264,"2":2.107719,"3":1.722627,"4":1.923861,"5":1.722201,"6":1.441002,"7":0.4996246,"8":0.343797,"9":0.287203,"10":0.221618,"11":0.2002578,"12":0.09257138,"13":0.06548057,"14":0.08089735,"15":0.09242219,"16":0.0916061,"17":0.07675354,"18":0.08804434,"19":0.04550289,"20":0.03440589,"21":0.02120767,"22":0.03621529,"23":0.01619357,"24":0.005282557,"25":0.003975629,"26":0.0003486002},"RatePos":{"0":0.762254,"1":0.7384927,"2":0.4728314,"3":0.3856073,"4":0.4113795,"5":0.3850959,"6":0.3236151,"7":0.08880512,"8":0.07712509,"9":0.06464065,"10":0.04988532,"11":0.0315408,"12":0.02419622,"13":0.01716811,"14":0.02114487,"15":0.02274119,"16":0.02394392,"17":0.02024879,"18":0.02298935,"19":0.01056014,"20":0.006376512,"21":0.005595773,"22":0.008957541,"23":0.00409859,"24":0.001420459,"25":0.0008354383,"26":0.0001680121},"RateNeg":{"0":-0.762254,"1":-0.7384927,"2":-0.4728314,"3":-0.3856073,"4":-0.4113795,"5":-0.3850959,"6":-0.3236151,"7":-0.08880512,"8":-0.07712509,"9":-0.06464065,"10":-0.04988532,"11":-0.0315408,"12":-0.02419622,"13":-0.01716811,"14":-0.02114487,"15":-0.02274119,"16":-0.02394392,"17":-0.02024879,"18":-0.02298935,"19":-0.01056014,"20":-0.006376512,"21":-0.005595773,"22":-0.008957541,"23":-0.00409859,"24":-0.001420459,"25":-0.0008354383,"26":-0.0001341611},"FracExp":{"0":1.0,"1":1.0,"2":1.0,"3":0.999988,"4":1.0,"5":1.0,"6":1.0,"7":0.815379,"8":0.621949,"9":0.740256,"10":0.578945,"11":0.761677,"12":0.931812,"13":0.914722,"14":1.0,"15":1.0,"16":1.0,"17":1.0,"18":0.935459,"19":0.736659,"20":0.564294,"21":0.866664,"22":0.930654,"23":0.246807,"24":0.221829,"25":0.404652,"26":0.077411},"BGrate":{"0":0.001703786,"1":0.0,"2":0.003194603,"3":0.0008519055,"4":0.002555685,"5":0.0,"6":0.002839651,"7":0.001296198,"8":0.0005011169,"9":0.0008999309,"10":0.001186515,"11":0.0008364998,"12":0.0008811026,"13":0.000765366,"14":0.0007605269,"15":0.001024824,"16":0.0008704835,"17":0.001277149,"18":0.000761276,"19":0.001319645,"20":0.000817895,"21":0.000350902,"22":0.000539839,"23":0.0003881655,"24":0.0002754011,"25":0.0001158619,"26":0.000059868},"BGerr":{"0":0.001703786,"1":0.0,"2":0.001844405,"3":0.0008519055,"4":0.001475525,"5":0.0,"6":0.001419825,"7":0.0004582754,"8":0.00028932,"9":0.0003673952,"10":0.0004843926,"11":0.000209125,"12":0.0002543524,"13":0.0001976166,"14":0.0002195452,"15":0.000256206,"16":0.0002512869,"17":0.0002786968,"18":0.0002295334,"19":0.0001904743,"20":0.000098463,"21":0.0000576879,"22":0.0000875734,"23":0.000040469,"24":0.0000146168,"25":0.0000050809,"26":0.0000015231},"CorrFact":{"0":2.136777,"1":2.070184,"2":2.120681,"3":2.161864,"4":2.199005,"5":2.159044,"6":2.177126,"7":2.086021,"8":2.205172,"9":2.06558,"10":1.230513,"11":2.012963,"12":1.284349,"13":1.31134,"14":1.300327,"15":1.299806,"16":1.286461,"17":1.297561,"18":1.294676,"19":1.296242,"20":1.332093,"21":1.318507,"22":1.323548,"23":1.810192,"24":1.447515,"25":1.737661,"26":1.649382},"CtsInSrc":{"0":20.0,"1":20.0,"2":20.0,"3":20.0,"4":22.0,"5":20.0,"6":20.0,"7":32.0,"8":20.0,"9":20.0,"10":20.0,"11":41.0,"12":15.0,"13":15.0,"14":15.0,"15":17.0,"16":15.0,"17":15.0,"18":15.0,"19":20.0,"20":31.0,"21":15.0,"22":17.0,"23":17.0,"24":16.0,"25":25.0,"26":9.0},"BGInSrc":{"0":0.02136,"1":0.0,"2":0.064079,"3":0.02136,"4":0.064079,"5":0.0,"6":0.085439,"7":0.172247,"8":0.064079,"9":0.128615,"10":0.130898,"11":0.341869,"12":0.181154,"13":0.226442,"14":0.181154,"15":0.241538,"16":0.181154,"17":0.317019,"18":0.166058,"19":0.724615,"20":0.951529,"21":0.320254,"22":0.328909,"23":0.70697,"24":1.122712,"25":1.204997,"26":1.986517},"Exposure":{"0":12.536588,"1":12.53654,"2":20.05852,"3":25.072812,"4":25.07312,"5":25.07308,"6":30.08774,"7":132.8865,"8":127.87236,"9":142.91614,"10":110.32134,"11":408.68966,"12":205.59882,"13":295.86118,"14":238.19494,"15":235.68752,"16":208.10694,"17":248.22384,"18":218.1305,"19":549.09836,"20":1163.3872,"21":912.65844,"22":609.27266,"23":1821.310815,"24":4076.644047,"25":10400.2804,"26":33181.608199},"Sigma":{"0":935.344201,"1":1000.0,"2":538.866526,"3":935.344201,"4":592.926383,"5":1000.0,"6":466.1721,"7":522.635144,"8":538.866526,"9":378.45421,"10":371.810154,"11":475.716156,"12":283.372628,"13":252.681587,"14":283.372628,"15":277.528947,"16":283.372628,"17":212.245611,"18":296.274569,"19":184.296283,"20":262.31619,"21":278.820898,"22":312.449513,"23":221.052179,"24":249.671786,"25":450.299672,"26":3.634718},"SNR":{"0":4.467309,"1":4.472136,"2":4.457655,"3":4.467309,"4":4.676609,"5":4.472136,"6":4.452828,"7":5.626079,"8":4.457655,"9":4.443071,"10":4.442549,"11":6.349168,"12":3.825861,"13":3.814082,"14":3.825861,"15":4.064088,"16":3.825861,"17":3.790525,"18":3.829787,"19":4.308929,"20":5.395723,"21":3.789944,"22":4.042995,"23":3.951009,"24":3.718909,"25":4.758735,"26":2.59837}}