{"Time":{"0":517.622,"1":529.206,"2":544.538,"3":562.863,"4":580.842,"5":594.787,"6":612.306,"7":632.825,"8":652.231,"9":671.693,"10":697.013,"11":719.453,"12":739.93,"13":758.194,"14":778.266,"15":807.763,"16":826.432,"17":849.245,"18":879.189,"19":905.442,"20":936.55,"21":973.06,"22":1011.447,"23":1053.214,"24":1106.999,"25":1143.616,"26":1176.684,"27":1221.03,"28":1254.305,"29":1294.502,"30":1358.804,"31":1396.339,"32":1461.188,"33":5998.326,"34":6115.261,"35":6269.839,"36":6401.067,"37":6563.41,"38":6693.662,"39":6842.987,"40":6960.268,"41":7118.241,"42":21872.899},"TimePos":{"0":5.828,"1":6.78,"2":6.492,"3":8.225,"4":7.798,"5":6.389,"6":8.929,"7":10.976,"8":9.121,"9":9.717,"10":11.978,"11":9.596,"12":9.178,"13":8.465,"14":13.466,"15":9.043,"16":12.939,"17":12.692,"18":15.343,"19":11.656,"20":18.158,"21":19.258,"22":13.466,"23":36.889,"24":13.193,"25":16.693,"26":18.727,"27":17.005,"28":13.818,"29":26.275,"30":22.149,"31":19.716,"32":39.724,"33":45.708,"34":49.125,"35":70.06,"36":76.734,"37":64.83,"38":87.524,"39":61.058,"40":51.592,"41":139.328,"42":48484.973},"TimeNeg":{"0":-6.709,"1":-5.756,"2":-8.552,"3":-11.833,"4":-9.753,"5":-6.148,"6":-11.13,"7":-11.59,"8":-8.43,"9":-10.341,"10":-15.602,"11":-10.462,"12":-10.88,"13":-9.086,"14":-11.607,"15":-16.031,"16":-9.626,"17":-9.873,"18":-17.252,"19":-10.909,"20":-19.452,"21":-18.352,"22":-19.129,"23":-28.301,"24":-16.895,"25":-23.424,"26":-16.376,"27":-25.619,"28":-16.27,"29":-26.378,"30":-38.027,"31":-15.386,"32":-45.133,"33":-47.062,"34":-71.226,"35":-105.453,"36":-61.168,"37":-85.609,"38":-65.422,"39":-61.8,"40":-56.223,"41":-106.381,"42":-9916.679},"Rate":{"0":9.792659,"1":6.977168,"2":7.025966,"3":5.651957,"4":6.296252,"5":8.290636,"6":4.442677,"7":4.254169,"8":5.739667,"9":4.879784,"10":3.740629,"11":4.837534,"12":4.39959,"13":5.794762,"14":3.705325,"15":3.679904,"16":3.923615,"17":3.911346,"18":2.685725,"19":4.264228,"20":2.45671,"21":2.348188,"22":2.687462,"23":1.336994,"24":2.927962,"25":2.411363,"26":2.536865,"27":2.411867,"28":2.90883,"29":1.666599,"30":1.44881,"31":2.53067,"32":2.476721,"33":0.2603136,"34":0.2507902,"35":0.1437538,"36":0.1769298,"37":0.1601783,"38":0.1589056,"39":0.2052961,"40":0.2241282,"41":0.1397239,"42":0.006759109},"RatePos":{"0":1.854333,"1":1.564506,"2":1.439187,"3":1.115621,"4":1.26348,"5":1.73292,"6":0.9948003,"7":0.9116152,"8":1.202637,"9":1.053732,"10":0.7837772,"11":1.039271,"12":0.98653,"13":1.211229,"14":0.8096436,"15":0.804089,"16":0.879801,"17":0.87705,"18":0.6030697,"19":0.9137706,"20":0.536811,"21":0.5302471,"22":0.6060057,"23":0.3027608,"24":0.6565437,"25":0.519372,"26":0.572047,"27":0.5059772,"28":0.6550015,"29":0.3742287,"30":0.3280813,"31":0.5690495,"32":0.440901,"33":0.05856894,"34":0.05381885,"35":0.03257795,"36":0.03984929,"37":0.03600191,"38":0.03575277,"39":0.04524194,"40":0.05047962,"41":0.02730426,"42":0.001361093},"RateNeg":{"0":-1.854333,"1":-1.564506,"2":-1.439187,"3":-1.115621,"4":-1.26348,"5":-1.73292,"6":-0.9948003,"7":-0.9116152,"8":-1.202637,"9":-1.053732,"10":-0.7837772,"11":-1.039271,"12":-0.98653,"13":-1.211229,"14":-0.8096436,"15":-0.804089,"16":-0.879801,"17":-0.87705,"18":-0.6030697,"19":-0.9137706,"20":-0.536811,"21":-0.5302471,"22":-0.6060057,"23":-0.3027608,"24":-0.6565437,"25":-0.519372,"26":-0.572047,"27":-0.5059772,"28":-0.6550015,"29":-0.3742287,"30":-0.3280813,"31":-0.5690495,"32":-0.440901,"33":-0.05856894,"34":-0.05381885,"35":-0.03257795,"36":-0.03984929,"37":-0.03600191,"38":-0.03575277,"39":-0.04524194,"40":-0.05047962,"41":-0.02730426,"42":-0.001361093},"FracExp":{"0":1.0,"1":1.0,"2":1.0,"3":1.0,"4":1.0,"5":1.0,"6":1.0,"7":1.0,"8":1.0,"9":1.0,"10":1.0,"11":1.0,"12":1.0,"13":1.0,"14":1.0,"15":1.0,"16":1.0,"17":1.0,"18":1.0,"19":1.0,"20":1.0,"21":1.0,"22":1.0,"23":1.0,"24":1.0,"25":1.0,"26":1.0,"27":1.0,"28":1.0,"29":1.0,"30":1.0,"31":1.0,"32":0.679513,"33":1.0,"34":0.999989,"35":0.999998,"36":1.0,"37":1.0,"38":1.0,"39":1.0,"40":1.0,"41":1.0,"42":0.113813},"BGrate":{"0":0.004389791,"1":0.00438978,"2":0.005487241,"3":0.008230867,"4":0.004703349,"5":0.004389787,"6":0.001371807,"7":0.00487755,"8":0.006271131,"9":0.01371807,"10":0.003990718,"11":0.008230851,"12":0.002743622,"13":0.003135566,"14":0.001097447,"15":0.001097447,"16":0.002438773,"17":0.002438768,"18":0.002532573,"19":0.004877545,"20":0.0007316312,"21":0.005121418,"22":0.005065142,"23":0.003798854,"24":0.001829079,"25":0.005487234,"26":0.004703341,"27":0.003227786,"28":0.004572695,"29":0.00156778,"30":0.004115427,"31":0.003135562,"32":0.003817698,"33":0.001315666,"34":0.001177648,"35":0.00150168,"36":0.001032597,"37":0.0006761048,"38":0.000798025,"39":0.001655766,"40":0.001320762,"41":0.007947952,"42":0.0002587214},"BGerr":{"0":0.003104051,"1":0.003104043,"2":0.00316806,"3":0.003360237,"4":0.00271548,"5":0.003104048,"6":0.001371807,"7":0.002438775,"8":0.003135566,"9":0.004338035,"10":0.001995359,"11":0.003360231,"12":0.001940034,"13":0.00221718,"14":0.001097447,"15":0.001097447,"16":0.001724473,"17":0.00172447,"18":0.001462181,"19":0.002438773,"20":0.0007316312,"21":0.001935714,"22":0.002067836,"23":0.001266285,"24":0.001293354,"25":0.00194003,"26":0.001920131,"27":0.00144351,"28":0.002044971,"29":0.0009051581,"30":0.001371809,"31":0.001567781,"32":0.00134976,"33":0.0005371184,"34":0.0004451092,"35":0.000416491,"36":0.0003902848,"37":0.0003023632,"38":0.0003257923,"39":0.0005235992,"40":0.0004992012,"41":0.0008111844,"42":0.0000120761},"CorrFact":{"0":4.393154,"1":4.385573,"2":4.419281,"3":4.388246,"4":4.43492,"5":4.529812,"6":4.461829,"7":4.385527,"8":4.400981,"9":4.505514,"10":4.507153,"11":4.443985,"12":4.424638,"13":4.432569,"14":4.429821,"15":4.39943,"16":4.439202,"17":4.425329,"18":4.395218,"19":4.3959,"20":4.405599,"21":4.458685,"22":4.416368,"23":4.412592,"24":4.416954,"25":4.441577,"26":4.489577,"27":4.496657,"28":4.406332,"29":4.405821,"30":4.413808,"31":4.466218,"32":4.493726,"33":1.214887,"34":1.380832,"35":1.278372,"36":1.228702,"37":1.211014,"38":1.222665,"39":1.212816,"40":1.216881,"41":1.224062,"42":1.709523},"CtsInSrc":{"0":28.0,"1":20.0,"2":24.0,"3":26.0,"4":25.0,"5":23.0,"6":20.0,"7":22.0,"8":23.0,"9":22.0,"10":23.0,"11":22.0,"12":20.0,"13":23.0,"14":21.0,"15":21.0,"16":20.0,"17":20.0,"18":20.0,"19":22.0,"20":21.0,"21":20.0,"22":20.0,"23":20.0,"24":20.0,"25":22.0,"26":20.0,"27":23.0,"28":20.0,"29":20.0,"30":20.0,"31":20.0,"32":32.0,"33":20.0,"34":22.0,"35":20.0,"36":20.0,"37":20.0,"38":20.0,"39":21.0,"40":20.0,"41":30.0,"42":28.0},"BGInSrc":{"0":0.055033,"1":0.055033,"2":0.08255,"3":0.165099,"4":0.08255,"5":0.055033,"6":0.027517,"7":0.110066,"8":0.110066,"9":0.275165,"10":0.110066,"11":0.165099,"12":0.055033,"13":0.055033,"14":0.027517,"15":0.027517,"16":0.055033,"17":0.055033,"18":0.08255,"19":0.110066,"20":0.027517,"21":0.192616,"22":0.165099,"23":0.247649,"24":0.055033,"25":0.220132,"26":0.165099,"27":0.137583,"28":0.137583,"29":0.08255,"30":0.247649,"31":0.110066,"32":0.220132,"33":0.122055,"34":0.14173,"35":0.263563,"36":0.142398,"37":0.101713,"38":0.122055,"39":0.203425,"40":0.142398,"41":1.952883,"42":1.719683},"Exposure":{"0":12.536588,"1":12.53662,"2":15.0439,"3":20.05852,"4":17.55122,"5":12.5366,"6":20.05858,"7":22.56584,"8":17.55122,"9":20.05858,"10":27.5805,"11":20.05856,"12":20.05852,"13":17.55122,"14":25.0732,"15":25.0732,"16":22.56586,"17":22.5659,"18":32.59512,"19":22.56586,"20":37.6098,"21":37.6098,"22":32.59514,"23":65.19032,"24":30.08782,"25":40.11712,"26":35.1025,"27":42.62442,"28":30.08784,"29":52.65376,"30":60.17566,"31":35.10248,"32":57.660932,"33":92.77064,"34":120.35002,"35":175.51188,"36":137.90256,"37":150.43918,"38":152.94656,"39":122.85872,"40":107.8148,"41":245.70894,"42":6646.8523},"Sigma":{"0":718.11728,"1":512.536854,"2":501.835096,"3":383.299233,"4":522.817061,"5":589.629514,"6":725.83657,"7":397.760113,"8":415.931028,"9":249.668217,"10":415.931028,"11":323.953276,"12":512.536854,"13":589.629514,"14":762.178398,"15":762.178398,"16":512.536854,"17":512.536854,"18":417.907238,"19":397.760113,"20":762.178398,