{"Time":{"0":243.503,"1":262.143,"2":280.357,"3":296.298,"4":314.127,"5":336.851,"6":377.624,"7":5123.757,"8":11047.106,"9":17002.254},"TimePos":{"0":10.272,"1":9.183,"2":8.521,"3":7.623,"4":9.852,"5":9.695,"6":68.649,"7":1091.755,"8":948.02,"9":4786.017},"TimeNeg":{"0":-14.801,"1":-8.368,"2":-9.031,"3":-7.421,"4":-10.206,"5":-12.871,"6":-31.079,"7":-736.066,"8":-829.655,"9":-973.977},"Rate":{"0":6.346612,"1":9.790324,"2":9.090955,"3":8.827637,"4":6.373322,"5":6.534266,"6":2.970768,"7":0.01452655,"8":0.01519252,"9":0.01138761},"RatePos":{"0":1.272064,"1":1.8974,"2":1.822118,"3":1.943802,"4":1.4309,"5":1.368902,"6":0.5139616,"7":0.003369288,"8":0.003483619,"9":0.003451453},"RateNeg":{"0":-1.272064,"1":-1.8974,"2":-1.822118,"3":-1.943802,"4":-1.4309,"5":-1.368902,"6":-0.5139616,"7":-0.003369288,"8":-0.003483619,"9":-0.002884045},"FracExp":{"0":1.0,"1":1.0,"2":1.0,"3":1.0,"4":1.0,"5":1.0,"6":0.729091,"7":1.0,"8":1.0,"9":0.30166},"BGrate":{"0":0.002120712,"1":0.01060359,"2":0.003029586,"3":0.01237086,"4":0.003976343,"5":0.004712689,"6":0.004022098,"7":0.0003915706,"8":0.0002781401,"9":0.0002491044},"BGerr":{"0":0.00149957,"1":0.00400778,"2":0.002142241,"3":0.004675746,"4":0.002295743,"5":0.002356344,"6":0.001212708,"7":0.0000419808,"8":0.0000359077,"9":0.0000278507},"CorrFact":{"0":6.378749,"1":6.408303,"2":6.395897,"3":6.380428,"4":6.41755,"5":6.440708,"6":6.408291,"7":1.37687,"8":1.384599,"9":1.45844},"CtsInSrc":{"0":25.0,"1":27.0,"2":25.0,"3":21.0,"4":20.0,"5":23.0,"6":34.0,"7":20.0,"8":20.0,"9":14.0},"BGInSrc":{"0":0.053173,"1":0.186105,"2":0.053173,"3":0.186105,"4":0.079759,"5":0.106346,"6":0.292451,"7":0.715721,"8":0.494443,"9":0.432834},"Exposure":{"0":25.073148,"1":17.55116,"2":17.55122,"3":15.04384,"4":20.05848,"5":22.56586,"6":72.711092,"7":1827.8217,"8":1777.6757,"9":1737.5589},"Sigma":{"0":663.498097,"1":381.197675,"2":663.498097,"3":295.899135,"4":432.586851,"5":430.550883,"6":382.269979,"7":251.315414,"8":305.575058,"9":280.358111},"SNR":{"0":4.989224,"1":5.159864,"2":4.989224,"3":4.541429,"4":4.454065,"5":4.773363,"6":5.780136,"7":4.311461,"8":4.361131,"9":3.948487}}