{"Time":{"0":220.984,"1":370.418,"2":514.662,"3":1117.189,"4":4969.356,"5":5978.022,"6":13614.098},"TimePos":{"0":85.896,"1":59.321,"2":155.78,"3":265.325,"4":254.799,"5":1179.258,"6":10865.665},"TimeNeg":{"0":-59.528,"1":-63.538,"2":-84.923,"3":-446.747,"4":-387.073,"5":-753.867,"6":-3256.748},"Rate":{"0":0.3974296,"1":0.7372761,"2":0.08919294,"3":0.04296424,"4":0.02887477,"5":0.01797549,"6":0.005228428},"RatePos":{"0":0.08947977,"1":0.166667,"2":0.02143779,"3":0.008721085,"4":0.007853367,"5":0.003550174,"6":0.001430495},"RateNeg":{"0":-0.08947977,"1":-0.166667,"2":-0.02143779,"3":-0.008721085,"4":-0.007853367,"5":-0.003550174,"6":-0.001430495},"FracExp":{"0":0.999997,"1":1.0,"2":0.999994,"3":1.0,"4":1.0,"5":1.0,"6":0.321881},"BGrate":{"0":0.0009324993,"1":0.001750653,"2":0.001434225,"3":0.001224783,"4":0.001179416,"5":0.0006222275,"6":0.0003029975},"BGerr":{"0":0.0003296883,"1":0.0004855438,"2":0.0003290338,"3":0.0001767822,"4":0.0001243214,"5":0.0000520333,"6":0.0000170449},"CorrFact":{"0":2.909518,"1":4.578268,"2":1.216035,"3":1.217517,"4":1.301267,"5":1.296737,"6":1.625358},"CtsInSrc":{"0":20.0,"1":20.0,"2":18.0,"3":26.0,"4":15.0,"5":28.0,"6":16.0},"BGInSrc":{"0":0.135608,"1":0.215083,"2":0.345219,"3":0.872133,"4":0.757034,"5":1.202844,"6":1.377346},"Exposure":{"0":145.42402,"1":122.85852,"2":240.70096,"3":712.0716,"4":641.87204,"5":1933.12506,"6":4545.7349},"Sigma":{"0":414.319726,"1":331.66566,"2":222.917431,"3":199.615155,"4":178.486767,"5":266.408174,"6":188.723761},"SNR":{"0":4.441558,"1":4.423648,"2":4.160547,"3":4.926479,"4":3.676738,"5":5.063272,"6":3.654978}}