{"Time":{"0":144.418,"1":214.966,"2":299.746,"3":396.683,"4":528.437,"5":618.333,"6":694.318,"7":939.045,"8":5324.502,"9":5523.893,"10":5725.477,"11":5949.54,"12":6207.868,"13":6445.933,"14":6764.674,"15":11691.521,"16":12152.017,"17":12559.024,"18":13013.212,"19":17208.773,"20":17943.775,"21":23242.229,"22":24209.225,"23":31350.414,"24":52701.56,"25":62856.565,"26":215609.45},"TimePos":{"0":21.66,"1":46.39,"2":44.351,"3":62.751,"4":53.855,"5":29.15,"6":63.487,"7":149.722,"8":90.611,"9":119.386,"10":65.734,"11":132.519,"12":137.459,"13":112.517,"14":182.399,"15":126.28,"16":162.232,"17":221.587,"18":236.255,"19":200.484,"20":636.388,"21":330.498,"22":481.755,"23":4376.141,"24":627.392,"25":17279.344,"26":83419.165},"TimeNeg":{"0":-20.965,"1":-48.888,"2":-38.39,"3":-52.586,"4":-69.003,"5":-36.04,"6":-46.835,"7":-181.24,"8":-120.003,"9":-108.78,"10":-82.198,"11":-158.33,"12":-125.809,"13":-100.605,"14":-206.224,"15":-114.422,"16":-334.216,"17":-244.774,"18":-232.602,"19":-348.618,"20":-534.518,"21":-226.126,"22":-636.497,"23":-2822.058,"24":-952.207,"25":-4696.987,"26":-112295.877},"Rate":{"0":1.107976,"1":0.5067743,"2":0.5710691,"3":0.401869,"4":0.2401137,"5":0.614008,"6":0.4102058,"7":0.2706911,"8":0.1190398,"9":0.1155038,"10":0.1699606,"11":0.06383734,"12":0.07046123,"13":0.08790903,"14":0.09889651,"15":0.08449903,"16":0.04028724,"17":0.0433357,"18":0.05769975,"19":0.03695372,"20":0.03304994,"21":0.03566311,"22":0.02800279,"23":0.01644119,"24":0.01412748,"25":0.006473436,"26":0.002119561},"RatePos":{"0":0.2479818,"1":0.1114762,"2":0.1288941,"3":0.09130461,"4":0.05316234,"5":0.1378156,"6":0.09232609,"7":0.0441027,"8":0.02693651,"9":0.02543766,"10":0.03828722,"11":0.01686479,"12":0.01863349,"13":0.02306147,"14":0.0181428,"15":0.02194328,"16":0.01063985,"17":0.01135182,"18":0.01308764,"19":0.00976461,"20":0.006334495,"21":0.00943382,"22":0.005900666,"23":0.002741288,"24":0.003597849,"25":0.001867824,"26":0.0007445442},"RateNeg":{"0":-0.2479818,"1":-0.1114762,"2":-0.1288941,"3":-0.09130461,"4":-0.05316234,"5":-0.1378156,"6":-0.09232609,"7":-0.0441027,"8":-0.02693651,"9":-0.02543766,"10":-0.03828722,"11":-0.01686479,"12":-0.01863349,"13":-0.02306147,"14":-0.0181428,"15":-0.02194328,"16":-0.01063985,"17":-0.01135182,"18":-0.01308764,"19":-0.00976461,"20":-0.006334495,"21":-0.00943382,"22":-0.005900666,"23":-0.002741288,"24":-0.003597849,"25":-0.001867824,"26":-0.0006221434},"FracExp":{"0":1.0,"1":1.0,"2":1.0,"3":1.0,"4":0.99998,"5":0.999986,"6":1.0,"7":1.0,"8":1.0,"9":1.0,"10":1.0,"11":1.0,"12":1.0,"13":1.0,"14":1.0,"15":1.0,"16":1.0,"17":1.0,"18":1.0,"19":1.0,"20":1.0,"21":1.0,"22":1.0,"23":0.425999,"24":1.0,"25":0.137251,"26":0.055856},"BGrate":{"0":0.0004325819,"1":0.001741709,"2":0.00222845,"3":0.002717739,"4":0.002437944,"5":0.001145188,"6":0.001169936,"7":0.002005625,"8":0.001114405,"9":0.0008358029,"10":0.0009916303,"11":0.001160036,"12":0.001337284,"13":0.001101292,"14":0.001660868,"15":0.0003555318,"16":0.000672278,"17":0.0004587502,"18":0.0006023268,"19":0.0006218926,"20":0.0007682208,"21":0.0006419592,"22":0.0006688116,"23":0.0008434502,"24":0.001188292,"25":0.0005219325,"26":0.0002098364},"BGerr":{"0":0.0004325819,"1":0.0005805696,"2":0.0007046979,"3":0.0006591485,"4":0.000609486,"5":0.000572594,"6":0.0004421942,"7":0.0003342708,"8":0.0002786012,"9":0.00023181,"10":0.000313581,"11":0.0002418843,"12":0.0002729719,"13":0.0002753231,"14":0.0002503852,"15":0.000112429,"16":0.0001076506,"17":0.00009175,"18":0.0001048516,"19":0.0000971233,"20":0.0000739221,"21":0.0000978979,"22":0.0000704989,"23":0.0000479822,"24":0.0000795739,"25":0.0000264971,"26":0.0000068587},"CorrFact":{"0":2.363517,"1":2.317575,"2":2.384538,"3":2.354411,"4":1.42506,"5":2.008838,"6":2.277433,"7":2.336919,"8":1.26846,"9":1.266453,"10":1.266417,"11":1.266283,"12":1.266404,"13":1.268877,"14":1.266151,"15":1.363721,"16":1.363713,"17":1.366834,"18":1.37202,"19":1.38427,"20":1.377143,"21":1.355692,"22":1.346725,"23":1.312444,"24":1.303264,"25":1.454353,"26":1.979384},"CtsInSrc":{"0":20.0,"1":21.0,"2":20.0,"3":20.0,"4":21.0,"5":20.0,"6":20.0,"7":39.0,"8":20.0,"9":21.0,"10":20.0,"11":15.0,"12":15.0,"13":15.0,"14":31.0,"15":15.0,"16":15.0,"17":15.0,"18":20.0,"19":15.0,"20":29.0,"21":15.0,"22":24.0,"23":41.0,"24":19.0,"25":15.0,"26":14.0},"BGInSrc":{"0":0.018439,"1":0.165947,"2":0.184385,"3":0.313455,"4":0.299516,"5":0.074654,"6":0.12907,"7":0.663787,"8":0.23471,"9":0.190702,"10":0.146693,"11":0.337395,"12":0.352064,"13":0.23471,"14":0.645451,"15":0.085577,"16":0.333752,"17":0.213943,"18":0.282405,"19":0.341482,"20":0.899514,"21":0.35733,"22":0.7479,"23":2.586379,"24":1.877024,"25":1.574296,"26":2.293895},"Exposure":{"0":42.62434,"1":95.27808,"2":82.74144,"3":115.33662,"4":122.85608,"5":65.18936,"6":110.32198,"7":330.9626,"8":210.61434,"9":228.1657,"10":147.93164,"11":290.84866,"12":263.26826,"13":213.12194,"14":388.62296,"15":240.70228,"16":496.44868,"17":466.36114,"18":468.857,"19":549.10174,"20":1170.90606,"21":556.6242,"22":1118.2522,"23":3066.4279,"24":1579.599,"25":3016.2819,"26":10931.828},"Sigma":{"0":1083.685784,"1":376.640024,"2":339.845485,"3":258.951839,"4":276.452224,"5":533.804702,"6":407.326939,"7":346.52288,"8":336.846743,"9":393.436735,"10":427.978539,"11":208.418545,"12":203.826171,"13":251.635057,"14":311.951146,"15":551.122082,"16":274.427798,"17":345.560209,"18":401.086768,"19":274.861395,"20":324.651614,"21":268.710735,"22":294.944225,"23":261.079206,"24":136.226563,"25":167.983513,"26":156.126557},"SNR":{"0":4.467975,"1":4.546032,"2":4.43053,"3":4.401409,"4":4.516613,"5":4.455288,"6":4.443011,"7":6.137744,"8":4.419273,"9":4.540659,"10":4.439095,"11":3.785244,"12":3.78143,"13":3.811944,"14":5.451005,"15":3.850793,"16":3.786449,"17":3.81751,"18":4.408722,"19":3.784454,"20":5.217455,"21":3.780347,"22":4.745701,"23":5.997616,"24":3.926648,"25":3.465764,"26":3.406868}}