{"Time":{"0":323.709,"1":358.65,"2":5725.742,"3":5795.943,"4":5872.794,"5":6013.666,"6":11444.364,"7":11665.537,"8":17302.976,"9":17488.745,"10":23149.079,"11":30787.928,"12":43075.783,"13":156198.417},"TimePos":{"0":13.677,"1":23.867,"2":35.394,"3":35.398,"4":36.274,"5":106.014,"6":94.281,"7":191.533,"8":98.353,"9":105.644,"10":182.758,"11":4016.831,"12":3204.336,"13":210027.597},"TimeNeg":{"0":-18.919,"1":-21.264,"2":-39.826,"3":-34.807,"4":-41.453,"5":-104.597,"6":-86.247,"7":-126.893,"8":-152.379,"9":-87.416,"10":-213.395,"11":-2182.592,"12":-2956.193,"13":-35779.634},"Rate":{"0":7.3997,"1":6.042713,"2":0.3252942,"3":0.3501547,"4":0.3173249,"5":0.2024909,"6":0.1334053,"7":0.1447752,"8":0.07307288,"9":0.126623,"10":0.05827077,"11":0.02427031,"12":0.0215251,"13":0.0006610169},"RatePos":{"0":1.584595,"1":1.219166,"2":0.07306581,"3":0.07891654,"4":0.07127578,"5":0.03462665,"6":0.03013507,"7":0.02370149,"8":0.01924094,"9":0.02862644,"10":0.01408773,"11":0.006087207,"12":0.005238519,"13":0.0003167295},"RateNeg":{"0":-1.584595,"1":-1.219166,"2":-0.07306581,"3":-0.07891654,"4":-0.07127578,"5":-0.03462665,"6":-0.03013507,"7":-0.02370149,"8":-0.01924094,"9":-0.02862644,"10":-0.01408773,"11":-0.006087207,"12":-0.005238519,"13":-0.0002530836},"FracExp":{"0":1.0,"1":1.0,"2":1.0,"3":1.0,"4":1.0,"5":1.0,"6":1.0,"7":1.0,"8":1.0,"9":1.0,"10":1.0,"11":0.143577,"12":0.17338,"13":0.061936},"BGrate":{"0":0.002935509,"1":0.004770265,"2":0.001179874,"3":0.002212264,"4":0.001141814,"5":0.00189626,"6":0.001108162,"7":0.002652644,"8":0.001153442,"9":0.001123503,"10":0.001134581,"11":0.0006275089,"12":0.0005287152,"13":0.0001279429},"BGerr":{"0":0.001467755,"1":0.001590088,"2":0.0005899368,"3":0.0008361572,"4":0.0005709069,"5":0.0004469527,"6":0.0003693873,"7":0.0004303156,"8":0.0002579175,"9":0.0002900871,"10":0.0001529869,"11":0.0000760966,"12":0.0000636498,"13":0.000003895},"CorrFact":{"0":11.011268,"1":11.003338,"2":1.22888,"3":1.23875,"4":1.238732,"5":1.232546,"6":1.21633,"7":1.208222,"8":1.24546,"9":1.235694,"10":1.315297,"11":1.313922,"12":1.318659,"13":1.427047},"CtsInSrc":{"0":22.0,"1":25.0,"2":20.0,"3":20.0,"4":20.0,"5":35.0,"6":20.0,"7":39.0,"8":15.0,"9":20.0,"10":18.0,"11":17.0,"12":18.0,"13":9.0},"BGInSrc":{"0":0.095683,"1":0.215288,"2":0.08875,"3":0.155312,"4":0.08875,"5":0.399374,"6":0.200053,"7":0.844669,"8":0.289205,"9":0.216904,"10":0.449468,"11":0.55854,"12":0.564726,"13":1.947844},"Exposure":{"0":32.595148,"1":45.131152,"2":75.21968,"3":70.205,"4":77.72696,"5":210.61126,"6":180.52716,"7":318.42554,"8":250.73192,"9":193.06018,"10":396.1534,"11":890.0915,"12":1068.1098,"13":15224.3256},"Sigma":{"0":457.850046,"1":345.371247,"2":448.705706,"3":338.055738,"4":448.705706,"5":367.570597,"6":296.92008,"7":278.458336,"8":227.481275,"9":353.242655,"10":289.582765,"11":242.7394,"12":256.45764,"13":3.67132},"SNR":{"0":4.669773,"1":4.956432,"2":4.452072,"3":4.437025,"4":4.452072,"5":5.847833,"6":4.426911,"7":6.108272,"8":3.797782,"9":4.423288,"10":4.136278,"11":3.987102,"12":4.109006,"13":2.611852}}