{"Time":{"0":256.186,"1":271.855,"2":286.561,"3":308.569,"4":331.752,"5":354.43,"6":384.357,"7":406.886,"8":438.127,"9":481.703,"10":512.88,"11":559.406,"12":605.565,"13":649.867,"14":696.562,"15":732.444,"16":769.525,"17":830.908,"18":898.527,"19":946.944,"20":1003.481,"21":1068.806,"22":1141.752,"23":1223.846,"24":1297.654,"25":12179.845,"26":12389.91,"27":12687.895,"28":17233.531,"29":17507.243,"30":41129.197},"TimePos":{"0":8.954,"1":8.328,"2":6.159,"3":11.732,"4":11.114,"5":13.51,"6":13.671,"7":11.201,"8":25.09,"9":14.11,"10":25.557,"11":21.656,"12":20.628,"13":21.459,"14":17.387,"15":16.608,"16":22.151,"17":35.987,"18":31.051,"19":17.737,"20":36.419,"21":28.763,"22":46.079,"23":24.161,"24":38.103,"25":120.95,"26":108.962,"27":207.128,"28":87.036,"29":262.133,"30":27984.715},"TimeNeg":{"0":-11.105,"1":-6.716,"2":-6.378,"3":-15.849,"4":-11.452,"5":-11.563,"6":-16.417,"7":-8.858,"8":-20.041,"9":-18.485,"10":-17.067,"11":-20.968,"12":-24.503,"13":-23.673,"14":-25.237,"15":-18.495,"16":-20.473,"17":-39.232,"18":-31.631,"19":-17.366,"20":-38.801,"21":-28.906,"22":-44.184,"23":-36.015,"24":-49.647,"25":-112.231,"26":-89.116,"27":-189.023,"28":-121.071,"29":-186.675,"30":-7687.023},"Rate":{"0":6.276925,"1":8.163914,"2":9.203896,"3":4.189336,"4":5.618878,"5":4.850408,"6":4.376632,"7":6.062496,"8":2.693258,"9":3.876429,"10":2.86403,"11":2.686295,"12":2.690817,"13":2.679337,"14":2.752043,"15":3.280554,"16":2.721164,"17":1.541661,"18":1.826836,"19":3.301004,"20":1.520788,"21":2.107297,"22":1.40735,"23":1.906917,"24":1.365517,"25":0.07903176,"26":0.1239154,"27":0.07998645,"28":0.09286962,"29":0.06831398,"30":0.008700466},"RatePos":{"0":1.355009,"1":1.789243,"2":2.067433,"3":0.9439011,"4":1.209589,"5":1.064579,"6":0.9235198,"7":1.330611,"8":0.5945672,"9":0.8344877,"10":0.6295159,"11":0.6108334,"12":0.5923026,"13":0.5914939,"14":0.6153755,"15":0.7425366,"16":0.6131065,"17":0.348414,"18":0.4154022,"19":0.741491,"20":0.3458101,"21":0.464533,"22":0.3029635,"23":0.432946,"24":0.3027763,"25":0.02066036,"26":0.02782696,"27":0.01587755,"28":0.02351798,"29":0.01415123,"30":0.00175212},"RateNeg":{"0":-1.355009,"1":-1.789243,"2":-2.067433,"3":-0.9439011,"4":-1.209589,"5":-1.064579,"6":-0.9235198,"7":-1.330611,"8":-0.5945672,"9":-0.8344877,"10":-0.6295159,"11":-0.6108334,"12":-0.5923026,"13":-0.5914939,"14":-0.6153755,"15":-0.7425366,"16":-0.6131065,"17":-0.348414,"18":-0.4154022,"19":-0.741491,"20":-0.3458101,"21":-0.464533,"22":-0.3029635,"23":-0.432946,"24":-0.3027763,"25":-0.02066036,"26":-0.02782696,"27":-0.01587755,"28":-0.02351798,"29":-0.01415123,"30":-0.00175212},"FracExp":{"0":1.0,"1":1.0,"2":1.0,"3":1.0,"4":1.0,"5":1.0,"6":1.0,"7":1.0,"8":1.0,"9":1.0,"10":1.0,"11":1.0,"12":1.0,"13":1.0,"14":1.0,"15":1.0,"16":1.0,"17":1.0,"18":1.0,"19":1.0,"20":1.0,"21":1.0,"22":1.0,"23":1.0,"24":1.0,"25":1.0,"26":1.0,"27":1.0,"28":1.0,"29":0.944128,"30":0.124761},"BGrate":{"0":0.01337268,"1":0.005943384,"2":0.007132102,"3":0.005403094,"4":0.009245296,"5":0.004754716,"6":0.008915117,"7":0.005943411,"8":0.005283022,"9":0.0064006,"10":0.003496119,"11":0.007691473,"12":0.003962273,"13":0.005283033,"14":0.0,"15":0.006792464,"16":0.003496129,"17":0.002773594,"18":0.005230205,"19":0.00254718,"20":0.004358505,"21":0.003617734,"22":0.002311331,"23":0.004952849,"24":0.003736126,"25":0.0007867746,"26":0.0004274785,"27":0.000783721,"28":0.00097563,"29":0.0008214194,"30":0.0003862296},"BGerr":{"0":0.004457561,"1":0.003431414,"2":0.004117721,"3":0.002416337,"4":0.003494394,"5":0.002377358,"6":0.002971706,"7":0.002971706,"8":0.00186783,"9":0.002419199,"10":0.001563512,"11":0.002319066,"12":0.001617591,"13":0.001867834,"14":0.0,"15":0.002401499,"16":0.001563516,"17":0.00104832,"18":0.001576966,"19":0.001470615,"20":0.001314139,"21":0.001367375,"22":0.0008736009,"23":0.001566228,"24":0.001126485,"25":0.000218212,"26":0.0001745174,"27":0.0001670899,"28":0.0002607481,"29":0.0001676715,"30":0.0000236369},"CorrFact":{"0":5.793628,"1":5.873464,"2":5.795167,"3":5.820568,"4":5.818579,"5":5.824271,"6":5.792913,"7":5.823761,"8":5.854639,"9":5.798282,"10":5.854767,"11":5.820491,"12":5.832576,"13":5.824364,"14":5.8652,"15":5.827242,"16":5.842921,"17":5.859262,"18":5.820983,"19":5.819669,"20":5.814956,"21":5.844922,"22":5.82946,"23":5.824275,"24":5.796383,"25":1.24379,"26":1.232463,"27":1.233447,"28":1.223455,"29":1.223867,"30":1.473342},"CtsInSrc":{"0":22.0,"1":21.0,"2":20.0,"3":20.0,"4":22.0,"5":21.0,"6":23.0,"7":21.0,"8":21.0,"9":22.0,"10":21.0,"11":20.0,"12":21.0,"13":21.0,"14":20.0,"15":20.0,"16":20.0,"17":20.0,"18":20.0,"19":20.0,"20":20.0,"21":21.0,"22":22.0,"23":20.0,"24":21.0,"25":15.0,"26":20.0,"27":26.0,"28":16.0,"29":24.0,"30":28.0},"BGInSrc":{"0":0.268236,"1":0.089412,"2":0.089412,"3":0.14902,"4":0.208628,"5":0.119216,"6":0.268236,"7":0.119216,"8":0.238432,"9":0.208628,"10":0.14902,"11":0.327844,"12":0.178824,"13":0.238432,"14":0.0,"15":0.238432,"16":0.14902,"17":0.208628,"18":0.327844,"19":0.089412,"20":0.327844,"21":0.208628,"22":0.208628,"23":0.29804,"24":0.327844,"25":0.18346,"26":0.084674,"27":0.310472,"28":0.203036,"29":0.348062,"30":1.718898},"Exposure":{"0":20.058508,"1":15.04396,"2":12.53656,"3":27.5805,"4":22.56586,"5":25.07322,"6":30.08778,"7":20.05852,"8":45.13176,"9":32.59508,"10":42.62442,"11":42.62436,"12":45.13168,"13":45.13166,"14":42.62434,"15":35.10244,"16":42.6243,"17":75.2194,"18":62.68284,"19":35.10236,"20":75.2194,"21":57.66816,"22":90.26318,"23":60.17548,"24":87.749732,"25":233.18046,"26":198.07794,"27":396.1506,"28":208.10758,"29":423.73202,"30":4450.4575},"Sigma":{"0":243.051913,"1":405.070799,"2":385.699235,"3":297.866915,"4":276.350893,"5":350.301602,"6":254.23609,"7":350.301602,"8":246.286425,"9":276.350893,"10":312.872064,"11":199.012765,"12":285.203564,"13":246.286425,"14":1000.0,"15":234.423813,"16":297.866915,"17":250.987562,"18":199.012765,"19":385.699235,"20":199.012765,"21":263.669227,"22":276.350893,"23":209.042577,"24":209.129235,"25":291.189672,"26":576.119602,"27":388.101794,"28":291.115024,"29":332.901786,"30":249.832559},"SNR":{"0":4.632386,"1":4.562775,"2":4.451846,"3":4.438321,"4":4.64528,"5":4.556175,"6":4.739077,"7":4.556175,"8":4.529779,"9":4.64528,"10":4.549576,"11":4.397754,"12":4.542977,"13":4.529779,"14":4.472136,"15":4.418036,"16":4.438321,"17":4.424798,"18":4.397754,"19":4.451846,"20":4.397754,"21":4.536378,"22":4.64528,"23":4.404514,"24":4.509985,"25":3.825284,"26":4.453069,"27":5.037707,"28":3.948878,"29":4.827424,"30":4.96568}}