{"Time":{"0":160619.995,"1":170350.588,"2":262240.539,"3":274221.448},"TimePos":{"0":6758.097,"1":14146.09,"2":3502.406,"3":8860.569},"TimeNeg":{"0":-5406.024,"1":-2972.496,"2":-8279.329,"3":-3341.256},"Rate":{"0":0.01159275,"1":0.01064518,"2":0.01165349,"3":0.009380013},"RatePos":{"0":0.003092278,"1":0.002574149,"2":0.002856122,"3":0.002542529},"RateNeg":{"0":-0.003092278,"1":-0.002574149,"2":-0.002856122,"3":-0.002542529},"FracExp":{"0":0.142019,"1":0.130209,"2":0.173655,"3":0.167676},"BGrate":{"0":0.0002773417,"1":0.0004357199,"2":0.0003358796,"3":0.0003468123},"BGerr":{"0":0.0000302605,"1":0.0000352259,"2":0.0000320249,"3":0.0000320628},"CorrFact":{"0":1.379174,"1":1.316116,"2":1.377162,"3":1.342933},"CtsInSrc":{"0":15.0,"1":19.0,"2":18.0,"3":15.0},"BGInSrc":{"0":0.479116,"1":0.971215,"2":0.687195,"3":0.709563},"Exposure":{"0":1727.53068,"1":2228.98872,"2":2045.9568,"3":2045.9568},"Sigma":{"0":277.774142,"1":229.613231,"2":264.230917,"3":217.844969},"SNR":{"0":3.748935,"1":4.135416,"2":4.080181,"3":3.689246}}