{"Time":{"0":164.022,"1":178.914,"2":194.702,"3":213.639,"4":257.667,"5":369.714,"6":14009.382},"TimePos":{"0":7.404,"1":7.556,"2":9.32,"3":10.441,"4":49.154,"5":235.476,"6":85130.552},"TimeNeg":{"0":-7.64,"1":-7.488,"2":-8.231,"3":-9.617,"4":-33.587,"5":-62.892,"6":-8852.17},"Rate":{"0":11.02294,"1":7.347011,"2":6.63095,"3":6.071508,"4":1.33097,"5":0.1923803,"6":0.0007176327},"RatePos":{"0":2.016191,"1":1.656469,"2":1.448884,"3":1.304204,"4":0.301751,"5":0.04297398,"6":0.0003469314},"RateNeg":{"0":-2.016191,"1":-1.656469,"2":-1.448884,"3":-1.304204,"4":-0.301751,"5":-0.04297398,"6":-0.000273245},"FracExp":{"0":1.0,"1":1.0,"2":1.0,"3":1.0,"4":0.999991,"5":0.999997,"6":0.183707},"BGrate":{"0":0.0035973,"1":0.01079188,"2":0.0015417,"3":0.008093894,"4":0.003270296,"5":0.001604533,"6":0.0000786475},"BGerr":{"0":0.002543675,"1":0.004405765,"2":0.0015417,"3":0.003304318,"4":0.001034158,"5":0.0003891564,"6":0.0000027168},"CorrFact":{"0":5.537571,"1":5.571606,"2":5.549096,"3":5.576863,"4":5.58178,"5":2.797105,"6":1.86542},"CtsInSrc":{"0":30.0,"1":20.0,"2":21.0,"3":22.0,"4":20.0,"5":21.0,"6":8.0},"BGInSrc":{"0":0.054117,"1":0.162352,"2":0.027059,"3":0.162352,"4":0.270586,"5":0.478741,"6":1.357871},"Exposure":{"0":15.043848,"1":15.04388,"2":17.55116,"3":20.05854,"4":82.740572,"5":298.367932,"6":17265.2678},"Sigma":{"0":782.558014,"1":299.301561,"2":775.09291,"3":329.476666,"4":230.573081,"5":176.737058,"6":3.874491},"SNR":{"0":5.467212,"1":4.435346,"2":4.576591,"3":4.655337,"4":4.410824,"5":4.476669,"6":2.626335}}