{"Time":{"0":111.196,"1":144.746,"2":196.29,"3":265.83,"4":334.94,"5":410.815,"6":551.55,"7":708.317,"8":854.205,"9":1028.228,"10":4948.959,"11":5291.388,"12":5634.017,"13":6216.19,"14":6661.565,"15":14884.393,"16":26817.139},"TimePos":{"0":13.133,"1":22.208,"2":30.839,"3":36.519,"4":30.092,"5":64.539,"6":81.765,"7":75.438,"8":67.452,"9":91.505,"10":185.73,"11":121.614,"12":177.649,"13":179.682,"14":195.634,"15":3449.572,"16":20009.486},"TimeNeg":{"0":-14.447,"1":-20.417,"2":-29.336,"3":-38.701,"4":-32.591,"5":-45.783,"6":-76.196,"7":-75.001,"8":-70.451,"9":-106.572,"10":-330.778,"11":-156.699,"12":-221.016,"13":-404.524,"14":-265.693,"15":-4536.417,"16":-4828.758},"Rate":{"0":1.732255,"1":1.081714,"2":0.6903047,"3":0.5545573,"4":0.6954402,"5":0.3740564,"6":0.2592272,"7":0.2834824,"8":0.2352048,"9":0.2177335,"10":0.03749032,"11":0.06987691,"12":0.04924936,"13":0.03307312,"14":0.05035664,"15":0.009439382,"16":0.004785323},"RatePos":{"0":0.3700609,"1":0.2313188,"2":0.1548698,"3":0.1245528,"4":0.1525595,"5":0.08429297,"6":0.05887484,"7":0.06325743,"8":0.05336162,"9":0.03651753,"10":0.009861699,"11":0.01824594,"12":0.01290349,"13":0.008724587,"14":0.01206,"15":0.002058791,"16":0.001262614},"RateNeg":{"0":-0.3700609,"1":-0.2313188,"2":-0.1548698,"3":-0.1245528,"4":-0.1525595,"5":-0.08429297,"6":-0.05887484,"7":-0.06325743,"8":-0.05336162,"9":-0.03651753,"10":-0.009861699,"11":-0.01824594,"12":-0.01290349,"13":-0.008724587,"14":-0.01206,"15":-0.002058791,"16":-0.001262614},"FracExp":{"0":1.0,"1":1.0,"2":1.0,"3":1.0,"4":1.0,"5":1.0,"6":1.0,"7":1.0,"8":0.999955,"9":1.0,"10":1.0,"11":1.0,"12":1.0,"13":1.0,"14":1.0,"15":0.408151,"16":0.200679},"BGrate":{"0":0.001583959,"1":0.001537369,"2":0.00108897,"3":0.001161568,"4":0.001742353,"5":0.001385962,"6":0.001935949,"7":0.003049121,"8":0.002065729,"9":0.001125353,"10":0.0005330174,"11":0.0005995155,"12":0.0005440888,"13":0.0005426526,"14":0.0006148563,"15":0.0003095165,"16":0.0001682747},"BGerr":{"0":0.001120028,"1":0.0008876004,"2":0.0006287174,"3":0.0005807842,"4":0.0007792041,"5":0.0005238445,"6":0.0005174041,"7":0.0006653728,"8":0.0005729301,"9":0.0003558678,"10":0.0000927864,"11":0.0001340557,"12":0.0001067046,"13":0.0000880299,"14":0.000105447,"15":0.0000228801,"16":0.0000100029},"CorrFact":{"0":2.175979,"1":2.102058,"2":2.083807,"3":2.094832,"4":2.086676,"5":2.079231,"6":2.079182,"7":2.076152,"8":1.645124,"9":1.20546,"10":1.315072,"11":1.311095,"12":1.328137,"13":1.315912,"14":1.311269,"15":1.39909,"16":1.573256},"CtsInSrc":{"0":22.0,"1":22.0,"2":20.0,"3":20.0,"4":21.0,"5":20.0,"6":20.0,"7":21.0,"8":20.0,"9":36.0,"10":15.0,"11":15.0,"12":15.0,"13":15.0,"14":18.0,"15":23.0,"16":16.0},"BGInSrc":{"0":0.043686,"1":0.06553,"2":0.06553,"3":0.087373,"4":0.109216,"5":0.152902,"6":0.305805,"7":0.458707,"8":0.284856,"9":0.222906,"10":0.275308,"11":0.166853,"12":0.216909,"13":0.317021,"14":0.28365,"15":1.008866,"16":0.838767},"Exposure":{"0":27.5805,"1":42.6245,"2":60.17572,"3":75.21966,"4":62.68302,"5":110.32216,"6":157.96116,"7":150.4391,"8":137.89626,"9":198.07632,"10":516.50758,"11":278.31318,"12":398.66464,"13":584.20586,"14":461.32764,"15":3259.49,"16":4984.5124},"Sigma":{"0":710.768675,"1":579.762842,"2":526.89967,"3":455.8085,"4":427.714121,"5":343.424945,"6":240.967279,"7":205.211635,"8":249.543249,"9":507.555878,"10":307.245196,"11":397.570488,"12":347.515688,"13":285.507962,"14":364.192188,"15":294.876168,"16":304.078801},"SNR":{"0":4.681,"1":4.676293,"2":4.457324,"3":4.452386,"4":4.558484,"5":4.437575,"6":4.403021,"7":4.481409,"8":4.407752,"9":5.962438,"10":3.801608,"11":3.829724,"12":3.816747,"13":3.790795,"14":4.175509,"15":4.584914,"16":3.790014}}