{"Time":{"0":149.778,"1":309.65,"2":812.411,"3":885.002,"4":986.474,"5":1155.56,"6":1425.651,"7":1682.267,"8":2571.954,"9":50260.412,"10":170360.944},"TimePos":{"0":55.844,"1":164.254,"2":31.312,"3":38.955,"4":62.849,"5":121.929,"6":120.121,"7":151.847,"8":5563.547,"9":49995.744,"10":103175.685},"TimeNeg":{"0":-49.463,"1":-104.028,"2":-26.356,"3":-41.279,"4":-62.516,"5":-106.237,"6":-148.162,"7":-136.494,"8":-737.84,"9":-33161.797,"10":-64698.425},"Rate":{"0":0.2524995,"1":2.984658,"2":1.203099,"3":0.8359786,"4":0.3570704,"5":0.1158864,"6":0.07905869,"7":0.06891389,"8":0.03772748,"9":0.001758683,"10":0.0009287014},"RatePos":{"0":0.05655404,"1":0.4798691,"2":0.2629054,"3":0.1871503,"4":0.07994906,"5":0.0259903,"6":0.01989618,"7":0.01788808,"8":0.007482554,"9":0.0004556161,"10":0.0002614462},"RateNeg":{"0":-0.05655404,"1":-0.4798691,"2":-0.2629054,"3":-0.1871503,"4":-0.07994906,"5":-0.0259903,"6":-0.01989618,"7":-0.01788808,"8":-0.007482554,"9":-0.0004556161,"10":-0.0002614462},"FracExp":{"0":1.0,"1":0.999992,"2":1.0,"3":1.0,"4":0.99999,"5":1.0,"6":1.0,"7":1.0,"8":0.146425,"9":0.174847,"10":0.136765},"BGrate":{"0":0.0003127801,"1":0.0005869303,"2":0.0005077533,"3":0.0002919579,"4":0.0002102118,"5":0.0002598745,"6":0.0003929149,"7":0.0002741862,"8":0.0003137565,"9":0.0001115245,"10":0.0000779579},"BGerr":{"0":0.0001398795,"1":0.0000928018,"2":0.0002270742,"3":0.0001459789,"4":0.0001051059,"5":0.0000866248,"6":0.0000982287,"7":0.0000791507,"8":0.0000473006,"9":0.0000043378,"10":0.0000024928},"CorrFact":{"0":1.331694,"1":20.614656,"2":3.308451,"3":3.357634,"4":2.241152,"5":1.325998,"6":1.334424,"7":1.331736,"8":1.353937,"9":1.561256,"10":1.500505},"CtsInSrc":{"0":20.0,"1":39.0,"2":21.0,"3":20.0,"4":20.0,"5":20.0,"6":16.0,"7":15.0,"8":26.0,"9":18.0,"10":16.0},"BGInSrc":{"0":0.032938,"1":0.157462,"2":0.029281,"3":0.023425,"4":0.026353,"5":0.059295,"6":0.105412,"7":0.079059,"8":0.289497,"9":1.621548,"10":1.789863},"Exposure":{"0":105.307228,"1":268.280472,"2":57.66824,"3":80.23414,"4":125.36458,"5":228.1659,"6":268.28314,"7":288.34182,"8":922.67998,"9":14539.8327,"10":22959.346099},"Sigma":{"0":1355.507514,"1":1560.134306,"2":1601.433453,"3":1705.578125,"4":1515.847222,"5":1008.898148,"6":603.138889,"7":653.783025,"8":589.105583,"9":259.683236,"10":248.28352},"SNR":{"0":4.464747,"1":6.219734,"2":4.576167,"3":4.466883,"4":4.466224,"5":4.458834,"6":3.973561,"7":3.852503,"8":5.04206,"9":3.860012,"10":3.552171}}