{"Time":{"0":183.857,"1":262.935,"2":372.872,"3":447.797,"4":485.65,"5":529.185,"6":580.883,"7":619.419,"8":676.63,"9":741.515,"10":817.705,"11":908.314,"12":1008.66,"13":4468.188,"14":4624.228,"15":4789.378,"16":4973.522,"17":5178.001,"18":5359.708,"19":5566.296,"20":5756.98,"21":5975.311,"22":6186.793,"23":6375.061,"24":6578.734,"25":6807.306,"26":10388.05,"27":10657.448,"28":10966.506,"29":11316.645,"30":11713.69,"31":12226.869,"32":16502.063,"33":17798.867,"34":22258.88,"35":23592.669,"36":28839.802,"37":34512.961,"38":43079.278,"39":61795.23,"40":221722.22},"TimePos":{"0":25.501,"1":42.372,"2":55.693,"3":23.392,"4":15.627,"5":27.253,"6":18.18,"7":29.789,"8":35.261,"9":28.044,"10":59.669,"11":34.25,"12":101.488,"13":93.216,"14":67.556,"15":87.947,"16":96.865,"17":90.464,"18":79.254,"19":95.816,"20":123.268,"21":95.493,"22":77.074,"23":94.405,"24":116.391,"25":105.946,"26":177.348,"27":113.549,"28":135.456,"29":178.965,"30":180.582,"31":454.038,"32":507.448,"33":677.411,"34":635.343,"35":665.519,"36":1199.989,"37":1301.44,"38":4300.428,"39":8713.941,"40":136312.173},"TimeNeg":{"0":-30.422,"1":-53.576,"2":-67.565,"3":-19.232,"4":-14.461,"5":-27.908,"6":-24.445,"7":-20.357,"8":-27.422,"9":-29.624,"10":-48.146,"11":-30.94,"12":-66.096,"13":-74.773,"14":-62.824,"15":-97.594,"16":-96.197,"17":-107.613,"18":-91.243,"19":-127.334,"20":-94.868,"21":-95.063,"22":-115.989,"23":-111.194,"24":-109.268,"25":-112.182,"26":-213.792,"27":-92.05,"28":-195.509,"29":-214.683,"30":-218.08,"31":-332.597,"32":-545.622,"33":-789.356,"34":-520.529,"35":-698.446,"36":-1319.847,"37":-1210.483,"38":-3988.569,"39":-11135.523,"40":-118230.288},"Rate":{"0":3.219659,"1":1.918927,"2":1.551695,"3":0.9637427,"4":1.35908,"5":0.7356159,"6":0.9587596,"7":0.8126603,"8":0.6445515,"9":0.6990519,"10":0.3744143,"11":0.6206082,"12":0.4091435,"13":0.1532641,"14":0.2072276,"15":0.1381175,"16":0.1310576,"17":0.1292725,"18":0.1494825,"19":0.1129337,"20":0.0868324,"21":0.1324938,"22":0.1309413,"23":0.1232352,"24":0.1134498,"25":0.09252043,"26":0.05055001,"27":0.09681686,"28":0.06045286,"29":0.05067539,"30":0.04980522,"31":0.03762946,"32":0.01788753,"33":0.02042743,"34":0.01625105,"35":0.02219554,"36":0.01282011,"37":0.009896712,"38":0.005561356,"39":0.004129314,"40":0.000856611},"RatePos":{"0":0.7211415,"1":0.4200799,"2":0.3396878,"3":0.2162213,"4":0.3044078,"5":0.1661527,"6":0.2158262,"7":0.1835547,"8":0.1448515,"9":0.1581607,"10":0.08456854,"11":0.1390043,"12":0.07650448,"13":0.03447273,"14":0.04542339,"15":0.03117604,"16":0.02965254,"17":0.02904222,"18":0.03358259,"19":0.02561259,"20":0.02273951,"21":0.0301561,"22":0.02955622,"23":0.0278497,"24":0.025608,"25":0.02368464,"26":0.01312639,"27":0.02514057,"28":0.01568893,"29":0.01318903,"30":0.01299226,"31":0.008537654,"32":0.004735385,"33":0.004305618,"34":0.004325055,"35":0.00463198,"36":0.002617321,"37":0.002428572,"38":0.00133041,"39":0.0008052762,"40":0.000253719},"RateNeg":{"0":-0.7211415,"1":-0.4200799,"2":-0.3396878,"3":-0.2162213,"4":-0.3044078,"5":-0.1661527,"6":-0.2158262,"7":-0.1835547,"8":-0.1448515,"9":-0.1581607,"10":-0.08456854,"11":-0.1390043,"12":-0.07650448,"13":-0.03447273,"14":-0.04542339,"15":-0.03117604,"16":-0.02965254,"17":-0.02904222,"18":-0.03358259,"19":-0.02561259,"20":-0.02273951,"21":-0.0301561,"22":-0.02955622,"23":-0.0278497,"24":-0.025608,"25":-0.02368464,"26":-0.01312639,"27":-0.02514057,"28":-0.01568893,"29":-0.01318903,"30":-0.01299226,"31":-0.008537654,"32":-0.004735385,"33":-0.004305618,"34":-0.004325055,"35":-0.00463198,"36":-0.002617321,"37":-0.002428572,"38":-0.00133041,"39":-0.0008052762,"40":-0.000253719},"FracExp":{"0":0.224176,"1":0.235186,"2":0.22376,"3":1.0,"4":1.0,"5":1.0,"6":1.0,"7":1.0,"8":1.0,"9":1.0,"10":1.0,"11":1.0,"12":0.85279,"13":1.0,"14":1.0,"15":1.0,"16":1.0,"17":1.0,"18":1.0,"19":1.0,"20":1.0,"21":1.0,"22":1.0,"23":1.0,"24":1.0,"25":1.0,"26":1.0,"27":1.0,"28":1.0,"29":1.0,"30":1.0,"31":0.88927,"32":1.0,"33":1.0,"34":1.0,"35":1.0,"36":1.0,"37":0.977198,"38":0.582889,"39":0.488842,"40":0.092178},"BGrate":{"0":0.002620298,"1":0.002911442,"2":0.002382089,"3":0.001541347,"4":0.001091787,"5":0.003573121,"6":0.003082693,"7":0.003930431,"8":0.001572174,"9":0.003987393,"10":0.001828107,"11":0.0005039013,"12":0.001379123,"13":0.00068908,"14":0.0007102826,"15":0.0009982349,"16":0.001199178,"17":0.0004675274,"18":0.0005431566,"19":0.001244987,"20":0.0009552052,"21":0.001822431,"22":0.0009593399,"23":0.001013448,"24":0.0008207679,"25":0.001698207,"26":0.0002165528,"27":0.0004119784,"28":0.0002303332,"29":0.0003012423,"30":0.0003824395,"31":0.0004116878,"32":0.0003500076,"33":0.0005142664,"34":0.0003856119,"35":0.000383339,"36":0.0004047452,"37":0.0002888181,"38":0.0001609911,"39":0.0001426018,"40":0.0000819289},"BGerr":{"0":0.002620298,"1":0.0020587,"2":0.001684391,"3":0.001089897,"4":0.001091787,"5":0.00145872,"6":0.001541347,"7":0.001604592,"8":0.0009076952,"9":0.001507093,"10":0.0007463216,"11":0.0005039013,"12":0.0005630245,"13":0.000308166,"14":0.0003551413,"15":0.0003529293,"16":0.0003792133,"17":0.0002337637,"18":0.0002715783,"19":0.0003593969,"20":0.0003184017,"21":0.0004705496,"22":0.0003391779,"23":0.0003378162,"24":0.0002901853,"25":0.0004245517,"26":0.00006848,"27":0.000130279,"28":0.0000767777,"29":0.0000805104,"30":0.0000901418,"31":0.0000706039,"32":0.0000533757,"33":0.000054821,"34":0.0000534747,"35":0.0000490815,"36":0.0000371029,"37":0.0000249501,"38":0.0000102229,"39":0.0000068849,"40":0.0000026105},"CorrFact":{"0":2.021483,"1":2.068468,"2":2.044311,"3":2.060709,"4":2.047944,"5":2.049051,"6":2.056833,"7":2.057871,"8":2.030114,"9":2.039095,"10":2.03845,"11":2.026203,"12":2.030087,"13":1.294832,"14":1.292284,"15":1.293296,"16":1.279931,"17":1.286252,"18":1.280242,"19":1.277811,"20":1.280539,"21":1.284679,"22":1.275811,"23":1.280193,"24":1.292008,"25":1.291223,"26":1.325627,"27":1.334567,"28":1.340664,"29":1.340481,"30":1.337291,"31":1.335377,"32":1.287423,"33":1.288939,"34":1.290625,"35":1.289507,"36":1.293212,"37":1.404942,"38":1.474582,"39":1.450874,"40":1.536889},"CtsInSrc":{"0":20.0,"1":21.0,"2":21.0,"3":20.0,"4":20.0,"5":20.0,"6":20.0,"7":20.0,"8":20.0,"9":20.0,"10":20.0,"11":20.0,"12":29.0,"13":20.0,"14":21.0,"15":20.0,"16":20.0,"17":20.0,"18":20.0,"19":20.0,"20":15.0,"21":20.0,"22":20.0,"23":20.0,"24":20.0,"25":16.0,"26":15.0,"27":15.0,"28":15.0,"29":15.0,"30":15.0,"31":20.0,"32":15.0,"33":24.0,"34":15.0,"35":24.0,"36":26.0,"37":18.0,"38":19.0,"39":29.0,"40":15.0},"BGInSrc":{"0":0.032849,"1":0.065699,"2":0.065699,"3":0.065699,"4":0.032849,"5":0.197096,"6":0.131397,"7":0.197096,"8":0.098548,"9":0.229946,"10":0.197096,"11":0.032849,"12":0.197096,"13":0.115758,"14":0.092606,"15":0.185213,"16":0.231516,"17":0.092606,"18":0.092606,"19":0.277819,"20":0.208365,"21":0.347274,"22":0.185213,"23":0.208365,"24":0.185213,"25":0.370426,"26":0.084702,"27":0.084702,"28":0.076232,"29":0.118583,"30":0.152464,"31":0.287988,"32":0.368583,"33":0.754309,"34":0.445718,"35":0.522861,"36":1.019892,"37":0.708946,"38":0.777839,"39":1.383701,"40":1.922323},"Exposure":{"0":12.5365,"1":22.5657,"2":27.5803,"3":42.624228,"4":30.0877,"5":55.1608,"6":42.62424,"7":50.1462,"8":62.68268,"9":57.66814,"10":107.81436,"11":65.19008,"12":142.914172,"13":167.98936,"14":130.37978,"15":185.54048,"16":193.0625,"17":198.07714,"18":170.49684,"19":223.15046,"20":218.13596,"21":190.55558,"22":193.06294,"23":205.5996,"24":225.65816,"25":218.1277,"26":391.13976,"27":205.59912,"28":330.9647,"29":393.64778,"30":398.66264,"31":699.5305,"32":1053.07022,"33":1466.76628,"34":1155.87124,"35":1363.96526,"36":2519.8365,"37":2454.6467,"38":4831.5671,"39":9703.250998,"40":23463.3134},"Sigma":{"0":607.839779,"1":450.62626,"2":450.62626,"3":429.100523,"4":607.839779,"5":246.108309,"6":302.41989,"7":246.108309,"8":349.781759,"9":227.474055,"10":246.108309,"11":607.839779,"12":357.959319,"13":384.09849,"14":451.531925,"15":302.595858,"16":270.017508,"17":429.935167,"18":429.935167,"19":245.913783,"20":212.967583,"21":219.177378,