{"Time":{"0":140.444,"1":163.322,"2":224.021,"3":443.34,"4":9601.514,"5":41283.756,"6":84382.237,"7":213469.128,"8":437636.151,"9":719840.013,"10":1153495.8570000001},"TimePos":{"0":8.962,"1":16.172,"2":48.243,"3":205.019,"4":13746.635,"5":17134.952,"6":31783.55,"7":93149.971,"8":169163.757,"9":107880.275,"10":171863.257},"TimeNeg":{"0":-6.082,"1":-13.916,"2":-44.528,"3":-171.076,"4":-5494.538,"5":-14217.098,"6":-22725.801,"7":-93964.686,"8":-126402.872,"9":-107651.024,"10":-321808.291},"Rate":{"0":2.801132,"1":1.500012,"2":0.4496922,"3":0.1299638,"4":0.003054895,"5":0.001671057,"6":0.0009084187,"7":0.0002894688,"8":0.0002735402,"9":0.0004801572,"10":0.0002356185},"RatePos":{"0":0.6279012,"1":0.328487,"2":0.1009277,"3":0.02158465,"4":0.0008037421,"5":0.0004555529,"6":0.0002657997,"7":0.0000978355,"8":0.0000957171,"9":0.0001542628,"10":0.0000855278},"RateNeg":{"0":-0.6279012,"1":-0.328487,"2":-0.1009277,"3":-0.02158465,"4":-0.0008037421,"5":-0.0004555529,"6":-0.0002657997,"7":-0.0000978355,"8":-0.0000957171,"9":-0.0001542628,"10":-0.0000855278},"FracExp":{"0":1.0,"1":1.0,"2":1.0,"3":0.999998,"4":0.396531,"5":0.440564,"6":0.419176,"7":0.326298,"8":0.218777,"9":0.188003,"10":0.138821},"BGrate":{"0":0.003240206,"1":0.002430149,"2":0.0007881575,"3":0.0009849227,"4":0.0001738582,"5":0.0000959752,"6":0.0000771092,"7":0.0000579601,"8":0.0000607676,"9":0.0000726293,"10":0.000063153},"BGerr":{"0":0.002291172,"1":0.001403047,"2":0.0004550429,"3":0.0002543059,"4":0.0000091504,"5":0.0000042088,"6":0.0000025576,"7":0.0000012222,"8":0.0000012366,"9":0.0000017457,"10":0.0000011999},"CorrFact":{"0":2.112136,"1":2.156648,"2":2.093559,"3":1.334404,"4":1.487094,"5":1.572925,"6":1.567931,"7":1.542031,"8":1.597748,"9":1.613681,"10":1.513065},"CtsInSrc":{"0":20.0,"1":21.0,"2":20.0,"3":37.0,"4":17.0,"5":16.0,"6":15.0,"7":15.0,"8":15.0,"9":15.0,"10":15.0},"BGInSrc":{"0":0.048745,"1":0.073118,"2":0.073118,"3":0.370424,"4":1.326489,"5":1.325665,"6":1.761869,"7":3.538768,"8":3.929429,"9":2.942974,"10":4.328007},"Exposure":{"0":15.043828,"1":30.08772,"2":92.77036,"3":376.094592,"4":7629.7139,"5":13812.585335,"6":22849.014885,"7":61055.222151,"8":64663.206757,"9":40520.475298,"10":68532.030896},"Sigma":{"0":578.834244,"1":495.727375,"2":472.038831,"3":382.98193,"4":224.500034,"5":252.421482,"6":226.534774,"7":153.593894,"8":138.451963,"9":170.452062,"10":129.776919},"SNR":{"0":4.461104,"1":4.566426,"2":4.455588,"3":6.021121,"4":3.80084,"5":3.668196,"6":3.417682,"7":2.958728,"8":2.8578,"9":3.112592,"10":2.754876}}