{"Time":{"0":193.471,"1":206.018,"2":215.449,"3":225.034,"4":236.095,"5":249.904,"6":263.478,"7":276.824,"8":292.827,"9":314.012,"10":334.827,"11":351.339,"12":366.466,"13":384.256,"14":405.389,"15":432.814,"16":469.142,"17":515.644,"18":596.117,"19":735.452,"20":959.362,"21":2046.242},"TimePos":{"0":7.011,"1":4.494,"2":5.092,"3":5.536,"4":7.011,"5":5.738,"6":7.209,"7":6.4,"8":10.455,"9":11.836,"10":8.572,"11":7.103,"12":9.528,"13":9.289,"14":13.229,"15":15.893,"16":19.682,"17":30.848,"18":68.219,"19":96.874,"20":113.668,"21":31534.722},"TimeNeg":{"0":-5.526,"1":-5.536,"2":-4.938,"3":-4.494,"4":-5.525,"5":-6.798,"6":-7.835,"7":-6.137,"8":-9.604,"9":-10.73,"10":-8.98,"11":-7.94,"12":-8.023,"13":-8.262,"14":-11.844,"15":-14.195,"16":-20.435,"17":-26.82,"18":-49.625,"19":-71.116,"20":-127.035,"21":-973.213},"Rate":{"0":5.792295,"1":7.256125,"2":7.944701,"3":7.036826,"4":5.8717,"5":7.43934,"6":5.030647,"7":6.593962,"8":3.490803,"9":3.09648,"10":4.19556,"11":5.774327,"12":4.155748,"13":4.181743,"14":2.784617,"15":2.428348,"16":1.720087,"17":1.267077,"18":0.5936824,"19":0.4105982,"20":0.1661633,"21":0.01055839},"RatePos":{"0":1.26881,"1":1.593521,"2":1.66236,"3":1.577684,"4":1.286204,"5":1.434532,"6":1.076447,"7":1.351988,"8":0.7836982,"9":0.6961017,"10":0.9190429,"11":1.158568,"12":0.9114823,"13":0.9171838,"14":0.6234896,"15":0.5332907,"16":0.3887643,"17":0.2789753,"18":0.1336412,"19":0.09317722,"20":0.03792332,"21":0.001795761},"RateNeg":{"0":-1.26881,"1":-1.593521,"2":-1.66236,"3":-1.577684,"4":-1.286204,"5":-1.434532,"6":-1.076447,"7":-1.351988,"8":-0.7836982,"9":-0.6961017,"10":-0.9190429,"11":-1.158568,"12":-0.9114823,"13":-0.9171838,"14":-0.6234896,"15":-0.5332907,"16":-0.3887643,"17":-0.2789753,"18":-0.1336412,"19":-0.09317722,"20":-0.03792332,"21":-0.001795761},"FracExp":{"0":1.0,"1":1.0,"2":1.0,"3":1.0,"4":1.0,"5":1.0,"6":1.0,"7":1.0,"8":1.0,"9":1.0,"10":1.0,"11":1.0,"12":1.0,"13":1.0,"14":1.0,"15":1.0,"16":1.0,"17":1.0,"18":1.0,"19":1.0,"20":0.999974,"21":0.130656},"BGrate":{"0":0.006290909,"1":0.01310603,"2":0.0078636,"3":0.005242411,"4":0.006290913,"5":0.004193935,"6":0.005242411,"7":0.008387857,"8":0.003931808,"9":0.004659916,"10":0.004493505,"11":0.005242411,"12":0.005991326,"13":0.005991333,"14":0.001048481,"15":0.004368681,"16":0.005242411,"17":0.003191034,"18":0.001115406,"19":0.001721388,"20":0.001661202,"21":0.0001696989},"BGerr":{"0":0.003632058,"1":0.005861193,"2":0.004540052,"3":0.003706944,"4":0.00363206,"5":0.00296556,"6":0.003026707,"7":0.004193928,"8":0.00227003,"9":0.002329958,"10":0.002594326,"11":0.003026707,"12":0.002995663,"13":0.002995667,"14":0.001048481,"15":0.001953734,"16":0.001853472,"17":0.001206097,"18":0.0004988249,"19":0.0005190181,"20":0.0004289204,"21":0.0000131317},"CorrFact":{"0":3.470916,"1":3.487242,"2":3.476259,"3":3.538016,"4":3.518496,"5":3.460957,"6":3.452406,"7":3.459569,"8":3.514885,"9":3.512209,"10":3.519748,"11":3.485737,"12":3.490742,"13":3.512574,"14":3.495561,"15":3.501136,"16":3.486913,"17":3.510294,"18":3.52124,"19":3.499427,"20":2.040543,"21":1.271154},"CtsInSrc":{"0":21.0,"1":21.0,"2":23.0,"3":20.0,"4":21.0,"5":27.0,"6":22.0,"7":24.0,"8":20.0,"9":20.0,"10":21.0,"11":25.0,"12":21.0,"13":21.0,"14":20.0,"15":21.0,"16":20.0,"17":21.0,"18":20.0,"19":20.0,"20":20.0,"21":36.0},"BGInSrc":{"0":0.078866,"1":0.131444,"2":0.078866,"3":0.052578,"4":0.078866,"5":0.052578,"6":0.078866,"7":0.105155,"8":0.078866,"9":0.105155,"10":0.078866,"11":0.078866,"12":0.105155,"13":0.105155,"14":0.026289,"15":0.131444,"16":0.21031,"17":0.184022,"18":0.131444,"19":0.289177,"20":0.399846,"21":0.720773},"Exposure":{"0":12.536568,"1":10.02928,"2":10.0293,"3":10.02928,"4":12.53656,"5":12.53658,"6":15.04392,"7":12.5366,"8":20.05856,"9":22.5659,"10":17.5512,"11":15.04392,"12":17.55124,"13":17.55122,"14":25.07322,"15":30.0878,"16":40.11712,"17":57.66834,"18":117.84406,"19":167.99048,"20":240.696632,"21":4247.36532},"Sigma":{"0":459.466436,"1":355.006744,"2":503.390101,"3":536.538626,"4":459.466436,"5":724.82212,"6":481.428269,"7":454.468121,"8":437.504603,"9":378.390101,"10":459.466436,"11":547.313767,"12":397.409606,"13":397.409606,"14":759.780201,"15":355.006744,"16":266.147993,"17":299.279531,"18":337.995181,"19":226.067237,"20":189.850952,"21":632.526451},"SNR":{"0":4.56514,"1":4.553518,"2":4.779171,"3":4.460225,"4":4.56514,"5":5.185901,"6":4.673381,"7":4.877234,"8":4.45427,"9":4.448315,"10":4.56514,"11":4.98402,"12":4.559329,"13":4.559329,"14":4.46618,"15":4.553518,"16":4.424498,"17":4.541896,"18":4.44236,"19":4.406637,"20":4.38156,"21":5.879617}}