{"Time":{"0":100.4,"1":242.503,"2":479.91,"3":933.144,"4":7468.244,"5":19715.313,"6":30730.16},"TimePos":{"0":43.621,"1":119.655,"2":190.649,"3":309.075,"4":3809.295,"5":4467.741,"6":4727.539},"TimeNeg":{"0":-14.047,"1":-98.482,"2":-117.752,"3":-262.585,"4":-2686.682,"5":-2889.82,"6":-3061.834},"Rate":{"0":0.4380664,"1":0.08551346,"2":0.06050611,"3":0.03218263,"4":0.01841502,"5":0.008025479,"6":0.005967959},"RatePos":{"0":0.09807427,"1":0.02235216,"2":0.01577658,"3":0.008531531,"4":0.003398724,"5":0.002081804,"6":0.001600619},"RateNeg":{"0":-0.09807427,"1":-0.02235216,"2":-0.01577658,"3":-0.008531531,"4":-0.003398724,"5":-0.002081804,"6":-0.001600619},"FracExp":{"0":1.0,"1":1.0,"2":1.0,"3":1.0,"4":0.396399,"5":0.483906,"6":0.548496},"BGrate":{"0":0.0004205587,"1":0.0008338652,"2":0.0004718455,"3":0.0006788059,"4":0.0003221334,"5":0.0001625983,"6":0.0002538138},"BGerr":{"0":0.0002973799,"1":0.0002153031,"2":0.0001362101,"3":0.0001199971,"4":0.0000312884,"5":0.0000117961,"6":0.0000131244},"CorrFact":{"0":1.26466,"1":1.25884,"2":1.256194,"3":1.259073,"4":1.571688,"5":1.852894,"6":1.709469},"CtsInSrc":{"0":20.0,"1":15.0,"2":15.0,"3":15.0,"4":31.0,"5":16.0,"6":16.0},"BGInSrc":{"0":0.024253,"1":0.181897,"2":0.145517,"3":0.388046,"4":0.829492,"5":0.57891,"6":1.084404},"Exposure":{"0":57.668248,"1":218.13674,"2":308.40036,"3":571.659952,"4":2574.9971,"5":3560.366,"6":4272.4392},"Sigma":{"0":1164.808742,"1":315.510327,"2":353.617294,"3":213.00995,"4":374.475232,"5":367.181847,"6":266.002241},"SNR":{"0":4.46668,"1":3.825737,"2":3.835185,"3":3.772199,"4":5.418216,"5":3.85506,"6":3.728533}}