{"Time":{"0":278.697,"1":293.528,"2":315.969,"3":333.363,"4":358.776,"5":390.517,"6":426.686,"7":465.764,"8":495.478,"9":525.729,"10":571.355,"11":622.832,"12":687.801,"13":5079.709,"14":5179.207,"15":5268.651,"16":5347.419,"17":5433.52,"18":5511.725,"19":5631.332,"20":5730.578,"21":5822.641,"22":5905.401,"23":5995.182,"24":6063.993,"25":6143.582,"26":6355.978,"27":11063.963,"28":11298.033,"29":11549.239,"30":28254.011,"31":29481.653,"32":88809.978,"33":117455.77,"34":181507.662,"35":336413.979,"36":583583.415},"TimePos":{"0":8.959,"1":6.665,"2":9.297,"3":9.454,"4":14.129,"5":17.49,"6":16.424,"7":17.463,"8":12.822,"9":22.688,"10":22.194,"11":25.878,"12":38.632,"13":44.955,"14":45.749,"15":41.555,"16":38.006,"17":32.139,"18":64.256,"19":47.449,"20":40.974,"21":36.667,"22":39.156,"23":34.624,"24":36.018,"25":39.17,"26":289.628,"27":114.038,"28":125.685,"29":100.137,"30":216.955,"31":4327.341,"32":3778.79,"33":14613.265,"34":19981.56,"35":49155.214,"36":255945.178},"TimeNeg":{"0":-11.099,"1":-5.872,"2":-15.777,"3":-8.097,"4":-15.959,"5":-17.612,"6":-18.679,"7":-22.655,"8":-12.251,"9":-17.429,"10":-22.938,"11":-29.283,"12":-39.092,"13":-37.786,"14":-54.543,"15":-43.694,"16":-37.214,"17":-48.095,"18":-46.066,"19":-55.351,"20":-51.797,"21":-51.089,"22":-46.092,"23":-50.625,"24":-34.187,"25":-43.572,"26":-173.226,"27":-144.216,"28":-120.033,"29":-125.522,"30":-276.986,"31":-1010.687,"32":-8976.717,"33":-8223.127,"34":-32696.438,"35":-54348.959,"36":-112727.192},"Rate":{"0":3.888024,"1":6.237055,"2":3.396001,"3":4.408788,"4":2.543464,"5":2.299609,"6":2.416305,"7":1.940529,"8":3.105917,"9":1.941874,"10":1.721019,"11":1.532474,"12":1.992381,"13":0.2984653,"14":0.2574807,"15":0.3056457,"16":0.3581639,"17":0.3047546,"18":0.2230338,"19":0.239068,"20":0.2772112,"21":0.2812305,"22":0.2914512,"23":0.3027094,"24":0.3526226,"25":0.2987751,"26":0.1752372,"27":0.07242075,"28":0.1010166,"29":0.077138,"30":0.04024196,"31":0.0327254,"32":0.01034661,"33":0.01662119,"34":0.008059495,"35":0.005030485,"36":0.001070327},"RatePos":{"0":0.8745853,"1":1.400891,"2":0.7309392,"3":0.9917277,"4":0.5729916,"5":0.5046719,"6":0.5165533,"7":0.4352086,"8":0.6965737,"9":0.4355102,"10":0.3859783,"11":0.3289457,"12":0.3180944,"13":0.06704454,"14":0.05637047,"15":0.06698824,"16":0.07667863,"17":0.06845732,"18":0.05027298,"19":0.05370208,"20":0.06108925,"21":0.06317309,"22":0.06517048,"23":0.06656239,"24":0.07939174,"25":0.06719107,"26":0.03174982,"27":0.01892918,"28":0.02298103,"29":0.02176871,"30":0.01054492,"31":0.005871669,"32":0.002808,"33":0.004011323,"34":0.001532872,"35":0.001175681,"36":0.0002949622},"RateNeg":{"0":-0.8745853,"1":-1.400891,"2":-0.7309392,"3":-0.9917277,"4":-0.5729916,"5":-0.5046719,"6":-0.5165533,"7":-0.4352086,"8":-0.6965737,"9":-0.4355102,"10":-0.3859783,"11":-0.3289457,"12":-0.3180944,"13":-0.06704454,"14":-0.05637047,"15":-0.06698824,"16":-0.07667863,"17":-0.06845732,"18":-0.05027298,"19":-0.05370208,"20":-0.06108925,"21":-0.06317309,"22":-0.06517048,"23":-0.06656239,"24":-0.07939174,"25":-0.06719107,"26":-0.03174982,"27":-0.01892918,"28":-0.02298103,"29":-0.02176871,"30":-0.01054492,"31":-0.005871669,"32":-0.002808,"33":-0.004011323,"34":-0.001532872,"35":-0.001175681,"36":-0.0002949622},"FracExp":{"0":1.0,"1":1.0,"2":1.0,"3":1.0,"4":1.0,"5":1.0,"6":1.0,"7":1.0,"8":1.0,"9":1.0,"10":1.0,"11":1.0,"12":1.0,"13":1.0,"14":1.0,"15":1.0,"16":1.0,"17":1.0,"18":1.0,"19":1.0,"20":1.0,"21":1.0,"22":1.0,"23":1.0,"24":1.0,"25":1.0,"26":0.644609,"27":1.0,"28":1.0,"29":1.0,"30":1.0,"31":0.242837,"32":0.152732,"33":0.080259,"34":0.094575,"35":0.072624,"36":0.059569},"BGrate":{"0":0.005839633,"1":0.007007542,"2":0.008175472,"3":0.006673857,"4":0.004866355,"5":0.003336926,"6":0.001668463,"7":0.001459907,"8":0.002335849,"9":0.001459907,"10":0.001297695,"11":0.002654376,"12":0.004897942,"13":0.001089832,"14":0.0006743329,"15":0.001057778,"16":0.001198814,"17":0.001123889,"18":0.001430403,"19":0.0008771814,"20":0.002187026,"21":0.001027556,"22":0.0,"23":0.001851113,"24":0.001926669,"25":0.001362291,"26":0.002580054,"27":0.000698624,"28":0.001376752,"29":0.005596754,"30":0.0004432209,"31":0.0003626076,"32":0.0003729282,"33":0.0002287753,"34":0.000240596,"35":0.0001148809,"36":0.0000927412},"BGerr":{"0":0.002919817,"1":0.004045806,"2":0.003090038,"3":0.003336928,"4":0.0021763,"5":0.001668463,"6":0.001179782,"7":0.00103231,"8":0.001651695,"9":0.00103231,"10":0.0009176091,"11":0.001187073,"12":0.001358445,"13":0.000544916,"14":0.0003893263,"15":0.0005288889,"16":0.000599407,"17":0.0005619445,"18":0.0005406417,"19":0.0004385907,"20":0.0007290087,"21":0.0005137779,"22":0.0,"23":0.0006996548,"24":0.0007865594,"25":0.0006092352,"26":0.0004361088,"27":0.0002470009,"28":0.0003554758,"29":0.0007478978,"30":0.0000837609,"31":0.0000468124,"32":0.0000388804,"33":0.0000249614,"34":0.0000167226,"35":0.0000065038,"36":0.0000029024},"CorrFact":{"0":3.92237,"1":3.926822,"2":3.90679,"3":3.891773,"4":3.85458,"5":3.865463,"6":3.865667,"7":3.903846,"8":3.905196,"9":3.906551,"10":3.89503,"11":3.868141,"12":3.908583,"13":1.240366,"14":1.233662,"15":1.24611,"16":1.229629,"17":1.228124,"18":1.240062,"19":1.234376,"20":1.236572,"21":1.239574,"22":1.242293,"23":1.238143,"24":1.246219,"25":1.24306,"26":1.674142,"27":1.262042,"28":1.26243,"29":1.267147,"30":1.344771,"31":1.345418,"32":1.412199,"33":1.732806,"34":1.394117,"35":1.975997,"36":1.570909},"CtsInSrc":{"0":20.0,"1":20.0,"2":22.0,"3":20.0,"4":20.0,"5":21.0,"6":22.0,"7":20.0,"8":20.0,"9":20.0,"10":20.0,"11":22.0,"12":40.0,"13":20.0,"14":21.0,"15":21.0,"16":22.0,"17":20.0,"18":20.0,"19":20.0,"20":21.0,"21":20.0,"22":20.0,"23":21.0,"24":20.0,"25":20.0,"26":32.0,"27":15.0,"28":20.0,"29":15.0,"30":15.0,"31":32.0,"32":15.0,"33":18.0,"34":30.0,"35":20.0,"36":17.0},"BGInSrc":{"0":0.117134,"1":0.087851,"2":0.204985,"3":0.117134,"4":0.146418,"5":0.117134,"6":0.058567,"7":0.058567,"8":0.058567,"9":0.058567,"10":0.058567,"11":0.146418,"12":0.380687,"13":0.090174,"14":0.067631,"15":0.090174,"16":0.090174,"17":0.090174,"18":0.157805,"19":0.090174,"20":0.202892,"21":0.090174,"22":0.0,"23":0.157805,"24":0.135262,"25":0.112718,"26":0.769786,"27":0.180422,"28":0.338292,"29":1.262956,"30":0.218925,"31":0.470038,"32":0.726528,"33":0.419308,"34":1.19865,"35":0.863546,"36":2.03673},"Exposure":{"0":20.058508,"1":12.5366,"2":25.07318,"3":17.55122,"4":30.0878,"5":35.10246,"6":35.10246,"7":40.11704,"8":25.07318,"9":40.11704,"10":45.13168,"11":55.16096,"12":77.723772,"13":82.741508,"14":100.29282,"15":85.24884,"16":75.21962,"17":80.2342,"18":110.32208,"19":102.8001,"20":92.77084,"21":87.75614,"22":85.24878,"23":85.24878,"24":70.20484,"25":82.74142,"26":298.360232,"27":258.25374,"28":245.71728,"29":225.65862,"30":493.94114,"31":1296.27106,"32":1948.1721,"33":1832.8363,"34":4982.0051,"35":7516.8854,"36":21961.4407},"Sigma":{"0":339.488281,"1":392.584651,"2":281.309213,"3":339.488281,"4":303.200336,"5":356.562695,"6":529.816881,"7":481.523145,"8":481.523145,"9":481.523145,"10":481.523145,"11":333.743977,"12":375.241682,"13":441.585193,"14":536.086413,"15":463.764452,"16":485.943712,"17":441.585193,"18":332.673136,"19":441.585193,"20":307.509635,"21":441.585193,"22":1000.0,"23":349.43908,"24":359.736303,"25":394.51859,"26":240.015437,"27":232.32219,"28":225.09999,"29":81.395264,"30":357.264287,"31":519.596639,"32":188.4391,"33":384.275621,"34":345.704859,"35":391.429113,"36":234.750118},"SNR":{"0":4.445563,"1":4.452206,"2":4.646079,"3":4.445563,"4":4.43892,"5":4.556643,"6":4.677747,"7":4.458849,"8":4.458849,"9":4.458849,"10":4.458849,"11":4.658745,"12":6.263491,"13":4.451746,"14":4.567652,"15":4.562677,"16":4.670975,"17":4.451746,"18":4.436455,"19":4.451746,"20":4.537807,"21":4.451746,"22":4.472136,"23":4.547755,"24":4.441552,"25":4.446649,"26":5.519314,"27":3.82588,"28":4.395653,"29":3.543527,"30":3.816239,"31":5.573442,"32":3.68469,"33":4.143568,"34":5.257775,"35":4.278785,"36":3.628692}}