{"Time":{"0":399.133,"1":432.875,"2":467.003,"3":502.855,"4":560.766,"5":663.998,"6":830.582,"7":1011.458,"8":1188.05,"9":1566.521,"10":18601.468},"TimePos":{"0":16.251,"1":15.103,"2":18.585,"3":25.357,"4":40.159,"5":59.784,"6":98.8,"7":80.9,"8":104.893,"9":317.399,"10":23454.247},"TimeNeg":{"0":-8.822,"1":-17.492,"2":-19.025,"3":-17.267,"4":-32.553,"5":-63.074,"6":-106.799,"7":-82.075,"8":-95.692,"9":-273.578,"10":-11965.995},"Rate":{"0":1.779098,"1":1.392024,"2":1.139398,"3":1.008039,"4":0.5872877,"5":0.3486896,"6":0.1764877,"7":0.1485638,"8":0.1213345,"9":0.04164444,"10":0.002106488},"RatePos":{"0":0.3897791,"1":0.3037644,"2":0.2561123,"3":0.2261115,"4":0.1322869,"5":0.07862509,"6":0.03967063,"7":0.03350537,"8":0.0273938,"9":0.01022611,"10":0.0005953275},"RateNeg":{"0":-0.3897791,"1":-0.3037644,"2":-0.2561123,"3":-0.2261115,"4":-0.1322869,"5":-0.07862509,"6":-0.03967063,"7":-0.03350537,"8":-0.0273938,"9":-0.01022611,"10":-0.0005953275},"FracExp":{"0":1.0,"1":1.0,"2":1.0,"3":1.0,"4":1.0,"5":1.0,"6":0.999989,"7":1.0,"8":1.0,"9":0.903677,"10":0.290581},"BGrate":{"0":0.003292571,"1":0.0,"2":0.002743805,"3":0.001452606,"4":0.001986895,"5":0.001343906,"6":0.0005019216,"7":0.001034826,"8":0.0009458959,"9":0.00331585,"10":0.0001257489},"BGerr":{"0":0.001646286,"1":0.0,"2":0.001227067,"3":0.0008386624,"4":0.0007509756,"5":0.0004751426,"6":0.0002244662,"7":0.0003658663,"8":0.0003152986,"9":0.0003617889,"10":0.0000059147},"CorrFact":{"0":2.132551,"1":2.160621,"2":2.153736,"3":2.155017,"4":2.150681,"5":2.1598,"6":1.823679,"7":1.220908,"8":1.228549,"9":1.220041,"10":1.58189},"CtsInSrc":{"0":21.0,"1":21.0,"2":20.0,"3":20.0,"4":20.0,"5":20.0,"6":20.0,"7":20.0,"8":20.0,"9":20.0,"10":15.0},"BGInSrc":{"0":0.082555,"1":0.0,"2":0.103194,"3":0.061916,"4":0.144471,"5":0.16511,"6":0.103194,"7":0.168651,"8":0.189733,"9":1.770838,"10":1.294267},"Exposure":{"0":25.073108,"1":32.59502,"2":37.60972,"3":42.62426,"4":72.71208,"5":122.85828,"6":205.597332,"7":162.97544,"8":200.58512,"9":534.05254,"10":10292.4665},"Sigma":{"0":506.751743,"1":1000.0,"2":431.136686,"3":557.749769,"4":363.621076,"5":339.782818,"6":431.136686,"7":332.588881,"8":313.234471,"9":94.346877,"10":225.137439},"SNR":{"0":4.564376,"1":4.582576,"2":4.448824,"3":4.458149,"4":4.4395,"5":4.434838,"6":4.448824,"7":4.43403,"8":4.429268,"9":4.072366,"10":3.538368}}