{"Time":{"0":222.504,"1":248.816,"2":281.948,"3":310.932,"4":345.03,"5":377.655,"6":406.551,"7":436.077,"8":473.21,"9":512.614,"10":559.366,"11":601.445,"12":646.079,"13":694.384,"14":727.834,"15":766.181,"16":819.587,"17":874.284,"18":919.447,"19":965.034,"20":1011.899,"21":1063.511,"22":1118.317,"23":1182.197,"24":1259.417,"25":1319.382,"26":1382.608,"27":1463.792,"28":11567.8,"29":11760.499,"30":11923.019,"31":12349.664,"32":16473.189,"33":16666.139,"34":16846.082,"35":17069.152,"36":17259.088,"37":17470.293,"38":17710.314,"39":22262.897,"40":22476.497,"41":22712.618,"42":23105.353,"43":23437.187,"44":28483.535,"45":39801.388,"46":40104.128,"47":51131.72,"48":64740.84,"49":77525.968,"50":98817.411},"TimePos":{"0":9.217,"1":12.993,"2":14.964,"3":16.067,"4":19.578,"5":12.027,"6":10.712,"7":16.288,"8":14.257,"9":19.985,"10":18.364,"11":16.402,"12":29.436,"13":16.234,"14":17.886,"15":22.164,"16":31.44,"17":19.367,"18":24.35,"19":21.388,"20":22.161,"21":23.203,"22":31.08,"23":34.898,"24":30.39,"25":40.629,"26":35.072,"27":61.696,"28":70.058,"29":108.031,"30":60.848,"31":717.19,"32":121.293,"33":78.782,"34":114.467,"35":91.983,"36":97.617,"37":102.041,"38":165.397,"39":98.729,"40":138.368,"41":140.442,"42":214.067,"43":198.148,"44":493.41,"45":175.183,"46":153.258,"47":11535.696,"48":4015.368,"49":9349.3,"50":299.063},"TimeNeg":{"0":-8.334,"1":-17.095,"2":-20.139,"3":-14.021,"4":-18.031,"5":-13.046,"6":-16.869,"7":-18.814,"8":-20.845,"9":-25.147,"10":-26.768,"11":-23.715,"12":-28.232,"13":-18.869,"14":-17.216,"15":-20.461,"16":-31.243,"17":-23.257,"18":-25.796,"19":-21.236,"20":-25.477,"21":-29.45,"22":-31.603,"23":-32.8,"24":-42.322,"25":-29.575,"26":-22.596,"27":-46.113,"28":-97.932,"29":-122.641,"30":-54.489,"31":-365.797,"32":-119.409,"33":-71.657,"34":-101.161,"35":-108.602,"36":-97.953,"37":-113.588,"38":-137.98,"39":-111.885,"40":-114.87,"41":-97.752,"42":-252.293,"43":-117.766,"44":-532.938,"45":-313.743,"46":-127.557,"47":-5878.567,"48":-2073.424,"49":-3296.942,"50":-182.339},"Rate":{"0":4.101661,"1":2.444698,"2":2.020147,"3":2.487529,"4":2.000554,"5":3.11659,"6":2.573759,"7":2.021352,"8":2.155434,"9":1.589709,"10":1.748632,"11":1.859727,"12":1.280155,"13":2.039912,"14":2.025947,"15":1.739559,"16":1.127464,"17":1.664053,"18":1.422909,"19":1.659578,"20":1.495873,"21":1.352213,"22":1.134546,"23":1.110703,"24":0.9735375,"25":1.017799,"26":1.233853,"27":1.292177,"28":0.1410753,"29":0.09850371,"30":0.2074679,"31":0.1521724,"32":0.07623305,"33":0.1639928,"34":0.0970366,"35":0.1268014,"36":0.09327374,"37":0.1129735,"38":0.08838152,"39":0.1287745,"40":0.09061127,"41":0.08516535,"42":0.04330511,"43":0.09451404,"44":0.05548918,"45":0.03900819,"46":0.06831249,"47":0.0212496,"48":0.0233434,"49":0.01339547,"50":0.02543584},"RatePos":{"0":0.9196176,"1":0.5396586,"2":0.4547575,"3":0.5477034,"4":0.4382302,"5":0.6660779,"6":0.5770525,"7":0.4544174,"8":0.4703544,"9":0.3588266,"10":0.3750882,"11":0.4079026,"12":0.2844204,"13":0.4573609,"14":0.4554505,"15":0.3830155,"16":0.2541467,"17":0.3756074,"18":0.3220455,"19":0.3735894,"20":0.3367376,"21":0.3052195,"22":0.255399,"23":0.2433045,"24":0.217981,"25":0.22881,"26":0.2785035,"27":0.2076255,"28":0.03183333,"29":0.02289806,"30":0.046655,"31":0.02752575,"32":0.0199792,"33":0.03694351,"34":0.02370003,"35":0.02794628,"36":0.02427494,"37":0.02545012,"38":0.0190223,"39":0.02889248,"40":0.02213484,"41":0.02227052,"42":0.01144953,"43":0.02040111,"44":0.01148655,"45":0.01027285,"46":0.01780743,"47":0.005626647,"48":0.004969281,"49":0.003285113,"50":0.01583567},"RateNeg":{"0":-0.9196176,"1":-0.5396586,"2":-0.4547575,"3":-0.5477034,"4":-0.4382302,"5":-0.6660779,"6":-0.5770525,"7":-0.4544174,"8":-0.4703544,"9":-0.3588266,"10":-0.3750882,"11":-0.4079026,"12":-0.2844204,"13":-0.4573609,"14":-0.4554505,"15":-0.3830155,"16":-0.2541467,"17":-0.3756074,"18":-0.3220455,"19":-0.3735894,"20":-0.3367376,"21":-0.3052195,"22":-0.255399,"23":-0.2433045,"24":-0.217981,"25":-0.22881,"26":-0.2785035,"27":-0.2076255,"28":-0.03183333,"29":-0.02289806,"30":-0.046655,"31":-0.02752575,"32":-0.0199792,"33":-0.03694351,"34":-0.02370003,"35":-0.02794628,"36":-0.02427494,"37":-0.02545012,"38":-0.0190223,"39":-0.02889248,"40":-0.02213484,"41":-0.02227052,"42":-0.01144953,"43":-0.02040111,"44":-0.01148655,"45":-0.01027285,"46":-0.01780743,"47":-0.005626647,"48":-0.004969281,"49":-0.003285113,"50":-0.01126604},"FracExp":{"0":1.0,"1":1.0,"2":1.0,"3":1.0,"4":1.0,"5":1.0,"6":1.0,"7":1.0,"8":1.0,"9":1.0,"10":1.0,"11":1.0,"12":1.0,"13":1.0,"14":1.0,"15":1.0,"16":1.0,"17":1.0,"18":1.0,"19":1.0,"20":1.0,"21":1.0,"22":1.0,"23":1.0,"24":1.0,"25":1.0,"26":1.0,"27":1.0,"28":1.0,"29":1.0,"30":1.0,"31":0.226885,"32":1.0,"33":1.0,"34":1.0,"35":1.0,"36":1.0,"37":1.0,"38":1.0,"39":1.0,"40":1.0,"41":1.0,"42":1.0,"43":1.0,"44":0.53256,"45":1.0,"46":1.0,"47":0.056872,"48":0.20713,"49":0.17824,"50":1.0},"BGrate":{"0":0.003006576,"1":0.007892262,"2":0.003758222,"3":0.00613843,"4":0.002104605,"5":0.0021046,"6":0.001913276,"7":0.003006579,"8":0.0,"9":0.004092288,"10":0.00292306,"11":0.00263075,"12":0.006405315,"13":0.001503286,"14":0.003006576,"15":0.004333005,"16":0.002525523,"17":0.004332999,"18":0.004735353,"19":0.003095004,"20":0.002769211,"21":0.00350767,"22":0.002104601,"23":0.001169223,"24":0.0003628622,"25":0.001503287,"26":0.003202656,"27":0.001223672,"28":0.001065058,"29":0.001066505,"30":0.0009695496,"31":0.0008832362,"32":0.000916356,"33":0.0009774463,"34":0.0005455513,"35":0.001026318,"36":0.000601505,"37":0.0006819386,"38":0.0006785747,"39":0.0003187316,"40":0.0004771503,"41":0.0007891118,"42":0.0007485043,"43":0.0008499706,"44":0.0006083423,"45":0.0005977713,"46":0.0005055199,"47":0.0003755497,"48":0.0003722377,"49":0.0003097469,"50":0.0002851102},"BGerr":{"0":0.00212597,"1":0.002630754,"2":0.001680728,"3":0.002320108,"4":0.001215094,"5":0.001488177,"6":0.001352891,"7":0.00150329,"8":0.0,"9":0.001546739,"10":0.001307232,"11":0.001315375,"12":0.001711892,"13":0.001062984,"14":0.001503288,"15":0.001637722,"16":0.00103104,"17":0.00163772,"18":0.001578451,"19":0.001384128,"20":0.001238429,"21":0.001325775,"22":0.0009412064,"23":0.0006750511,"24":0.0003628622,"25":0.0007516436,"26":0.00121049,"27":0.0005472428,"28":0.000376555,"29":0.0003215634,"30":0.0004335957,"31":0.0002793038,"32":0.0002366021,"33":0.0003090957,"34":0.0001928815,"35":0.0002742951,"36":0.0002126641,"37":0.0002156479,"38":0.0001813567,"39":0.0001425411,"40":0.0001590501,"41":0.000210899,"42":0.0001467938,"43":0.0001900592,"44":0.0001013904,"45":0.0001010418,"46":0.0001226066,"47":0.0000531108,"48":0.0000497424,"49":0.0000279289,"50":0.0000637526},"CorrFact":{"0":3.608969,"1":3.542697,"2":3.569134,"3":3.595625,"4":3.596416,"5":3.560481,"6":3.558654,"7":3.566526,"8":3.602901,"9":3.620736,"10":3.608845,"11":3.570646,"12":3.578377,"13":3.58976,"14":3.574638,"15":3.562159,"16":3.561823,"17":3.579513,"18":3.610544,"19":3.560401,"20":3.58675,"21":3.593121,"22":3.579438,"23":3.594108,"24":3.544072,"25":3.591667,"26":3.590862,"27":3.584117,"28":1.195656,"29":1.211588,"30":1.203157,"31":1.214658,"32":1.241553,"33":1.24268,"34":1.239393,"35":1.223155,"36":1.225718,"37":1.22704,"38":1.230282,"39":1.360653,"40":1.359443,"41":1.369557,"42":1.378465,"43":1.373965,"44":1.281501,"45":1.29674,"46":1.291098,"47":1.438692,"48":1.306672,"49":1.745148,"50":3.169779},"CtsInSrc":{"0":20.0,"1":21.0,"2":20.0,"3":21.0,"4":21.0,"5":22.0,"6":20.0,"7":20.0,"8":21.0,"9":20.0,"10":22.0,"11":21.0,"12":21.0,"13":20.0,"14":20.0,"15":21.0,"16":20.0,"17":20.0,"18":20.0,"19":20.0,"20":20.0,"21":20.0,"22":20.0,"23":21.0,"24":20.0,"25":20.0,"26":20.0,"27":39.0,"28":20.0,"29":19.0,"30":20.0,"31":31.0,"32":15.0,"33":20.0,"34":17.0,"35":21.0,"36":15.0,"37":20.0,"38":22.0,"39":20.0,"40":17.0,"41":15.0,"42":15.0,"43":22.0,"44":24.0,"45":15.0,"46":15.0,"47":15.0,"48":23.0,"49":18.0,"50":4.0},"BGInSrc":{"0":0.052769,"1":0.23746,"2":0.131922,"3":0.184691,"4":0.079153,"5":0.052769,"6":0.052769,"7":0.105538,"8":0.0,"9":0.184691,"10":0.131922,