{"Time":{"0":454.238,"1":487.587,"2":535.107,"3":617.325,"4":721.498,"5":838.093,"6":954.859,"7":1085.403,"8":1174.591,"9":1259.776,"10":1370.024,"11":1475.366,"12":1561.227,"13":1645.623,"14":1754.318,"15":1834.531,"16":1946.723,"17":2049.66,"18":2176.591,"19":5611.127,"20":5687.959,"21":5751.665,"22":5815.011,"23":5869.397,"24":5960.537,"25":6046.157,"26":6125.187,"27":6237.782,"28":6370.236,"29":6542.748,"30":11335.031,"31":11460.369,"32":11603.501,"33":11747.69,"34":11907.37,"35":12061.891,"36":12224.204,"37":12416.154,"38":17057.027,"39":17267.618,"40":17448.281,"41":17649.99,"42":17842.699,"43":18045.813,"44":18297.03,"45":462633.242},"TimePos":{"0":14.652,"1":18.913,"2":41.597,"3":49.643,"4":50.777,"5":57.04,"6":68.147,"7":45.417,"8":33.957,"9":64.108,"10":49.138,"11":46.596,"12":43.476,"13":44.329,"14":35.926,"15":56.006,"16":44.107,"17":53.999,"18":62.463,"19":30.254,"20":28.641,"21":30.126,"22":29.462,"23":37.759,"24":44.404,"25":34.004,"26":40.222,"27":73.051,"28":81.007,"29":119.106,"30":35.501,"31":88.182,"32":75.429,"33":61.62,"34":92.496,"35":60.832,"36":56.48,"37":135.316,"38":108.535,"39":91.007,"40":90.87,"41":102.282,"42":95.114,"43":77.541,"44":184.864,"45":175275.728},"TimeNeg":{"0":-17.943,"1":-18.697,"2":-28.607,"3":-40.62,"4":-54.53,"5":-65.818,"6":-59.726,"7":-62.397,"8":-43.77,"9":-51.228,"10":-46.14,"11":-56.204,"12":-39.265,"13":-40.92,"14":-64.366,"15":-44.286,"16":-56.186,"17":-58.83,"18":-72.932,"19":-47.473,"20":-46.578,"21":-35.064,"22":-33.221,"23":-24.924,"24":-53.381,"25":-41.215,"26":-45.027,"27":-72.373,"28":-59.403,"29":-91.506,"30":-47.24,"31":-89.837,"32":-54.951,"33":-68.76,"34":-98.059,"35":-62.026,"36":-101.48,"37":-135.469,"38":-99.571,"39":-102.056,"40":-89.656,"41":-110.839,"42":-90.427,"43":-108.0,"44":-173.676,"45":-141512.528},"Rate":{"0":1.797117,"1":1.376959,"2":0.7154589,"3":0.5607896,"4":0.4902556,"5":0.417707,"6":0.3948086,"7":0.4861437,"8":0.6423674,"9":0.4312366,"10":0.5439557,"11":0.4848501,"12":0.6079495,"13":0.605084,"14":0.5182074,"15":0.5041092,"16":0.5521706,"17":0.4869002,"18":0.4156723,"19":0.3182593,"20":0.3470456,"21":0.3799167,"22":0.4110886,"23":0.3920755,"24":0.2761708,"25":0.3255159,"26":0.413591,"27":0.4087342,"28":0.4012946,"29":0.3452547,"30":0.2924834,"31":0.1358666,"32":0.1842303,"33":0.1843411,"34":0.12726,"35":0.1981342,"36":0.1537037,"37":0.1714457,"38":0.1147504,"39":0.1259125,"40":0.1363627,"41":0.1161818,"42":0.1313151,"43":0.1318323,"44":0.1176914,"45":0.0007855968},"RatePos":{"0":0.3756405,"1":0.3090525,"2":0.1610348,"3":0.125985,"4":0.1099327,"5":0.09455063,"6":0.08911457,"7":0.1093179,"8":0.144312,"9":0.09688008,"10":0.122433,"11":0.1094384,"12":0.1364517,"13":0.1360638,"14":0.116528,"15":0.1133578,"16":0.1190377,"17":0.1046072,"18":0.07779345,"19":0.07136895,"20":0.07607671,"21":0.08527697,"22":0.09028033,"23":0.0880904,"24":0.05923898,"25":0.07341709,"26":0.09066432,"27":0.09013739,"28":0.09064621,"29":0.06823931,"30":0.06603185,"31":0.03060804,"32":0.04159233,"33":0.04193174,"34":0.02882318,"35":0.04463569,"36":0.03455251,"37":0.02799981,"38":0.02614485,"39":0.02868804,"40":0.03089696,"41":0.02612184,"42":0.02968753,"43":0.02964063,"44":0.02033813,"45":0.000346878},"RateNeg":{"0":-0.3756405,"1":-0.3090525,"2":-0.1610348,"3":-0.125985,"4":-0.1099327,"5":-0.09455063,"6":-0.08911457,"7":-0.1093179,"8":-0.144312,"9":-0.09688008,"10":-0.122433,"11":-0.1094384,"12":-0.1364517,"13":-0.1360638,"14":-0.116528,"15":-0.1133578,"16":-0.1190377,"17":-0.1046072,"18":-0.07779345,"19":-0.07136895,"20":-0.07607671,"21":-0.08527697,"22":-0.09028033,"23":-0.0880904,"24":-0.05923898,"25":-0.07341709,"26":-0.09066432,"27":-0.09013739,"28":-0.09064621,"29":-0.06823931,"30":-0.06603185,"31":-0.03060804,"32":-0.04159233,"33":-0.04193174,"34":-0.02882318,"35":-0.04463569,"36":-0.03455251,"37":-0.02799981,"38":-0.02614485,"39":-0.02868804,"40":-0.03089696,"41":-0.02612184,"42":-0.02968753,"43":-0.02964063,"44":-0.02033813,"45":-0.0002804232},"FracExp":{"0":1.0,"1":1.0,"2":1.0,"3":1.0,"4":1.0,"5":1.0,"6":1.0,"7":1.0,"8":1.0,"9":1.0,"10":1.0,"11":1.0,"12":1.0,"13":1.0,"14":1.0,"15":1.0,"16":1.0,"17":1.0,"18":0.999926,"19":1.0,"20":1.0,"21":1.0,"22":1.0,"23":1.0,"24":1.0,"25":1.0,"26":0.999976,"27":1.0,"28":1.0,"29":1.0,"30":1.0,"31":1.0,"32":1.0,"33":1.0,"34":1.0,"35":1.0,"36":1.0,"37":1.0,"38":1.0,"39":1.0,"40":1.0,"41":1.0,"42":1.0,"43":1.0,"44":1.0,"45":0.049879},"BGrate":{"0":0.001704398,"1":0.001969527,"2":0.00184643,"3":0.001025795,"4":0.0005275516,"5":0.001959477,"6":0.00144818,"7":0.001030565,"8":0.001191245,"9":0.0008027953,"10":0.001360526,"11":0.001801394,"12":0.0008952381,"13":0.001303361,"14":0.001107857,"15":0.001107857,"16":0.002400357,"17":0.001477142,"18":0.001650714,"19":0.0007286455,"20":0.001254889,"21":0.00115836,"22":0.002108215,"23":0.001505867,"24":0.00135142,"25":0.002258801,"26":0.001107282,"27":0.001499319,"28":0.00142346,"29":0.0009489823,"30":0.002284495,"31":0.0008258504,"32":0.001449775,"33":0.002577379,"34":0.001322602,"35":0.001196639,"36":0.0006647997,"37":0.0009307315,"38":0.001767294,"39":0.001905005,"40":0.001438092,"41":0.0005075616,"42":0.00116602,"43":0.0005830096,"44":0.002111911,"45":0.0001256189},"BGerr":{"0":0.0009840347,"1":0.0009847637,"2":0.0006978848,"3":0.0004587496,"4":0.0003045821,"5":0.0005434611,"6":0.0004579548,"7":0.0004207265,"8":0.0005327408,"9":0.000359021,"10":0.0005142305,"11":0.0005696509,"12":0.0004476191,"13":0.0005320949,"14":0.0004522809,"15":0.0004522805,"16":0.0006657393,"17":0.0004923808,"18":0.0004765202,"19":0.0004206837,"20":0.0005612036,"21":0.0005791799,"22":0.0007968303,"23":0.0006734443,"24":0.0005107886,"25":0.0007529336,"26":0.0004951913,"27":0.0004328162,"28":0.0004291893,"29":0.0002861289,"30":0.0007614983,"31":0.0003121421,"32":0.0004832584,"33":0.0006443448,"34":0.0003818022,"35":0.0004522872,"36":0.0002973075,"37":0.000268679,"38":0.0004286317,"39":0.0004620315,"40":0.0004151413,"41":0.0002269884,"42":0.0003687278,"43":0.0002607298,"44":0.0003569782,"45":0.0000041415},"CorrFact":{"0":2.552998,"1":2.598973,"2":2.527816,"3":2.542705,"4":2.58856,"5":2.597202,"6":2.547858,"7":2.635308,"8":2.508067,"9":2.498432,"10":2.608256,"11":2.515417,"12":2.524479,"13":2.593541,"14":2.613135,"15":2.542045,"16":2.54506,"17":2.516179,"18":1.955612,"19":1.240372,"20":1.248685,"21":1.243032,"22":1.234825,"23":1.234645,"24":1.234935,"25":1.234743,"26":1.686494,"27":2.860159,"28":2.845715,"29":2.818389,"30":1.221565,"31":1.218296,"32":1.212456,"33":1.222255,"34":1.227978,"35":1.226133,"36":1.220362,"37":1.229869,"38":1.216383,"39":1.23822,"40":1.247039,"41":1.244773,"42":1.231538,"43":1.229665,"44":1.232291,"45":1.548748},"CtsInSrc":{"0":23.0,"1":20.0,"2":20.0,"3":20.0,"4":20.0,"5":20.0,"6":20.0,"7":20.0,"8":20.0,"9":20.0,"10":20.0,"11":20.0,"12":20.0,"13":20.0,"14":20.0,"15":20.0,"16":22.0,"17":22.0,"18":29.0,"19":20.0,"20":21.0,"21":20.0,"22":21.0,"23":20.0,"24":22.0,"25":20.0,"26":21.0,"27":21.0,"28":20.0,"29":26.0,"30":20.0,"31":20.0,"32":20.0,"33":20.0,"34":20.0,"35":20.0,"36":20.0,"37":38.0,"38":20.0,"39":20.0,"40":20.0,"41":20.0,"42":20.0,"43":20.0,"44":35.0,"45":10.0},"BGInSrc":{"0":0.055555,"1":0.074073,"2":0.129628,"3":0.092592,"4":0.055555,"5":0.240738,"6":0.185183,"7":0.11111,"8":0.092592,"9":0.092592,"10":0.129628,"11":0.185183,"12":0.074073,"13":0.11111,"14":0.11111,"15":0.11111,"16":0.240738,"17":0.166665,"18":0.223482,"19":0.056635,"20":0.094392,"21":0.075513,"22":0.132149,"23":0.094392,"24":0.132149,"25":0.169905,"26":0.094392,"27":0.218037,"28":0.199867,"29":0.199867,"30":0.189022,"31":0.147017,"32":0.189022,"33":0.336038,"34":0.252029,"35":0.147017,"36":0.105012,"37":0.252029,"38":0.367785,"39":0.367785,"40":0.259613,"41":0.108172,"42":0.216344,"43":0.108172,"44":0.757205,"45":1.984904},"Exposure":{"0":32.595048,"1":37.60966,"2":70.20478,"3":90.2632,"4":105.30712,"5":122.85834,"6":127.87298,"7":107.8145,"8":77.72674,"9":115.33646,"10":95.278,"11":102.79988,"12":82.7414,"13":85.24874,"14":100.29258,