{"Time":{"0":3612.271,"1":3703.145,"2":3860.475,"3":3993.372,"4":4087.648,"5":4215.073,"6":4333.611,"7":4435.205,"8":4581.991,"9":4949.048,"10":5191.53,"11":9706.423,"12":9935.877,"13":10204.986,"14":10528.876,"15":10942.92,"16":14948.81,"17":15558.539,"18":16247.824,"19":20767.201,"20":21450.974,"21":22091.072,"22":26811.509,"23":27903.538,"24":32885.254,"25":38859.65,"26":44491.609,"27":50824.575,"28":65862.668},"TimePos":{"0":50.858,"1":67.799,"2":70.937,"3":48.361,"4":51.871,"5":54.826,"6":39.088,"7":55.337,"8":76.536,"9":82.247,"10":143.149,"11":92.552,"12":179.02,"13":130.555,"14":162.703,"15":172.387,"16":305.145,"17":221.952,"18":645.902,"19":195.279,"20":251.164,"21":581.383,"22":547.751,"23":548.899,"24":1345.438,"25":1151.293,"26":1298.161,"27":746.03,"28":19012.95},"TimeNeg":{"0":-41.913,"1":-40.015,"2":-89.531,"3":-61.96,"4":-45.914,"5":-75.554,"6":-63.712,"7":-62.506,"8":-91.449,"9":-99.515,"10":-160.235,"11":-178.237,"12":-136.902,"13":-90.088,"14":-193.335,"15":-251.341,"16":-264.016,"17":-304.584,"18":-467.332,"19":-383.91,"20":-488.494,"21":-388.934,"22":-655.76,"23":-544.277,"24":-953.756,"25":-1152.915,"26":-1006.057,"27":-1565.701,"28":-10675.578},"Rate":{"0":0.2598577,"1":0.2231278,"2":0.1488039,"3":0.2186232,"4":0.24715,"5":0.1849521,"6":0.2348759,"7":0.2035523,"8":0.1572044,"9":0.1637901,"10":0.1386919,"11":0.06708919,"12":0.05767977,"13":0.08267514,"14":0.05129465,"15":0.04600213,"16":0.03405678,"17":0.03771469,"18":0.0334843,"19":0.03349715,"20":0.02615189,"21":0.01995561,"22":0.01643413,"23":0.01802059,"24":0.01390879,"25":0.008589995,"26":0.01276881,"27":0.01096504,"28":0.003421143},"RatePos":{"0":0.05849075,"1":0.05016794,"2":0.03371718,"3":0.04904697,"4":0.05532508,"5":0.04149304,"6":0.05263529,"7":0.04591846,"8":0.0337855,"9":0.04247672,"10":0.02363573,"11":0.01760478,"12":0.01508955,"13":0.02160661,"14":0.01339193,"15":0.0116207,"16":0.009111728,"17":0.00986788,"18":0.006380799,"19":0.008768805,"20":0.006865803,"21":0.005269578,"22":0.004351168,"23":0.004771206,"24":0.002871128,"25":0.002300289,"26":0.00279196,"27":0.002586534,"28":0.0006785244},"RateNeg":{"0":-0.05849075,"1":-0.05016794,"2":-0.03371718,"3":-0.04904697,"4":-0.05532508,"5":-0.04149304,"6":-0.05263529,"7":-0.04591846,"8":-0.0337855,"9":-0.04247672,"10":-0.02363573,"11":-0.01760478,"12":-0.01508955,"13":-0.02160661,"14":-0.01339193,"15":-0.0116207,"16":-0.009111728,"17":-0.00986788,"18":-0.006380799,"19":-0.008768805,"20":-0.006865803,"21":-0.005269578,"22":-0.004351168,"23":-0.004771206,"24":-0.002871128,"25":-0.002300289,"26":-0.00279196,"27":-0.002586534,"28":-0.0006785244},"FracExp":{"0":1.0,"1":1.0,"2":1.0,"3":1.0,"4":1.0,"5":1.0,"6":1.0,"7":1.0,"8":1.0,"9":0.606952,"10":1.0,"11":1.0,"12":1.0,"13":1.0,"14":1.0,"15":1.0,"16":1.0,"17":1.0,"18":1.0,"19":1.0,"20":1.0,"21":1.0,"22":1.0,"23":1.0,"24":1.0,"25":1.0,"26":0.988027,"27":1.0,"28":0.393047},"BGrate":{"0":0.001403202,"1":0.001006171,"2":0.001622452,"3":0.0005899829,"4":0.0002218739,"5":0.0004992163,"6":0.0004221019,"7":0.001472866,"8":0.001033238,"9":0.0005899855,"10":0.0009296749,"11":0.0008821888,"12":0.0006143812,"13":0.0008120149,"14":0.0004612858,"15":0.0003875958,"16":0.0009168746,"17":0.0003736928,"18":0.0002074878,"19":0.0003525725,"20":0.0003335991,"21":0.0003419867,"22":0.0003077609,"23":0.0003388234,"24":0.0003370532,"25":0.0002324912,"26":0.0002404037,"27":0.0002249533,"28":0.0001129798},"BGerr":{"0":0.000572855,"1":0.0004499736,"2":0.0004683615,"3":0.0003406268,"4":0.0002218739,"5":0.0002882227,"6":0.0002984711,"7":0.0005207369,"8":0.0003653047,"9":0.0003406283,"10":0.0002578454,"11":0.0002205472,"12":0.0001703987,"13":0.0002344085,"14":0.0001390829,"15":0.0001168645,"16":0.0001173938,"17":0.0000779203,"18":0.000039931,"19":0.0000719686,"20":0.0000619478,"21":0.0000547617,"22":0.0000469331,"23":0.0000516701,"24":0.0000355285,"25":0.0000231337,"26":0.0000239211,"27":0.0000229592,"28":0.0000051354},"CorrFact":{"0":1.213254,"1":1.209381,"2":1.209661,"3":1.209882,"4":1.209693,"5":1.209642,"6":1.209884,"7":1.209866,"8":1.209904,"9":1.209885,"10":1.211961,"11":1.230738,"12":1.230744,"13":1.230816,"14":1.231001,"15":1.23091,"16":1.338831,"17":1.341474,"18":1.342354,"19":1.311265,"20":1.311132,"21":1.320088,"22":1.351961,"23":1.346562,"24":1.32008,"25":1.368414,"26":1.355067,"27":1.37166,"28":1.496206},"CtsInSrc":{"0":20.0,"1":20.0,"2":20.0,"3":20.0,"4":20.0,"5":20.0,"6":20.0,"7":20.0,"8":22.0,"9":15.0,"10":35.0,"11":15.0,"12":15.0,"13":15.0,"14":15.0,"15":16.0,"16":15.0,"17":15.0,"18":28.0,"19":15.0,"20":15.0,"21":15.0,"22":15.0,"23":15.0,"24":25.0,"25":15.0,"26":22.0,"27":19.0,"28":28.0},"BGInSrc":{"0":0.130176,"1":0.10848,"2":0.260352,"3":0.065088,"4":0.021696,"5":0.065088,"6":0.043392,"7":0.173568,"8":0.173568,"9":0.065088,"10":0.282048,"11":0.238888,"12":0.194096,"13":0.179166,"14":0.164235,"15":0.164235,"16":0.521849,"17":0.196763,"18":0.230982,"19":0.204206,"20":0.246749,"21":0.331835,"22":0.370394,"23":0.370394,"24":0.774951,"25":0.535708,"26":0.54731,"27":0.520031,"28":1.318358},"Exposure":{"0":92.77058,"1":107.81454,"2":160.46812,"3":110.32176,"4":97.7852,"5":130.38024,"6":102.79974,"7":117.8436,"8":167.98442,"9":110.32126,"10":303.38324,"11":270.78974,"12":315.9215,"13":220.64344,"14":356.038,"15":423.72822,"16":569.16096,"17":526.53636,"18":1113.23398,"19":579.18982,"20":739.65842,"21":970.31666,"22":1203.5109,"23":1093.1759,"24":2299.1941,"25":2304.2087,"26":2276.6284,"27":2311.7306,"28":11668.9742},"Sigma":{"0":373.88589,"1":410.018686,"2":262.645198,"3":530.486547,"4":920.829653,"5":530.486547,"6":650.417785,"7":323.087572,"8":355.679172,"9":397.431898,"10":443.816152,"11":247.164057,"12":275.035952,"13":286.55517,"14":299.598625,"15":319.792975,"16":216.687055,"17":360.809172,"18":624.688372,"19":354.956018,"20":321.981279,"21":276.048488,"22":259.002158,"23":259.002158,"24":296.559516,"25":271.349852,"26":393.920979,"27":348.182719,"28":445.247865},"SNR":{"0":4.442714,"1":4.447617,"2":4.413296,"3":4.457424,"4":4.467232,"5":4.457424,"6":4.462328,"7":4.432908,"8":4.653013,"9":3.855996,"10":5.867892,"11":3.81085,"12":3.822499,"13":3.826382,"14":3.830265,"15":3.958638,"16":3.737686,"17":3.821965,"18":5.247666,"19":3.820036,"20":3.809006,"21":3.786947,"22":3.776946,"23":3.776946,"24":4.844363,"25":3.73431,"26":4.573421,"27":4.239281,"28":5.042033}}