{"Time":{"0":137801.242,"1":586317.7120000001,"2":622891.251},"TimePos":{"0":5032.679,"1":20265.101,"2":1031.87},"TimeNeg":{"0":-5385.893,"1":-16072.332,"2":-607.904},"Rate":{"0":0.005453585,"1":0.008074008,"2":0.01164722},"RatePos":{"0":0.001669374,"1":0.001976498,"2":0.003672139},"RateNeg":{"0":-0.001395679,"1":-0.001976498,"2":-0.003049649},"FracExp":{"0":0.382404,"1":0.091288,"2":1.0},"BGrate":{"0":0.0001431763,"1":0.0002012044,"2":0.000237481},"BGerr":{"0":0.0000102795,"1":0.000016007,"2":0.000027795},"CorrFact":{"0":1.617843,"1":1.545227,"2":1.514457},"CtsInSrc":{"0":14.0,"1":18.0,"2":13.0},"BGInSrc":{"0":0.570429,"1":0.667427,"2":0.389415},"Exposure":{"0":3984.0997,"1":3317.1579,"2":1639.7742},"Sigma":{"0":327.91537,"1":326.428403,"2":276.683815},"SNR":{"0":3.907477,"1":4.085007,"2":3.8192}}