{"Time":{"0":21264.378},"TimePos":{"0":9423.27},"TimeNeg":{"0":-4150.177},"Rate":{"0":0.01013507},"RatePos":{"0":0.001847529},"RateNeg":{"0":-0.001847529},"FracExp":{"0":0.366486},"BGrate":{"0":0.0004035313},"BGerr":{"0":0.0000218205},"CorrFact":{"0":1.575885},"CtsInSrc":{"0":34.0},"BGInSrc":{"0":2.00736},"Exposure":{"0":4974.4832},"Sigma":{"0":294.739224},"SNR":{"0":5.485742}}