{"Time":{"0":246.394,"1":331.694,"2":459.241,"3":471.717,"4":482.311,"5":491.658,"6":506.758,"7":526.802,"8":553.377,"9":610.108,"10":4636.844,"11":19555.466,"12":105649.901},"TimePos":{"0":26.315,"1":109.005,"2":6.531,"3":4.085,"4":6.027,"5":6.709,"6":9.16,"7":11.682,"8":17.702,"9":81.319,"10":648.318,"11":32316.483,"12":19996.331},"TimeNeg":{"0":-23.831,"1":-58.985,"2":-18.542,"3":-5.945,"4":-6.51,"5":-3.32,"6":-8.391,"7":-10.884,"8":-14.893,"9":-39.029,"10":-652.971,"11":-9860.664,"12":-4161.833},"Rate":{"0":1.63951,"1":0.4826692,"2":3.375728,"3":9.689615,"4":9.678708,"5":9.334652,"6":4.872427,"7":3.845679,"8":2.642758,"9":1.044941,"10":0.01822566,"11":0.005406028,"12":0.00251779},"RatePos":{"0":0.3687537,"1":0.1093614,"2":0.7428258,"3":1.985112,"4":1.775703,"5":1.951352,"6":1.066209,"7":0.8450564,"8":0.5807244,"9":0.1899975,"10":0.004471142,"11":0.00112961,"12":0.001183717},"RateNeg":{"0":-0.3687537,"1":-0.1093614,"2":-0.7428258,"3":-1.985112,"4":-1.775703,"5":-1.951352,"6":-1.066209,"7":-0.8450564,"8":-0.5807244,"9":-0.1899975,"10":-0.004471142,"11":-0.00112961,"12":-0.0009173706},"FracExp":{"0":1.0,"1":1.0,"2":1.0,"3":1.0,"4":1.0,"5":1.0,"6":1.0,"7":1.0,"8":1.0,"9":1.0,"10":1.0,"11":0.157891,"12":0.164502},"BGrate":{"0":0.002290682,"1":0.001538518,"2":0.006872045,"3":0.008590094,"4":0.01145341,"5":0.005726707,"6":0.003272397,"7":0.006363023,"8":0.004405161,"9":0.003102037,"10":0.0009430028,"11":0.0001606032,"12":0.000139194},"BGerr":{"0":0.001145341,"1":0.0005128394,"2":0.002805501,"3":0.004959493,"4":0.00512212,"5":0.004049393,"6":0.002313934,"7":0.00284563,"8":0.001970048,"9":0.0008603504,"10":0.0000775144,"11":0.0000090778,"12":0.0000097455},"CorrFact":{"0":4.134515,"1":4.107261,"2":4.063827,"3":4.063724,"4":4.064048,"5":4.080609,"6":4.083413,"7":4.160866,"8":4.130188,"9":4.106124,"10":1.33444,"11":1.504393,"12":1.55202},"CtsInSrc":{"0":20.0,"1":20.0,"2":21.0,"3":24.0,"4":30.0,"5":23.0,"6":21.0,"7":21.0,"8":21.0,"9":31.0,"10":19.0,"11":25.0,"12":7.0},"BGInSrc":{"0":0.114869,"1":0.258456,"2":0.172304,"3":0.086152,"4":0.143587,"5":0.057435,"6":0.057435,"7":0.143587,"8":0.143587,"9":0.373325,"10":1.227119,"11":1.069519,"12":0.553167},"Exposure":{"0":50.146308,"1":167.99012,"2":25.07316,"3":10.02922,"4":12.53658,"5":10.02926,"6":17.55124,"7":22.56578,"8":32.59508,"9":120.348352,"10":1301.2887,"11":6659.3888,"12":3974.0705},"Sigma":{"0":346.221966,"1":229.147977,"2":296.088657,"3":480.778459,"4":464.952725,"5":564.915048,"6":515.669025,"7":324.796087,"8":324.796087,"9":295.790578,"10":176.19844,"11":395.853977,"12":4.71829},"SNR":{"0":4.446084,"1":4.413525,"2":4.544441,"3":4.881142,"4":5.450636,"5":4.783684,"6":4.569863,"7":4.550796,"8":4.550796,"9":5.499762,"10":4.076287,"11":4.785746,"12":2.744572}}