{"Time":{"0":149.212,"1":189.541,"2":229.863,"3":266.269,"4":317.074,"5":381.037,"6":432.817,"7":484.411,"8":538.713,"9":609.368,"10":722.412,"11":6276.65,"12":6419.041,"13":6547.91,"14":16479.753,"15":16778.64,"16":17107.669,"17":17432.53,"18":36887.984,"19":56674.626,"20":222181.845},"TimePos":{"0":22.361,"1":14.627,"2":19.437,"3":25.656,"4":30.011,"5":26.223,"6":27.097,"7":23.142,"8":26.508,"9":41.102,"10":70.97,"11":85.436,"12":60.889,"13":72.428,"14":117.538,"15":109.5,"16":184.149,"17":140.099,"18":2680.767,"19":47554.373,"20":12033.205},"TimeNeg":{"0":-32.8,"1":-17.968,"2":-25.695,"3":-16.969,"4":-25.15,"5":-33.952,"6":-25.557,"7":-24.497,"8":-31.16,"9":-44.146,"10":-71.942,"11":-117.657,"12":-56.955,"13":-67.98,"14":-88.063,"15":-181.349,"16":-219.529,"17":-140.711,"18":-3852.119,"19":-12081.761,"20":-15875.988},"Rate":{"0":2.260891,"1":3.525168,"2":2.535906,"3":2.795671,"4":2.290905,"5":2.193886,"6":2.18333,"7":2.40968,"8":2.201633,"9":1.32855,"10":1.569792,"11":0.3547572,"12":0.203674,"13":0.1789533,"14":0.09305092,"15":0.06407489,"16":0.04632509,"17":0.07188768,"18":0.02351277,"19":0.008415084,"20":0.002435342},"RatePos":{"0":0.4869823,"1":0.7971805,"2":0.575915,"3":0.6199852,"4":0.4928136,"5":0.4602588,"6":0.4916494,"7":0.5426197,"8":0.471792,"9":0.301291,"10":0.2537363,"11":0.08085789,"12":0.04585458,"13":0.03934799,"14":0.02435846,"15":0.01697476,"16":0.01223572,"17":0.01812114,"18":0.005263578,"19":0.001448832,"20":0.0009703528},"RateNeg":{"0":-0.4869823,"1":-0.7971805,"2":-0.575915,"3":-0.6199852,"4":-0.4928136,"5":-0.4602588,"6":-0.4916494,"7":-0.5426197,"8":-0.471792,"9":-0.301291,"10":-0.2537363,"11":-0.08085789,"12":-0.04585458,"13":-0.03934799,"14":-0.02435846,"15":-0.01697476,"16":-0.01223572,"17":-0.01812114,"18":-0.005263578,"19":-0.001448832,"20":-0.0007844531},"FracExp":{"0":1.0,"1":1.0,"2":1.0,"3":1.0,"4":1.0,"5":1.0,"6":1.0,"7":1.0,"8":1.0,"9":1.0,"10":1.0,"11":0.999996,"12":1.0,"13":1.0,"14":1.0,"15":1.0,"16":1.0,"17":1.0,"18":0.282858,"19":0.117217,"20":0.189109},"BGrate":{"0":0.004006432,"1":0.006780103,"2":0.006733024,"3":0.007777187,"4":0.003505623,"5":0.00229535,"6":0.002623257,"7":0.002899389,"8":0.001916119,"9":0.003240495,"10":0.002512877,"11":0.001846703,"12":0.001140965,"13":0.00111721,"14":0.0009897403,"15":0.00129934,"16":0.0008281514,"17":0.000465851,"18":0.0002857324,"19":0.0002385242,"20":0.0002118127},"BGerr":{"0":0.001416488,"1":0.002397128,"2":0.002030083,"3":0.00224508,"4":0.001325001,"5":0.001026512,"6":0.001173156,"7":0.001296646,"8":0.0009580597,"9":0.001024735,"10":0.0006969468,"11":0.0004352721,"12":0.0004657969,"13":0.0004222657,"14":0.0002645192,"15":0.0002548215,"16":0.0001726815,"17":0.0001552837,"18":0.000028154,"19":0.0000110023,"20":0.0000114202},"CorrFact":{"0":5.726285,"1":5.80936,"2":5.810774,"3":5.765472,"4":5.794962,"5":5.774606,"6":5.787984,"7":5.779654,"8":5.800236,"9":5.74217,"10":5.805857,"11":3.671256,"12":1.208208,"13":1.205501,"14":1.292961,"15":1.274519,"16":1.275114,"17":1.272075,"18":2.122351,"19":1.664875,"20":1.44713},"CtsInSrc":{"0":22.0,"1":20.0,"2":20.0,"3":21.0,"4":22.0,"5":23.0,"6":20.0,"7":20.0,"8":22.0,"9":20.0,"10":39.0,"11":20.0,"12":20.0,"13":21.0,"14":15.0,"15":15.0,"16":15.0,"17":16.0,"18":21.0,"19":37.0,"20":10.0},"BGInSrc":{"0":0.220998,"1":0.220998,"2":0.303873,"3":0.331498,"4":0.193374,"5":0.138124,"6":0.138124,"7":0.138124,"8":0.110499,"9":0.276248,"10":0.359122,"11":0.37505,"12":0.134456,"13":0.156865,"14":0.203491,"15":0.377912,"16":0.334307,"17":0.130816,"18":0.527999,"19":1.667368,"20":1.117919},"Exposure":{"0":55.1609,"1":32.59514,"2":45.1317,"3":42.62436,"4":55.16098,"5":60.17556,"6":52.65362,"7":47.639,"8":57.66822,"9":85.2487,"10":142.91282,"11":203.09164,"12":117.84382,"13":140.40774,"14":205.600488,"15":290.84928,"16":403.67836,"17":280.810172,"18":1847.8801,"19":6990.3524,"20":5277.8665},"Sigma":{"0":278.736491,"1":253.13968,"2":214.973711,"3":215.982837,"4":298.359808,"5":370.107357,"6":321.540823,"7":321.540823,"8":396.192926,"9":225.782558,"10":387.950361,"11":222.001381,"12":361.907052,"13":351.549289,"14":272.068269,"15":197.290135,"16":210.388177,"17":363.928444,"18":393.500748,"19":459.402496,"20":147.361335},"SNR":{"0":4.642655,"1":4.422044,"2":4.403264,"3":4.509254,"4":4.648624,"5":4.766635,"6":4.440827,"7":4.440827,"8":4.666534,"9":4.409524,"10":6.186706,"11":4.387415,"12":4.441736,"13":4.547964,"14":3.820066,"15":3.774716,"16":3.786053,"17":3.96706,"18":4.467069,"19":5.808185,"20":3.104509}}