{"Time":{"0":260.982,"1":288.481,"2":318.667,"3":349.64,"4":388.864,"5":432.423,"6":479.419,"7":528.212,"8":601.36,"9":676.304,"10":789.251,"11":886.677,"12":943.18,"13":957.416,"14":968.387,"15":981.674,"16":993.46,"17":1007.626,"18":1019.43,"19":1033.736,"20":1049.539,"21":1069.451,"22":1083.898,"23":1102.089,"24":1117.449,"25":1133.741,"26":1154.292,"27":1180.434,"28":1222.183,"29":1269.905,"30":1333.707,"31":1509.688,"32":5796.521,"33":6310.752,"34":6898.942,"35":12418.756,"36":17875.92,"37":26542.66,"38":42596.216,"39":64730.383},"TimePos":{"0":17.897,"1":10.457,"2":12.866,"3":16.996,"4":20.396,"5":19.461,"6":22.612,"7":36.502,"8":33.559,"9":46.371,"10":58.79,"11":41.598,"12":7.661,"13":5.961,"14":7.527,"15":6.776,"16":7.527,"17":5.898,"18":6.63,"19":7.368,"20":9.116,"21":6.756,"22":9.86,"23":6.713,"24":8.904,"25":10.163,"26":9.671,"27":18.631,"28":19.506,"29":34.467,"30":30.841,"31":193.343,"32":171.047,"33":233.5,"34":585.54,"35":847.656,"36":1172.931,"37":4067.802,"38":11140.335,"39":15978.652},"TimeNeg":{"0":-9.683,"1":-9.602,"2":-19.729,"3":-18.107,"4":-22.229,"5":-23.163,"6":-27.534,"7":-26.181,"8":-36.646,"9":-41.385,"10":-66.576,"11":-38.636,"12":-14.905,"13":-6.575,"14":-5.01,"15":-5.76,"16":-5.01,"17":-6.639,"18":-5.906,"19":-7.675,"20":-8.435,"21":-10.796,"22":-7.691,"23":-8.331,"24":-8.648,"25":-7.388,"26":-10.387,"27":-16.471,"28":-23.118,"29":-28.216,"30":-29.334,"31":-145.14,"32":-217.587,"33":-343.183,"34":-354.69,"35":-899.933,"36":-1284.223,"37":-4128.994,"38":-8605.738,"39":-7635.484},"Rate":{"0":2.336865,"1":3.229988,"2":2.114276,"3":1.827931,"4":1.603144,"5":1.613815,"6":1.287788,"7":1.030234,"8":0.9738845,"9":0.7337249,"10":0.4700955,"11":0.306636,"12":4.022134,"13":12.63023,"14":7.899009,"15":11.88497,"16":11.90108,"17":7.866711,"18":8.287098,"19":7.545653,"20":6.423992,"21":5.851789,"22":5.868353,"23":7.552218,"24":5.8947,"25":5.610016,"26":4.931517,"27":3.124713,"28":2.337118,"29":1.565325,"30":1.644529,"31":0.5199728,"32":0.05155698,"33":0.03502742,"34":0.03383295,"35":0.01471817,"36":0.01390044,"37":0.007544371,"38":0.0036805,"39":0.002251135},"RatePos":{"0":0.5242825,"1":0.7234504,"2":0.4635753,"3":0.4121644,"4":0.3503897,"5":0.3538444,"6":0.2889192,"7":0.2311361,"8":0.2131943,"9":0.1648884,"10":0.1060046,"11":0.06724521,"12":0.9038559,"13":2.244053,"14":1.774869,"15":2.176918,"16":2.17987,"17":1.764749,"18":1.808393,"19":1.577808,"20":1.350874,"21":1.286858,"22":1.288505,"23":1.585878,"24":1.294289,"25":1.258502,"26":1.106293,"27":0.6671704,"28":0.5251391,"29":0.3534409,"30":0.3701182,"31":0.08784387,"32":0.01342296,"33":0.00908914,"34":0.006985551,"35":0.003394107,"36":0.002893603,"37":0.001700594,"38":0.001019501,"39":0.000711887},"RateNeg":{"0":-0.5242825,"1":-0.7234504,"2":-0.4635753,"3":-0.4121644,"4":-0.3503897,"5":-0.3538444,"6":-0.2889192,"7":-0.2311361,"8":-0.2131943,"9":-0.1648884,"10":-0.1060046,"11":-0.06724521,"12":-0.9038559,"13":-2.244053,"14":-1.774869,"15":-2.176918,"16":-2.17987,"17":-1.764749,"18":-1.808393,"19":-1.577808,"20":-1.350874,"21":-1.286858,"22":-1.288505,"23":-1.585878,"24":-1.294289,"25":-1.258502,"26":-1.106293,"27":-0.6671704,"28":-0.5251391,"29":-0.3534409,"30":-0.3701182,"31":-0.08784387,"32":-0.01342296,"33":-0.00908914,"34":-0.006985551,"35":-0.003394107,"36":-0.002893603,"37":-0.001700594,"38":-0.001019501,"39":-0.000594855},"FracExp":{"0":1.0,"1":1.0,"2":1.0,"3":1.0,"4":1.0,"5":1.0,"6":1.0,"7":1.0,"8":1.0,"9":1.0,"10":0.999965,"11":1.0,"12":0.999969,"13":1.0,"14":1.0,"15":1.0,"16":1.0,"17":1.0,"18":1.0,"19":1.0,"20":1.0,"21":1.0,"22":1.0,"23":1.0,"24":1.0,"25":1.0,"26":1.0,"27":1.0,"28":1.0,"29":1.0,"30":1.0,"31":1.0,"32":1.0,"33":1.0,"34":1.0,"35":1.0,"36":1.0,"37":0.557328,"38":0.295476,"39":0.430233},"BGrate":{"0":0.002373015,"1":0.001631446,"2":0.0030119,"3":0.004661272,"4":0.0007677404,"5":0.00230322,"6":0.001305156,"7":0.001044126,"8":0.0009322551,"9":0.001118707,"10":0.001315064,"11":0.001269803,"12":0.004322435,"13":0.01267816,"14":0.007606858,"15":0.007606858,"16":0.00760687,"17":0.005071255,"18":0.0,"19":0.004226044,"20":0.01086695,"21":0.009055784,"22":0.00724466,"23":0.01056507,"24":0.007244652,"25":0.003622313,"26":0.003169531,"27":0.0009055809,"28":0.002237313,"29":0.003042751,"30":0.00211302,"31":0.0014087,"32":0.0003178784,"33":0.0001285334,"34":0.0002890617,"35":0.0003460257,"36":0.0003975384,"37":0.000146432,"38":0.000174247,"39":0.0000981085},"BGerr":{"0":0.001677975,"1":0.001631446,"2":0.001738921,"3":0.002084584,"4":0.0007677404,"5":0.001329765,"6":0.0009228845,"7":0.0007383089,"8":0.0006592039,"9":0.0006458859,"10":0.0005881144,"11":0.000733121,"12":0.002495559,"13":0.005669845,"14":0.004391822,"15":0.004391822,"16":0.004391829,"17":0.003585919,"18":0.0,"19":0.002988264,"20":0.004436415,"21":0.00404987,"22":0.00362233,"23":0.004724842,"24":0.003622326,"25":0.002561362,"26":0.002241197,"27":0.0009055809,"28":0.001291713,"29":0.001242198,"30":0.00105651,"31":0.0003637247,"32":0.0000820758,"33":0.0000428445,"34":0.0000503192,"35":0.0000399556,"36":0.0000367524,"37":0.0000113653,"38":0.0000097255,"39":0.0000048452},"CorrFact":{"0":3.233174,"1":3.244755,"2":3.297088,"3":3.23471,"4":3.259032,"5":3.290999,"6":3.239502,"7":3.239507,"8":3.265965,"9":3.235323,"10":2.971084,"11":1.177268,"12":4.560253,"13":4.972806,"14":4.975058,"15":4.982409,"16":4.989155,"17":4.946799,"18":4.94724,"19":4.949154,"20":4.943117,"21":4.928068,"22":4.934468,"23":4.974161,"24":4.956628,"25":4.938837,"26":4.961719,"27":4.99289,"28":5.004777,"29":4.953187,"30":4.979684,"31":4.954565,"32":1.34688,"33":1.353336,"34":1.34063,"35":1.326162,"36":1.421774,"37":1.695188,"38":1.535671,"39":1.75887},"CtsInSrc":{"0":20.0,"1":20.0,"2":21.0,"3":20.0,"4":21.0,"5":21.0,"6":20.0,"7":20.0,"8":21.0,"9":20.0,"10":20.0,"11":21.0,"12":20.0,"13":32.0,"14":20.0,"15":30.0,"16":30.0,"17":20.0,"18":21.0,"19":23.0,"20":23.0,"21":21.0,"22":21.0,"23":23.0,"24":21.0,"25":20.0,"26":20.0,"27":22.0,"28":20.0,"29":20.0,"30":20.0,"31":36.0,"32":15.0,"33":15.0,"34":24.0,"35":20.0,"36":25.0,"37":21.0,"38":15.0,"39":14.0},"BGInSrc":{"0":0.065449,"1":0.032724,"2":0.098173,"3":0.163622,"4":0.032724,"5":0.098173,"6":0.065449,"7":0.065449,"8":0.065449,"9":0.098173,"10":0.164858,"11":0.101882,"12":0.097537,"13":0.15894,"14":0.095364,"15":0.095364,"16":0.095364,"17":0.063576,"18":0.0,"19":0.063576,"20":0.190728,"21":0.15894,"22":0.127152,"23":0.15894,"24":0.127152,"25":0.063576,"26":0.063576,"27":0.031788,"28":0.095364,"29":0.190728,"30":0.127152,"31":0.476821,"32":0.123538,"33":0.074123,"34":0.271785,"35":0.60471,"36":0.976813,"37":0.668945,"38":1.016642,"39":0.996742},"Exposure":{"0":27.580488,"1":20.05856,"2":32.59516,"3":35.1025,"4":42.62438,"5":42.6244,"6":50.14644,"7":62.68294,"8":70.20494,"9":87.7561,"10":125.361492,"11":80.23416,"12":22.5652,"13":12.53654,"14":12.5366,"15":12.5366,"16":12.53658,"17":12.53656,"18":12.5366,"19":15.04388,"20":17.55122,"21":17.55124,"22":17.55116,"23":15.04394,"24":17.55118,"25":17.55124,"26":20.05852,"27":35.10238,"28":42.6244,"29":62.68284,"30":60.17558,"31":338.48288,"32":388.63428,"33":576.68338,"34":940.23034,"35":1747.5881,"36":2457.154,"37":4568.3006,"38":5834.487096,"39":10159.5796},"Sigma":{"0":430.743768,"1":610.163678,"2":368.766239,"3":271.084638,"4":640.721862,"5":368.766239,"6":430.743768,"7":430.743768,"8":452.351667,"9":351.123463,"10":269.035354,"11":355.281191,"12":353.427051,"13":447.95942,"14":361.517872,"15":543.142833,"16":543.142833,"17":443.474266,"18":1000.0,"19":510.207538,"20":292.935466,"21":293.204721,"22":328.312844,"23":321.341939,"24":328.312844,"25":443.474266,"26":443.474266,"27":691.084053,"28":361.517872,"29":254.406994,"30":312.583661,"31":288.537564,"32":466.383481,"33":604.098485,"34":501.530387,"35":277.766253,"36":266.018681,"37":391.582546,"38":246.431368,"39":264.156662},"SNR":{"0":4.457262,"1":4.464699,"2":4.560804,"3":4.434955,"4":4.575318,"5":4.560804,"6":4.457262,"7":4.457262,"8":4.568061,"9":4.449826,"10":4.43467,"11":4.559968,"12":4.449973,