{"Time":{"0":395.427,"1":417.606,"2":438.419,"3":472.134,"4":511.023,"5":557.483,"6":593.956,"7":663.453,"8":745.751,"9":821.864,"10":917.241,"11":990.279,"12":1091.8,"13":1202.7,"14":1306.874,"15":1453.007,"16":1588.356,"17":8017.326,"18":24460.12,"19":38419.599,"20":189144.157},"TimePos":{"0":10.461,"1":8.34,"2":17.616,"3":13.988,"4":22.738,"5":18.902,"6":27.561,"7":40.805,"8":38.742,"9":37.848,"10":37.748,"11":37.422,"12":46.222,"13":48.152,"14":66.836,"15":41.053,"16":146.403,"17":5283.363,"18":6193.864,"19":36814.319,"20":246330.242},"TimeNeg":{"0":-12.105,"1":-11.718,"2":-12.472,"3":-16.1,"4":-24.901,"5":-23.722,"6":-17.57,"7":-41.936,"8":-41.492,"9":-37.372,"10":-57.53,"11":-35.29,"12":-64.099,"13":-64.677,"14":-56.022,"15":-79.298,"16":-94.296,"17":-3035.634,"18":-7875.339,"19":-4475.334,"20":-73106.435},"Rate":{"0":2.182914,"1":2.562325,"2":1.619061,"3":1.960041,"4":1.073,"5":1.148117,"6":1.132903,"7":0.6117656,"8":0.6338713,"9":0.6517305,"10":0.530055,"11":0.6630462,"12":0.2350357,"13":0.229352,"14":0.2093921,"15":0.2122801,"16":0.08946779,"17":0.004634626,"18":0.004645495,"19":0.00500826,"20":0.0008659603},"RatePos":{"0":0.4895694,"1":0.5591452,"2":0.3631124,"3":0.4010851,"4":0.2354808,"5":0.2577483,"6":0.2476872,"7":0.1342583,"8":0.1388461,"9":0.1463112,"10":0.1166581,"11":0.1488515,"12":0.05276962,"13":0.05159858,"14":0.04691663,"15":0.04795349,"16":0.02198762,"17":0.001162917,"18":0.0009738033,"19":0.001250273,"20":0.0002642089},"RateNeg":{"0":-0.4895694,"1":-0.5591452,"2":-0.3631124,"3":-0.4010851,"4":-0.2354808,"5":-0.2577483,"6":-0.2476872,"7":-0.1342583,"8":-0.1388461,"9":-0.1463112,"10":-0.1166581,"11":-0.1488515,"12":-0.05276962,"13":-0.05159858,"14":-0.04691663,"15":-0.04795349,"16":-0.02198762,"17":-0.001162917,"18":-0.0009738033,"19":-0.001250273,"20":-0.0002642089},"FracExp":{"0":1.0,"1":1.0,"2":1.0,"3":1.0,"4":1.0,"5":1.0,"6":1.0,"7":1.0,"8":1.0,"9":1.0,"10":1.0,"11":1.0,"12":0.999975,"13":1.0,"14":1.0,"15":1.0,"16":1.0,"17":0.60731,"18":0.534636,"19":0.11228,"20":0.072589},"BGrate":{"0":0.002608776,"1":0.0,"2":0.001956582,"3":0.001956578,"4":0.00247147,"5":0.001841487,"6":0.0008695915,"7":0.001422968,"8":0.0009782906,"9":0.001043511,"10":0.001853605,"11":0.001079494,"12":0.0007280202,"13":0.001067737,"14":0.0003268584,"15":0.00166834,"16":0.0009175938,"17":0.0002156321,"18":0.000152359,"19":0.0002163709,"20":0.0000993735},"BGerr":{"0":0.001506177,"1":0.0,"2":0.001129633,"3":0.001129631,"4":0.001008973,"5":0.0009207437,"6":0.0006148941,"7":0.0005809244,"8":0.0004891453,"9":0.0005217553,"10":0.0006178682,"11":0.0005397469,"12":0.0003640101,"13":0.0004359017,"14":0.0002311238,"15":0.0005275754,"16":0.0002766649,"17":0.0000135034,"18":0.0000078056,"19":0.0000140846,"20":0.0000028486},"CorrFact":{"0":2.470229,"1":2.44745,"2":2.442884,"3":2.463262,"4":2.447845,"5":2.456525,"6":2.439308,"7":2.423983,"8":2.430895,"9":2.460793,"10":2.425275,"11":2.420067,"12":1.301671,"13":1.301717,"14":1.288862,"15":1.290357,"16":1.283431,"17":1.384642,"18":1.464869,"19":1.36603,"20":1.581586},"CtsInSrc":{"0":20.0,"1":21.0,"2":20.0,"3":24.0,"4":21.0,"5":20.0,"6":21.0,"7":21.0,"8":21.0,"9":20.0,"10":21.0,"11":20.0,"12":20.0,"13":20.0,"14":20.0,"15":20.0,"16":17.0,"17":18.0,"18":25.0,"19":18.0,"20":15.0},"BGInSrc":{"0":0.058869,"1":0.0,"2":0.058869,"3":0.058869,"4":0.117738,"5":0.078492,"6":0.039246,"7":0.117738,"8":0.078492,"9":0.078492,"10":0.176607,"11":0.078492,"12":0.080314,"13":0.120471,"14":0.040157,"15":0.200786,"16":0.220864,"17":1.089419,"18":1.146029,"19":1.003095,"20":2.304224},"Exposure":{"0":22.565788,"1":20.05852,"2":30.08772,"3":30.08778,"4":47.63892,"5":42.6243,"6":45.1316,"7":82.74124,"8":80.23394,"9":75.21928,"10":95.27774,"11":72.71196,"12":110.318832,"13":112.82884,"14":122.858,"15":120.35068,"16":240.69956,"17":5052.2095,"18":7521.9,"19":4635.9977,"20":23187.5104},"Sigma":{"0":586.709509,"1":1000.0,"2":586.709509,"3":704.397821,"4":434.446078,"5":507.60534,"6":755.311108,"7":434.446078,"8":533.085607,"9":507.60534,"10":353.723738,"11":507.60534,"12":496.043108,"13":404.201005,"14":702.925105,"15":311.827841,"16":251.964976,"17":247.875652,"18":406.282052,"19":260.305754,"20":192.211693},"SNR":{"0":4.458844,"1":4.582576,"2":4.458844,"3":4.886845,"4":4.556632,"5":4.454413,"6":4.573928,"7":4.556632,"8":4.56528,"9":4.454413,"10":4.543662,"11":4.454413,"12":4.453998,"13":4.444929,"14":4.463067,"15":4.426793,"16":4.069007,"17":3.985347,"18":4.770465,"19":4.005735,"20":3.277559}}