{"Time":{"0":426.611,"1":479.855,"2":538.999,"3":600.98,"4":652.37,"5":689.88,"6":733.315,"7":806.318,"8":847.046,"9":889.563,"10":961.04,"11":1051.48,"12":1307.48,"13":33252.124},"TimePos":{"0":26.66,"1":36.1,"2":24.595,"3":32.818,"4":21.546,"5":21.646,"6":35.878,"7":25.559,"8":19.934,"9":27.563,"10":33.812,"11":48.68,"12":4243.923,"13":18922.91},"TimeNeg":{"0":-20.979,"1":-26.583,"2":-23.044,"3":-37.387,"4":-18.571,"5":-15.964,"6":-21.79,"7":-37.124,"8":-15.169,"9":-22.583,"10":-43.915,"11":-56.628,"12":-207.32,"13":-16693.518},"Rate":{"0":2.859367,"1":2.151861,"2":2.862155,"3":1.942479,"4":3.369003,"5":3.997752,"6":2.45814,"7":2.595024,"8":4.062964,"9":2.726817,"10":1.740335,"11":1.285142,"12":0.2756212,"13":0.003649015},"RatePos":{"0":0.6444973,"1":0.4889436,"2":0.6442653,"3":0.4378321,"4":0.7624229,"5":0.8564501,"6":0.5439598,"7":0.5350233,"8":0.8911094,"9":0.6113549,"10":0.3943755,"11":0.2931924,"12":0.05236746,"13":0.001030129},"RateNeg":{"0":-0.6444973,"1":-0.4889436,"2":-0.6442653,"3":-0.4378321,"4":-0.7624229,"5":-0.8564501,"6":-0.5439598,"7":-0.5350233,"8":-0.8911094,"9":-0.6113549,"10":-0.3943755,"11":-0.2931924,"12":-0.05236746,"13":-0.001030129},"FracExp":{"0":1.0,"1":1.0,"2":1.0,"3":1.0,"4":1.0,"5":1.0,"6":1.0,"7":1.0,"8":1.0,"9":1.0,"10":1.0,"11":1.0,"12":0.119978,"13":0.155437},"BGrate":{"0":0.003294626,"1":0.005007832,"2":0.002745521,"3":0.002235638,"4":0.005868549,"5":0.002782127,"6":0.004989683,"7":0.00375587,"8":0.002980851,"9":0.001043297,"10":0.003365474,"11":0.003726061,"12":0.00511834,"13":0.0002309887},"BGerr":{"0":0.001345025,"1":0.001445636,"2":0.001227834,"3":0.0009126954,"4":0.001956183,"5":0.001391064,"6":0.001504446,"7":0.001251957,"8":0.001490425,"9":0.0007377227,"10":0.001064256,"11":0.0009620647,"12":0.0004925125,"13":0.0000119123},"CorrFact":{"0":6.864742,"1":6.851785,"2":6.862391,"3":6.872509,"4":6.838225,"5":6.866956,"6":6.844105,"7":6.844801,"8":6.825435,"9":6.854929,"10":6.853178,"11":6.902163,"12":4.863306,"13":1.472273},"CtsInSrc":{"0":20.0,"1":20.0,"2":20.0,"3":20.0,"4":20.0,"5":22.0,"6":21.0,"7":24.0,"8":21.0,"9":20.0,"10":20.0,"11":20.0,"12":33.0,"13":15.0},"BGInSrc":{"0":0.156953,"1":0.313905,"2":0.130794,"3":0.156953,"4":0.235429,"5":0.104635,"6":0.287747,"7":0.235429,"8":0.104635,"9":0.052318,"10":0.261588,"11":0.392382,"12":2.733449,"13":1.278781},"Exposure":{"0":47.639009,"1":62.6829,"2":47.63902,"3":70.20488,"4":40.11708,"5":37.60976,"6":57.66832,"7":62.68296,"8":35.10244,"9":50.14636,"10":77.7269,"11":105.3074,"12":534.049971,"13":5536.1184},"Sigma":{"0":309.681457,"1":217.245807,"2":339.686252,"3":309.681457,"4":251.85385,"5":418.508853,"6":238.733556,"7":302.824621,"8":399.394815,"9":539.212444,"10":238.613314,"11":193.53596,"12":115.070434,"13":208.06097},"SNR":{"0":4.436585,"1":4.401041,"2":4.44251,"3":4.436585,"4":4.418812,"5":4.667817,"6":4.518974,"7":4.8503,"8":4.559445,"9":4.460285,"10":4.412888,"11":4.383272,"12":5.263216,"13":3.54229}}