{"Time":{"0":3313.871,"1":3488.106,"2":3684.912,"3":3934.472,"4":4189.936,"5":4419.746,"6":4663.747,"7":4868.982,"8":5112.044,"9":5496.939,"10":9099.622,"11":9737.414,"12":10168.827,"13":10542.123,"14":11188.131,"15":15026.213,"16":15670.514,"17":16532.134,"18":21521.645,"19":27000.851,"20":33043.735,"21":66716.9,"22":92902.362,"23":187233.543},"TimePos":{"0":85.867,"1":79.622,"2":113.489,"3":137.227,"4":124.972,"5":153.415,"6":74.896,"7":122.9,"8":120.541,"9":207.006,"10":310.947,"11":197.184,"12":124.317,"13":422.981,"14":306.001,"15":250.807,"16":378.758,"17":715.62,"18":1523.746,"19":1704.168,"20":1442.816,"21":2523.089,"22":22190.539,"23":48757.812},"TimeNeg":{"0":-144.806,"1":-88.368,"2":-117.184,"3":-136.07,"4":-118.238,"5":-104.838,"6":-90.586,"7":-130.338,"8":-120.161,"9":-264.355,"10":-208.067,"11":-326.845,"12":-234.229,"13":-248.98,"14":-223.027,"15":-355.964,"16":-393.495,"17":-482.861,"18":-1063.787,"19":-773.044,"20":-1036.903,"21":-4227.682,"22":-19301.917,"23":-32999.091},"Rate":{"0":0.1277659,"1":0.1763738,"2":0.1295444,"3":0.1086171,"4":0.1235246,"5":0.08667202,"6":0.1817965,"7":0.0879625,"8":0.09217019,"9":0.067311,"10":0.03769916,"11":0.03779733,"12":0.05561805,"13":0.02913754,"14":0.03711844,"15":0.03313649,"16":0.02590439,"17":0.02203384,"18":0.01400172,"19":0.01366347,"20":0.01247556,"21":0.01111085,"22":0.004111383,"23":0.001927808},"RatePos":{"0":0.02874284,"1":0.0397584,"2":0.02928125,"3":0.02463452,"4":0.02784506,"5":0.0227241,"6":0.0409531,"7":0.02287549,"8":0.02409998,"9":0.01462724,"10":0.009919335,"11":0.009865287,"12":0.01447554,"13":0.007699621,"14":0.009734084,"15":0.008707813,"16":0.006876651,"17":0.005126438,"18":0.003250597,"19":0.002761369,"20":0.002913658,"21":0.002666934,"22":0.00104807,"23":0.0006570307},"RateNeg":{"0":-0.02874284,"1":-0.0397584,"2":-0.02928125,"3":-0.02463452,"4":-0.02784506,"5":-0.0227241,"6":-0.0409531,"7":-0.02287549,"8":-0.02409998,"9":-0.01462724,"10":-0.009919335,"11":-0.009865287,"12":-0.01447554,"13":-0.007699621,"14":-0.009734084,"15":-0.008707813,"16":-0.006876651,"17":-0.005126438,"18":-0.003250597,"19":-0.002761369,"20":-0.002913658,"21":-0.002666934,"22":-0.00104807,"23":-0.0005453504},"FracExp":{"0":1.0,"1":1.0,"2":1.0,"3":1.0,"4":1.0,"5":1.0,"6":1.0,"7":1.0,"8":1.0,"9":1.0,"10":1.0,"11":1.0,"12":1.0,"13":1.0,"14":1.0,"15":1.0,"16":1.0,"17":1.0,"18":1.0,"19":1.0,"20":1.0,"21":0.318298,"22":0.141401,"23":0.115096},"BGrate":{"0":0.0005199727,"1":0.0009519902,"2":0.0009243967,"3":0.001024046,"4":0.0006575612,"5":0.00087728,"6":0.0008858807,"7":0.0004210124,"8":0.0007751447,"9":0.000876483,"10":0.0005384938,"11":0.0003066712,"12":0.0003312871,"13":0.0005095098,"14":0.0004358488,"15":0.0004300497,"16":0.0005296754,"17":0.0006472955,"18":0.0002841197,"19":0.0005186207,"20":0.0003426085,"21":0.0006343655,"22":0.0002309829,"23":0.0001414615},"BGerr":{"0":0.0001733242,"1":0.0002748159,"2":0.0002310992,"3":0.0002234651,"4":0.0001898216,"5":0.0002127717,"6":0.0002671031,"7":0.0001488504,"8":0.0002071661,"9":0.000157421,"10":0.0000851433,"11":0.0000639454,"12":0.0000803489,"13":0.0000727871,"14":0.0000758715,"15":0.0000706997,"16":0.0000695498,"17":0.0000617172,"18":0.0000210027,"19":0.0000383376,"20":0.000025054,"21":0.0000496873,"22":0.000010403,"23":0.0000057089},"CorrFact":{"0":1.482499,"1":1.493395,"2":1.510221,"3":1.505302,"4":1.514224,"5":1.515106,"6":1.515316,"7":1.495665,"8":1.497668,"9":1.469772,"10":1.329194,"11":1.334759,"12":1.340053,"13":1.335774,"14":1.32955,"15":1.364147,"16":1.371037,"17":1.373639,"18":1.880624,"19":1.316234,"20":1.615415,"21":1.281034,"22":1.44921,"23":1.554587},"CtsInSrc":{"0":20.0,"1":20.0,"2":20.0,"3":20.0,"4":20.0,"5":15.0,"6":20.0,"7":15.0,"8":15.0,"9":22.0,"10":15.0,"11":15.0,"12":15.0,"13":15.0,"14":15.0,"15":15.0,"16":15.0,"17":20.0,"18":20.0,"19":27.0,"20":20.0,"21":20.0,"22":18.0,"23":13.0},"BGInSrc":{"0":0.119944,"1":0.159925,"2":0.213233,"3":0.279869,"4":0.159925,"5":0.22656,"6":0.146598,"7":0.106617,"8":0.186579,"9":0.41314,"10":0.279486,"11":0.160705,"12":0.118782,"13":0.34237,"14":0.230576,"15":0.260941,"16":0.409043,"17":0.775772,"18":0.735169,"19":1.284734,"20":0.849573,"21":1.363097,"22":1.355196,"23":1.331138},"Exposure":{"0":230.673168,"1":167.99016,"2":230.67296,"3":273.2971,"4":243.20928,"5":258.25324,"6":165.48268,"7":253.23876,"8":240.70236,"9":471.360592,"10":519.01458,"11":524.02874,"12":358.5458,"13":671.96062,"14":529.02766,"15":606.77022,"16":772.25272,"17":1198.48146,"18":2587.5336,"19":2477.2124,"20":2479.7197,"21":2148.7561,"22":5867.082,"23":9409.8969},"Sigma":{"0":497.234506,"1":429.751688,"2":371.175879,"3":322.89778,"4":429.751688,"5":268.857444,"6":449.162511,"7":395.105686,"8":297.068257,"9":290.919975,"10":333.113874,"11":442.842313,"12":516.551677,"13":299.685304,"14":367.964849,"15":343.579837,"16":271.66179,"17":259.90304,"18":354.489454,"19":270.771816,"20":308.246779,"21":174.558443,"22":272.709377,"23":217.214813},"SNR":{"0":4.445138,"1":4.436139,"2":4.424141,"3":4.409144,"4":4.436139,"5":3.814102,"6":4.439139,"7":3.845273,"8":3.824492,"9":4.601758,"10":3.800573,"11":3.831346,"12":3.842208,"13":3.784282,"14":3.813244,"15":3.805375,"16":3.767007,"17":4.29808,"18":4.307429,"19":4.948079,"20":4.281753,"21":4.166151,"22":3.922812,"23":3.534989}}