{"Time":{"0":186.553,"1":212.618,"2":252.905,"3":318.331,"4":413.037,"5":559.598,"6":687.896,"7":826.535,"8":979.297,"9":1152.335,"10":4750.042,"11":5047.446,"12":5346.084,"13":5592.419,"14":5862.596,"15":10568.622,"16":11032.802,"17":11387.551,"18":11722.055,"19":12050.608,"20":12581.575,"21":16567.35,"22":17367.431,"23":22590.677,"24":28176.819,"25":30532.703,"26":105797.64,"27":228917.251},"TimePos":{"0":7.508,"1":16.545,"2":21.39,"3":36.199,"4":64.351,"5":63.215,"6":57.777,"7":62.054,"8":74.776,"9":122.378,"10":110.163,"11":173.812,"12":100.833,"13":110.245,"14":138.428,"15":157.596,"16":184.85,"17":120.949,"18":175.08,"19":202.567,"20":358.587,"21":227.987,"22":573.739,"23":631.132,"24":462.12,"25":3481.126,"26":16044.858,"27":98323.732},"TimeNeg":{"0":-7.536,"1":-18.557,"2":-23.742,"3":-44.035,"4":-58.508,"5":-82.21,"6":-65.082,"7":-80.863,"8":-90.708,"9":-98.262,"10":-95.437,"11":-187.242,"12":-124.826,"13":-145.502,"14":-159.933,"15":-150.804,"16":-306.584,"17":-169.9,"18":-213.555,"19":-153.473,"20":-328.4,"21":-336.159,"22":-572.093,"23":-657.62,"24":-485.646,"25":-1893.764,"26":-19481.861,"27":-57240.055},"Rate":{"0":2.963055,"1":1.269073,"2":0.936276,"3":0.5315609,"4":0.3522581,"5":0.2842195,"6":0.3416988,"7":0.1748941,"8":0.1439463,"9":0.1818447,"10":0.09254217,"11":0.05152721,"12":0.08319509,"13":0.07404974,"14":0.08698774,"15":0.05983341,"16":0.03757183,"17":0.06361847,"18":0.04722559,"19":0.04874044,"20":0.04726663,"21":0.03393277,"22":0.03231459,"23":0.02909184,"24":0.02094543,"25":0.02575223,"26":0.00604544,"27":0.001339164},"RatePos":{"0":0.6493311,"1":0.2772268,"2":0.2100556,"3":0.1192569,"4":0.07760567,"5":0.0642651,"6":0.07700311,"7":0.03866439,"8":0.03259253,"9":0.03184225,"10":0.02403008,"11":0.01363819,"12":0.02180951,"13":0.01924645,"14":0.01952062,"15":0.01578735,"16":0.009883997,"17":0.01670291,"18":0.01249804,"19":0.0136482,"20":0.00948671,"21":0.009079,"22":0.006191468,"23":0.005507219,"24":0.005511789,"25":0.004114592,"26":0.001121994,"27":0.0005774676},"RateNeg":{"0":-0.6493311,"1":-0.2772268,"2":-0.2100556,"3":-0.1192569,"4":-0.07760567,"5":-0.0642651,"6":-0.07700311,"7":-0.03866439,"8":-0.03259253,"9":-0.03184225,"10":-0.02403008,"11":-0.01363819,"12":-0.02180951,"13":-0.01924645,"14":-0.01952062,"15":-0.01578735,"16":-0.009883997,"17":-0.01670291,"18":-0.01249804,"19":-0.0136482,"20":-0.00948671,"21":-0.009079,"22":-0.006191468,"23":-0.005507219,"24":-0.005511789,"25":-0.004114592,"26":-0.001121994,"27":-0.0004614272},"FracExp":{"0":1.0,"1":1.0,"2":1.0,"3":1.0,"4":1.0,"5":1.0,"6":1.0,"7":0.999963,"8":1.0,"9":1.0,"10":1.0,"11":1.0,"12":1.0,"13":1.0,"14":1.0,"15":1.0,"16":1.0,"17":1.0,"18":1.0,"19":1.0,"20":1.0,"21":1.0,"22":1.0,"23":1.0,"24":1.0,"25":0.392312,"26":0.195422,"27":0.057959},"BGrate":{"0":0.005825837,"1":0.0006241964,"2":0.001456457,"3":0.0008192581,"4":0.001605077,"5":0.001506681,"6":0.001248392,"7":0.001877124,"8":0.001486001,"9":0.003140934,"10":0.0004094227,"11":0.001010288,"12":0.0009947444,"13":0.0003840005,"14":0.001927905,"15":0.001035303,"16":0.0005611086,"17":0.0008482815,"18":0.0009335918,"19":0.003260994,"20":0.00160555,"21":0.0009264643,"22":0.0007768644,"23":0.0004272767,"24":0.0002965703,"25":0.0004366191,"26":0.0002185154,"27":0.0001291534},"BGerr":{"0":0.002912918,"1":0.0006241964,"2":0.0008408861,"3":0.0004729989,"4":0.0005350255,"5":0.0004764543,"6":0.0004718479,"7":0.0005418789,"8":0.0004480462,"9":0.0005641284,"10":0.0001671461,"11":0.0001981338,"12":0.0002486861,"13":0.0001451385,"14":0.0003010881,"15":0.0002207273,"16":0.0001287271,"17":0.0002057385,"18":0.0001867184,"19":0.0003645902,"20":0.0001841692,"21":0.000115808,"22":0.0000744101,"23":0.0000525941,"24":0.0000508614,"25":0.000041442,"26":0.0000115813,"27":0.0000061996},"CorrFact":{"0":2.131562,"1":2.123532,"2":2.11976,"3":2.139503,"4":2.080394,"5":2.08952,"6":2.115258,"7":1.205615,"8":1.205862,"9":1.204617,"10":1.275603,"11":1.271185,"12":1.270594,"13":1.270852,"14":1.270699,"15":1.256928,"16":1.253991,"17":1.254187,"18":1.253897,"19":1.253963,"20":1.253872,"21":1.322275,"22":1.31723,"23":1.317857,"24":1.348697,"25":1.354863,"26":1.376895,"27":1.540868},"CtsInSrc":{"0":21.0,"1":21.0,"2":20.0,"3":20.0,"4":21.0,"5":20.0,"6":20.0,"7":21.0,"8":20.0,"9":34.0,"10":15.0,"11":15.0,"12":15.0,"13":15.0,"14":21.0,"15":15.0,"16":15.0,"17":15.0,"18":15.0,"19":15.0,"20":27.0,"21":15.0,"22":29.0,"23":29.0,"24":15.0,"25":41.0,"26":32.0,"27":9.0},"BGInSrc":{"0":0.087643,"1":0.021911,"2":0.065733,"3":0.065733,"4":0.197198,"5":0.219109,"6":0.153376,"7":0.268264,"8":0.245908,"9":0.693015,"10":0.084177,"11":0.364768,"12":0.224473,"13":0.098207,"14":0.575211,"15":0.319287,"16":0.275748,"17":0.246722,"18":0.362826,"19":1.161044,"20":1.102992,"21":0.522661,"22":0.890157,"23":0.550654,"24":0.281079,"25":0.920669,"26":1.51709,"27":1.164479},"Exposure":{"0":15.043928,"1":35.10252,"2":45.13184,"3":80.2343,"4":122.85882,"5":145.42476,"6":122.85888,"7":142.912112,"8":165.48332,"9":220.63962,"10":205.59996,"11":361.05374,"12":225.65876,"13":255.74666,"14":298.36098,"15":308.39964,"16":491.43406,"17":290.84894,"18":388.6347,"19":356.03982,"20":686.98664,"21":564.14568,"22":1145.83292,"23":1288.7522,"24":947.76586,"25":2108.63284,"26":6942.7137,"27":9016.2508},"Sigma":{"0":477.214249,"1":957.428499,"2":525.266951,"3":525.266951,"4":316.476166,"5":285.486963,"6":342.35608,"7":267.709888,"8":266.428132,"9":267.59244,"10":434.038131,"11":204.582851,"12":263.292987,"13":401.463261,"14":227.364123,"15":215.663789,"16":232.754383,"17":246.550277,"18":201.710567,"19":106.610448,"20":204.684156,"21":221.594388,"22":329.689541,"23":419.725758,"24":305.342166,"25":458.646637,"26":379.114315,"27":4.576922},"SNR":{"0":4.563242,"1":4.577742,"2":4.457277,"3":4.457277,"4":4.539077,"5":4.422611,"6":4.437467,"7":4.52339,"8":4.416542,"9":5.7108,"10":3.851097,"11":3.778156,"12":3.814624,"13":3.84745,"14":4.456198,"15":3.789958,"16":3.801279,"17":3.808825,"18":3.778639,"19":3.571198,"20":4.982405,"21":3.737501,"22":5.219213,"23":5.282493,"24":3.800115,"25":6.258757,"26":5.388124,"27":2.902222}}