{"Time":{"0":143.155,"1":158.806,"2":177.029,"3":198.303,"4":217.409,"5":238.215,"6":259.716,"7":281.59,"8":317.196,"9":338.43,"10":376.168,"11":402.636,"12":424.813,"13":480.822,"14":4121.224,"15":4243.747,"16":4360.954,"17":4484.178,"18":4616.046,"19":4726.2,"20":4900.343,"21":5040.011,"22":5160.153,"23":5339.801,"24":5501.018,"25":5641.995,"26":5768.027,"27":5901.85,"28":6088.548,"29":11495.865,"30":15644.931,"31":16056.099,"32":16449.14,"33":16991.377,"34":26829.211,"35":33949.162,"36":39780.092,"37":58756.211},"TimePos":{"0":7.298,"1":6.691,"2":11.034,"3":9.819,"4":8.264,"5":12.53,"6":8.58,"7":14.287,"8":11.276,"9":12.608,"10":17.495,"11":11.085,"12":11.475,"13":57.93,"14":44.321,"15":62.209,"16":65.352,"17":67.494,"18":58.484,"19":61.16,"20":82.588,"21":53.242,"22":73.509,"23":89.432,"24":61.103,"25":73.072,"26":49.84,"27":73.978,"28":201.377,"29":525.44,"30":175.764,"31":185.826,"32":178.91,"33":763.721,"34":1441.198,"35":622.429,"36":550.496,"37":3408.349},"TimeNeg":{"0":-5.238,"1":-8.353,"2":-11.532,"3":-10.24,"4":-9.288,"5":-12.543,"6":-8.971,"7":-13.293,"8":-21.319,"9":-9.957,"10":-25.129,"11":-8.974,"12":-11.091,"13":-44.535,"14":-43.435,"15":-78.201,"16":-54.999,"17":-57.872,"18":-64.374,"19":-51.669,"20":-112.983,"21":-57.08,"22":-66.9,"23":-106.139,"24":-71.785,"25":-79.874,"26":-52.96,"27":-83.983,"28":-112.72,"29":-485.793,"30":-155.202,"31":-235.404,"32":-207.216,"33":-363.326,"34":-4391.084,"35":-505.856,"36":-329.566,"37":-8835.483},"Rate":{"0":7.6123,"1":5.433462,"2":3.828639,"3":4.929725,"4":5.150075,"5":3.588061,"6":5.005056,"7":3.003196,"8":2.779709,"9":3.602054,"10":2.211986,"11":4.297969,"12":3.661699,"13":2.03461,"14":0.3190283,"15":0.1863653,"16":0.2169315,"17":0.2077556,"18":0.2132669,"19":0.268547,"20":0.3009479,"21":0.2377321,"22":0.1874772,"23":0.1337885,"24":0.2074743,"25":0.1719777,"26":0.2572076,"27":0.1655385,"28":0.1692099,"29":0.08894454,"30":0.06601495,"31":0.05064621,"32":0.05458174,"33":0.04564351,"34":0.02989914,"35":0.0213219,"36":0.02288907,"37":0.01077309},"RatePos":{"0":1.593208,"1":1.228994,"2":0.8458267,"3":1.008676,"4":1.099427,"5":0.7679672,"6":1.098165,"7":0.6753919,"8":0.5980691,"9":0.8100696,"10":0.4646922,"11":0.9443133,"12":0.8282392,"13":0.3363045,"14":0.07161366,"15":0.04212017,"16":0.04912432,"17":0.04709251,"18":0.04801265,"19":0.06057565,"20":0.0682573,"21":0.05383464,"22":0.04228889,"23":0.03032619,"24":0.04578009,"25":0.03886847,"26":0.0577365,"27":0.03741313,"28":0.03576343,"29":0.01860952,"30":0.01721603,"31":0.01327462,"32":0.01427996,"33":0.008815618,"34":0.006285576,"35":0.005041178,"36":0.005928721,"37":0.003461908},"RateNeg":{"0":-1.593208,"1":-1.228994,"2":-0.8458267,"3":-1.008676,"4":-1.099427,"5":-0.7679672,"6":-1.098165,"7":-0.6753919,"8":-0.5980691,"9":-0.8100696,"10":-0.4646922,"11":-0.9443133,"12":-0.8282392,"13":-0.3363045,"14":-0.07161366,"15":-0.04212017,"16":-0.04912432,"17":-0.04709251,"18":-0.04801265,"19":-0.06057565,"20":-0.0682573,"21":-0.05383464,"22":-0.04228889,"23":-0.03032619,"24":-0.04578009,"25":-0.03886847,"26":-0.0577365,"27":-0.03741313,"28":-0.03576343,"29":-0.01860952,"30":-0.01721603,"31":-0.01327462,"32":-0.01427996,"33":-0.008815618,"34":-0.006285576,"35":-0.005041178,"36":-0.005928721,"37":-0.002873462},"FracExp":{"0":1.0,"1":1.0,"2":1.0,"3":1.0,"4":1.0,"5":1.0,"6":1.0,"7":1.0,"8":1.0,"9":1.0,"10":1.0,"11":1.0,"12":1.0,"13":0.73407,"14":1.0,"15":1.0,"16":1.0,"17":1.0,"18":1.0,"19":0.999959,"20":0.999995,"21":1.0,"22":1.0,"23":1.0,"24":1.0,"25":1.0,"26":1.0,"27":1.0,"28":0.56674,"29":0.892601,"30":1.0,"31":1.0,"32":1.0,"33":0.763053,"34":0.17454,"35":1.0,"36":1.0,"37":0.128602},"BGrate":{"0":0.006738249,"1":0.01497394,"2":0.01123043,"3":0.002807603,"4":0.001604348,"5":0.003369129,"6":0.006417384,"7":0.004083799,"8":0.006047147,"9":0.004991312,"10":0.003963676,"11":0.007019028,"12":0.009982606,"13":0.002620528,"14":0.0008724819,"15":0.001499578,"16":0.002067601,"17":0.002137581,"18":0.001090603,"19":0.001526906,"20":0.001430109,"21":0.002255566,"22":0.001226928,"23":0.001370244,"24":0.001728502,"25":0.001376662,"26":0.0007448012,"27":0.001332958,"28":0.001720465,"29":0.0006462509,"30":0.0004487778,"31":0.0005289172,"32":0.0005070613,"33":0.0006986914,"34":0.0006818414,"35":0.0004978436,"36":0.0006308424,"37":0.0003964743},"BGerr":{"0":0.00389033,"1":0.005294086,"2":0.003743477,"3":0.001985275,"4":0.001604348,"5":0.001945168,"6":0.003208692,"7":0.002041899,"8":0.002285607,"9":0.002495656,"10":0.001618164,"11":0.003139005,"12":0.003529384,"13":0.0009904666,"14":0.000436241,"15":0.0004521399,"16":0.0005734494,"17":0.0005712927,"18":0.0004122094,"19":0.0005089688,"20":0.0003692526,"21":0.0006255815,"22":0.0004089761,"23":0.0003662132,"24":0.0004989754,"25":0.0004150792,"26":0.0003724006,"27":0.0004019019,"28":0.0004301161,"29":0.0000692854,"30":0.0000956798,"31":0.0000920727,"32":0.0000941589,"33":0.0000740611,"34":0.0000707037,"35":0.0000586714,"36":0.0000728434,"37":0.0000369714},"CorrFact":{"0":4.164531,"1":4.133575,"2":4.164375,"3":4.129828,"4":4.113906,"5":4.105039,"6":4.20565,"7":4.164932,"8":4.155647,"9":4.087182,"10":4.12967,"11":4.13299,"12":4.178533,"13":4.158286,"14":1.405213,"15":1.322296,"16":1.321844,"17":1.319959,"18":1.318918,"19":1.528098,"20":2.984548,"21":1.327873,"22":1.327616,"23":1.326023,"24":1.327415,"25":1.329161,"26":1.327128,"27":1.321342,"28":1.327296,"29":3.42849,"30":1.471148,"31":1.443687,"32":1.423613,"33":1.432646,"34":1.305945,"35":1.30474,"36":1.304244,"37":1.370648},"CtsInSrc":{"0":23.0,"1":20.0,"2":21.0,"3":24.0,"4":22.0,"5":22.0,"6":21.0,"7":20.0,"8":22.0,"9":20.0,"10":23.0,"11":21.0,"12":20.0,"13":37.0,"14":20.0,"15":20.0,"16":20.0,"17":20.0,"18":20.0,"19":20.0,"20":20.0,"21":20.0,"22":20.0,"23":20.0,"24":21.0,"25":20.0,"26":20.0,"27":20.0,"28":23.0,"29":24.0,"30":15.0,"31":15.0,"32":15.0,"33":28.0,"34":24.0,"35":19.0,"36":16.0,"37":13.0},"BGInSrc":{"0":0.084475,"1":0.225266,"2":0.253424,"3":0.056317,"4":0.028158,"5":0.084475,"6":0.112633,"7":0.112633,"8":0.197108,"9":0.112633,"10":0.16895,"11":0.140791,"12":0.225266,"13":0.197108,"14":0.076566,"15":0.210555,"16":0.248838,"17":0.26798,"18":0.13399,"19":0.172273,"20":0.279686,"21":0.248838,"22":0.172273,"23":0.26798,"24":0.229697,"25":0.210555,"26":0.076566,"27":0.210555,"28":0.306262,"29":0.583324,"30":0.14853,"31":0.222795,"32":0.19579,"33":0.600872,"34":0.69409,"35":0.561709,"36":0.555181,"37":0.624282},"Exposure":{"0":12.536608,"1":15.04388,"2":22.56586,"3":20.05858,"4":17.55122,"5":25.07318,"6":17.55124,"7":27.58046,"8":32.59518,"9":22.56582,"10":42.62446,"11":20.05852,"12":22.56586,"13":75.216832,"14":87.7561,"15":140.40976,"16":120.35118,"17":125.36582,"18":122.85842,"19":112.82462,"20":195.5695,"21":110.32186,"22":140.40968,"23":195.57068,"24":132.88784,"25":152.94634,"26":102.80006,"27":157.96106,"28":178.01148,"29":902.628,"30":330.96598,"31":421.22906,"32":386.12652,"33":859.99654,"34":1017.9638,"35":1128.285,"36":880.0623,"37":1574.5844},"Sigma":{"0":469.854455,"1":248.290336,"2":245.594892,"3":601.270817,"4":780.298232,"5":449.350694,"6":370.892338,"7":353.13556,"8":292.657223,"9":353.13556,"10":331.012526,"11":331.288978,"12":248.290336,"13":494.00016,"14":520.427746,"15":311.719159,"16":286.185222,"17":275.507719,"18":392.272504,"19":345.285164,"20":273.079493,"21":286.185222,"22":345.285164,"23":275.507719,"24":313.240888,"25":311.719159,"26":520.427746,"27":311.719159,"28":296.395954,"29":374.433711,"30":468.992645,"31":381.016037,"32":407.187258,"33":430.179461,"34":323.811165,"35":278.532036,"36":240.923521,"37":212.587795},"SNR":{"0":4.77797,"1":4.421064,"2":4.526505,"3":4.887322,"4":4.684328,"5":4.672153,"6":4.557653,"7":4.446598,"8":4.647806,"9":4.446598,"10":4.760111,"11":4.551423,"12":4.421064,"13":6.049904,"14":4.454852,"15":4.424609,"16":4.415968,"17":4.411648,"18":4.44189,"19":4.433249,"20":4.409022,"21":4.415968,"22":4.433249,"23":4.411648,"24":4.531977,"25":4.424609,"26":4.454852,"27":4.424609,"28":4.731368,"29":4.77952,"30":3.834505,