{"Time":{"0":359.163,"1":375.527,"2":392.013,"3":410.025,"4":426.456,"5":439.682,"6":457.817,"7":479.531,"8":498.157},"TimePos":{"0":7.16,"1":9.672,"2":6.267,"3":9.354,"4":4.104,"5":8.664,"6":12.986,"7":7.116,"8":12.366},"TimeNeg":{"0":-8.638,"1":-9.204,"2":-6.814,"3":-11.745,"4":-7.078,"5":-9.122,"6":-9.471,"7":-8.728,"8":-11.51},"Rate":{"0":2.094579,"1":1.662483,"2":2.194795,"3":1.480155,"4":2.660775,"5":1.63085,"6":1.426241,"7":2.04163,"8":1.214907},"RatePos":{"0":0.3824162,"1":0.3330601,"2":0.4845893,"3":0.2873684,"4":0.5503215,"5":0.3484084,"6":0.2684647,"7":0.3843006,"8":0.2595481},"RateNeg":{"0":-0.3824162,"1":-0.3330601,"2":-0.4845893,"3":-0.2873684,"4":-0.5503215,"5":-0.3484084,"6":-0.2684647,"7":-0.3843006,"8":-0.2595481},"FracExp":{"0":1.0,"1":1.0,"2":1.0,"3":1.0,"4":1.0,"5":1.0,"6":1.0,"7":1.0,"8":1.0},"BGrate":{"0":0.0,"1":0.1079139,"2":0.3114709,"3":0.06436558,"4":0.2428993,"5":0.1908851,"6":0.03023494,"7":0.04285851,"8":0.1421966},"BGerr":{"0":0.0,"1":0.06230411,"2":0.1271574,"3":0.04551334,"4":0.1214496,"5":0.08536639,"6":0.03023494,"7":0.04285851,"8":0.06359225},"CorrFact":{"0":1.103049,"1":1.122265,"2":1.107315,"3":1.090331,"4":1.090467,"5":1.090253,"6":1.092403,"7":1.103161,"8":1.090283},"CtsInSrc":{"0":30.0,"1":30.0,"2":30.0,"3":30.0,"4":30.0,"5":30.0,"6":30.0,"7":30.0,"8":30.0},"BGInSrc":{"0":0.0,"1":2.037037,"2":4.074074,"3":1.358025,"4":2.716049,"5":3.395062,"6":0.679012,"7":0.679012,"8":3.395062},"Exposure":{"0":15.798623,"1":18.876505,"2":13.080113,"3":21.098617,"4":11.181793,"5":17.785895,"6":22.457867,"7":15.843116,"8":23.87583},"Sigma":{"0":1000.0,"1":23.776334,"2":15.587662,"3":29.82705,"4":20.090909,"5":17.522642,"6":43.181818,"7":43.181818,"8":17.522642},"SNR":{"0":5.477223,"1":4.99154,"2":4.529185,"3":5.150723,"4":4.834947,"5":4.680856,"6":5.312585,"7":5.312585,"8":4.680856},"SYS_NEG":{"0":0.999809,"1":0.999809,"2":0.999809,"3":0.999808,"4":0.999809,"5":0.999809,"6":0.999809,"7":0.999808,"8":0.999809},"SYS_POS":{"0":1.000196,"1":1.000196,"2":1.000196,"3":1.000195,"4":1.000196,"5":1.000196,"6":1.000196,"7":1.000195,"8":1.000195}}