{"Time":{"0":83.232,"1":87.899,"2":92.616,"3":96.881,"4":101.945,"5":107.595,"6":113.259,"7":117.589,"8":121.68,"9":126.826,"10":131.137,"11":134.936,"12":138.968,"13":144.532,"14":149.232,"15":154.895,"16":161.461,"17":166.635},"TimePos":{"0":2.082,"1":2.166,"2":2.05,"3":2.271,"4":2.381,"5":3.875,"6":2.267,"7":1.952,"8":2.681,"9":2.312,"10":2.097,"11":1.911,"12":2.391,"13":2.757,"14":2.146,"15":3.288,"16":2.639,"17":3.565},"TimeNeg":{"0":-3.195,"1":-2.586,"2":-2.55,"3":-2.215,"4":-2.794,"5":-3.268,"6":-1.789,"7":-2.063,"8":-2.138,"9":-2.465,"10":-1.998,"11":-1.702,"12":-2.121,"13":-3.173,"14":-1.943,"15":-3.518,"16":-3.278,"17":-2.535},"Rate":{"0":6.482873,"1":6.274628,"2":7.441253,"3":7.470181,"4":6.632826,"5":4.815362,"6":8.319376,"7":7.670469,"8":10.75278,"9":10.88144,"10":8.280145,"11":9.62741,"12":7.373094,"13":6.001824,"14":8.526204,"15":5.045896,"16":5.725741,"17":5.675538},"RatePos":{"0":1.183657,"1":1.367487,"2":1.358656,"3":1.403322,"4":1.211112,"5":0.8792999,"6":1.563062,"7":1.621585,"8":1.603715,"9":1.623162,"10":1.555935,"11":1.80915,"12":1.468279,"13":1.096302,"14":1.602275,"15":0.948258,"16":1.075969,"17":1.036656},"RateNeg":{"0":-1.183755,"1":-1.367574,"2":-1.358782,"3":-1.403459,"4":-1.211257,"5":-0.8794187,"6":-1.563275,"7":-1.621766,"8":-1.604075,"9":-1.623514,"10":-1.556152,"11":-1.8094,"12":-1.468462,"13":-1.096456,"14":-1.602492,"15":-0.9483851,"16":-1.076117,"17":-1.036806},"FracExp":{"0":1.0,"1":1.0,"2":1.0,"3":1.0,"4":1.0,"5":1.0,"6":1.0,"7":1.0,"8":1.0,"9":1.0,"10":1.0,"11":1.0,"12":1.0,"13":1.0,"14":1.0,"15":1.0,"16":1.0,"17":1.0},"BGrate":{"0":0.0,"1":0.8105709,"2":0.0,"3":0.1431329,"4":0.0,"5":0.0,"6":0.1582624,"7":0.7993778,"8":0.0,"9":0.0,"10":0.1567496,"11":0.1776655,"12":0.4268607,"13":0.0,"14":0.1570218,"15":0.09433708,"16":0.1084877,"17":0.0},"BGerr":{"0":0.0,"1":0.3309142,"2":0.0,"3":0.1431329,"4":0.0,"5":0.0,"6":0.1582624,"7":0.3574926,"8":0.0,"9":0.0,"10":0.1567496,"11":0.1776655,"12":0.2464481,"13":0.0,"14":0.1570218,"15":0.09433708,"16":0.1084877,"17":0.0},"CorrFact":{"0":1.140317,"1":1.140317,"2":1.141194,"3":1.141257,"4":1.144266,"5":1.146567,"6":1.149489,"7":1.149697,"8":1.151621,"9":1.155109,"10":1.155109,"11":1.184944,"12":1.184944,"13":1.186321,"14":1.187373,"15":1.169627,"16":1.154099,"17":1.154112},"CtsInSrc":{"0":30.0,"1":30.0,"2":30.0,"3":30.0,"4":30.0,"5":30.0,"6":30.0,"7":30.0,"8":45.0,"9":45.0,"10":30.0,"11":30.0,"12":30.0,"13":30.0,"14":30.0,"15":30.0,"16":30.0,"17":30.0},"BGInSrc":{"0":0.0,"1":3.851852,"2":0.0,"3":0.641975,"4":0.0,"5":0.0,"6":0.641975,"7":3.209877,"8":0.0,"9":0.0,"10":0.641975,"11":0.641975,"12":1.925926,"13":0.0,"14":0.641975,"15":0.641975,"16":0.641975,"17":0.0},"Exposure":{"0":5.276906,"1":4.752023,"2":4.600814,"3":4.485171,"4":5.175468,"5":7.143186,"6":4.056399,"7":4.015469,"8":4.819497,"9":4.776933,"10":4.095548,"11":3.613393,"12":4.511837,"13":5.929801,"14":4.088448,"15":6.805121,"16":5.917496,"17":6.100455},"Sigma":{"0":1000.0,"1":16.628267,"2":1000.0,"3":45.730769,"4":1000.0,"5":1000.0,"6":45.730769,"7":18.662567,"8":1000.0,"9":1000.0,"10":45.730769,"11":45.730769,"12":25.247971,"13":1000.0,"14":45.730769,"15":45.730769,"16":45.730769,"17":1000.0},"SNR":{"0":5.476534,"1":4.588144,"2":5.476414,"3":5.322695,"4":5.475986,"5":5.475619,"6":5.32176,"7":4.729702,"8":6.703412,"9":6.702399,"10":5.320911,"11":5.320776,"12":5.020963,"13":5.473837,"14":5.320591,"15":5.320513,"16":5.32074,"17":5.474057},"SYS_NEG":{"0":0.997098,"1":0.996895,"2":0.996856,"3":0.996583,"4":0.996115,"5":0.995577,"6":0.995093,"7":0.994358,"8":0.994362,"9":0.993795,"10":0.994055,"11":0.993906,"12":0.994141,"13":0.993575,"14":0.993708,"15":0.993626,"16":0.993867,"17":0.993787},"SYS_POS":{"0":1.001704,"1":1.001891,"2":1.001926,"3":1.002189,"4":1.002664,"5":1.003249,"6":1.0038,"7":1.004674,"8":1.00467,"9":1.00537,"10":1.00505,"11":1.005233,"12":1.004941,"13":1.005645,"14":1.005478,"15":1.005581,"16":1.005279,"17":1.00538}}