{"Time":{"0":146.8593,"1":147.6856,"2":148.5371,"3":149.2399,"4":150.0959,"5":150.9009,"6":151.7503,"7":152.6234,"8":153.637,"9":154.7964,"10":155.6705,"11":156.69,"12":157.923,"13":159.092,"14":160.331,"15":161.444,"16":162.791,"17":164.141,"18":165.469,"19":166.865,"20":168.015,"21":169.273,"22":170.604,"23":172.165,"24":173.841,"25":175.112,"26":176.558,"27":178.276,"28":179.745,"29":181.188,"30":182.889,"31":184.818,"32":186.73,"33":188.763,"34":190.748,"35":192.75,"36":195.556,"37":198.301,"38":200.881,"39":203.436,"40":205.904,"41":208.618,"42":211.544,"43":214.486,"44":217.782,"45":221.725,"46":224.951,"47":228.964,"48":232.501,"49":236.59,"50":241.355,"51":246.471,"52":251.524,"53":256.445,"54":259.908,"55":264.431,"56":268.356,"57":272.589,"58":276.51,"59":281.851,"60":286.587,"61":292.157,"62":298.486},"TimePos":{"0":0.3592,"1":0.4456,"2":0.2915,"3":0.3217,"4":0.3927,"5":0.406,"6":0.5014,"7":0.4235,"8":0.696,"9":0.4531,"10":0.392,"11":0.6,"12":0.615,"13":0.7,"14":0.625,"15":0.547,"16":0.639,"17":0.701,"18":0.841,"19":0.698,"20":0.668,"21":0.658,"22":0.7,"23":0.89,"24":0.601,"25":0.652,"26":0.882,"27":0.752,"28":0.793,"29":0.608,"30":0.951,"31":0.788,"32":0.937,"33":0.905,"34":1.073,"35":0.816,"36":1.608,"37":1.35,"38":1.453,"39":1.298,"40":1.511,"41":1.523,"42":1.468,"43":1.645,"44":1.971,"45":1.741,"46":1.869,"47":1.575,"48":2.087,"49":2.406,"50":2.685,"51":2.591,"52":2.06,"53":1.8,"54":2.553,"55":1.987,"56":2.543,"57":1.983,"58":3.269,"59":2.242,"60":3.125,"61":2.698,"62":3.606},"TimeNeg":{"0":-0.4858,"1":-0.4671,"2":-0.4059,"3":-0.4113,"4":-0.5343,"5":-0.4124,"6":-0.4434,"7":-0.3718,"8":-0.59,"9":-0.4631,"10":-0.4211,"11":-0.628,"12":-0.632,"13":-0.554,"14":-0.539,"15":-0.488,"16":-0.8,"17":-0.711,"18":-0.627,"19":-0.555,"20":-0.453,"21":-0.589,"22":-0.674,"23":-0.86,"24":-0.787,"25":-0.67,"26":-0.794,"27":-0.835,"28":-0.718,"29":-0.65,"30":-1.094,"31":-0.978,"32":-1.123,"33":-1.096,"34":-1.079,"35":-0.929,"36":-1.99,"37":-1.137,"38":-1.23,"39":-1.102,"40":-1.17,"41":-1.203,"42":-1.404,"43":-1.474,"44":-1.651,"45":-1.972,"46":-1.485,"47":-2.144,"48":-1.962,"49":-2.002,"50":-2.359,"51":-2.431,"52":-2.461,"53":-2.861,"54":-1.663,"55":-1.97,"56":-1.938,"57":-1.689,"58":-1.938,"59":-2.072,"60":-2.493,"61":-2.445,"62":-3.631},"Rate":{"0":59.77304,"1":54.51101,"2":72.43033,"3":67.87448,"4":54.49465,"5":61.72216,"6":54.65745,"7":62.55873,"8":38.67768,"9":54.29957,"10":62.12719,"11":40.70053,"12":40.31792,"13":39.47449,"14":43.87691,"15":47.81704,"16":35.47093,"17":35.5951,"18":34.78243,"19":40.76121,"20":46.29046,"21":41.60363,"22":37.20591,"23":29.63785,"24":37.38888,"25":39.25078,"26":30.02536,"27":32.91175,"28":34.77913,"29":41.13496,"30":25.69845,"31":29.28727,"32":24.72943,"33":25.92771,"34":24.57517,"35":29.85436,"36":14.48425,"37":20.95405,"38":19.78235,"39":22.11418,"40":19.49691,"41":19.47258,"42":18.50871,"43":17.07959,"44":14.93429,"45":14.41725,"46":15.55487,"47":14.24418,"48":13.07687,"49":12.00986,"50":10.01858,"51":10.52605,"52":6.561809,"53":7.223333,"54":8.811334,"55":9.653149,"56":8.072618,"57":9.833088,"58":6.591979,"59":8.140888,"60":6.109734,"61":7.008397,"62":4.537347},"RatePos":{"0":8.911394,"1":8.293391,"2":10.79826,"3":10.32653,"4":8.124358,"5":9.201797,"6":8.059615,"7":9.518035,"8":5.884697,"9":8.261876,"10":9.263004,"11":6.192976,"12":6.135073,"13":6.131173,"14":6.543066,"15":7.427757,"16":5.290036,"17":5.417985,"18":5.188367,"19":6.080717,"20":6.905406,"21":6.207036,"22":5.66564,"23":4.423128,"24":5.582133,"25":5.860284,"26":4.669128,"27":4.913371,"28":5.193202,"29":6.268299,"30":3.838602,"31":4.466147,"32":3.849731,"33":3.95507,"34":3.674875,"35":4.558625,"36":2.21269,"37":3.201658,"38":2.962637,"39":3.311354,"40":2.979618,"41":2.915468,"42":2.884835,"43":2.662835,"44":2.28188,"45":2.160328,"46":2.376545,"47":2.132448,"48":1.958979,"49":1.79852,"50":1.594314,"51":1.574688,"52":1.500625,"53":1.405157,"54":1.705963,"55":1.709786,"56":1.476466,"57":1.798489,"58":1.24302,"59":1.489221,"60":1.188048,"61":1.281809,"62":0.9105999},"RateNeg":{"0":-8.915858,"1":-8.297021,"2":-10.8032,"3":-10.33104,"4":-8.128182,"5":-9.205915,"6":-8.063564,"7":-9.522839,"8":-5.887802,"9":-8.266965,"10":-9.26901,"11":-6.197222,"12":-6.139778,"13":-6.135963,"14":-6.549029,"15":-7.43459,"16":-5.295449,"17":-5.423997,"18":-5.194705,"19":-6.088617,"20":-6.914236,"21":-6.215659,"22":-5.674063,"23":-4.430327,"24":-5.592891,"25":-5.871703,"26":-4.67765,"27":-4.922602,"28":-5.203721,"29":-6.280856,"30":-3.847345,"31":-4.477474,"32":-3.859828,"33":-3.966044,"34":-3.686297,"35":-4.574909,"36":-2.221455,"37":-3.214857,"38":-2.975526,"39":-3.325333,"40":-2.992414,"41":-2.927484,"42":-2.89522,"43":-2.673048,"44":-2.291283,"45":-2.170771,"46":-2.386214,"47":-2.141057,"48":-1.967995,"49":-1.806273,"50":-1.600167,"51":-1.580116,"52":-1.502989,"53":-1.407886,"54":-1.709109,"55":-1.713226,"56":-1.479185,"57":-1.80183,"58":-1.245273,"59":-1.492169,"60":-1.189983,"61":-1.284162,"62":-0.9121904},"FracExp":{"0":1.0,"1":1.0,"2":1.0,"3":1.0,"4":1.0,"5":1.0,"6":1.0,"7":1.0,"8":1.0,"9":1.0,"10":1.0,"11":1.0,"12":1.0,"13":1.0,"14":1.0,"15":1.0,"16":1.0,"17":1.0,"18":1.0,"19":1.0,"20":1.0,"21":1.0,"22":1.0,"23":1.0,"24":1.0,"25":1.0,"26":1.0,"27":1.0,"28":1.0,"29":1.0,"30":1.0,"31":1.0,"32":1.0,"33":1.0,"34":1.0,"35":1.0,"36":1.0,"37":1.0,"38":1.0,"39":1.0,"40":1.0,"41":1.0,"42":1.0,"43":1.0,"44":1.0,"45":1.0,"46":1.0,"47":1.0,"48":1.0,"49":1.0,"50":1.0,"51":1.0,"52":1.0,"53":1.0,"54":1.0,"55":1.0,"56":1.0,"57":1.0,"58":1.0,"59":1.0,"60":1.0,"61":1.0,"62":1.0},"BGrate":{"0":0.0,"1":0.7439742,"2":0.0,"3":0.9263607,"4":0.0,"5":0.0,"6":0.0,"7":0.8538106,"8":0.5278785,"9":0.7410884,"10":0.0,"11":0.553123,"12":0.5444483,"13":1.082705,"14":0.0,"15":1.311524,"16":0.0,"17":0.4806719,"18":0.0,"19":0.0,"20":0.0,"21":0.0,"22":0.4943644,"23":0.0,"24":0.0,"25":0.0,"26":0.8103237,"27":0.0,"28":0.0,"29":0.5398296,"30":0.0,"31":0.3843479,"32":0.659166,"33":0.3392493,"34":0.0,"35":0.3890471,"36":0.1887515,"37":0.2730039,"38":0.0,"39":0.0,"40":0.2532556,"41":0.0,"42":0.47293,"43":0.4354333,"44":0.1874536,"45":0.0,"46":0.2024691,"47":0.0,"48":0.0,"49":0.0,"50":0.4038692,"51":0.0,"52":1.051396,"53":0.2913408,"54":0.8051806,"55":0.0,"56":0.0,"57":0.0,"58":0.1303911,"59":0.0,"60":0.2417075,"61":0.0,"62":0.2814582},"BGerr":{"0":0.0,"1":0.7439742,"2":0.0,"3":0.9263607,"4":0.0,"5":0.0,"6":0.0,"7":0.8538106,"8":0.5278785,"9":0.7410884,"10":0.0,"11":0.553123,"12":0.5444483,"13":0.7655879,"14":0.0,"15":0.9273874,"16":0.0,"17":0.4806719,"18":0.0,"19":0.0,"20":0.0,"21":0.0,"22":0.4943644,"23":0.0,"24":0.0,"25":0.0,"26":0.5729854,"27":0.0,"28":0.0,"29":0.5398296,"30":0.0,"31":0.3843479,"32":0.4661008,"33":0.3392493,"34":0.0,"35":0.3890471,"36":0.1887515,"37":0.2730039,"38":0.0,"39":0.0,"40":0.2532556,"41":0.0,"42":0.334412,"43":0.3078978,"44":0.1874536,"45":0.0,"46":0.2024691,"47":0.0,"48":0.0,"49":0.0,"50":0.233174,"51":0.0,"52":0.3973904,"53":0.206009,"54":0.3600877,"55":0.0,"56":0.0,"57":0.0,"58":0.1303911,"59":0.0,"60":0.170913,"61":0.0,"62":0.1625},"CorrFact":{"0":1.122521,"1":1.122521,"2":1.122521,"3":1.122521,"4":1.122521,"5":1.122521,"6":1.122521,"7":1.122521,"8":1.122521,"9":1.122521,"10":1.122521,"11":1.127318,"12":1.134514,"13":1.134514,"14":1.134514,"15":1.134514,"16":1.134514,"17":1.134514,"18":1.134514,"19":1.134514,"20":1.15301,"21":1.15301,"22":1.15301,"23":1.15301,"24":1.15301,"25":1.15301,"26":1.15301,"27":1.160689,"28":1.167408,"29":1.167408,"30":1.167408,"31":1.167408,"32":1.167408,"33":1.170883,"34":1.175638,"35":1.175638,"36":1.175638,"37":1.175892,"38":1.179438,"39":1.179438,"40":1.179438,"41":1.179438,"42":1.217818,"43":1.22056,"44":1.22056,"45":1.189583,"46":1.176998,"47":1.176998,"48":1.176711,"49":1.176607,"50":1.176169,"51":1.174818,"52":1.174964,"53":1.17555,"54":1.17555,"55":1.193598,"56":1.205946,"57":1.2036,"58":1.170757,"59":1.170757,"60":1.198497,"61":1.201579,"62":1.174367},"CtsInSrc":{"0":45.0,"1":45.0,"2":45.0,"3":45.0,"4":45.0,"5":45.0,"6":46.0,"7":45.0,