{"Time":{"0":165.954,"1":167.169,"2":168.486,"3":169.787,"4":170.934,"5":171.91,"6":173.277,"7":174.643,"8":175.722,"9":176.791,"10":178.178,"11":179.268,"12":180.3677,"13":181.696,"14":183.002,"15":184.499,"16":186.324,"17":188.658,"18":190.734,"19":193.587,"20":196.26,"21":198.784,"22":201.62,"23":204.268,"24":206.533,"25":209.131,"26":211.764,"27":215.791,"28":219.2,"29":222.453,"30":226.567,"31":230.862,"32":235.421,"33":238.579,"34":241.012},"TimePos":{"0":0.637,"1":0.527,"2":0.626,"3":0.571,"4":0.447,"5":0.574,"6":0.795,"7":0.602,"8":0.4693,"9":0.653,"10":0.547,"11":0.615,"12":0.5099,"13":0.701,"14":0.723,"15":0.716,"16":1.14,"17":0.904,"18":1.251,"19":1.456,"20":1.201,"21":1.48,"22":1.299,"23":1.161,"24":1.333,"25":0.931,"26":2.145,"27":1.964,"28":1.78,"29":2.24,"30":2.012,"31":2.144,"32":1.633,"33":1.355,"34":1.16},"TimeNeg":{"0":-0.984,"1":-0.578,"2":-0.79,"3":-0.675,"4":-0.576,"5":-0.53,"6":-0.794,"7":-0.571,"8":-0.4772,"9":-0.599,"10":-0.734,"11":-0.543,"12":-0.4847,"13":-0.818,"14":-0.605,"15":-0.775,"16":-1.109,"17":-1.194,"18":-1.172,"19":-1.602,"20":-1.217,"21":-1.323,"22":-1.356,"23":-1.349,"24":-1.104,"25":-1.264,"26":-1.702,"27":-1.882,"28":-1.444,"29":-1.474,"30":-1.873,"31":-2.283,"32":-2.415,"33":-1.526,"34":-1.079},"Rate":{"0":30.1994,"1":43.62112,"2":34.03182,"3":38.69887,"4":47.84589,"5":44.37321,"6":30.80783,"7":41.74718,"8":50.9542,"9":39.11181,"10":37.6548,"11":41.64642,"12":48.49984,"13":31.74692,"14":36.90952,"15":31.34297,"16":21.80049,"17":22.66531,"18":20.24177,"19":16.03808,"20":20.29048,"21":17.50763,"22":18.49309,"23":19.25441,"24":20.13891,"25":22.35104,"26":12.75732,"27":12.36529,"28":15.22066,"29":9.392857,"30":12.23995,"31":7.417578,"32":8.319236,"33":17.53493,"34":22.56558},"RatePos":{"0":4.501865,"1":6.639102,"2":5.179617,"3":5.889939,"4":7.132451,"5":6.614773,"6":4.592565,"7":6.223307,"8":7.755191,"9":5.830449,"10":5.731032,"11":6.338554,"12":7.381639,"13":4.831857,"14":5.502151,"15":4.97552,"16":3.249828,"17":3.522689,"18":3.017467,"19":2.390818,"20":3.024729,"21":2.609886,"22":2.75679,"23":2.930506,"24":3.002134,"25":3.331899,"26":1.901751,"27":1.921839,"28":2.268964,"29":1.660439,"30":1.902358,"31":1.397204,"32":1.518878,"33":2.613955,"34":3.36388},"RateNeg":{"0":-4.501864,"1":-6.639101,"2":-5.179617,"3":-5.889938,"4":-7.13245,"5":-6.614773,"6":-4.592564,"7":-6.223307,"8":-7.75519,"9":-5.830449,"10":-5.731031,"11":-6.338554,"12":-7.381639,"13":-4.831857,"14":-5.502151,"15":-4.97552,"16":-3.249828,"17":-3.52269,"18":-3.017469,"19":-2.39082,"20":-3.024731,"21":-2.609888,"22":-2.756792,"23":-2.930509,"24":-3.002137,"25":-3.331903,"26":-1.901753,"27":-1.92184,"28":-2.268966,"29":-1.66044,"30":-1.90236,"31":-1.397204,"32":-1.518879,"33":-2.613957,"34":-3.363882},"FracExp":{"0":1.0,"1":1.0,"2":1.0,"3":1.0,"4":1.0,"5":1.0,"6":1.0,"7":1.0,"8":1.0,"9":1.0,"10":1.0,"11":1.0,"12":1.0,"13":1.0,"14":1.0,"15":1.0,"16":1.0,"17":1.0,"18":1.0,"19":1.0,"20":1.0,"21":1.0,"22":1.0,"23":1.0,"24":1.0,"25":1.0,"26":1.0,"27":1.0,"28":1.0,"29":1.0,"30":1.0,"31":1.0,"32":1.0,"33":1.0,"34":1.0},"BGrate":{"0":0.0,"1":0.625753,"2":0.4881927,"3":0.5551423,"4":0.0,"5":0.0,"6":0.0,"7":0.0,"8":0.7304565,"9":0.0,"10":0.5397116,"11":0.5969242,"12":0.6951552,"13":0.4550332,"14":0.0,"15":1.391142,"16":0.0,"17":0.659196,"18":0.0,"19":0.0,"20":0.0,"21":0.0,"22":0.0,"23":0.2754042,"24":0.0,"25":0.0,"26":0.0,"27":0.3594759,"28":0.0,"29":0.0,"30":0.3558541,"31":0.1561874,"32":0.0,"33":0.0,"34":0.0},"BGerr":{"0":0.0,"1":0.625753,"2":0.4881927,"3":0.5551423,"4":0.0,"5":0.0,"6":0.0,"7":0.0,"8":0.7304565,"9":0.0,"10":0.5397116,"11":0.5969242,"12":0.6951552,"13":0.4550332,"14":0.0,"15":0.8031765,"16":0.0,"17":0.466122,"18":0.0,"19":0.0,"20":0.0,"21":0.0,"22":0.0,"23":0.2754042,"24":0.0,"25":0.0,"26":0.0,"27":0.2541878,"28":0.0,"29":0.0,"30":0.2516268,"31":0.1561874,"32":0.0,"33":0.0,"34":0.0},"CorrFact":{"0":1.087698,"1":1.087698,"2":1.087698,"3":1.087698,"4":1.087698,"5":1.087698,"6":1.087698,"7":1.087698,"8":1.088429,"9":1.088612,"10":1.088612,"11":1.088612,"12":1.088612,"13":1.088612,"14":1.088612,"15":1.088612,"16":1.089437,"17":1.089988,"18":1.089988,"19":1.089988,"20":1.090204,"21":1.090873,"22":1.090873,"23":1.090873,"24":1.090809,"25":1.090458,"26":1.090458,"27":1.090458,"28":1.090401,"29":1.090391,"30":1.090391,"31":1.120272,"32":1.122406,"33":1.122396,"34":1.122333},"CtsInSrc":{"0":45.0,"1":45.0,"2":45.0,"3":45.0,"4":45.0,"5":45.0,"6":45.0,"7":45.0,"8":45.0,"9":45.0,"10":45.0,"11":45.0,"12":45.0,"13":45.0,"14":45.0,"15":45.0,"16":45.0,"17":45.0,"18":45.0,"19":45.0,"20":45.0,"21":45.0,"22":45.0,"23":45.0,"24":45.0,"25":45.0,"26":45.0,"27":45.0,"28":45.0,"29":32.0,"30":45.0,"31":30.0,"32":30.0,"33":45.0,"34":45.0},"BGInSrc":{"0":0.0,"1":0.691358,"2":0.691358,"3":0.691358,"4":0.0,"5":0.0,"6":0.0,"7":0.0,"8":0.691358,"9":0.0,"10":0.691358,"11":0.691358,"12":0.691358,"13":0.691358,"14":0.0,"15":2.074074,"16":0.0,"17":1.382716,"18":0.0,"19":0.0,"20":0.0,"21":0.0,"22":0.0,"23":0.691358,"24":0.0,"25":0.0,"26":0.0,"27":1.382716,"28":0.0,"29":0.0,"30":1.382716,"31":0.691358,"32":0.0,"33":0.0,"34":0.0},"Exposure":{"0":1.620775,"1":1.104842,"2":1.416158,"3":1.245371,"4":1.023002,"5":1.103063,"6":1.588766,"7":1.172449,"8":0.946474,"9":1.2525,"10":1.280977,"11":1.158201,"12":0.994538,"13":1.519357,"14":1.327233,"15":1.490914,"16":2.248788,"17":2.09758,"18":2.423179,"19":3.05831,"20":2.417842,"21":2.803879,"22":2.654467,"23":2.51034,"24":2.43739,"25":2.19545,"26":3.846466,"27":3.846478,"28":3.223778,"29":3.714791,"30":3.885627,"31":4.426464,"32":4.047509,"33":2.880412,"34":2.238143},"Sigma":{"0":1000.0,"1":64.089286,"2":64.089286,"3":64.089286,"4":1000.0,"5":1000.0,"6":1000.0,"7":1000.0,"8":64.089286,"9":1000.0,"10":64.089286,"11":64.089286,"12":64.089286,"13":64.089286,"14":1000.0,"15":35.847266,"16":1000.0,"17":44.610862,"18":1000.0,"19":1000.0,"20":1000.0,"21":1000.0,"22":1000.0,"23":64.089286,"24":1000.0,"25":1000.0,"26":1000.0,"27":44.610862,"28":1000.0,"29":1000.0,"30":44.610862,"31":42.392857,"32":1000.0,"33":1000.0,"34":1000.0},"SNR":{"0":6.708199,"1":6.570336,"2":6.570336,"3":6.570336,"4":6.708199,"5":6.708199,"6":6.708199,"7":6.708199,"8":6.570335,"9":6.708199,"10":6.570335,"11":6.570335,"12":6.570335,"13":6.570335,"14":6.708198,"15":6.299435,"16":6.708197,"17":6.434093,"18":6.708196,"19":6.708195,"20":6.708194,"21":6.708194,"22":6.708192,"23":6.570329,"24":6.708192,"25":6.708192,"26":6.708192,"27":6.434089,"28":6.708194,"29":5.656848,"30":6.434089,"31":5.308872,"32":5.47722,"33":6.708194,"34":6.708195},"SYS_NEG":{"0":0.999812,"1":0.999813,"2":0.999813,"3":0.999813,"4":0.999814,"5":0.999813,"6":0.999813,"7":0.999813,"8":0.999813,"9":0.999812,"10":0.999811,"11":0.99981,"12":0.999807,"13":0.999804,"14":0.999801,"15":0.999799,"16":0.999793,"17":0.999785,"18":0.999772,"19":0.999757,"20":0.999748,"21":0.999741,"22":0.999719,"23":0.999709,"24":0.999719,"25":0.999718,"26":0.99972,"27":0.999732,"28":0.999739,"29":0.999737,"30":0.999729,"31":0.999742,"32":0.999746,"33":0.999745,"34":0.99975},"SYS_POS":{"0":1.000206,"1":1.000205,"2":1.000203,"3":1.000203,"4":1.000201,"5":1.0002,"6":1.0002,"7":1.000199,"8":1.000198,"9":1.000198,"10":1.000197,"11":1.000196,"12":1.000195,"13":1.000194,"14":1.000193,"15":1.000193,"16":1.000192,"17":1.000191,"18":1.00019,"19":1.000189,"20":1.000189,"21":1.000189,"22":1.000189,"23":1.000189,"24":1.000188,"25":1.000188,"26":1.000188,"27":1.000189,"28":1.000189,"29":1.000189,"30":1.000188,"31":1.000189,"32":1.000189,"33":1.000189,"34":1.000189}}