{"Time":{"0":187.78,"1":195.694,"2":202.911,"3":211.087},"TimePos":{"0":3.417,"1":3.723,"2":3.886,"3":3.584},"TimeNeg":{"0":-5.966,"1":-4.497,"2":-3.494,"3":-4.29},"Rate":{"0":3.62968,"1":4.308431,"2":5.024393,"3":4.405436},"RatePos":{"0":0.7280652,"1":0.8423537,"2":0.9291036,"3":0.8868407},"RateNeg":{"0":-0.7343256,"1":-0.8529253,"2":-0.9423537,"3":-0.897853},"FracExp":{"0":1.0,"1":1.0,"2":1.0,"3":1.0},"BGrate":{"0":0.2052546,"1":0.1562064,"2":0.0,"3":0.2445805},"BGerr":{"0":0.1185038,"1":0.1104546,"2":0.0,"3":0.1412086},"CorrFact":{"0":1.213136,"1":1.233229,"2":1.235969,"3":1.235666},"CtsInSrc":{"0":30.0,"1":30.0,"2":30.0,"3":30.0},"BGInSrc":{"0":1.925926,"1":1.283951,"2":0.0,"3":1.925926},"Exposure":{"0":9.383108,"1":8.219577,"2":7.37981,"3":7.874404},"Sigma":{"0":25.247971,"1":31.62943,"2":1000.0,"3":25.247971},"SNR":{"0":4.942875,"1":5.051358,"2":5.331749,"3":4.906634},"SYS_NEG":{"0":0.963979,"1":0.957451,"2":0.95706,"3":0.956361},"SYS_POS":{"0":1.024548,"1":1.029068,"2":1.029352,"3":1.029862}}