{"Time":{"0":137.368,"1":142.979,"2":147.029,"3":151.455,"4":155.214,"5":159.776,"6":164.185,"7":167.406,"8":171.167,"9":174.529,"10":178.08,"11":182.92,"12":187.451,"13":190.862,"14":194.418,"15":197.785,"16":201.949,"17":205.255,"18":209.844,"19":213.99,"20":218.648,"21":222.286,"22":225.984,"23":229.538,"24":233.86,"25":237.652,"26":241.902,"27":245.834,"28":249.222,"29":252.637,"30":256.898,"31":261.283,"32":265.425,"33":270.6,"34":273.918,"35":277.224,"36":281.992,"37":285.857,"38":291.268,"39":295.296,"40":300.104,"41":304.323,"42":308.259,"43":313.137,"44":318.075,"45":323.022,"46":328.189,"47":333.965,"48":338.384,"49":343.501,"50":347.14,"51":353.007,"52":359.037},"TimePos":{"0":3.101,"1":2.087,"2":2.338,"3":1.647,"4":2.362,"5":2.293,"6":1.412,"7":1.93,"8":1.76,"9":1.772,"10":2.384,"11":2.25,"12":1.353,"13":1.5,"14":1.742,"15":2.072,"16":1.269,"17":2.176,"18":1.856,"19":2.365,"20":2.055,"21":1.84,"22":1.877,"23":2.38,"24":1.744,"25":1.985,"26":2.18,"27":1.622,"28":1.783,"29":2.109,"30":1.966,"31":2.322,"32":2.534,"33":1.409,"34":1.421,"35":2.564,"36":2.061,"37":2.846,"38":2.18,"39":2.411,"40":2.021,"41":1.394,"42":1.674,"43":2.891,"44":2.261,"45":2.184,"46":3.095,"47":1.48,"48":2.597,"49":1.935,"50":2.889,"51":2.951,"52":3.138},"TimeNeg":{"0":-3.197,"1":-2.509,"2":-1.964,"3":-2.088,"4":-2.113,"5":-2.2,"6":-2.116,"7":-1.81,"8":-1.831,"9":-1.603,"10":-1.779,"11":-2.456,"12":-2.28,"13":-2.059,"14":-2.057,"15":-1.625,"16":-2.092,"17":-2.037,"18":-2.414,"19":-2.289,"20":-2.294,"21":-1.583,"22":-1.858,"23":-1.678,"24":-1.941,"25":-2.049,"26":-2.266,"27":-1.752,"28":-1.766,"29":-1.632,"30":-2.151,"31":-2.42,"32":-1.82,"33":-2.642,"34":-1.908,"35":-1.885,"36":-2.204,"37":-1.804,"38":-2.565,"39":-1.848,"40":-2.397,"41":-2.198,"42":-2.542,"43":-3.204,"44":-2.046,"45":-2.686,"46":-2.984,"47":-2.68,"48":-2.94,"49":-2.52,"50":-1.704,"51":-2.977,"52":-3.08},"Rate":{"0":5.21495,"1":7.30059,"2":7.825772,"3":8.523326,"4":9.777453,"5":7.242688,"6":9.222363,"7":12.85041,"8":8.645165,"9":9.740108,"10":11.72362,"11":9.592182,"12":8.538058,"13":9.134694,"14":12.44079,"15":13.18826,"16":9.226717,"17":11.39612,"18":11.41952,"19":9.778149,"20":7.477983,"21":9.506181,"22":9.875491,"23":11.76413,"24":13.42525,"25":12.45592,"26":7.383166,"27":9.74607,"28":13.75194,"29":12.84476,"30":11.12716,"31":10.13611,"32":10.52277,"33":7.66227,"34":9.775544,"35":9.338366,"36":7.454486,"37":6.997109,"38":6.699929,"39":9.756039,"40":7.026667,"41":8.850217,"42":7.183463,"43":5.215455,"44":7.554832,"45":6.682644,"46":5.352491,"47":7.281771,"48":5.876851,"49":7.135433,"50":7.083171,"51":5.235898,"52":4.991726},"RatePos":{"0":0.9823083,"1":1.3329,"2":1.405551,"3":1.605487,"4":1.5622,"5":1.322329,"6":1.683767,"7":1.955823,"8":1.680805,"9":1.803022,"10":1.747657,"11":1.528104,"12":1.659981,"13":1.667761,"14":1.933573,"15":1.965992,"16":1.793871,"17":1.734481,"18":1.702323,"19":1.508803,"20":1.365288,"21":1.735585,"22":1.693634,"23":1.828406,"24":2.043313,"25":1.856822,"26":1.347977,"27":1.804126,"28":2.05002,"29":1.954964,"30":1.804506,"31":1.542709,"32":1.706491,"33":1.489709,"34":1.784763,"35":1.531623,"36":1.404156,"37":1.277492,"38":1.262025,"39":1.600128,"40":1.366134,"41":1.667061,"42":1.442201,"43":0.9824034,"44":1.379318,"45":1.220079,"46":0.9772274,"47":1.461938,"48":1.072962,"49":1.344058,"50":1.293205,"51":1.01797,"52":0.9704981},"RateNeg":{"0":-0.9823082,"1":-1.3329,"2":-1.405551,"3":-1.605487,"4":-1.5622,"5":-1.322329,"6":-1.683767,"7":-1.955823,"8":-1.680804,"9":-1.803022,"10":-1.747656,"11":-1.528104,"12":-1.659981,"13":-1.66776,"14":-1.933573,"15":-1.965992,"16":-1.793871,"17":-1.734481,"18":-1.702323,"19":-1.508803,"20":-1.365288,"21":-1.735584,"22":-1.693634,"23":-1.828406,"24":-2.043313,"25":-1.856821,"26":-1.347976,"27":-1.804125,"28":-2.05002,"29":-1.954963,"30":-1.804505,"31":-1.542708,"32":-1.706491,"33":-1.489709,"34":-1.784763,"35":-1.531623,"36":-1.404156,"37":-1.277492,"38":-1.262025,"39":-1.600127,"40":-1.366134,"41":-1.667061,"42":-1.442201,"43":-0.9824033,"44":-1.379318,"45":-1.220079,"46":-0.9772273,"47":-1.461938,"48":-1.072962,"49":-1.344058,"50":-1.293205,"51":-1.01797,"52":-0.9704979},"FracExp":{"0":1.0,"1":1.0,"2":1.0,"3":1.0,"4":1.0,"5":1.0,"6":1.0,"7":1.0,"8":1.0,"9":1.0,"10":1.0,"11":1.0,"12":1.0,"13":1.0,"14":1.0,"15":1.0,"16":1.0,"17":1.0,"18":1.0,"19":1.0,"20":1.0,"21":1.0,"22":1.0,"23":1.0,"24":1.0,"25":1.0,"26":1.0,"27":1.0,"28":1.0,"29":1.0,"30":1.0,"31":1.0,"32":1.0,"33":1.0,"34":1.0,"35":1.0,"36":1.0,"37":1.0,"38":1.0,"39":1.0,"40":1.0,"41":1.0,"42":1.0,"43":1.0,"44":1.0,"45":1.0,"46":1.0,"47":1.0,"48":1.0,"49":1.0,"50":1.0,"51":1.0,"52":1.0},"BGrate":{"0":0.1097723,"1":0.0,"2":0.0,"3":0.185134,"4":0.1545148,"5":0.0,"6":0.0,"7":0.184868,"8":0.3851293,"9":0.2048467,"10":0.0,"11":0.2938343,"12":0.3805999,"13":0.0,"14":0.3640101,"15":0.0,"16":0.4114292,"17":0.1641024,"18":0.0,"19":0.0,"20":0.0,"21":0.0,"22":0.0,"23":0.3407229,"24":0.187636,"25":0.0,"26":0.0,"27":0.2049572,"28":0.0,"29":0.1847794,"30":0.6717311,"31":0.1458133,"32":0.6352205,"33":0.3413198,"34":0.0,"35":0.1553749,"36":0.1621165,"37":0.0,"38":0.1457037,"39":0.1623207,"40":0.313003,"41":0.1924705,"42":0.4918876,"43":0.1134256,"44":0.0,"45":0.0,"46":0.0,"47":0.4986242,"48":0.0,"49":0.1551889,"50":0.0,"51":0.2332495,"52":0.222372},"BGerr":{"0":0.1097723,"1":0.0,"2":0.0,"3":0.185134,"4":0.1545148,"5":0.0,"6":0.0,"7":0.184868,"8":0.2723275,"9":0.2048467,"10":0.0,"11":0.2077723,"12":0.2691248,"13":0.0,"14":0.257394,"15":0.0,"16":0.2909244,"17":0.1641024,"18":0.0,"19":0.0,"20":0.0,"21":0.0,"22":0.0,"23":0.2409275,"24":0.187636,"25":0.0,"26":0.0,"27":0.2049572,"28":0.0,"29":0.1847794,"30":0.3358655,"31":0.1458133,"32":0.3176103,"33":0.2413495,"34":0.0,"35":0.1553749,"36":0.1621165,"37":0.0,"38":0.1457037,"39":0.1623207,"40":0.2213265,"41":0.1924705,"42":0.2839914,"43":0.1134256,"44":0.0,"45":0.0,"46":0.0,"47":0.2878808,"48":0.0,"49":0.1551889,"50":0.0,"51":0.1649323,"52":0.1572408},"CorrFact":{"0":1.120637,"1":1.118328,"2":1.086001,"3":1.086001,"4":1.085327,"5":1.084546,"6":1.084546,"7":1.0846,"8":1.084604,"9":1.084604,"10":1.08461,"11":1.084611,"12":1.083914,"13":1.08345,"14":1.08345,"15":1.0835,"16":1.083569,"17":1.083569,"18":1.08356,"19":1.083557,"20":1.083854,"21":1.084672,"22":1.084672,"23":1.094544,"24":1.116402,"25":1.116402,"26":1.094199,"27":1.084683,"28":1.084683,"29":1.084644,"30":1.084636,"31":1.084648,"32":1.084677,"33":1.084677,"34":1.084668,"35":1.084667,"36":1.08467,"37":1.084694,"38":1.084694,"39":1.08469,"40":1.08469,"41":1.084669,"42":1.084638,"43":1.084647,"44":1.084695,"45":1.084695,"46":1.084643,"47":1.084627,"48":1.084598,"49":1.084593,"50":1.084598,"51":1.084614,"52":1.084614},"CtsInSrc":{"0":30.0,"1":30.0,"2":31.0,"3":30.0,"4":41.0,"5":30.0,"6":30.0,"7":45.0,"8":30.0,"9":31.0,"10":45.0,"11":43.0,"12":30.0,"13":30.0,"14":45.0,"15":45.0,"16":30.0,"17":45.0,"18":45.0,"19":42.0,"20":30.0,"21":30.0,"22":34.0,"23":45.0,"24":45.0,"25":45.0,"26":30.0,"27":31.0,"28":45.0,"29":45.0,"30":45.0,"31":45.0,"32":45.0,"33":30.0,"34":30.0,"35":39.0,"36":30.0,"37":30.0,"38":30.0,"39":39.0,"40":30.0,"41":30.0,"42":30.0,"43":30.0,"44":30.0,"45":30.0,"46":30.0,"47":30.0,"48":30.0,"49":30.0,"50":30.0,"51":30.0,"52":30.0},"BGInSrc":{"0":0.691358,"1":0.0,"2":0.0,"3":0.691358,"4":0.691358,"5":0.0,"6":0.0,"7":0.691358,"8":1.382716,"9":0.691358,"10":0.0,"11":1.382716,"12":1.382716,"13":0.0,"14":1.382716,"15":0.0,"16":1.382716,"17":0.691358,"18":0.0,"19":0.0,"20":0.0,"21":0.0,"22":0.0,"23":1.382716,"24":0.691358,"25":0.0,"26":0.0,"27":0.691358,"28":0.0,"29":0.691358,"30":2.765432,"31":0.691358,"32":2.765432,"33":1.382716,"34":0.0,"35":0.691358,"36":0.691358,"37":0.0,"38":0.691358,"39":0.691358,"40":1.382716,"41":0.691358,"42":2.074074,"43":0.691358,"44":0.0,"45":0.0,"46":0.0,"47":2.074074,"48":0.0,"49":0.691358,"50":0.0,"51":1.382716,"52":1.382716},"Exposure":{"0":6.298112,"1":4.595496,"2":4.301944,"3":3.734366,"4":4.474381,"5":4.492306,"6":3.527986,"7":3.739739,"8":3.590265,"9":3.375002,