{"Time":{"0":133.46,"1":137.149,"2":141.614,"3":145.699,"4":149.746,"5":153.819,"6":158.003,"7":162.323,"8":166.968,"9":171.378,"10":175.785,"11":179.876,"12":183.988,"13":187.863,"14":192.583,"15":197.489,"16":201.987,"17":205.818,"18":210.752,"19":214.951},"TimePos":{"0":1.985,"1":2.548,"2":2.088,"3":1.795,"4":2.373,"5":2.392,"6":1.797,"7":2.323,"8":2.257,"9":2.213,"10":2.289,"11":2.163,"12":2.098,"13":1.892,"14":2.069,"15":2.662,"16":2.339,"17":2.348,"18":1.752,"19":2.147},"TimeNeg":{"0":-2.023,"1":-1.704,"2":-1.917,"3":-1.997,"4":-2.253,"5":-1.7,"6":-1.791,"7":-2.524,"8":-2.322,"9":-2.153,"10":-2.194,"11":-1.801,"12":-1.949,"13":-1.777,"14":-2.828,"15":-2.836,"16":-1.837,"17":-1.493,"18":-2.585,"19":-2.446},"Rate":{"0":12.12977,"1":11.43438,"2":12.12269,"3":8.255158,"4":10.63036,"5":12.00646,"6":9.125692,"7":6.755239,"8":10.39532,"9":11.2429,"10":7.297061,"11":8.066459,"12":7.716927,"13":9.013635,"14":6.226145,"15":5.819702,"16":7.662934,"17":9.092089,"18":7.207397,"19":9.748902},"RatePos":{"0":1.845284,"1":1.739496,"2":1.844207,"3":1.602718,"4":1.584682,"5":1.789818,"6":1.666117,"7":1.233333,"8":1.614153,"9":1.675993,"10":1.332256,"11":1.518368,"12":1.498222,"13":1.667414,"14":1.247339,"15":1.095456,"16":1.442412,"17":1.60727,"18":1.399298,"19":1.522524},"RateNeg":{"0":-1.845297,"1":-1.739503,"2":-1.84421,"3":-1.602719,"4":-1.584683,"5":-1.789819,"6":-1.666117,"7":-1.233333,"8":-1.614153,"9":-1.675993,"10":-1.332256,"11":-1.518368,"12":-1.498222,"13":-1.667414,"14":-1.24734,"15":-1.095456,"16":-1.442412,"17":-1.60727,"18":-1.399298,"19":-1.522524},"FracExp":{"0":1.0,"1":1.0,"2":1.0,"3":1.0,"4":1.0,"5":1.0,"6":1.0,"7":1.0,"8":1.0,"9":1.0,"10":1.0,"11":1.0,"12":1.0,"13":1.0,"14":1.0,"15":1.0,"16":1.0,"17":1.0,"18":1.0,"19":1.0},"BGrate":{"0":0.1694,"1":0.1596886,"2":0.1695507,"3":0.3581937,"4":0.0,"5":0.0,"6":0.0,"7":0.0,"8":0.2965476,"9":0.0,"10":0.0,"11":0.1713004,"12":0.3355198,"13":0.1850914,"14":0.4158982,"15":0.1235132,"16":0.1626149,"17":0.0,"18":0.3130877,"19":0.0},"BGerr":{"0":0.1694,"1":0.1596886,"2":0.1695507,"3":0.2532812,"4":0.0,"5":0.0,"6":0.0,"7":0.0,"8":0.2096908,"9":0.0,"10":0.0,"11":0.1713004,"12":0.2372483,"13":0.1850914,"14":0.2401189,"15":0.1235132,"16":0.1626149,"17":0.0,"18":0.2213864,"19":0.0},"CorrFact":{"0":1.097001,"1":1.097001,"2":1.095387,"3":1.092728,"4":1.092728,"5":1.091782,"6":1.091578,"7":1.091268,"8":1.090804,"9":1.090804,"10":1.090516,"11":1.090495,"12":1.090513,"13":1.090556,"14":1.090556,"15":1.091155,"16":1.091274,"17":1.091366,"18":1.091484,"19":1.092273},"CtsInSrc":{"0":45.0,"1":45.0,"2":45.0,"3":30.0,"4":45.0,"5":45.0,"6":30.0,"7":30.0,"8":45.0,"9":45.0,"10":30.0,"11":30.0,"12":30.0,"13":31.0,"14":30.0,"15":30.0,"16":30.0,"17":32.0,"18":30.0,"19":41.0},"BGInSrc":{"0":0.679012,"1":0.679012,"2":0.679012,"3":1.358025,"4":0.0,"5":0.0,"6":0.0,"7":0.0,"8":1.358025,"9":0.0,"10":0.0,"11":0.679012,"12":1.358025,"13":0.679012,"14":2.037037,"15":0.679012,"16":0.679012,"17":0.0,"18":1.358025,"19":0.0},"Exposure":{"0":4.008337,"1":4.252104,"2":4.004774,"3":3.791314,"4":4.625691,"5":4.091982,"6":3.588477,"7":4.84632,"8":4.579449,"9":4.365973,"10":4.483376,"11":3.963869,"12":4.047525,"13":3.668524,"14":4.897923,"15":5.497486,"16":4.175586,"17":3.841109,"18":4.337522,"19":4.593667},"Sigma":{"0":65.272727,"1":65.272727,"2":65.272727,"3":29.82705,"4":1000.0,"5":1000.0,"6":1000.0,"7":1000.0,"8":45.447681,"9":1000.0,"10":1000.0,"11":43.181818,"12":29.82705,"13":44.654545,"14":23.776334,"15":43.181818,"16":43.181818,"17":1000.0,"18":29.82705,"19":1000.0},"SNR":{"0":6.573342,"1":6.573361,"2":6.573378,"3":5.15072,"4":6.708195,"5":6.708196,"6":5.477222,"7":5.477222,"8":6.440107,"9":6.708198,"10":5.477222,"11":5.312585,"12":5.150722,"13":5.405756,"14":4.99154,"15":5.312585,"16":5.312585,"17":5.656851,"18":5.150722,"19":6.403118},"SYS_NEG":{"0":0.999397,"1":0.999518,"2":0.999669,"3":0.999725,"4":0.999754,"5":0.999777,"6":0.999786,"7":0.999795,"8":0.9998,"9":0.999803,"10":0.999803,"11":0.999804,"12":0.999803,"13":0.999803,"14":0.999801,"15":0.999799,"16":0.999798,"17":0.999797,"18":0.99979,"19":0.999789},"SYS_POS":{"0":1.000209,"1":1.000198,"2":1.000189,"3":1.000189,"4":1.000189,"5":1.00019,"6":1.000191,"7":1.000192,"8":1.000193,"9":1.000194,"10":1.000194,"11":1.000194,"12":1.000193,"13":1.000194,"14":1.000193,"15":1.000193,"16":1.000193,"17":1.000192,"18":1.000191,"19":1.000191}}