{"Time":{"0":133.083,"1":136.192,"2":139.44,"3":142.436,"4":146.001,"5":149.603,"6":152.805,"7":156.37,"8":159.822,"9":163.068,"10":166.853,"11":170.794,"12":174.201,"13":178.028,"14":182.1,"15":186.357,"16":189.78,"17":193.363,"18":197.264,"19":200.526,"20":204.398,"21":208.247,"22":211.306,"23":215.124,"24":219.155,"25":223.063,"26":226.615,"27":230.157,"28":234.677,"29":239.139,"30":243.685,"31":247.643,"32":251.949,"33":255.758,"34":259.768,"35":263.828,"36":267.996,"37":272.307,"38":276.356,"39":279.925,"40":283.835,"41":287.436,"42":291.391,"43":295.266,"44":299.581},"TimePos":{"0":1.31,"1":1.614,"2":1.56,"3":1.686,"4":1.858,"5":1.555,"6":1.497,"7":1.853,"8":1.493,"9":1.61,"10":2.218,"11":1.721,"12":2.043,"13":1.823,"14":2.162,"15":1.665,"16":1.987,"17":2.095,"18":1.315,"19":1.696,"20":1.843,"21":1.505,"22":1.717,"23":1.76,"24":1.926,"25":2.103,"26":1.351,"27":2.133,"28":2.304,"29":2.236,"30":1.85,"31":2.171,"32":2.177,"33":1.665,"34":2.306,"35":1.829,"36":2.229,"37":1.786,"38":1.812,"39":1.769,"40":1.51,"41":1.511,"42":1.924,"43":2.077,"44":2.265},"TimeNeg":{"0":-2.015,"1":-1.798,"2":-1.634,"3":-1.437,"4":-1.88,"5":-1.743,"6":-1.647,"7":-2.068,"8":-1.599,"9":-1.753,"10":-2.175,"11":-1.724,"12":-1.686,"13":-1.785,"14":-2.249,"15":-2.095,"16":-1.758,"17":-1.597,"18":-1.806,"19":-1.947,"20":-2.176,"21":-2.005,"22":-1.555,"23":-2.101,"24":-2.271,"25":-1.982,"26":-1.449,"27":-2.19,"28":-2.388,"29":-2.158,"30":-2.31,"31":-2.108,"32":-2.135,"33":-1.632,"34":-2.344,"35":-1.754,"36":-2.339,"37":-2.082,"38":-2.262,"39":-1.757,"40":-2.141,"41":-2.092,"42":-2.444,"43":-1.951,"44":-2.238},"Rate":{"0":15.44222,"1":14.58615,"2":16.07892,"3":16.62231,"4":13.66209,"5":15.48225,"6":16.5328,"7":12.74506,"8":17.06364,"9":15.8092,"10":12.09679,"11":15.42717,"12":13.52508,"13":13.88023,"14":11.70833,"15":13.93342,"16":13.98644,"17":9.684152,"18":16.63385,"19":9.282293,"20":12.52268,"21":14.55168,"22":15.85131,"23":13.02553,"24":11.96968,"25":12.68081,"26":18.52621,"27":11.84435,"28":11.0817,"29":11.84033,"30":12.51032,"31":12.15032,"32":12.03243,"33":15.7403,"34":11.18361,"35":14.09044,"36":11.39454,"37":8.769715,"38":12.58456,"39":14.77206,"40":9.83823,"41":9.64787,"42":7.769191,"43":8.614215,"44":7.705504},"RatePos":{"0":2.352971,"1":2.315016,"2":2.449199,"3":2.481086,"4":2.080364,"5":2.357163,"6":2.517174,"7":2.064416,"8":2.620529,"9":2.358442,"10":1.804676,"11":2.301476,"12":2.101596,"13":2.156802,"14":1.746767,"15":2.121088,"16":2.129213,"17":1.792582,"18":2.481855,"19":1.74832,"20":1.946288,"21":2.216014,"22":2.365504,"23":2.024622,"24":1.86056,"25":1.892388,"26":2.764617,"27":1.803818,"28":1.653767,"29":1.76717,"30":1.867268,"31":1.813447,"32":1.795687,"33":2.348965,"34":1.66925,"35":2.190379,"36":1.70075,"37":1.651954,"38":1.916731,"39":2.205116,"40":1.768591,"41":1.763102,"42":1.463654,"43":1.574026,"44":1.407957},"RateNeg":{"0":-2.35756,"1":-2.318729,"2":-2.453398,"3":-2.485417,"4":-2.083401,"5":-2.360308,"6":-2.520588,"7":-2.066841,"8":-2.624128,"9":-2.361542,"10":-1.807098,"11":-2.304525,"12":-2.10417,"13":-2.159462,"14":-1.74915,"15":-2.123685,"16":-2.13187,"17":-1.794338,"18":-2.485448,"19":-1.749996,"20":-1.949044,"21":-2.219396,"22":-2.369252,"23":-2.027629,"24":-1.863364,"25":-1.895404,"26":-2.768948,"27":-1.806643,"28":-1.656416,"29":-1.770144,"30":-1.870487,"31":-1.816508,"32":-1.798593,"33":-2.352708,"34":-1.672132,"35":-2.193809,"36":-1.703697,"37":-1.653677,"38":-1.919871,"39":-2.209115,"40":-1.770743,"41":-1.765262,"42":-1.465308,"43":-1.57582,"44":-1.409543},"FracExp":{"0":1.0,"1":1.0,"2":1.0,"3":1.0,"4":1.0,"5":1.0,"6":1.0,"7":1.0,"8":1.0,"9":1.0,"10":1.0,"11":1.0,"12":1.0,"13":1.0,"14":1.0,"15":1.0,"16":1.0,"17":1.0,"18":1.0,"19":1.0,"20":1.0,"21":1.0,"22":1.0,"23":1.0,"24":1.0,"25":1.0,"26":1.0,"27":1.0,"28":1.0,"29":1.0,"30":1.0,"31":1.0,"32":1.0,"33":1.0,"34":1.0,"35":1.0,"36":1.0,"37":1.0,"38":1.0,"39":1.0,"40":1.0,"41":1.0,"42":1.0,"43":1.0,"44":1.0},"BGrate":{"0":0.2042032,"1":0.5969387,"2":0.2126226,"3":0.0,"4":0.181655,"5":0.2058563,"6":0.2159918,"7":0.6926603,"8":0.4391897,"9":0.0,"10":0.0,"11":0.0,"12":0.364175,"13":0.3763883,"14":0.0,"15":0.1806227,"16":0.18131,"17":0.1839294,"18":0.0,"19":0.1863553,"20":0.3378993,"21":0.1934381,"22":0.0,"23":0.3517561,"24":0.3235753,"25":0.0,"26":0.0,"27":0.1570609,"28":0.0,"29":0.0,"30":0.0,"31":0.0,"32":0.0,"33":0.0,"34":0.0,"35":0.3790027,"36":0.0,"37":0.1755554,"38":0.1666617,"39":0.0,"40":0.0,"41":0.0,"42":0.1554604,"43":0.0,"44":0.0},"BGerr":{"0":0.2042032,"1":0.3446427,"2":0.2126226,"3":0.0,"4":0.181655,"5":0.2058563,"6":0.2159918,"7":0.3463301,"8":0.310554,"9":0.0,"10":0.0,"11":0.0,"12":0.2575106,"13":0.2661467,"14":0.0,"15":0.1806227,"16":0.18131,"17":0.1839294,"18":0.0,"19":0.1863553,"20":0.2389309,"21":0.1934381,"22":0.0,"23":0.2487291,"24":0.2288023,"25":0.0,"26":0.0,"27":0.1570609,"28":0.0,"29":0.0,"30":0.0,"31":0.0,"32":0.0,"33":0.0,"34":0.0,"35":0.2679953,"36":0.0,"37":0.1755554,"38":0.1666617,"39":0.0,"40":0.0,"41":0.0,"42":0.1554604,"43":0.0,"44":0.0},"CorrFact":{"0":1.158552,"1":1.158552,"2":1.158552,"3":1.153351,"4":1.152227,"5":1.152227,"6":1.172674,"7":1.181908,"8":1.181908,"9":1.181306,"10":1.180824,"11":1.180824,"12":1.155668,"13":1.147529,"14":1.147529,"15":1.181827,"16":1.181827,"17":1.179084,"18":1.153487,"19":1.153487,"20":1.153223,"21":1.152496,"22":1.152496,"23":1.152278,"24":1.151093,"25":1.151093,"26":1.152888,"27":1.155344,"28":1.155344,"29":1.156252,"30":1.156392,"31":1.155306,"32":1.153134,"33":1.153134,"34":1.155793,"35":1.156873,"36":1.156869,"37":1.156832,"38":1.156832,"39":1.157545,"40":1.158614,"41":1.158614,"42":1.157325,"43":1.156578,"44":1.156583},"CtsInSrc":{"0":45.0,"1":45.0,"2":45.0,"3":45.0,"4":45.0,"5":45.0,"6":45.0,"7":45.0,"8":46.0,"9":45.0,"10":45.0,"11":45.0,"12":45.0,"13":45.0,"14":45.0,"15":45.0,"16":45.0,"17":31.0,"18":45.0,"19":30.0,"20":45.0,"21":45.0,"22":45.0,"23":45.0,"24":45.0,"25":45.0,"26":45.0,"27":45.0,"28":45.0,"29":45.0,"30":45.0,"31":45.0,"32":45.0,"33":45.0,"34":45.0,"35":45.0,"36":45.0,"37":30.0,"38":45.0,"39":45.0,"40":31.0,"41":30.0,"42":30.0,"43":30.0,"44":30.0},"BGInSrc":{"0":0.679012,"1":2.037037,"2":0.679012,"3":0.0,"4":0.679012,"5":0.679012,"6":0.679012,"7":2.716049,"8":1.358025,"9":0.0,"10":0.0,"11":0.0,"12":1.358025,"13":1.358025,"14":0.0,"15":0.679012,"16":0.679012,"17":0.679012,"18":0.0,"19":0.679012,"20":1.358025,"21":0.679012,"22":0.0,"23":1.358025,"24":1.358025,"25":0.0,"26":0.0,"27":0.679012,"28":0.0,"29":0.0,"30":0.0,"31":0.0,"32":0.0,"33":0.0,"34":0.0,"35":1.358025,"36":0.0,"37":0.679012,"38":0.679012,"39":0.0,"40":0.0,"41":0.0,"42":0.679012,"43":0.0,"44":0.0},"Exposure":{"0":3.32518,"1":3.412473,"2":3.193509,"3":3.122359,"4":3.737924,"5":3.298477,"6":3.143695,"7":3.921185,"8":3.092114,"9":3.362522,"10":4.39266,"11":3.444382,"12":3.729044,"13":3.608042,"14":4.410435,"15":3.759286,"16":3.745036,"17":3.691701,"18":3.12056,"19":3.643645,"20":4.019022,"21":3.510231,"22":3.2718,"23":3.8607,"24":4.196936,"25":4.08485,"26":2.800355,"27":4.323241,"28":4.691564,"29":4.394417,"30":4.159576,"31":4.278795,"32":4.312599,"33":3.296699,"34":4.650614,"35":3.583154,"36":4.568776,"37":3.867796,"38":4.074195,"39":3.526221,"40":3.650763,"41":3.602706,"42":4.367753,"43":4.027917,"44":4.502947},"Sigma":{"0":65.272727,"1":36.530526,"2":65.272727,"3":1000.0,"4":65.272727,"5":65.272727,"6":65.272727,"7":31.136364,"8":46.489057,"9":1000.0,"10":1000.0,"11":1000.0,"12":45.447681,"13":45.447681,"14":1000.0,"15":65.272727,"16":65.272727,"17":44.654545,"18":1000.0,"19":43.181818,"20":45.447681,"21":65.272727,"22":1000.0,"23":45.447681,"24":45.447681,"25":1000.0,"26":1000.0,"27":65.272727,"28":1000.0,"29":1000.0,"30":1000.0,"31":1000.0,"32":1000.0,"33":1000.0,"34":1000.0,"35":45.447681,"36":1000.0,"37":43.181818,"38":65.272727,"39":1000.0,"40":1000.0,"41":1000.0,"42":43.181818,"43":1000.0,"44":1000.0},"SNR":{"0":6.550088,"1":6.290579,"2":6.553733,"3":6.687935,"4":6.557587,"5":6.559417,"6":6.559106,"7":6.166448,"8":6.502595,"9":6.694437,