{"Time":{"0":102.193,"1":106.691,"2":110.842,"3":115.601,"4":120.453,"5":124.38,"6":129.614},"TimePos":{"0":2.157,"1":2.215,"2":2.107,"3":2.281,"4":2.175,"5":1.825,"6":2.699},"TimeNeg":{"0":-2.118,"1":-2.341,"2":-1.935,"3":-2.652,"4":-2.571,"5":-1.751,"6":-3.409},"Rate":{"0":7.662228,"1":10.78423,"2":9.995677,"3":6.640603,"4":6.901941,"5":9.161413,"6":4.999656},"RatePos":{"0":1.398926,"1":1.607619,"2":1.64328,"3":1.212403,"4":1.260117,"5":1.672638,"6":1.001626},"RateNeg":{"0":-1.398926,"1":-1.607619,"2":-1.64328,"3":-1.212403,"4":-1.260117,"5":-1.672638,"6":-1.001626},"FracExp":{"0":1.0,"1":1.0,"2":1.0,"3":1.0,"4":1.0,"5":1.0,"6":1.0},"BGrate":{"0":0.0,"1":0.0,"2":0.0,"3":0.0,"4":0.0,"5":0.0,"6":0.333517},"BGerr":{"0":0.0,"1":0.0,"2":0.0,"3":0.0,"4":0.0,"5":0.0,"6":0.1925562},"CorrFact":{"0":1.091928,"1":1.091928,"2":1.092006,"3":1.092054,"4":1.092053,"5":1.092052,"6":1.092038},"CtsInSrc":{"0":30.0,"1":45.0,"2":37.0,"3":30.0,"4":30.0,"5":30.0,"6":30.0},"BGInSrc":{"0":0.0,"1":0.0,"2":0.0,"3":0.0,"4":0.0,"5":0.0,"6":2.037037},"Exposure":{"0":4.275237,"1":4.556355,"2":4.042171,"3":4.933531,"4":4.746723,"5":3.576038,"6":6.107745},"Sigma":{"0":1000.0,"1":1000.0,"2":1000.0,"3":1000.0,"4":1000.0,"5":1000.0,"6":23.776334},"SNR":{"0":5.477223,"1":6.708198,"2":6.082758,"3":5.477222,"4":5.477222,"5":5.477222,"6":4.99154},"SYS_NEG":{"0":0.999809,"1":0.999808,"2":0.999806,"3":0.999805,"4":0.999805,"5":0.999805,"6":0.999806},"SYS_POS":{"0":1.000196,"1":1.000195,"2":1.000194,"3":1.000194,"4":1.000194,"5":1.000194,"6":1.000194}}