{"Time":{"0":68.644,"1":70.369,"2":71.831,"3":73.47,"4":75.043,"5":76.416,"6":77.817,"7":79.556,"8":81.063,"9":82.734,"10":84.366,"11":86.145,"12":87.859,"13":89.66,"14":91.629,"15":93.956,"16":96.339,"17":98.904,"18":101.64,"19":104.421,"20":107.141,"21":109.559,"22":112.311,"23":115.557,"24":118.016,"25":120.876,"26":123.432,"27":126.254,"28":129.719,"29":133.368,"30":136.405,"31":140.149,"32":143.536,"33":147.045,"34":150.588,"35":154.883,"36":159.413,"37":163.41,"38":167.0,"39":170.973,"40":175.859,"41":180.213,"42":184.228,"43":188.844,"44":193.398,"45":197.716},"TimePos":{"0":0.883,"1":0.767,"2":0.47,"3":0.751,"4":0.742,"5":0.649,"6":0.907,"7":0.578,"8":0.738,"9":0.793,"10":0.834,"11":0.974,"12":0.87,"13":0.967,"14":1.117,"15":1.07,"16":1.159,"17":1.425,"18":1.281,"19":1.432,"20":0.928,"21":1.242,"22":1.804,"23":1.049,"24":1.382,"25":1.398,"26":1.323,"27":1.459,"28":2.121,"29":1.527,"30":2.121,"31":1.41,"32":1.807,"33":1.559,"34":2.001,"35":2.536,"36":1.621,"37":1.631,"38":1.891,"39":2.232,"40":2.092,"41":2.002,"42":2.475,"43":2.543,"44":1.747,"45":2.026},"TimeNeg":{"0":-0.898,"1":-0.842,"2":-0.695,"3":-1.169,"4":-0.822,"5":-0.632,"6":-0.752,"7":-0.833,"8":-0.929,"9":-0.933,"10":-0.839,"11":-0.946,"12":-0.74,"13":-0.931,"14":-1.002,"15":-1.209,"16":-1.314,"17":-1.405,"18":-1.311,"19":-1.5,"20":-1.287,"21":-1.491,"22":-1.51,"23":-1.442,"24":-1.41,"25":-1.479,"26":-1.158,"27":-1.499,"28":-2.006,"29":-1.528,"30":-1.51,"31":-1.623,"32":-1.976,"33":-1.702,"34":-1.984,"35":-2.294,"36":-1.995,"37":-2.376,"38":-1.959,"39":-2.083,"40":-2.654,"41":-2.261,"42":-2.013,"43":-2.141,"44":-2.01,"45":-2.571},"Rate":{"0":29.4613,"1":32.62291,"2":45.02503,"3":26.93435,"4":33.55058,"5":40.95968,"6":31.25049,"7":35.5934,"8":28.80909,"9":29.09829,"10":30.02675,"11":25.3981,"12":31.18845,"13":26.3949,"14":23.64445,"15":21.98323,"16":19.96493,"17":17.44352,"18":19.33282,"19":17.09217,"20":22.62504,"21":17.80379,"22":14.89571,"23":19.52954,"24":17.94782,"25":16.91101,"26":20.20759,"27":16.93876,"28":12.14188,"29":16.40571,"30":13.80124,"31":16.52131,"32":13.05493,"33":15.36497,"34":12.2074,"35":10.37854,"36":9.245035,"37":8.344601,"38":8.686513,"39":11.62735,"40":6.435128,"41":7.851118,"42":7.455201,"43":6.98564,"44":8.708877,"45":6.327336},"RatePos":{"0":4.397314,"1":4.867586,"2":6.71684,"3":4.095414,"4":5.00237,"5":6.106522,"6":4.658834,"7":5.306143,"8":4.554214,"9":4.337782,"10":4.476172,"11":3.936484,"12":4.649334,"13":3.934744,"14":3.524728,"15":3.277087,"16":3.034462,"17":2.651236,"18":2.881992,"19":2.547974,"20":3.372777,"21":2.759439,"22":2.264003,"23":3.026915,"24":2.675535,"25":2.621065,"26":3.012401,"27":2.525106,"28":1.81002,"29":2.445637,"30":2.057382,"31":2.462867,"32":1.984214,"33":2.290488,"34":1.892037,"35":1.547151,"36":1.687913,"37":1.523517,"38":1.585941,"39":1.733318,"40":1.323422,"41":1.433422,"42":1.361136,"43":1.313114,"44":1.637037,"45":1.38489},"RateNeg":{"0":-4.397914,"1":-4.868503,"2":-6.718251,"3":-4.096296,"4":-5.003318,"5":-6.10744,"6":-4.659393,"7":-5.30663,"8":-4.554506,"9":-4.33802,"10":-4.476369,"11":-3.936619,"12":-4.649488,"13":-3.934854,"14":-3.524816,"15":-3.277166,"16":-3.034529,"17":-2.651295,"18":-2.88206,"19":-2.548037,"20":-3.372863,"21":-2.759506,"22":-2.264059,"23":-3.026988,"24":-2.675606,"25":-2.621128,"26":-3.012477,"27":-2.525169,"28":-1.810062,"29":-2.445693,"30":-2.057429,"31":-2.462924,"32":-1.984258,"33":-2.290543,"34":-1.892082,"35":-1.547196,"36":-1.687949,"37":-1.523553,"38":-1.585978,"39":-1.733385,"40":-1.323451,"41":-1.433463,"42":-1.361174,"43":-1.313147,"44":-1.63708,"45":-1.384919},"FracExp":{"0":1.0,"1":1.0,"2":1.0,"3":1.0,"4":1.0,"5":1.0,"6":1.0,"7":1.0,"8":1.0,"9":1.0,"10":1.0,"11":1.0,"12":1.0,"13":1.0,"14":1.0,"15":1.0,"16":1.0,"17":1.0,"18":1.0,"19":1.0,"20":1.0,"21":1.0,"22":1.0,"23":1.0,"24":1.0,"25":1.0,"26":1.0,"27":1.0,"28":1.0,"29":1.0,"30":1.0,"31":1.0,"32":1.0,"33":1.0,"34":1.0,"35":1.0,"36":1.0,"37":1.0,"38":1.0,"39":1.0,"40":1.0,"41":1.0,"42":1.0,"43":1.0,"44":1.0,"45":1.0},"BGrate":{"0":0.0,"1":0.0,"2":0.0,"3":0.3408507,"4":0.0,"5":0.0,"6":0.0,"7":0.0,"8":1.177519,"9":0.0,"10":0.0,"11":0.6817033,"12":0.0,"13":0.0,"14":0.0,"15":0.0,"16":0.2645906,"17":0.2311614,"18":0.0,"19":0.0,"20":0.0,"21":0.4788781,"22":0.1974119,"23":0.5253997,"24":0.0,"25":0.4548891,"26":0.0,"27":0.0,"28":0.0,"29":0.0,"30":0.0,"31":0.0,"32":0.1729903,"33":0.0,"34":0.3283718,"35":0.0,"36":0.0,"37":0.0,"38":0.0,"39":0.0,"40":0.5513939,"41":0.0,"42":0.0,"43":0.1396806,"44":0.1741373,"45":0.8539756},"BGerr":{"0":0.0,"1":0.0,"2":0.0,"3":0.3408507,"4":0.0,"5":0.0,"6":0.0,"7":0.0,"8":0.6798411,"9":0.0,"10":0.0,"11":0.482037,"12":0.0,"13":0.0,"14":0.0,"15":0.0,"16":0.2645906,"17":0.2311614,"18":0.0,"19":0.0,"20":0.0,"21":0.338618,"22":0.1974119,"23":0.3715137,"24":0.0,"25":0.3216552,"26":0.0,"27":0.0,"28":0.0,"29":0.0,"30":0.0,"31":0.0,"32":0.1729903,"33":0.0,"34":0.2321939,"35":0.0,"36":0.0,"37":0.0,"38":0.0,"39":0.0,"40":0.275697,"41":0.0,"42":0.0,"43":0.1396806,"44":0.1741373,"45":0.3486341},"CorrFact":{"0":1.165955,"1":1.165955,"2":1.165955,"3":1.165955,"4":1.165955,"5":1.165955,"6":1.151499,"7":1.115915,"8":1.115915,"9":1.115915,"10":1.115915,"11":1.115915,"12":1.115915,"13":1.113467,"14":1.113353,"15":1.113353,"16":1.113353,"17":1.113418,"18":1.113647,"19":1.113647,"20":1.113647,"21":1.113558,"22":1.113339,"23":1.113339,"24":1.113339,"25":1.113498,"26":1.113696,"27":1.113696,"28":1.113693,"29":1.11367,"30":1.11367,"31":1.11367,"32":1.113506,"33":1.113481,"34":1.113481,"35":1.114032,"36":1.114071,"37":1.114445,"38":1.114772,"39":1.114772,"40":1.1155,"41":1.115581,"42":1.115471,"43":1.115108,"44":1.115108,"45":1.1156},"CtsInSrc":{"0":45.0,"1":45.0,"2":45.0,"3":45.0,"4":45.0,"5":45.0,"6":45.0,"7":45.0,"8":45.0,"9":45.0,"10":45.0,"11":45.0,"12":45.0,"13":45.0,"14":45.0,"15":45.0,"16":45.0,"17":45.0,"18":45.0,"19":45.0,"20":45.0,"21":45.0,"22":45.0,"23":45.0,"24":45.0,"25":45.0,"26":45.0,"27":45.0,"28":45.0,"29":45.0,"30":45.0,"31":45.0,"32":45.0,"33":45.0,"34":45.0,"35":45.0,"36":30.0,"37":30.0,"38":30.0,"39":45.0,"40":30.0,"41":30.0,"42":30.0,"43":30.0,"44":30.0,"45":30.0},"BGInSrc":{"0":0.0,"1":0.0,"2":0.0,"3":0.654321,"4":0.0,"5":0.0,"6":0.0,"7":0.0,"8":1.962963,"9":0.0,"10":0.0,"11":1.308642,"12":0.0,"13":0.0,"14":0.0,"15":0.0,"16":0.654321,"17":0.654321,"18":0.0,"19":0.0,"20":0.0,"21":1.308642,"22":0.654321,"23":1.308642,"24":0.0,"25":1.308642,"26":0.0,"27":0.0,"28":0.0,"29":0.0,"30":0.0,"31":0.0,"32":0.654321,"33":0.0,"34":1.308642,"35":0.0,"36":0.0,"37":0.0,"38":0.0,"39":0.0,"40":2.617284,"41":0.0,"42":0.0,"43":0.654321,"44":0.654321,"45":3.925926},"Exposure":{"0":1.780912,"1":1.608317,"2":1.165307,"3":1.91967,"4":1.563847,"5":1.280966,"6":1.658133,"7":1.410828,"8":1.667032,"9":1.725743,"10":1.672381,"11":1.919665,"12":1.610089,"13":1.898322,"14":2.118928,"15":2.27905,"16":2.472956,"17":2.830581,"18":2.592178,"19":2.931992,"20":2.214984,"21":2.732725,"22":3.314497,"23":2.490755,"24":2.791441,"25":2.876837,"26":2.480073,"27":2.958675,"28":4.127548,"29":3.054737,"30":3.631206,"31":3.033365,"32":3.782415,"33":3.261096,"34":3.985244,"35":4.830297,"36":3.615144,"37":4.006583,"38":3.850009,"39":4.314373,"40":4.746668,"41":4.262759,"42":4.488694,"43":4.68441,"44":3.7575,"45":4.597234},"Sigma":{"0":1000.0,"1":1000.0,"2":1000.0,"3":67.773585,"4":1000.0,"5":1000.0,"6":1000.0,"7":1000.0,"8":37.974397,"9":1000.0,"10":1000.0,"11":47.216055,"12":1000.0,"13":1000.0,"14":1000.0,"15":1000.0,"16":67.773585,"17":67.773585,"18":1000.0,"19":1000.0,"20":1000.0,"21":47.216055,"22":67.773585,"23":47.216055,"24":1000.0,"25":47.216055,"26":1000.0,"27":1000.0,"28":1000.0,"29":1000.0,"30":1000.0,"31":1000.0,"32":67.773585,"33":1000.0,"34":47.216055,"35":1000.0,"36":1000.0,"37":1000.0,"38":1000.0,"39":1000.0,"40":20.924528,"41":1000.0,"42":1000.0,"43":44.849057,"44":44.849057,"45":16.268309},"SNR":{"0":6.698925,"1":6.700809,"2":6.701897,"3":6.575294,"4":6.705666,"5":6.706523,"6":6.706987,"7":6.707345,"8":6.325404,"9":6.707736,"10":6.707837,