{"Time":{"0":104.061,"1":107.787,"2":112.498,"3":117.339,"4":121.377,"5":125.406,"6":130.405,"7":136.307,"8":143.859},"TimePos":{"0":1.693,"1":2.226,"2":2.608,"3":2.106,"4":1.965,"5":1.489,"6":2.389,"7":3.419,"8":3.46},"TimeNeg":{"0":-1.622,"1":-2.034,"2":-2.486,"3":-2.233,"4":-1.932,"5":-2.064,"6":-3.51,"7":-3.513,"8":-4.133},"Rate":{"0":15.46631,"1":12.03578,"2":9.44719,"3":7.743019,"4":8.211775,"5":9.636198,"6":5.680903,"7":4.728393,"8":3.870427},"RatePos":{"0":2.315809,"1":1.799485,"2":1.491812,"3":1.414799,"4":1.601803,"5":1.759995,"6":1.071961,"7":0.8922071,"8":0.8361672},"RateNeg":{"0":-2.313456,"1":-1.798043,"2":-1.491026,"3":-1.41444,"4":-1.601569,"5":-1.759768,"6":-1.071836,"7":-0.892109,"8":-0.8361041},"FracExp":{"0":1.0,"1":1.0,"2":1.0,"3":1.0,"4":1.0,"5":1.0,"6":1.0,"7":1.0,"8":1.0},"BGrate":{"0":0.0,"1":0.0,"2":0.2811532,"3":0.0,"4":0.3675567,"5":0.0,"6":0.121373,"7":0.1033041,"8":0.4715009},"BGerr":{"0":0.0,"1":0.0,"2":0.1988054,"3":0.0,"4":0.2599018,"5":0.0,"6":0.121373,"7":0.1033041,"8":0.2108616},"CorrFact":{"0":1.139176,"1":1.139176,"2":1.130447,"3":1.119972,"4":1.119972,"5":1.141213,"6":1.144481,"7":1.119205,"8":1.112399},"CtsInSrc":{"0":45.0,"1":45.0,"2":44.0,"3":30.0,"4":30.0,"5":30.0,"6":30.0,"7":30.0,"8":30.0},"BGInSrc":{"0":0.0,"1":0.0,"2":1.432099,"3":0.0,"4":1.432099,"5":0.0,"6":0.716049,"7":0.716049,"8":3.580247},"Exposure":{"0":3.31449,"1":4.25921,"2":5.093659,"3":4.339286,"4":3.896267,"5":3.552895,"6":5.899577,"7":6.931474,"8":7.593299},"Sigma":{"0":1000.0,"1":1000.0,"2":42.036279,"3":1000.0,"4":28.211122,"5":1000.0,"6":40.896552,"7":40.896552,"8":16.50064},"SNR":{"0":6.68537,"1":6.693824,"2":6.336033,"3":5.474264,"4":5.127331,"5":5.475834,"6":5.300162,"7":5.300241,"8":4.629121},"SYS_NEG":{"0":0.987669,"1":0.990224,"2":0.992165,"3":0.993994,"4":0.995267,"5":0.995884,"6":0.995952,"7":0.996085,"8":0.996299},"SYS_POS":{"0":1.014057,"1":1.011462,"2":1.009361,"3":1.00728,"4":1.005791,"5":1.005054,"6":1.004973,"7":1.004812,"8":1.004555}}