{"Time":{"0":110.692,"1":124.346,"2":138.824,"3":157.026,"4":182.054,"5":209.909,"6":244.552,"7":312.801,"8":467.698},"TimePos":{"0":10.086,"1":3.845,"2":12.611,"3":6.357,"4":17.238,"5":12.158,"6":19.645,"7":80.25,"8":79.901},"TimeNeg":{"0":-5.861,"1":-3.568,"2":-10.634,"3":-5.591,"4":-18.67,"5":-10.617,"6":-22.485,"7":-48.604,"8":-74.647},"Rate":{"0":3.285145,"1":4.242932,"2":2.871746,"3":2.429279,"4":1.739101,"5":3.075911,"6":1.837521,"7":0.7029665,"8":0.7482985},"RatePos":{"0":0.6217103,"1":0.8028515,"2":0.5629393,"3":0.5118939,"4":0.3534898,"5":0.5825392,"6":0.3479812,"7":0.1481669,"8":0.1417106},"RateNeg":{"0":-0.6221656,"1":-0.8033606,"2":-0.5633176,"3":-0.5122679,"4":-0.3538435,"5":-0.583301,"6":-0.3484161,"7":-0.1483061,"8":-0.141889},"FracExp":{"0":0.600443,"1":1.0,"2":0.459096,"3":1.0,"4":0.47778,"5":0.449016,"6":0.406332,"7":0.320455,"8":0.271999},"BGrate":{"0":0.07864915,"1":0.1015823,"2":0.1411418,"3":0.25211,"4":0.1316872,"5":0.07364097,"6":0.04399187,"7":0.07295291,"8":0.01791492},"BGerr":{"0":0.07864915,"1":0.1015823,"2":0.09980236,"3":0.126055,"4":0.07602965,"5":0.07364097,"6":0.04399187,"7":0.03647646,"8":0.01791492},"CorrFact":{"0":1.075537,"1":1.075506,"2":1.07551,"3":1.075541,"4":1.075547,"5":1.075522,"6":1.075536,"7":1.075553,"8":1.075536},"CtsInSrc":{"0":30.0,"1":30.0,"2":30.0,"3":30.0,"4":30.0,"5":30.0,"6":30.0,"7":30.0,"8":30.0},"BGInSrc":{"0":0.753086,"1":0.753086,"2":1.506173,"3":3.012346,"4":2.259259,"5":0.753086,"6":0.753086,"7":3.012346,"8":0.753086},"Exposure":{"0":9.575265,"1":7.413557,"2":10.671341,"3":11.948535,"4":17.156255,"5":10.22646,"6":17.118763,"7":41.291645,"8":42.036825},"Sigma":{"0":38.836066,"1":38.836066,"2":26.754139,"3":17.918033,"4":21.267312,"5":38.836066,"6":38.836066,"7":17.918033,"8":38.836066},"SNR":{"0":5.280179,"1":5.281479,"2":5.097917,"3":4.742204,"4":4.914888,"5":5.273284,"6":5.273927,"7":4.739969,"8":5.273831},"SYS_NEG":{"0":0.988487,"1":0.989281,"2":0.988569,"3":0.987251,"4":0.985768,"5":0.984953,"6":0.985247,"7":0.985701,"8":0.985203},"SYS_POS":{"0":1.008949,"1":1.008335,"2":1.008888,"3":1.009881,"4":1.010947,"5":1.011513,"6":1.011311,"7":1.010997,"8":1.011342}}