{"Time":{"0":134.35,"1":137.102,"2":140.586,"3":144.255,"4":148.208,"5":152.12,"6":156.777,"7":161.194,"8":166.193},"TimePos":{"0":1.259,"1":1.646,"2":2.1,"3":2.062,"4":2.142,"5":1.954,"6":2.713,"7":2.066,"8":2.777},"TimeNeg":{"0":-1.625,"1":-1.494,"2":-1.838,"3":-1.57,"4":-1.891,"5":-1.769,"6":-2.703,"7":-1.704,"8":-2.934},"Rate":{"0":17.38636,"1":15.96774,"2":12.53263,"3":13.46545,"4":12.29837,"5":9.767351,"6":5.790683,"7":8.735404,"8":5.761283},"RatePos":{"0":2.594663,"1":2.381962,"2":1.909752,"3":2.051514,"4":1.833386,"5":1.700294,"6":1.129048,"7":1.594864,"8":1.051864},"RateNeg":{"0":-2.593742,"1":-2.38142,"2":-1.909579,"3":-2.051461,"4":-1.833369,"5":-1.700289,"6":-1.129047,"7":-1.594863,"8":-1.051863},"FracExp":{"0":1.0,"1":1.0,"2":1.0,"3":1.0,"4":1.0,"5":1.0,"6":1.0,"7":1.0,"8":1.0},"BGrate":{"0":0.0,"1":0.0,"2":0.1818685,"3":0.1971941,"4":0.0,"5":0.0,"6":0.2644385,"7":0.0,"8":0.0},"BGerr":{"0":0.0,"1":0.0,"2":0.1818685,"3":0.1971941,"4":0.0,"5":0.0,"6":0.1869862,"7":0.0,"8":0.0},"CorrFact":{"0":1.114247,"1":1.114247,"2":1.114247,"3":1.104139,"4":1.102277,"5":1.102139,"6":1.097741,"7":1.097741,"8":1.096751},"CtsInSrc":{"0":45.0,"1":45.0,"2":45.0,"3":45.0,"4":45.0,"5":33.0,"6":30.0,"7":30.0,"8":30.0},"BGInSrc":{"0":0.0,"1":0.0,"2":0.716049,"3":0.716049,"4":0.0,"5":0.0,"6":1.432099,"7":0.0,"8":0.0},"Exposure":{"0":2.883934,"1":3.14015,"2":3.937182,"3":3.631191,"4":4.033255,"5":3.723691,"6":5.415622,"7":3.769971,"8":5.710971},"Sigma":{"0":1000.0,"1":1000.0,"2":61.844828,"3":61.844828,"4":1000.0,"5":1000.0,"6":28.211122,"7":1000.0,"8":1000.0},"SNR":{"0":6.703195,"1":6.705137,"2":6.563035,"3":6.563838,"4":6.708069,"5":5.744523,"6":5.128825,"7":5.477213,"8":5.477215},"SYS_NEG":{"0":0.994236,"1":0.995491,"2":0.997164,"3":0.998463,"4":0.999054,"5":0.99935,"6":0.99951,"7":0.999603,"8":0.999647},"SYS_POS":{"0":1.007003,"1":1.00552,"2":1.0035,"3":1.001891,"4":1.001142,"5":1.000762,"6":1.000552,"7":1.000429,"8":1.00037}}