{"Time":{"0":130.823},"TimePos":{"0":10.382},"TimeNeg":{"0":-7.082},"Rate":{"0":0.9406677},"RatePos":{"0":0.3662538},"RateNeg":{"0":-0.3642591},"FracExp":{"0":1.0},"BGrate":{"0":0.2205608},"BGerr":{"0":0.09004359},"CorrFact":{"0":1.473583},"CtsInSrc":{"0":15.0},"BGInSrc":{"0":3.851852},"Exposure":{"0":17.463897},"Sigma":{"0":7.089389},"SNR":{"0":2.582414},"SYS_NEG":{"0":0.903254},"SYS_POS":{"0":1.104912}}