{"Time":{"0":78.174,"1":83.364,"2":87.739,"3":92.35,"4":96.806,"5":102.331,"6":108.281,"7":112.611,"8":118.198,"9":124.937,"10":134.01},"TimePos":{"0":2.452,"1":2.31,"2":2.813,"3":1.909,"4":2.816,"5":3.06,"6":2.07,"7":2.48,"8":2.638,"9":4.337,"10":3.155},"TimeNeg":{"0":-2.981,"1":-2.738,"2":-2.065,"3":-1.798,"4":-2.546,"5":-2.71,"6":-2.89,"7":-2.259,"8":-3.107,"9":-4.101,"10":-4.736},"Rate":{"0":19.51792,"1":21.67505,"2":14.1611,"3":18.91788,"4":11.57923,"5":9.395639,"6":7.682381,"7":7.937479,"8":6.535551,"9":4.250573,"10":4.516184},"RatePos":{"0":3.614613,"1":4.717737,"2":2.821852,"3":3.238417,"4":1.93758,"5":1.588033,"6":1.424825,"7":1.472978,"8":1.209122,"9":0.834894,"10":0.9180271},"RateNeg":{"0":-3.293039,"1":-4.262237,"2":-2.806609,"3":-3.390468,"4":-2.031422,"5":-1.641252,"6":-1.446976,"7":-1.496658,"8":-1.224998,"9":-0.8445515,"10":-0.9311806},"FracExp":{"0":1.0,"1":1.0,"2":1.0,"3":1.0,"4":1.0,"5":1.0,"6":1.0,"7":1.0,"8":1.0,"9":1.0,"10":1.0},"BGrate":{"0":0.3749065,"1":0.1345281,"2":0.1391886,"3":0.0,"4":0.2532546,"5":0.3530585,"6":0.0,"7":0.0,"8":0.0,"9":0.1609342,"10":0.2581671},"BGerr":{"0":0.2164524,"1":0.1345281,"2":0.1391886,"3":0.0,"4":0.179078,"5":0.2038384,"6":0.0,"7":0.0,"8":0.0,"9":0.1137977,"10":0.1490528},"CorrFact":{"0":2.468399,"1":2.468399,"2":1.558696,"3":1.558696,"4":1.42274,"5":1.323388,"6":1.270201,"7":1.254013,"8":1.251507,"9":1.252287,"10":1.274343},"CtsInSrc":{"0":45.0,"1":45.0,"2":45.0,"3":45.0,"4":45.0,"5":43.0,"6":30.0,"7":30.0,"8":30.0,"9":30.0,"10":30.0},"BGInSrc":{"0":2.037037,"1":0.679012,"2":0.679012,"3":0.0,"4":1.358025,"5":2.037037,"6":0.0,"7":0.0,"8":0.0,"9":1.358025,"10":2.037037},"Exposure":{"0":5.433453,"1":5.047364,"2":4.87836,"3":3.707674,"4":5.36229,"5":5.769687,"6":4.960184,"7":4.739591,"8":5.744766,"9":8.438385,"10":7.890382},"Sigma":{"0":36.530526,"1":65.272727,"2":65.272727,"3":1000.0,"4":45.447681,"5":34.829967,"6":1000.0,"7":1000.0,"8":1000.0,"9":29.82705,"10":23.776334},"SNR":{"0":5.927025,"1":5.085369,"2":5.045628,"3":5.579725,"4":5.700062,"5":5.724678,"6":5.309266,"7":5.303469,"8":5.335154,"9":5.032935,"10":4.849955},"SYS_NEG":{"0":0.942232,"1":0.8754,"2":0.872969,"3":0.900513,"4":0.918347,"5":0.936256,"6":0.953714,"7":0.952883,"8":0.957586,"9":0.957751,"10":0.951239},"SYS_POS":{"0":1.095751,"1":1.155665,"2":1.128704,"3":1.084151,"4":1.062364,"5":1.046006,"6":1.032627,"7":1.033224,"8":1.029903,"9":1.029787,"10":1.034424}}