{"Time":{"0":82.491,"1":86.713,"2":91.798,"3":97.903,"4":104.64,"5":111.385,"6":116.655,"7":123.047,"8":129.336,"9":134.758,"10":142.067,"11":148.961},"TimePos":{"0":2.05,"1":2.273,"2":3.181,"3":2.93,"4":3.122,"5":2.449,"6":2.991,"7":2.881,"8":2.467,"9":3.45,"10":3.627,"11":2.704},"TimeNeg":{"0":-2.784,"1":-2.173,"2":-2.812,"3":-2.924,"4":-3.807,"5":-3.623,"6":-2.821,"7":-3.401,"8":-3.408,"9":-2.954,"10":-3.859,"11":-3.266},"Rate":{"0":6.970078,"1":7.415972,"2":5.605559,"3":5.770535,"4":4.556855,"5":5.603148,"6":5.776833,"7":5.116999,"8":5.717005,"9":5.260176,"10":4.569871,"11":5.494543},"RatePos":{"0":1.272628,"1":1.39306,"2":1.052973,"3":1.083964,"4":0.9345147,"5":1.023008,"6":1.054727,"7":0.9893436,"8":1.043802,"9":0.9881048,"10":0.8343499,"11":1.032123},"RateNeg":{"0":-1.272744,"1":-1.393115,"2":-1.052992,"3":-1.08398,"4":-0.9345291,"5":-1.023036,"6":-1.054765,"7":-0.9893754,"8":-1.043838,"9":-0.9881281,"10":-0.8343677,"11":-1.032141},"FracExp":{"0":1.0,"1":1.0,"2":1.0,"3":1.0,"4":1.0,"5":1.0,"6":1.0,"7":1.0,"8":1.0,"9":1.0,"10":1.0,"11":1.0},"BGrate":{"0":0.0,"1":0.1443928,"2":0.107137,"3":0.1096766,"4":0.3705726,"5":0.0,"6":0.0,"7":0.2043826,"8":0.0,"9":0.1002325,"10":0.0,"11":0.1075201},"BGerr":{"0":0.0,"1":0.1443928,"2":0.107137,"3":0.1096766,"4":0.1852863,"5":0.0,"6":0.0,"7":0.1445203,"8":0.0,"9":0.1002325,"10":0.0,"11":0.1075201},"CorrFact":{"0":1.123089,"1":1.123089,"2":1.144118,"3":1.150519,"4":1.151095,"5":1.134108,"6":1.119244,"7":1.119425,"8":1.119516,"9":1.14758,"10":1.14042,"11":1.117464},"CtsInSrc":{"0":30.0,"1":30.0,"2":30.0,"3":30.0,"4":30.0,"5":30.0,"6":30.0,"7":30.0,"8":30.0,"9":30.0,"10":30.0,"11":30.0},"BGInSrc":{"0":0.0,"1":0.641975,"2":0.641975,"3":0.641975,"4":2.567901,"5":0.0,"6":0.0,"7":1.283951,"8":0.0,"9":0.641975,"10":0.0,"11":0.641975},"Exposure":{"0":4.8339,"1":4.446034,"2":5.992096,"3":5.853348,"4":6.92955,"5":6.072163,"6":5.812407,"7":6.282094,"8":5.874664,"9":6.40486,"10":7.486557,"11":5.970748},"Sigma":{"0":1000.0,"1":45.730769,"2":45.730769,"3":45.730769,"4":21.365385,"5":1000.0,"6":1000.0,"7":31.62943,"8":1000.0,"9":45.730769,"10":1000.0,"11":45.730769},"SNR":{"0":5.476418,"1":5.323303,"2":5.323457,"3":5.32347,"4":4.876098,"5":5.476982,"6":5.476894,"7":5.171949,"8":5.476909,"9":5.323375,"10":5.477047,"11":5.323445},"SYS_NEG":{"0":0.996864,"1":0.998099,"2":0.998748,"3":0.998821,"4":0.998617,"5":0.998277,"6":0.99799,"7":0.997963,"8":0.998037,"9":0.99837,"10":0.998525,"11":0.998686},"SYS_POS":{"0":1.001944,"1":1.000924,"2":1.000545,"3":1.000582,"4":1.000787,"5":1.00107,"6":1.001299,"7":1.00132,"8":1.001261,"9":1.000995,"10":1.000867,"11":1.00073}}