{"Time":{"0":101.725,"1":105.148,"2":109.775,"3":114.557,"4":118.674,"5":123.102,"6":127.57,"7":132.517,"8":136.801},"TimePos":{"0":1.253,"1":2.472,"2":2.264,"3":1.921,"4":1.844,"5":2.143,"6":2.965,"7":2.037,"8":1.953},"TimeNeg":{"0":-1.985,"1":-2.17,"2":-2.155,"3":-2.518,"4":-2.196,"5":-2.584,"6":-2.325,"7":-1.982,"8":-2.247},"Rate":{"0":18.8522,"1":12.77028,"2":13.61081,"3":12.58222,"4":9.283231,"5":7.496889,"6":9.462647,"7":9.552819,"8":8.975155},"RatePos":{"0":3.325802,"1":2.185461,"2":2.108294,"3":2.007398,"4":1.775568,"5":1.471831,"6":1.548136,"7":1.79208,"8":1.709791},"RateNeg":{"0":-3.413066,"1":-2.225123,"2":-2.121891,"3":-2.016352,"4":-1.779852,"5":-1.474482,"6":-1.550379,"7":-1.795234,"8":-1.712059},"FracExp":{"0":1.0,"1":1.0,"2":1.0,"3":1.0,"4":1.0,"5":1.0,"6":1.0,"7":1.0,"8":1.0},"BGrate":{"0":0.1982649,"1":0.4149175,"2":0.0,"3":0.289249,"4":0.1588905,"5":0.2716147,"6":0.2427436,"7":0.1597336,"8":0.152833},"BGerr":{"0":0.1982649,"1":0.2395527,"2":0.0,"3":0.20453,"4":0.1588905,"5":0.1920606,"6":0.1716456,"7":0.1597336,"8":0.152833},"CorrFact":{"0":1.376139,"1":1.376139,"2":1.336721,"3":1.277594,"4":1.277594,"5":1.234103,"6":1.229271,"7":1.264678,"8":1.284152},"CtsInSrc":{"0":45.0,"1":45.0,"2":45.0,"3":45.0,"4":30.0,"5":30.0,"6":42.0,"7":31.0,"8":30.0},"BGInSrc":{"0":0.641975,"1":1.925926,"2":0.0,"3":1.283951,"4":0.641975,"5":1.283951,"6":1.283951,"7":0.641975,"8":0.641975},"Exposure":{"0":3.237968,"1":4.641709,"2":4.419462,"3":4.43891,"4":4.040364,"5":4.727103,"6":5.289329,"7":4.019036,"8":4.200503},"Sigma":{"0":69.096154,"1":38.737982,"2":1000.0,"3":48.151252,"4":45.730769,"5":31.62943,"6":44.846888,"7":47.288462,"8":45.730769},"SNR":{"0":5.523537,"1":5.739135,"2":6.414471,"3":6.240091,"4":5.215731,"5":5.084423,"6":6.103441,"7":5.321211,"8":5.242318},"SYS_NEG":{"0":0.901526,"1":0.926243,"2":0.954373,"3":0.958729,"4":0.961604,"5":0.963912,"6":0.968186,"7":0.964891,"8":0.966798},"SYS_POS":{"0":1.08968,"1":1.066087,"2":1.042087,"3":1.038415,"4":1.036021,"5":1.034108,"6":1.03057,"7":1.033296,"8":1.031718}}