{"Time":{"0":112.615,"1":115.814,"2":119.313,"3":122.873,"4":125.885,"5":129.263,"6":133.364,"7":136.465,"8":140.663,"9":143.815,"10":147.556,"11":152.625,"12":514.871,"13":518.961,"14":522.805,"15":527.328,"16":531.35,"17":535.274,"18":539.891,"19":544.931,"20":549.713},"TimePos":{"0":1.851,"1":1.587,"2":1.452,"3":1.622,"4":1.468,"5":1.881,"6":1.644,"7":2.015,"8":1.374,"9":2.125,"10":2.183,"11":3.042,"12":2.151,"13":1.551,"14":2.482,"15":1.945,"16":1.727,"17":2.517,"18":2.071,"19":2.35,"20":3.025},"TimeNeg":{"0":-1.741,"1":-1.348,"2":-1.911,"3":-2.109,"4":-1.39,"5":-1.91,"6":-2.22,"7":-1.457,"8":-2.182,"9":-1.778,"10":-1.615,"11":-2.886,"12":-2.073,"13":-1.94,"14":-2.293,"15":-2.04,"16":-2.077,"17":-2.197,"18":-2.099,"19":-2.97,"20":-2.432},"Rate":{"0":13.89774,"1":17.28085,"2":14.84632,"3":13.18291,"4":17.77932,"5":13.18661,"6":12.70723,"7":9.500246,"8":9.050079,"9":8.720227,"10":8.663072,"11":5.609531,"12":11.87209,"13":9.576658,"14":6.999489,"15":12.57784,"16":8.785328,"17":10.46867,"18":7.827434,"19":6.287408,"20":9.195758},"RatePos":{"0":2.121221,"1":2.581518,"2":2.266806,"3":2.057206,"4":2.656287,"5":2.01279,"6":1.98211,"7":1.79399,"8":1.766188,"9":1.618023,"10":1.635459,"11":1.058895,"12":1.77101,"13":1.749258,"14":1.278586,"15":1.876353,"16":1.604679,"17":1.595842,"18":1.477133,"19":1.148417,"20":1.3718},"RateNeg":{"0":-2.120019,"1":-2.579906,"2":-2.265332,"3":-2.055924,"4":-2.654557,"5":-2.011622,"6":-1.981084,"7":-1.793391,"8":-1.765679,"9":-1.617528,"10":-1.635033,"11":-1.058648,"12":-1.770602,"13":-1.748988,"14":-1.278367,"15":-1.875901,"16":-1.604443,"17":-1.595501,"18":-1.476918,"19":-1.14825,"20":-1.371475},"FracExp":{"0":1.0,"1":1.0,"2":1.0,"3":1.0,"4":1.0,"5":1.0,"6":1.0,"7":1.0,"8":1.0,"9":1.0,"10":1.0,"11":1.0,"12":1.0,"13":1.0,"14":1.0,"15":1.0,"16":1.0,"17":1.0,"18":1.0,"19":1.0,"20":1.0},"BGrate":{"0":0.1993439,"1":0.0,"2":0.2129501,"3":0.3838592,"4":0.0,"5":0.1888669,"6":0.3706039,"7":0.2061855,"8":0.4026771,"9":0.183444,"10":0.1885131,"11":0.1207904,"12":0.0,"13":0.0,"14":0.0,"15":0.0,"16":0.0,"17":0.1518765,"18":0.1717042,"19":0.0,"20":0.0},"BGerr":{"0":0.1993439,"1":0.0,"2":0.2129501,"3":0.2714294,"4":0.0,"5":0.1888669,"6":0.2620565,"7":0.2061855,"8":0.2847357,"9":0.183444,"10":0.1885131,"11":0.1207904,"12":0.0,"13":0.0,"14":0.0,"15":0.0,"16":0.0,"17":0.1518765,"18":0.1717042,"19":0.0,"20":0.0},"CorrFact":{"0":1.127295,"1":1.127295,"2":1.127295,"3":1.128874,"4":1.128948,"5":1.128948,"6":1.127061,"7":1.126653,"8":1.126653,"9":1.12397,"10":1.123683,"11":1.135553,"12":1.114289,"13":1.114289,"14":1.114121,"15":1.113902,"16":1.113902,"17":1.114545,"18":1.114684,"19":1.114877,"20":1.115045},"CtsInSrc":{"0":45.0,"1":45.0,"2":45.0,"3":45.0,"4":45.0,"5":45.0,"6":45.0,"7":30.0,"8":30.0,"9":31.0,"10":30.0,"11":30.0,"12":45.0,"13":30.0,"14":30.0,"15":45.0,"16":30.0,"17":45.0,"18":30.0,"19":30.0,"20":45.0},"BGInSrc":{"0":0.716049,"1":0.0,"2":0.716049,"3":1.432099,"4":0.0,"5":0.716049,"6":1.432099,"7":0.716049,"8":1.432099,"9":0.716049,"10":0.716049,"11":0.716049,"12":0.0,"13":0.0,"14":0.0,"15":0.0,"16":0.0,"17":0.716049,"18":0.716049,"19":0.0,"20":0.0},"Exposure":{"0":3.59203,"1":2.93552,"2":3.362522,"3":3.730792,"4":2.857401,"5":3.791291,"6":3.86423,"7":3.472841,"8":3.556445,"9":3.903369,"10":3.798407,"11":5.928033,"12":4.223604,"13":3.490639,"14":4.775153,"15":3.98523,"16":3.803736,"17":4.714683,"18":4.170249,"19":5.319569,"20":5.456542},"Sigma":{"0":61.844828,"1":1000.0,"2":61.844828,"3":43.02379,"4":1000.0,"5":61.844828,"6":43.02379,"7":40.896552,"8":28.211122,"9":42.293103,"10":40.896552,"11":40.896552,"12":1000.0,"13":1000.0,"14":1000.0,"15":1000.0,"16":1000.0,"17":61.844828,"18":40.896552,"19":1000.0,"20":1000.0},"SNR":{"0":6.555477,"1":6.698248,"2":6.553709,"3":6.412155,"4":6.69766,"5":6.55521,"6":6.414283,"7":5.297366,"8":5.12555,"9":5.391081,"10":5.298407,"11":5.298768,"12":6.705113,"13":5.475541,"14":5.475335,"15":6.704961,"16":5.475624,"17":6.561369,"18":5.299843,"19":5.475643,"20":6.705014},"SYS_NEG":{"0":0.992151,"1":0.991869,"2":0.991388,"3":0.991385,"4":0.991632,"5":0.992031,"6":0.992379,"7":0.992653,"8":0.993012,"9":0.993181,"10":0.993678,"11":0.994073,"12":0.995473,"13":0.995471,"14":0.995202,"15":0.995363,"16":0.995583,"17":0.995547,"18":0.995453,"19":0.99561,"20":0.995401},"SYS_POS":{"0":1.009381,"1":1.009693,"2":1.010221,"3":1.010224,"4":1.009954,"5":1.009515,"6":1.009125,"7":1.00882,"8":1.008413,"9":1.00822,"10":1.007652,"11":1.007193,"12":1.005546,"13":1.005548,"14":1.005868,"15":1.005677,"16":1.005414,"17":1.005458,"18":1.00557,"19":1.005382,"20":1.005631}}