{"Time":{"0":302.473,"1":344.627,"2":395.595,"3":433.177,"4":481.178,"5":535.274,"6":584.208,"7":631.676,"8":672.415},"TimePos":{"0":12.718,"1":30.673,"2":17.23,"3":16.649,"4":23.026,"5":29.215,"6":24.332,"7":21.748,"8":20.594},"TimeNeg":{"0":-16.432,"1":-29.436,"2":-20.295,"3":-20.352,"4":-31.353,"5":-31.07,"6":-19.719,"7":-23.136,"8":-18.992},"Rate":{"0":1.0611,"1":0.4144181,"2":0.8536794,"3":0.8567165,"4":0.4831227,"5":0.4624629,"6":0.7059363,"7":0.6991822,"8":0.7027222},"RatePos":{"0":0.206889,"1":0.1075411,"2":0.1610297,"3":0.1616026,"4":0.1162379,"5":0.1034762,"6":0.1376406,"7":0.1382336,"8":0.1572342},"RateNeg":{"0":-0.206889,"1":-0.1075411,"2":-0.1610297,"3":-0.1616026,"4":-0.1162379,"5":-0.1034761,"6":-0.1376406,"7":-0.1382336,"8":-0.1572342},"FracExp":{"0":1.0,"1":1.0,"2":1.0,"3":1.0,"4":1.0,"5":1.0,"6":1.0,"7":1.0,"8":1.0},"BGrate":{"0":0.04913023,"1":0.1191246,"2":0.01908184,"3":0.01935252,"4":0.1053425,"5":0.07126595,"6":0.03251004,"7":0.04786045,"8":0.1085325},"BGerr":{"0":0.03474032,"1":0.03767049,"2":0.01908184,"3":0.01935252,"4":0.03724421,"5":0.0290942,"6":0.02298807,"7":0.02763224,"8":0.04430819},"CorrFact":{"0":1.082685,"1":1.090671,"2":1.093926,"3":1.082462,"4":1.082401,"5":1.084659,"6":1.088535,"7":1.087687,"8":1.082237},"CtsInSrc":{"0":30.0,"1":30.0,"2":30.0,"3":30.0,"4":30.0,"5":30.0,"6":30.0,"7":31.0,"8":30.0},"BGInSrc":{"0":1.432099,"1":7.160494,"2":0.716049,"3":0.716049,"4":5.728395,"5":4.296296,"6":1.432099,"7":2.148148,"8":4.296296},"Exposure":{"0":29.149036,"1":60.109298,"2":37.525183,"3":37.000308,"4":54.378746,"5":60.285397,"6":44.050963,"7":44.883575,"8":39.585355},"Sigma":{"0":28.211122,"1":10.086575,"2":40.896552,"3":40.896552,"4":11.984241,"5":14.654706,"6":28.211122,"7":23.263234,"8":14.654706},"SNR":{"0":5.128839,"1":3.85358,"2":5.30138,"3":5.30138,"4":4.156326,"5":4.469271,"6":5.128839,"7":5.057977,"8":4.469271},"SYS_NEG":{"0":0.999798,"1":0.999799,"2":0.999796,"3":0.999796,"4":0.999796,"5":0.999796,"6":0.999796,"7":0.999796,"8":0.999796},"SYS_POS":{"0":1.000225,"1":1.000225,"2":1.000228,"3":1.000228,"4":1.000228,"5":1.000228,"6":1.000228,"7":1.000228,"8":1.000228}}