{"Time":{"0":86.382,"1":90.832,"2":95.814,"3":101.13},"TimePos":{"0":1.716,"1":2.713,"2":2.647,"3":3.339},"TimeNeg":{"0":-2.785,"1":-2.735,"2":-2.269,"3":-2.669},"Rate":{"0":7.414091,"1":6.259859,"2":7.060298,"3":5.544331},"RatePos":{"0":1.393893,"1":1.143407,"2":1.289334,"3":1.072077},"RateNeg":{"0":-1.394694,"1":-1.143781,"2":-1.289585,"3":-1.072202},"FracExp":{"0":1.0,"1":1.0,"2":1.0,"3":1.0},"BGrate":{"0":0.1426242,"1":0.0,"2":0.0,"3":0.213708},"BGerr":{"0":0.1426242,"1":0.0,"2":0.0,"3":0.1511144},"CorrFact":{"0":1.136727,"1":1.136727,"2":1.156883,"3":1.159984},"CtsInSrc":{"0":30.0,"1":30.0,"2":30.0,"3":30.0},"BGInSrc":{"0":0.641975,"1":0.0,"2":0.0,"3":1.283951},"Exposure":{"0":4.501167,"1":5.447696,"2":4.915726,"3":6.007967},"Sigma":{"0":45.730769,"1":1000.0,"2":1000.0,"3":31.62943},"SNR":{"0":5.315927,"1":5.472951,"2":5.474859,"3":5.170975},"SYS_NEG":{"0":0.98992,"1":0.992783,"2":0.994631,"3":0.99573},"SYS_POS":{"0":1.00781,"1":1.005497,"2":1.003978,"3":1.003088}}