{"Time":{"0":98.786,"1":100.735,"2":103.625,"3":107.083,"4":111.987,"5":117.892,"6":124.951},"TimePos":{"0":0.861,"1":1.146,"2":1.519,"3":1.821,"4":2.991,"5":3.661,"6":4.155},"TimeNeg":{"0":-0.817,"1":-1.088,"2":-1.744,"3":-1.938,"4":-3.083,"5":-2.914,"6":-3.398},"Rate":{"0":36.84937,"1":27.66602,"2":19.22118,"3":17.11369,"4":14.65692,"5":9.468855,"6":14.33099},"RatePos":{"0":5.91394,"1":4.475878,"2":3.21478,"3":3.244608,"4":3.206136,"5":2.406894,"6":2.914606},"RateNeg":{"0":-5.979175,"1":-4.53478,"2":-3.298093,"3":-3.299288,"4":-2.820112,"5":-1.996249,"6":-2.437934},"FracExp":{"0":1.0,"1":1.0,"2":1.0,"3":1.0,"4":1.0,"5":1.0,"6":1.0},"BGrate":{"0":0.3826515,"1":0.2872898,"2":0.0,"3":0.3415413,"4":0.0,"5":0.09762947,"6":0.2550092},"BGerr":{"0":0.3826515,"1":0.2872898,"2":0.0,"3":0.2415061,"4":0.0,"5":0.09762947,"6":0.1472296},"CorrFact":{"0":1.393711,"1":1.393711,"2":1.393711,"3":1.471661,"4":1.97834,"5":2.120841,"6":2.512718},"CtsInSrc":{"0":45.0,"1":45.0,"2":45.0,"3":45.0,"4":45.0,"5":30.0,"6":45.0},"BGInSrc":{"0":0.641975,"1":0.641975,"2":0.0,"3":1.283951,"4":0.0,"5":0.641975,"6":1.925926},"Exposure":{"0":1.677702,"1":2.234591,"2":3.26291,"3":3.759284,"4":6.073943,"5":6.57563,"6":7.552378},"Sigma":{"0":69.096154,"1":69.096154,"2":1000.0,"3":48.151252,"4":1000.0,"5":45.730769,"6":38.737982},"SNR":{"0":6.162952,"1":6.100853,"2":5.827968,"3":5.187086,"4":5.197283,"5":4.743323,"6":5.878332},"SYS_NEG":{"0":0.943002,"1":0.938458,"2":0.915031,"3":0.885158,"4":0.87835,"5":0.904287,"6":0.936602},"SYS_POS":{"0":1.051743,"1":1.055624,"2":1.075835,"3":1.109393,"4":1.160086,"5":1.171253,"6":1.128228}}