{"Time":{"0":136.602,"1":139.612,"2":142.93,"3":146.962,"4":150.691,"5":155.186,"6":158.578,"7":161.67,"8":165.117,"9":169.299,"10":173.298,"11":176.949,"12":180.976,"13":185.121,"14":188.908,"15":192.634,"16":196.193,"17":199.773,"18":204.137,"19":207.715,"20":212.062,"21":215.901,"22":221.136,"23":225.16,"24":228.638,"25":232.206,"26":236.422,"27":242.492,"28":248.685,"29":255.56,"30":261.973,"31":267.403,"32":273.259,"33":278.86,"34":284.998},"TimePos":{"0":1.557,"1":1.529,"2":2.004,"3":1.928,"4":2.289,"5":1.565,"6":1.803,"7":1.643,"8":1.877,"9":2.203,"10":1.741,"11":1.967,"12":1.635,"13":1.712,"14":1.627,"15":1.842,"16":1.618,"17":2.27,"18":1.482,"19":2.373,"20":1.785,"21":3.268,"22":2.036,"23":1.899,"24":1.974,"25":1.772,"26":3.009,"27":2.644,"28":3.333,"29":2.598,"30":2.836,"31":3.021,"32":2.372,"33":2.721,"34":3.443},"TimeNeg":{"0":-1.727,"1":-1.453,"2":-1.789,"3":-2.027,"4":-1.802,"5":-2.207,"6":-1.826,"7":-1.289,"8":-1.804,"9":-2.305,"10":-1.796,"11":-1.91,"12":-2.061,"13":-2.51,"14":-2.075,"15":-2.099,"16":-1.717,"17":-1.963,"18":-2.094,"19":-2.097,"20":-1.975,"21":-2.053,"22":-1.967,"23":-1.989,"24":-1.578,"25":-1.594,"26":-2.444,"27":-3.061,"28":-3.548,"29":-3.542,"30":-3.815,"31":-2.594,"32":-2.835,"33":-3.228,"34":-3.417},"Rate":{"0":15.028,"1":16.84486,"2":13.24213,"3":12.48092,"4":12.28199,"5":13.23544,"6":13.21748,"7":16.65106,"8":13.26261,"9":10.82862,"10":8.961842,"11":12.59225,"12":12.98041,"13":7.105328,"14":8.789836,"15":8.258066,"16":9.760684,"17":7.087528,"18":8.863093,"19":6.901974,"20":12.9834,"21":9.172097,"22":8.129308,"23":8.371453,"24":9.7702,"25":9.91232,"26":5.821827,"27":5.153647,"28":4.729021,"29":5.299946,"30":4.382734,"31":5.643925,"32":6.248717,"33":5.469894,"34":4.743634},"RatePos":{"0":2.29531,"1":2.511089,"2":1.974024,"3":1.906279,"4":1.830895,"5":1.973028,"6":2.018779,"7":2.482199,"8":1.977077,"9":1.614239,"10":1.697037,"11":1.877146,"12":1.98257,"13":1.449707,"14":1.6048,"15":1.507712,"16":1.782052,"17":1.446075,"18":1.678337,"19":1.356269,"20":1.935456,"21":1.367299,"22":1.484204,"23":1.528414,"24":1.727147,"25":1.809737,"26":1.144015,"27":1.092451,"28":0.8633984,"29":0.9676348,"30":0.9290355,"31":1.068748,"32":1.140856,"33":0.9986629,"34":0.8660665},"RateNeg":{"0":-2.295309,"1":-2.511087,"2":-1.974023,"3":-1.906278,"4":-1.830894,"5":-1.973027,"6":-2.018778,"7":-2.482197,"8":-1.977076,"9":-1.614239,"10":-1.697036,"11":-1.877145,"12":-1.982569,"13":-1.449707,"14":-1.604799,"15":-1.507712,"16":-1.782051,"17":-1.446075,"18":-1.678337,"19":-1.356268,"20":-1.935454,"21":-1.367298,"22":-1.484204,"23":-1.528413,"24":-1.727146,"25":-1.809736,"26":-1.144015,"27":-1.09245,"28":-0.8633981,"29":-0.9676345,"30":-0.9290353,"31":-1.068747,"32":-1.140856,"33":-0.9986626,"34":-0.8660662},"FracExp":{"0":1.0,"1":1.0,"2":1.0,"3":1.0,"4":1.0,"5":1.0,"6":1.0,"7":1.0,"8":1.0,"9":1.0,"10":1.0,"11":1.0,"12":1.0,"13":1.0,"14":1.0,"15":1.0,"16":1.0,"17":1.0,"18":1.0,"19":1.0,"20":1.0,"21":1.0,"22":1.0,"23":1.0,"24":1.0,"25":1.0,"26":1.0,"27":1.0,"28":1.0,"29":1.0,"30":1.0,"31":1.0,"32":1.0,"33":1.0,"34":1.0},"BGrate":{"0":0.238121,"1":0.0,"2":0.0,"3":0.1977367,"4":0.0,"5":0.0,"6":0.2154739,"7":0.0,"8":0.0,"9":0.0,"10":0.221111,"11":0.0,"12":0.2116364,"13":0.5557126,"14":0.0,"15":0.0,"16":0.0,"17":0.5543139,"18":0.2186908,"19":0.3499751,"20":0.0,"21":0.0,"22":0.0,"23":0.0,"24":0.0,"25":0.0,"26":0.286832,"27":0.5482594,"28":0.0,"29":0.0,"30":0.4703795,"31":0.1392799,"32":0.0,"33":0.0,"34":0.0},"BGerr":{"0":0.238121,"1":0.0,"2":0.0,"3":0.1977367,"4":0.0,"5":0.0,"6":0.2154739,"7":0.0,"8":0.0,"9":0.0,"10":0.221111,"11":0.0,"12":0.2116364,"13":0.3208408,"14":0.0,"15":0.0,"16":0.0,"17":0.3200333,"18":0.2186908,"19":0.2474697,"20":0.0,"21":0.0,"22":0.0,"23":0.0,"24":0.0,"25":0.0,"26":0.2028209,"27":0.2741297,"28":0.0,"29":0.0,"30":0.2351898,"31":0.1392799,"32":0.0,"33":0.0,"34":0.0},"CorrFact":{"0":1.116195,"1":1.116195,"2":1.116195,"3":1.116338,"4":1.116349,"5":1.109361,"6":1.084903,"7":1.084903,"8":1.084898,"9":1.084857,"10":1.084857,"11":1.084817,"12":1.084763,"13":1.084763,"14":1.084771,"15":1.084774,"16":1.084774,"17":1.084776,"18":1.084777,"19":1.084762,"20":1.084632,"21":1.084632,"22":1.084734,"23":1.084771,"24":1.084771,"25":1.112205,"26":1.116426,"27":1.094277,"28":1.084784,"29":1.084689,"30":1.084664,"31":1.084622,"32":1.084675,"33":1.084755,"34":1.084766},"CtsInSrc":{"0":45.0,"1":45.0,"2":45.0,"3":45.0,"4":45.0,"5":45.0,"6":45.0,"7":45.0,"8":45.0,"9":45.0,"10":30.0,"11":45.0,"12":45.0,"13":30.0,"14":30.0,"15":30.0,"16":30.0,"17":30.0,"18":30.0,"19":30.0,"20":45.0,"21":45.0,"22":30.0,"23":30.0,"24":32.0,"25":30.0,"26":30.0,"27":30.0,"28":30.0,"29":30.0,"30":30.0,"31":30.0,"32":30.0,"33":30.0,"34":30.0},"BGInSrc":{"0":0.782051,"1":0.0,"2":0.0,"3":0.782051,"4":0.0,"5":0.0,"6":0.782051,"7":0.0,"8":0.0,"9":0.0,"10":0.782051,"11":0.0,"12":0.782051,"13":2.346154,"14":0.0,"15":0.0,"16":0.0,"17":2.346154,"18":0.782051,"19":1.564103,"20":0.0,"21":0.0,"22":0.0,"23":0.0,"24":0.0,"25":0.0,"26":1.564103,"27":3.128205,"28":0.0,"29":0.0,"30":3.128205,"31":0.782051,"32":0.0,"33":0.0,"34":0.0},"Exposure":{"0":3.28426,"1":2.981848,"2":3.793107,"3":3.955014,"4":4.090192,"5":3.771783,"6":3.629448,"7":2.931983,"8":3.681055,"9":4.508289,"10":3.536917,"11":3.876732,"12":3.69526,"13":4.221883,"14":3.70236,"15":3.94078,"16":3.334113,"17":4.232537,"18":3.576059,"19":4.469183,"20":3.759295,"21":5.321403,"22":4.003049,"23":3.887394,"24":3.552913,"25":3.36613,"26":5.453027,"27":5.705702,"28":6.881661,"29":6.13981,"30":6.650385,"31":5.61496,"32":5.207508,"33":5.94941,"34":6.860345},"Sigma":{"0":56.540984,"1":1000.0,"2":1000.0,"3":56.540984,"4":1000.0,"5":1000.0,"6":56.540984,"7":1000.0,"8":1000.0,"9":1000.0,"10":37.360656,"11":1000.0,"12":56.540984,"13":20.415484,"14":1000.0,"15":1000.0,"16":1000.0,"17":20.415484,"18":37.360656,"19":25.710866,"20":1000.0,"21":1000.0,"22":1000.0,"23":1000.0,"24":1000.0,"25":1000.0,"26":25.710866,"27":17.180328,"28":1000.0,"29":1000.0,"30":17.180328,"31":37.360656,"32":1000.0,"33":1000.0,"34":1000.0},"SNR":{"0":6.54727,"1":6.708193,"2":6.708193,"3":6.547269,"4":6.708192,"5":6.708192,"6":6.547269,"7":6.708192,"8":6.708192,"9":6.708192,"10":5.280879,"11":6.708192,"12":6.547269,"13":4.901218,"14":5.477219,"15":5.477219,"16":5.477219,"17":4.901218,"18":5.280879,"19":5.088945,"20":6.708192,"21":6.708192,"22":5.477219,"23":5.477219,"24":5.656847,"25":5.477219,"26":5.088945,"27":4.717511,"28":5.477219,"29":5.477219,"30":4.717511,"31":5.280879,"32":5.477219,"33":5.477219,"34":5.477219},"SYS_NEG":{"0":0.999728,"1":0.999726,"2":0.999725,"3":0.999723,"4":0.999722,"5":0.999722,"6":0.999722,"7":0.999721,"8":0.99972,"9":0.999721,"10":0.99972,"11":0.99972,"12":0.999718,"13":0.999718,"14":0.999719,"15":0.99972,"16":0.999719,"17":0.99972,"18":0.999718,"19":0.999719,"20":0.99972,"21":0.99972,"22":0.999719,"23":0.999719,"24":0.999719,"25":0.999719,"26":0.999721,"27":0.999719,"28":0.999719,"29":0.999721,"30":0.99972,"31":0.99972,"32":0.99972,"33":0.99972,"34":0.99972},"SYS_POS":{"0":1.00031,"1":1.000312,"2":1.000314,"3":1.000317,"4":1.000318,"5":1.000317,"6":1.000317,"7":1.000319,"8":1.000319,"9":1.000319,"10":1.00032,"11":1.00032,"12":1.000322,"13":1.000322,"14":1.000321,"15":1.00032,"16":1.000321,"17":1.00032,"18":1.000322,"19":1.000321,"20":1.00032,"21":1.00032,"22":1.000321,"23":1.000321,"24":1.00032,"25":1.000321,"26":1.000318,"27":1.000321,"28":1.000321,"29":1.000319,"30":1.00032,"31":1.00032,"32":1.00032,"33":1.000319,"34":1.000319}}