{"Time":{"0":145.919,"1":150.515,"2":154.834,"3":159.136,"4":163.316,"5":167.132,"6":170.491,"7":174.346,"8":178.298,"9":181.854,"10":185.592,"11":188.469,"12":191.187,"13":194.013,"14":197.674,"15":200.707,"16":203.854,"17":207.735,"18":211.272,"19":214.045,"20":217.407,"21":220.556,"22":223.981,"23":227.869,"24":231.841,"25":235.546,"26":239.605,"27":243.881,"28":248.004,"29":251.37,"30":255.826,"31":258.809,"32":262.734,"33":266.937,"34":270.62,"35":274.735,"36":278.871,"37":282.306,"38":286.471,"39":291.677,"40":297.627,"41":302.56,"42":308.888,"43":315.023,"44":320.507,"45":325.241,"46":331.113,"47":336.969,"48":344.736,"49":350.552},"TimePos":{"0":2.134,"1":1.796,"2":2.099,"3":2.334,"4":1.848,"5":1.478,"6":1.817,"7":2.085,"8":1.725,"9":1.528,"10":1.606,"11":1.099,"12":1.199,"13":1.777,"14":1.643,"15":1.537,"16":1.648,"17":1.84,"18":1.25,"19":1.898,"20":1.381,"21":1.628,"22":1.747,"23":2.026,"24":1.856,"25":1.935,"26":2.087,"27":2.482,"28":1.728,"29":2.195,"30":1.083,"31":1.557,"32":2.163,"33":1.505,"34":1.428,"35":2.058,"36":1.697,"37":2.146,"38":2.493,"39":3.261,"40":2.817,"41":2.811,"42":3.332,"43":2.716,"44":2.625,"45":2.558,"46":2.766,"47":4.366,"48":3.25,"49":3.234},"TimeNeg":{"0":-1.753,"1":-2.461,"2":-2.523,"3":-2.203,"4":-1.846,"5":-1.968,"6":-1.881,"7":-2.037,"8":-1.867,"9":-1.831,"10":-2.21,"11":-1.271,"12":-1.619,"13":-1.627,"14":-1.885,"15":-1.39,"16":-1.61,"17":-2.234,"18":-1.697,"19":-1.523,"20":-1.463,"21":-1.769,"22":-1.797,"23":-2.14,"24":-1.946,"25":-1.849,"26":-2.124,"27":-2.188,"28":-1.642,"29":-1.637,"30":-2.262,"31":-1.899,"32":-2.368,"33":-2.039,"34":-2.179,"35":-2.687,"36":-2.078,"37":-1.738,"38":-2.019,"39":-2.713,"40":-2.689,"41":-2.116,"42":-3.518,"43":-2.803,"44":-2.767,"45":-2.109,"46":-3.315,"47":-3.09,"48":-3.4,"49":-2.566},"Rate":{"0":8.695399,"1":7.750147,"2":10.7813,"3":10.70501,"4":8.695484,"5":14.09535,"6":13.64164,"7":11.97528,"8":13.53659,"9":9.572473,"10":12.73695,"11":19.82606,"12":17.50752,"13":14.49667,"14":13.97965,"15":16.84838,"16":14.89618,"17":12.17312,"18":16.45195,"19":13.93857,"20":17.07256,"21":14.9383,"22":14.08784,"23":11.54182,"24":12.74384,"25":8.466799,"26":11.50534,"27":10.37426,"28":9.507977,"29":8.155908,"30":9.110363,"31":12.42933,"32":10.68972,"33":9.258959,"34":8.881905,"35":6.918898,"36":8.696018,"37":7.84755,"38":7.275791,"39":5.363537,"40":5.676462,"41":6.345062,"42":4.449872,"43":5.665164,"44":5.94346,"45":6.867895,"46":5.399341,"47":4.087556,"48":4.464538,"49":4.848715},"RatePos":{"0":1.587561,"1":1.461919,"2":1.607198,"3":1.630845,"4":1.640249,"5":2.147351,"6":2.011391,"7":1.785209,"8":2.062234,"9":1.805679,"10":1.940408,"11":3.156295,"12":2.609904,"13":2.161065,"14":2.083988,"15":2.511638,"16":2.26934,"17":1.83336,"18":2.506346,"19":2.170469,"20":2.600888,"21":2.226884,"22":2.146188,"23":1.837435,"24":1.941435,"25":1.597098,"26":1.752759,"27":1.580446,"28":1.793496,"29":1.59021,"30":1.836967,"31":2.217785,"32":1.628504,"33":1.690453,"34":1.6754,"35":1.263217,"36":1.587674,"37":1.582339,"38":1.328377,"39":1.011728,"40":1.106776,"41":1.237137,"42":0.8972494,"43":1.104574,"44":1.121119,"45":1.295496,"46":0.9857843,"47":0.8241941,"48":0.931441,"49":1.084903},"RateNeg":{"0":-1.58756,"1":-1.461917,"2":-1.607194,"3":-1.630839,"4":-1.640243,"5":-2.147341,"6":-2.011379,"7":-1.785197,"8":-2.062222,"9":-1.805672,"10":-1.940398,"11":-3.156282,"12":-2.609893,"13":-2.161057,"14":-2.083982,"15":-2.51163,"16":-2.269334,"17":-1.833355,"18":-2.506341,"19":-2.170466,"20":-2.600884,"21":-2.226881,"22":-2.146185,"23":-1.837432,"24":-1.941433,"25":-1.597097,"26":-1.752757,"27":-1.580444,"28":-1.793495,"29":-1.590209,"30":-1.836966,"31":-2.217783,"32":-1.628503,"33":-1.690452,"34":-1.675399,"35":-1.263216,"36":-1.587673,"37":-1.582339,"38":-1.328376,"39":-1.011727,"40":-1.106776,"41":-1.237137,"42":-0.8972488,"43":-1.104573,"44":-1.121118,"45":-1.295495,"46":-0.9857835,"47":-0.8241935,"48":-0.9314404,"49":-1.084902},"FracExp":{"0":1.0,"1":1.0,"2":1.0,"3":1.0,"4":1.0,"5":1.0,"6":1.0,"7":1.0,"8":1.0,"9":1.0,"10":1.0,"11":1.0,"12":1.0,"13":1.0,"14":1.0,"15":1.0,"16":1.0,"17":1.0,"18":1.0,"19":1.0,"20":1.0,"21":1.0,"22":1.0,"23":1.0,"24":1.0,"25":1.0,"26":1.0,"27":1.0,"28":1.0,"29":1.0,"30":1.0,"31":1.0,"32":1.0,"33":1.0,"34":1.0,"35":1.0,"36":1.0,"37":1.0,"38":1.0,"39":1.0,"40":1.0,"41":1.0,"42":1.0,"43":1.0,"44":1.0,"45":1.0,"46":1.0,"47":1.0,"48":1.0,"49":1.0},"BGrate":{"0":0.0,"1":0.1681889,"2":0.0,"3":0.1578284,"4":0.1938692,"5":0.2077817,"6":0.0,"7":0.0,"8":0.1993435,"9":0.2131737,"10":0.1876341,"11":0.9064737,"12":0.0,"13":0.0,"14":0.0,"15":0.0,"16":0.219812,"17":0.1757523,"18":0.2430397,"19":0.4185889,"20":0.2517034,"21":0.0,"22":0.2020428,"23":0.5155528,"24":0.1883362,"25":0.189221,"26":0.1700352,"27":0.1533232,"28":0.2124983,"29":0.3736985,"30":0.6422447,"31":1.65713,"32":0.1580183,"33":0.0,"34":0.1985561,"35":0.0,"36":0.0,"37":0.5531035,"38":0.0,"39":0.1198553,"40":0.2600791,"41":0.2907,"42":0.3136159,"43":0.2594923,"44":0.132786,"45":0.1534398,"46":0.0,"47":0.2880986,"48":0.4306834,"49":0.7407466},"BGerr":{"0":0.0,"1":0.1681889,"2":0.0,"3":0.1578284,"4":0.1938692,"5":0.2077817,"6":0.0,"7":0.0,"8":0.1993435,"9":0.2131737,"10":0.1876341,"11":0.5233528,"12":0.0,"13":0.0,"14":0.0,"15":0.0,"16":0.219812,"17":0.1757523,"18":0.2430397,"19":0.295987,"20":0.2517034,"21":0.0,"22":0.2020428,"23":0.2976545,"24":0.1883362,"25":0.189221,"26":0.1700352,"27":0.1533232,"28":0.2124983,"29":0.2642447,"30":0.3708001,"31":0.585884,"32":0.1580183,"33":0.0,"34":0.1985561,"35":0.0,"36":0.0,"37":0.3193345,"38":0.0,"39":0.1198553,"40":0.1839037,"41":0.2055559,"42":0.1810662,"43":0.1834888,"44":0.132786,"45":0.1534398,"46":0.0,"47":0.1663338,"48":0.2153417,"49":0.3024085},"CorrFact":{"0":1.126746,"1":1.126746,"2":1.1074,"3":1.096726,"4":1.096726,"5":1.096896,"6":1.096899,"7":1.096998,"8":1.098004,"9":1.098004,"10":1.097616,"11":1.096417,"12":1.096417,"13":1.096417,"14":1.096001,"15":1.095771,"16":1.095771,"17":1.095215,"18":1.094553,"19":1.094553,"20":1.096746,"21":1.127451,"22":1.127451,"23":1.122266,"24":1.094116,"25":1.094116,"26":1.094101,"27":1.094072,"28":1.094072,"29":1.094071,"30":1.094071,"31":1.094071,"32":1.093845,"33":1.093796,"34":1.093796,"35":1.094318,"36":1.094336,"37":1.094303,"38":1.094247,"39":1.094227,"40":1.094125,"41":1.094172,"42":1.094358,"43":1.094416,"44":1.094461,"45":1.094458,"46":1.094453,"47":1.094291,"48":1.094155,"49":1.094096},"CtsInSrc":{"0":30.0,"1":30.0,"2":45.0,"3":45.0,"4":30.0,"5":45.0,"6":46.0,"7":45.0,"8":45.0,"9":30.0,"10":45.0,"11":45.0,"12":45.0,"13":45.0,"14":45.0,"15":45.0,"16":45.0,"17":46.0,"18":45.0,"19":45.0,"20":45.0,"21":45.0,"22":45.0,"23":45.0,"24":45.0,"25":30.0,"26":45.0,"27":45.0,"28":30.0,"29":30.0,"30":30.0,"31":45.0,"32":45.0,"33":30.0,"34":30.0,"35":30.0,"36":30.0,"37":30.0,"38":30.0,"39":30.0,"40":30.0,"41":30.0,"42":30.0,"43":30.0,"44":30.0,"45":30.0,"46":30.0,"47":30.0,"48":30.0,"49":30.0},"BGInSrc":{"0":0.0,"1":0.716049,"2":0.0,"3":0.716049,"4":0.716049,"5":0.716049,"6":0.0,"7":0.0,"8":0.716049,"9":0.716049,"10":0.716049,"11":2.148148,"12":0.0,"13":0.0,"14":0.0,"15":0.0,"16":0.716049,"17":0.716049,"18":0.716049,"19":1.432099,"20":0.716049,"21":0.0,"22":0.716049,"23":2.148148,"24":0.716049,"25":0.716049,"26":0.716049,"27":0.716049,"28":0.716049,"29":1.432099,"30":2.148148,"31":5.728395,"32":0.716049,"33":0.0,"34":0.716049,"35":0.0,"36":0.0,"37":2.148148,"38":0.0,"39":0.716049,"40":1.432099,"41":1.432099,"42":2.148148,"43":1.432099,"44":0.716049,"45":0.716049,"46":0.0,"47":2.148148,"48":2.864198,"49":4.296296},"Exposure":{"0":3.887386,"1":4.257411,"2":4.622169,"3":4.536885,"4":3.693467,"5":3.446162,"6":3.698776,"7":4.122232,"8":3.592038,"9":3.358995,"10":3.816201,"11":2.369785,"12":2.818148,"13":3.403455,"14":3.527988,"15":2.926674,"16":3.257553,"17":4.074196,"18":2.946224,"19":3.421254,"20":2.844814,"21":3.396325,"22":3.544048,"23":4.166689,"24":3.801975,"25":3.784196,"26":4.211184,"27":4.670195,"28":3.369671,"29":3.83223,"30":3.344751,"31":3.456817,