{"Time":{"0":85.451,"1":87.827,"2":90.231,"3":92.842,"4":95.833,"5":99.724,"6":103.14,"7":105.956,"8":109.313,"9":113.243,"10":116.943,"11":120.407,"12":124.268,"13":127.994,"14":131.289,"15":135.699,"16":139.996,"17":144.443,"18":149.013,"19":154.188,"20":158.73,"21":163.513,"22":168.93,"23":174.939,"24":180.229,"25":185.67,"26":192.682,"27":200.789},"TimePos":{"0":1.128,"1":1.116,"2":1.287,"3":1.156,"4":1.636,"5":1.671,"6":1.269,"7":1.652,"8":1.813,"9":1.571,"10":1.836,"11":1.818,"12":2.213,"13":1.415,"14":1.908,"15":1.935,"16":2.364,"17":2.366,"18":2.601,"19":2.632,"20":2.14,"21":2.57,"22":2.89,"23":2.825,"24":3.321,"25":2.945,"26":3.857,"27":4.991},"TimeNeg":{"0":-1.004,"1":-1.248,"2":-1.287,"3":-1.325,"4":-1.835,"5":-2.255,"6":-1.745,"7":-1.546,"8":-1.705,"9":-2.117,"10":-2.13,"11":-1.628,"12":-2.042,"13":-1.513,"14":-1.88,"15":-2.502,"16":-2.362,"17":-2.084,"18":-2.204,"19":-2.574,"20":-1.91,"21":-2.643,"22":-2.847,"23":-3.119,"24":-2.465,"25":-2.12,"26":-4.067,"27":-4.25},"Rate":{"0":26.23333,"1":23.64706,"2":21.40901,"3":22.22284,"4":15.72925,"5":13.52452,"6":18.41977,"7":17.43424,"8":15.27078,"9":14.56367,"10":13.65872,"11":15.99719,"12":12.76672,"13":16.75235,"14":8.90057,"15":11.65768,"16":10.89322,"17":8.710316,"18":10.54229,"19":10.16573,"20":8.647549,"21":5.834108,"22":5.432147,"23":4.725584,"24":4.70849,"25":6.552585,"26":3.297243,"27":3.327296},"RatePos":{"0":3.960258,"1":3.572368,"2":3.304279,"3":3.425337,"4":2.469951,"5":2.206696,"6":2.833281,"7":2.628407,"8":2.388429,"9":2.277065,"10":2.131503,"11":2.448655,"12":1.990612,"13":2.880303,"14":1.778933,"15":1.849348,"16":1.727907,"17":1.631082,"18":1.703605,"19":1.551276,"20":1.629187,"21":1.314349,"22":1.18617,"23":1.17247,"24":1.208089,"25":1.307654,"26":0.9066626,"27":0.7492585},"RateNeg":{"0":-4.017388,"1":-3.626895,"2":-3.36388,"3":-3.482338,"4":-2.509585,"5":-2.240955,"6":-2.873556,"7":-2.661843,"8":-2.415271,"9":-2.301597,"10":-2.148937,"11":-2.467663,"12":-2.004551,"13":-2.89984,"14":-1.785934,"15":-1.857475,"16":-1.735282,"17":-1.635571,"18":-1.709164,"19":-1.557028,"20":-1.633207,"21":-1.316572,"22":-1.188042,"23":-1.17396,"24":-1.209591,"25":-1.310226,"26":-0.9077054,"27":-0.7501526},"FracExp":{"0":1.0,"1":1.0,"2":1.0,"3":1.0,"4":1.0,"5":1.0,"6":1.0,"7":1.0,"8":1.0,"9":1.0,"10":1.0,"11":1.0,"12":1.0,"13":1.0,"14":1.0,"15":1.0,"16":1.0,"17":1.0,"18":1.0,"19":1.0,"20":1.0,"21":1.0,"22":1.0,"23":1.0,"24":1.0,"25":1.0,"26":1.0,"27":1.0},"BGrate":{"0":0.0,"1":0.0,"2":0.2493703,"3":0.2588497,"4":0.3699008,"5":0.6539912,"6":0.2130082,"7":0.0,"8":0.3650359,"9":0.3481331,"10":0.3237665,"11":0.1862875,"12":0.3017037,"13":1.534556,"14":0.5084591,"15":0.4340503,"16":0.4075716,"17":0.5771132,"18":0.5343766,"19":0.1233211,"20":0.1585417,"21":0.8620721,"22":0.6713291,"23":1.080029,"24":1.220548,"25":0.3802306,"26":1.053189,"27":0.4863057},"BGerr":{"0":0.0,"1":0.0,"2":0.2493703,"3":0.2588497,"4":0.2615593,"5":0.3269956,"6":0.2130082,"7":0.0,"8":0.2581193,"9":0.2461673,"10":0.2289375,"11":0.1862875,"12":0.2133367,"13":0.5800078,"14":0.293559,"15":0.250599,"16":0.2353116,"17":0.2885566,"18":0.2671883,"19":0.1233211,"20":0.1585417,"21":0.3258326,"22":0.274069,"23":0.341535,"24":0.3680092,"25":0.2195262,"26":0.292102,"27":0.1838063},"CorrFact":{"0":1.242505,"1":1.242505,"2":1.242505,"3":1.242505,"4":1.248908,"5":1.251509,"6":1.251509,"7":1.239325,"8":1.228664,"9":1.228664,"10":1.23904,"11":1.242814,"12":1.242814,"13":1.211123,"14":1.20087,"15":1.20087,"16":1.195023,"17":1.195023,"18":1.19391,"19":1.193019,"20":1.192727,"21":1.192345,"22":1.191968,"23":1.191215,"24":1.187619,"25":1.182224,"26":1.206596,"27":1.205461},"CtsInSrc":{"0":45.0,"1":45.0,"2":45.0,"3":45.0,"4":45.0,"5":45.0,"6":45.0,"7":45.0,"8":45.0,"9":45.0,"10":45.0,"11":45.0,"12":45.0,"13":45.0,"14":30.0,"15":45.0,"16":45.0,"17":35.0,"18":45.0,"19":45.0,"20":30.0,"21":30.0,"22":30.0,"23":30.0,"24":30.0,"25":30.0,"26":30.0,"27":30.0},"BGInSrc":{"0":0.0,"1":0.0,"2":0.641975,"3":0.641975,"4":1.283951,"5":2.567901,"6":0.641975,"7":0.0,"8":1.283951,"9":1.283951,"10":1.283951,"11":0.641975,"12":1.283951,"13":4.493827,"14":1.925926,"15":1.925926,"16":1.925926,"17":2.567901,"18":2.567901,"19":0.641975,"20":0.641975,"21":4.493827,"22":3.851852,"23":6.419753,"24":7.061728,"25":1.925926,"26":8.345679,"27":4.493827},"Exposure":{"0":2.131362,"1":2.364468,"2":2.574386,"3":2.480109,"4":3.471068,"5":3.926508,"6":3.013852,"7":3.198856,"8":3.517327,"9":3.688103,"10":3.965668,"11":3.446153,"12":4.255667,"13":2.928421,"14":3.787769,"15":4.437103,"16":4.725369,"17":4.449562,"18":4.805414,"19":5.205723,"20":4.049253,"21":5.212821,"22":5.737651,"23":5.944059,"24":5.785701,"25":5.065153,"26":7.9242,"27":9.240745},"Sigma":{"0":1000.0,"1":1000.0,"2":69.096154,"3":69.096154,"4":48.151252,"5":33.048077,"6":69.096154,"7":1000.0,"8":48.151252,"9":48.151252,"10":48.151252,"11":69.096154,"12":48.151252,"13":23.848105,"14":25.247971,"15":38.737982,"16":38.737982,"17":25.259615,"18":33.048077,"19":69.096154,"20":45.730769,"21":15.016819,"22":16.628267,"23":11.615289,"24":10.773232,"25":25.247971,"26":9.355232,"27":15.016819},"SNR":{"0":6.529948,"1":6.519919,"2":6.364381,"3":6.381586,"4":6.267672,"5":6.035162,"6":6.410095,"7":6.549686,"8":6.322594,"9":6.327637,"10":6.356035,"11":6.482729,"12":6.368866,"13":5.776993,"14":4.983706,"15":6.276091,"16":6.277493,"17":5.325552,"18":6.1681,"19":6.528934,"20":5.294826,"21":4.431287,"22":4.572354,"23":4.025337,"24":3.89263,"25":5.001109,"26":3.632503,"27":4.435492},"SYS_NEG":{"0":0.964931,"1":0.963917,"2":0.959893,"3":0.961586,"4":0.961558,"5":0.960679,"6":0.964536,"7":0.967005,"8":0.96779,"9":0.968415,"10":0.972162,"11":0.973254,"12":0.974014,"13":0.97209,"14":0.974908,"15":0.978381,"16":0.978645,"17":0.979585,"18":0.980624,"19":0.980512,"20":0.980399,"21":0.980562,"22":0.981607,"23":0.981305,"24":0.980949,"25":0.981294,"26":0.980463,"27":0.983228},"SYS_POS":{"0":1.023823,"1":1.024495,"2":1.027229,"3":1.026045,"4":1.026079,"5":1.026704,"6":1.024088,"7":1.02251,"8":1.022012,"9":1.021634,"10":1.019363,"11":1.018714,"12":1.018266,"13":1.019406,"14":1.017736,"15":1.015675,"16":1.015517,"17":1.01495,"18":1.014309,"19":1.01438,"20":1.014451,"21":1.014352,"22":1.013699,"23":1.013892,"24":1.014113,"25":1.013895,"26":1.014411,"27":1.012657}}