{"Time":{"0":104.106,"1":107.188,"2":111.112,"3":114.683,"4":119.091,"5":122.68,"6":125.804,"7":129.907,"8":134.485,"9":138.417,"10":142.092,"11":145.907,"12":150.519,"13":154.482,"14":158.303,"15":162.654,"16":165.931,"17":170.358,"18":174.619,"19":179.188,"20":183.229,"21":187.516,"22":192.133,"23":197.731,"24":202.449,"25":207.131,"26":211.567,"27":215.964},"TimePos":{"0":1.683,"1":1.629,"2":1.95,"3":2.085,"4":1.976,"5":1.515,"6":1.906,"7":2.32,"8":1.903,"9":1.658,"10":1.461,"11":2.356,"12":1.962,"13":2.021,"14":2.237,"15":1.35,"16":2.429,"17":1.777,"18":1.92,"19":2.038,"20":2.325,"21":2.346,"22":2.207,"23":2.452,"24":2.278,"25":2.471,"26":1.678,"27":2.426},"TimeNeg":{"0":-1.907,"1":-1.399,"2":-2.295,"3":-1.621,"4":-2.322,"5":-1.613,"6":-1.609,"7":-2.197,"8":-2.258,"9":-2.029,"10":-2.018,"11":-2.354,"12":-2.256,"13":-2.001,"14":-1.799,"15":-2.114,"16":-1.927,"17":-1.998,"18":-2.484,"19":-2.65,"20":-2.002,"21":-1.963,"22":-2.271,"23":-3.391,"24":-2.266,"25":-2.404,"26":-1.966,"27":-2.719},"Rate":{"0":13.66452,"1":16.2015,"2":11.21856,"3":9.085491,"4":11.74979,"5":16.04202,"6":13.27811,"7":10.50638,"8":11.59224,"9":8.653442,"10":8.947064,"11":9.914544,"12":11.4395,"13":12.08911,"14":7.339097,"15":9.711775,"16":11.27256,"17":8.946493,"18":7.423105,"19":6.973387,"20":7.375116,"21":7.223825,"22":10.94841,"23":5.461235,"24":7.194942,"25":6.386076,"26":8.970517,"27":6.352565},"RatePos":{"0":2.036989,"1":2.415181,"2":1.746908,"3":1.658778,"4":1.751558,"5":2.391407,"6":2.11384,"7":1.63601,"8":1.765989,"9":1.632301,"10":1.744463,"11":1.578369,"12":1.74272,"13":1.841684,"14":1.585188,"15":1.773121,"16":1.717289,"17":1.606839,"18":1.355269,"19":1.273162,"20":1.39117,"21":1.408472,"22":1.632095,"23":1.030154,"24":1.313612,"25":1.245131,"26":1.637787,"27":1.159816},"RateNeg":{"0":-2.03699,"1":-2.415182,"2":-1.746909,"3":-1.658778,"4":-1.751559,"5":-2.391407,"6":-2.113841,"7":-1.636011,"8":-1.76599,"9":-1.632301,"10":-1.744463,"11":-1.578369,"12":-1.742721,"13":-1.841684,"14":-1.585188,"15":-1.773122,"16":-1.717289,"17":-1.60684,"18":-1.355269,"19":-1.273162,"20":-1.39117,"21":-1.408473,"22":-1.632096,"23":-1.030154,"24":-1.313612,"25":-1.245132,"26":-1.637787,"27":-1.159816},"FracExp":{"0":1.0,"1":1.0,"2":1.0,"3":1.0,"4":1.0,"5":1.0,"6":1.0,"7":1.0,"8":1.0,"9":1.0,"10":1.0,"11":1.0,"12":1.0,"13":1.0,"14":1.0,"15":1.0,"16":1.0,"17":1.0,"18":1.0,"19":1.0,"20":1.0,"21":1.0,"22":1.0,"23":1.0,"24":1.0,"25":1.0,"26":1.0,"27":1.0},"BGrate":{"0":0.0,"1":0.0,"2":0.3373618,"3":0.0,"4":0.0,"5":0.0,"6":0.6110434,"7":0.31703,"8":0.1720703,"9":0.1942427,"10":0.411735,"11":0.4561438,"12":0.1697473,"13":0.1780057,"14":0.8868934,"15":0.0,"16":0.1644086,"17":0.0,"18":0.0,"19":0.0,"20":0.165489,"21":0.3323458,"22":0.0,"23":0.1225552,"24":0.0,"25":0.293774,"26":0.0,"27":0.0},"BGerr":{"0":0.0,"1":0.0,"2":0.2385508,"3":0.0,"4":0.0,"5":0.0,"6":0.3527861,"7":0.2241741,"8":0.1720703,"9":0.1942427,"10":0.2911406,"11":0.2633547,"12":0.1697473,"13":0.1780057,"14":0.3966308,"15":0.0,"16":0.1644086,"17":0.0,"18":0.0,"19":0.0,"20":0.165489,"21":0.235004,"22":0.0,"23":0.1225552,"24":0.0,"25":0.2077296,"26":0.0,"27":0.0},"CorrFact":{"0":1.090213,"1":1.090213,"2":1.093069,"3":1.122337,"4":1.122337,"5":1.115002,"6":1.089329,"7":1.089329,"8":1.089327,"9":1.089325,"10":1.089325,"11":1.089596,"12":1.089684,"13":1.098138,"14":1.121387,"15":1.121387,"16":1.10865,"17":1.089546,"18":1.089546,"19":1.089715,"20":1.089715,"21":1.089611,"22":1.089508,"23":1.089614,"24":1.089773,"25":1.089721,"26":1.089515,"27":1.089515},"CtsInSrc":{"0":45.0,"1":45.0,"2":45.0,"3":30.0,"4":45.0,"5":45.0,"6":45.0,"7":45.0,"8":45.0,"9":30.0,"10":30.0,"11":45.0,"12":45.0,"13":45.0,"14":30.0,"15":30.0,"16":45.0,"17":31.0,"18":30.0,"19":30.0,"20":30.0,"21":30.0,"22":45.0,"23":30.0,"24":30.0,"25":30.0,"26":30.0,"27":30.0},"BGInSrc":{"0":0.0,"1":0.0,"2":1.432099,"3":0.0,"4":0.0,"5":0.0,"6":2.148148,"7":1.432099,"8":0.716049,"9":0.716049,"10":1.432099,"11":2.148148,"12":0.716049,"13":0.716049,"14":3.580247,"15":0.0,"16":0.716049,"17":0.0,"18":0.0,"19":0.0,"20":0.716049,"21":1.432099,"22":0.0,"23":0.716049,"24":0.0,"25":1.432099,"26":0.0,"27":0.0},"Exposure":{"0":3.590291,"1":3.028089,"2":4.244993,"3":3.705919,"4":4.298386,"5":3.127728,"6":3.515541,"7":4.517234,"8":4.161378,"9":3.686364,"10":3.478205,"11":4.709366,"12":4.218325,"13":4.022621,"14":4.03684,"15":3.464001,"16":4.355303,"17":3.775326,"18":4.40333,"19":4.688032,"20":4.32687,"21":4.309063,"22":4.478078,"23":5.842669,"24":4.543912,"25":4.874832,"26":3.643653,"27":5.145238},"Sigma":{"0":1000.0,"1":1000.0,"2":43.02379,"3":1000.0,"4":1000.0,"5":1000.0,"6":34.551427,"7":43.02379,"8":61.844828,"9":40.896552,"10":28.211122,"11":34.551427,"12":61.844828,"13":61.844828,"14":16.50064,"15":1000.0,"16":61.844828,"17":1000.0,"18":1000.0,"19":1000.0,"20":40.896552,"21":28.211122,"22":1000.0,"23":40.896552,"24":1000.0,"25":28.211122,"26":1000.0,"27":1000.0},"SNR":{"0":6.708192,"1":6.708191,"2":6.421949,"3":5.477218,"4":6.708191,"5":6.70819,"6":6.281511,"7":6.421948,"8":6.564159,"9":5.301376,"10":5.128835,"11":6.281511,"12":6.564159,"13":6.564159,"14":4.629797,"15":5.477218,"16":6.564159,"17":5.567757,"18":5.477218,"19":5.477218,"20":5.301376,"21":5.128836,"22":6.70819,"23":5.301376,"24":5.477218,"25":5.128836,"26":5.477219,"27":5.477218},"SYS_NEG":{"0":0.999723,"1":0.999711,"2":0.999708,"3":0.999706,"4":0.999711,"5":0.9997,"6":0.999706,"7":0.999697,"8":0.999696,"9":0.999702,"10":0.99969,"11":0.999696,"12":0.999706,"13":0.999699,"14":0.9997,"15":0.999698,"16":0.999701,"17":0.999701,"18":0.999699,"19":0.999706,"20":0.999702,"21":0.999705,"22":0.999701,"23":0.999707,"24":0.999701,"25":0.99971,"26":0.999708,"27":0.999704},"SYS_POS":{"0":1.000253,"1":1.000263,"2":1.000265,"3":1.000267,"4":1.000263,"5":1.000273,"6":1.000267,"7":1.000275,"8":1.000276,"9":1.000271,"10":1.000281,"11":1.000276,"12":1.000267,"13":1.000273,"14":1.000273,"15":1.000274,"16":1.000272,"17":1.000272,"18":1.000274,"19":1.000267,"20":1.00027,"21":1.000268,"22":1.000271,"23":1.000266,"24":1.000271,"25":1.000264,"26":1.000266,"27":1.000269}}