{"Time":{"0":75.974,"1":79.411,"2":84.019,"3":93.091,"4":122.524,"5":124.208,"6":126.434,"7":128.96,"8":132.185,"9":137.361,"10":142.49,"11":148.791,"12":155.848},"TimePos":{"0":1.876,"1":2.826,"2":1.731,"3":28.555,"4":0.683,"5":1.17,"6":0.849,"7":1.265,"8":2.762,"9":2.403,"10":2.726,"11":3.456,"12":4.484},"TimeNeg":{"0":-1.442,"1":-1.561,"2":-1.781,"3":-7.342,"4":-0.877,"5":-1.001,"6":-1.057,"7":-1.677,"8":-1.96,"9":-2.413,"10":-2.727,"11":-3.575,"12":-3.601},"Rate":{"0":14.94457,"1":7.46562,"2":9.281008,"3":3.64232,"4":30.8611,"5":21.37064,"6":25.7394,"7":16.06448,"8":9.207625,"9":6.608822,"10":6.124846,"11":4.65054,"12":4.045249},"RatePos":{"0":2.285443,"1":1.416381,"2":1.760797,"3":0.6649966,"4":4.719523,"5":3.441882,"6":3.83703,"7":2.520838,"8":1.543632,"9":1.303609,"10":1.118244,"11":0.8490725,"12":0.7385617},"RateNeg":{"0":-2.285447,"1":-1.416382,"2":-1.760799,"3":-0.6649975,"4":-4.719532,"5":-3.441888,"6":-3.837038,"7":-2.520843,"8":-1.543634,"9":-1.303611,"10":-1.118246,"11":-0.8490737,"12":-0.7385627},"FracExp":{"0":1.0,"1":1.0,"2":1.0,"3":0.249991,"4":1.0,"5":1.0,"6":1.0,"7":1.0,"8":1.0,"9":1.0,"10":1.0,"11":1.0,"12":1.0},"BGrate":{"0":0.2451218,"1":0.1853835,"2":0.2315867,"3":0.0,"4":0.5212737,"5":1.124149,"6":0.0,"7":0.5527903,"8":0.5167538,"9":0.3377578,"10":0.0,"11":0.0,"12":0.0},"BGerr":{"0":0.2451218,"1":0.1853835,"2":0.2315867,"3":0.0,"4":0.5212737,"5":0.6490275,"6":0.0,"7":0.3908818,"8":0.2983479,"9":0.2388308,"10":0.0,"11":0.0,"12":0.0},"CorrFact":{"0":1.122222,"1":1.122222,"2":1.116775,"3":1.089537,"4":1.08974,"5":1.089888,"6":1.089888,"7":1.089888,"8":1.099,"9":1.121778,"10":1.113289,"11":1.089946,"12":1.0901},"CtsInSrc":{"0":45.0,"1":30.0,"2":30.0,"3":30.0,"4":45.0,"5":45.0,"6":45.0,"7":45.0,"8":42.0,"9":30.0,"10":30.0,"11":30.0,"12":30.0},"BGInSrc":{"0":0.813333,"1":0.813333,"2":0.813333,"3":0.0,"4":0.813333,"5":2.44,"6":0.0,"7":1.626667,"8":2.44,"9":1.626667,"10":0.0,"11":0.0,"12":0.0},"Exposure":{"0":3.318079,"1":4.387303,"2":3.512004,"3":8.973981,"4":1.560281,"5":2.170531,"6":1.905443,"7":2.942647,"8":4.721784,"9":4.816074,"10":5.452984,"11":7.031094,"12":8.084301},"Sigma":{"0":54.327869,"1":35.885246,"2":35.885246,"3":1000.0,"4":54.327869,"5":30.211509,"6":1000.0,"7":37.708498,"8":28.081939,"9":24.667594,"10":1000.0,"11":1000.0,"12":1000.0},"SNR":{"0":6.539015,"1":5.270907,"2":5.270908,"3":5.477194,"4":6.539016,"5":6.208988,"6":6.708144,"7":6.372662,"8":5.9649,"9":5.069629,"10":5.477191,"11":5.477192,"12":5.477191},"SYS_NEG":{"0":0.999362,"1":0.999371,"2":0.999381,"3":0.999375,"4":0.999371,"5":0.999366,"6":0.999371,"7":0.99937,"8":0.999364,"9":0.999354,"10":0.999356,"11":0.999361,"12":0.99935},"SYS_POS":{"0":1.00056,"1":1.000553,"2":1.000544,"3":1.000549,"4":1.000553,"5":1.000557,"6":1.000553,"7":1.000553,"8":1.000559,"9":1.000567,"10":1.000566,"11":1.000561,"12":1.000571}}