{"Time":{"0":118.21,"1":120.386,"2":123.664,"3":127.136,"4":129.799,"5":133.9,"6":139.147,"7":143.403,"8":147.906,"9":153.132,"10":158.554,"11":164.374,"12":170.964,"13":177.525},"TimePos":{"0":1.234,"1":1.39,"2":1.851,"3":1.085,"4":1.986,"5":2.512,"6":2.359,"7":2.353,"8":2.483,"9":3.249,"10":2.588,"11":2.723,"12":2.982,"13":3.135},"TimeNeg":{"0":-1.076,"1":-0.943,"2":-1.889,"3":-1.621,"4":-1.577,"5":-2.115,"6":-2.734,"7":-1.898,"8":-2.15,"9":-2.743,"10":-2.173,"11":-3.232,"12":-3.867,"13":-3.579},"Rate":{"0":24.94889,"1":24.70135,"2":14.94117,"3":20.57129,"4":15.95758,"5":12.10338,"6":11.41375,"7":9.482241,"8":12.59549,"9":10.09399,"10":8.259046,"11":7.051467,"12":6.175219,"13":6.326207},"RatePos":{"0":3.818766,"1":3.763244,"2":2.372159,"3":3.273773,"4":2.445287,"5":1.888059,"6":1.79158,"7":1.804759,"8":2.045138,"9":1.619176,"10":1.664082,"11":1.355461,"12":1.197585,"13":1.229075},"RateNeg":{"0":-3.916444,"1":-3.843581,"2":-2.423767,"3":-3.351978,"4":-2.510302,"5":-1.934072,"6":-1.844593,"7":-1.850852,"8":-2.123129,"9":-1.688575,"10":-1.712997,"11":-1.404228,"12":-1.242804,"13":-1.275608},"FracExp":{"0":1.0,"1":1.0,"2":1.0,"3":1.0,"4":1.0,"5":1.0,"6":1.0,"7":1.0,"8":1.0,"9":1.0,"10":1.0,"11":1.0,"12":1.0,"13":1.0},"BGrate":{"0":0.0,"1":0.0,"2":0.3631364,"3":0.5018555,"4":0.0,"5":0.1467347,"6":0.1333069,"7":0.1597556,"8":0.2931303,"9":0.1133185,"10":0.2852432,"11":0.0,"12":0.0,"13":0.0},"BGerr":{"0":0.0,"1":0.0,"2":0.2567762,"3":0.3548655,"4":0.0,"5":0.1467347,"6":0.1333069,"7":0.1597556,"8":0.2072744,"9":0.1133185,"10":0.2016974,"11":0.0,"12":0.0,"13":0.0},"CorrFact":{"0":1.280319,"1":1.280319,"2":1.280319,"3":1.275516,"4":1.263695,"5":1.263695,"6":1.311729,"7":1.329196,"8":1.337081,"9":1.364678,"10":1.372838,"11":1.39965,"12":1.409934,"13":1.415888},"CtsInSrc":{"0":45.0,"1":45.0,"2":45.0,"3":45.0,"4":45.0,"5":45.0,"6":45.0,"7":31.0,"8":45.0,"9":45.0,"10":30.0,"11":30.0,"12":30.0,"13":30.0},"BGInSrc":{"0":0.0,"1":0.0,"2":1.358025,"3":1.358025,"4":0.0,"5":0.679012,"6":0.679012,"7":0.679012,"8":1.358025,"9":0.679012,"10":1.358025,"11":0.0,"12":0.0,"13":0.0},"Exposure":{"0":2.309295,"1":2.332437,"2":3.73971,"3":2.706007,"4":3.563589,"5":4.627485,"6":5.093604,"7":4.250318,"8":4.632837,"9":5.992068,"10":4.760936,"11":5.954719,"12":6.849639,"13":6.714393},"Sigma":{"0":1000.0,"1":1000.0,"2":45.447681,"3":45.447681,"4":1000.0,"5":65.272727,"6":65.272727,"7":44.654545,"8":45.447681,"9":65.272727,"10":29.82705,"11":1000.0,"12":1000.0,"13":1000.0},"SNR":{"0":6.370291,"1":6.42665,"2":6.164441,"3":6.137059,"4":6.356836,"5":6.257978,"6":6.187681,"7":5.123177,"8":5.932512,"9":5.977815,"10":4.821402,"11":5.021598,"12":4.968779,"13":4.959366},"SYS_NEG":{"0":0.950806,"1":0.955393,"2":0.953046,"3":0.950603,"4":0.949755,"5":0.951095,"6":0.945455,"7":0.937717,"8":0.934407,"9":0.930421,"10":0.927027,"11":0.920481,"12":0.915319,"13":0.914415},"SYS_POS":{"0":1.034731,"1":1.031436,"2":1.033105,"3":1.034865,"4":1.035486,"5":1.034514,"6":1.038672,"7":1.044779,"8":1.047469,"9":1.050875,"10":1.053883,"11":1.060139,"12":1.065399,"13":1.066427}}