{"Time":{"0":103.236,"1":105.464,"2":107.476,"3":109.447,"4":111.627,"5":113.408,"6":115.687,"7":118.269,"8":120.933,"9":122.663,"10":124.26,"11":126.662,"12":129.268,"13":132.046,"14":134.453,"15":137.169,"16":140.164,"17":142.657,"18":145.926,"19":149.292,"20":153.662,"21":157.563,"22":161.088,"23":164.116,"24":167.639,"25":171.509,"26":175.894,"27":179.474,"28":182.91,"29":186.791,"30":191.063,"31":194.907,"32":198.673,"33":203.053,"34":207.341,"35":212.102,"36":216.18,"37":220.331,"38":224.413,"39":227.953,"40":231.561,"41":235.658,"42":240.243,"43":245.186,"44":250.77,"45":254.863,"46":260.288,"47":266.921},"TimePos":{"0":1.004,"1":1.038,"2":0.957,"3":0.906,"4":1.141,"5":0.965,"6":1.095,"7":1.498,"8":0.891,"9":0.726,"10":1.102,"11":1.248,"12":1.367,"13":1.363,"14":1.05,"15":1.579,"16":1.069,"17":1.432,"18":1.348,"19":2.062,"20":1.884,"21":1.973,"22":1.136,"23":1.938,"24":2.114,"25":2.166,"26":2.018,"27":1.546,"28":2.099,"29":2.098,"30":1.77,"31":1.532,"32":2.145,"33":2.202,"34":2.34,"35":2.063,"36":1.756,"37":2.223,"38":1.457,"39":1.804,"40":2.283,"41":2.53,"42":2.361,"43":2.839,"44":1.905,"45":2.287,"46":2.991,"47":2.434},"TimeNeg":{"0":-1.013,"1":-1.223,"2":-0.975,"3":-1.014,"4":-1.274,"5":-0.64,"6":-1.314,"7":-1.488,"8":-1.166,"9":-0.84,"10":-0.871,"11":-1.3,"12":-1.358,"13":-1.411,"14":-1.044,"15":-1.666,"16":-1.416,"17":-1.424,"18":-1.837,"19":-2.018,"20":-2.309,"21":-2.016,"22":-1.553,"23":-1.893,"24":-1.585,"25":-1.757,"26":-2.218,"27":-1.562,"28":-1.89,"29":-1.782,"30":-2.174,"31":-2.074,"32":-2.233,"33":-2.235,"34":-2.086,"35":-2.421,"36":-2.015,"37":-2.394,"38":-1.859,"39":-2.083,"40":-1.803,"41":-1.814,"42":-2.055,"43":-2.582,"44":-2.745,"45":-2.187,"46":-3.138,"47":-3.641},"Rate":{"0":24.35083,"1":21.72586,"2":25.4273,"3":25.59191,"4":20.34849,"5":30.599,"6":20.5298,"7":16.20017,"8":23.15527,"9":31.36416,"10":24.87302,"11":18.9723,"12":18.00541,"13":17.42675,"14":23.06615,"15":14.87936,"16":19.72483,"17":16.65048,"18":14.92714,"19":11.83368,"20":11.68877,"21":11.91732,"22":18.23293,"23":12.60298,"24":8.834607,"25":11.74057,"26":11.39651,"27":15.77024,"28":12.28841,"29":12.44145,"30":8.096886,"31":13.38639,"32":11.40599,"33":7.408492,"34":7.377428,"35":7.289803,"36":8.665246,"37":6.919003,"38":9.855575,"39":8.21733,"40":8.004647,"41":7.531034,"42":7.074228,"43":6.035825,"44":6.876427,"45":7.31264,"46":5.217691,"47":5.141586},"RatePos":{"0":3.630011,"1":3.238703,"2":3.790481,"3":3.81502,"4":3.033376,"5":4.561434,"6":3.087667,"7":2.464508,"8":3.59548,"9":4.675497,"10":3.707855,"11":2.886229,"12":2.684091,"13":2.651106,"14":3.50902,"15":2.263575,"16":2.940407,"17":2.585435,"18":2.31784,"19":1.800241,"20":1.742461,"21":1.850485,"22":2.718008,"23":1.917273,"24":1.612972,"25":1.900387,"26":1.733735,"27":2.35089,"28":1.83185,"29":1.892699,"30":1.524096,"31":2.036452,"32":1.700306,"33":1.394518,"34":1.38867,"35":1.330931,"36":1.582051,"37":1.30238,"38":1.799375,"39":1.546767,"40":1.461443,"41":1.374973,"42":1.373444,"43":1.101987,"44":1.294366,"45":1.3351,"46":0.9821381,"47":0.9982263},"RateNeg":{"0":-3.630011,"1":-3.238703,"2":-3.790481,"3":-3.81502,"4":-3.033376,"5":-4.561433,"6":-3.087666,"7":-2.464508,"8":-3.595479,"9":-4.675497,"10":-3.707854,"11":-2.886228,"12":-2.684091,"13":-2.651106,"14":-3.509019,"15":-2.263575,"16":-2.940406,"17":-2.585434,"18":-2.31784,"19":-1.800241,"20":-1.742461,"21":-1.850485,"22":-2.718008,"23":-1.917272,"24":-1.612972,"25":-1.900387,"26":-1.733734,"27":-2.35089,"28":-1.831849,"29":-1.892699,"30":-1.524095,"31":-2.036452,"32":-1.700306,"33":-1.394517,"34":-1.38867,"35":-1.330931,"36":-1.582051,"37":-1.30238,"38":-1.799375,"39":-1.546767,"40":-1.461443,"41":-1.374973,"42":-1.373444,"43":-1.101986,"44":-1.294366,"45":-1.3351,"46":-0.982138,"47":-0.9982262},"FracExp":{"0":1.0,"1":1.0,"2":1.0,"3":1.0,"4":1.0,"5":1.0,"6":1.0,"7":1.0,"8":1.0,"9":1.0,"10":1.0,"11":1.0,"12":1.0,"13":1.0,"14":1.0,"15":1.0,"16":1.0,"17":1.0,"18":1.0,"19":1.0,"20":1.0,"21":1.0,"22":1.0,"23":1.0,"24":1.0,"25":1.0,"26":1.0,"27":1.0,"28":1.0,"29":1.0,"30":1.0,"31":1.0,"32":1.0,"33":1.0,"34":1.0,"35":1.0,"36":1.0,"37":1.0,"38":1.0,"39":1.0,"40":1.0,"41":1.0,"42":1.0,"43":1.0,"44":1.0,"45":1.0,"46":1.0,"47":1.0},"BGrate":{"0":0.0,"1":0.0,"2":0.0,"3":0.0,"4":0.0,"5":0.0,"6":0.2818743,"7":0.2274469,"8":0.6603065,"9":0.0,"10":0.0,"11":0.2665219,"12":0.0,"13":0.2448101,"14":0.3242572,"15":0.2092424,"16":0.0,"17":0.4755839,"18":0.4264316,"19":0.1664435,"20":0.0,"21":0.3404615,"22":0.0,"23":0.1772668,"24":0.0,"25":0.6923479,"26":0.1602927,"27":0.0,"28":0.0,"29":0.1749919,"30":0.1721495,"31":0.188287,"32":0.0,"33":0.153029,"34":0.1533992,"35":0.0,"36":0.0,"37":0.1470739,"38":0.0,"39":0.1746706,"40":0.0,"41":0.0,"42":0.3075377,"43":0.0,"44":0.1460051,"45":0.0,"46":0.1107855,"47":0.2235174},"BGerr":{"0":0.0,"1":0.0,"2":0.0,"3":0.0,"4":0.0,"5":0.0,"6":0.2818743,"7":0.2274469,"8":0.4669072,"9":0.0,"10":0.0,"11":0.2665219,"12":0.0,"13":0.2448101,"14":0.3242572,"15":0.2092424,"16":0.0,"17":0.3362886,"18":0.3015327,"19":0.1664435,"20":0.0,"21":0.2407426,"22":0.0,"23":0.1772668,"24":0.0,"25":0.346174,"26":0.1602927,"27":0.0,"28":0.0,"29":0.1749919,"30":0.1721495,"31":0.188287,"32":0.0,"33":0.153029,"34":0.1533992,"35":0.0,"36":0.0,"37":0.1470739,"38":0.0,"39":0.1746706,"40":0.0,"41":0.0,"42":0.217462,"43":0.0,"44":0.1460051,"45":0.0,"46":0.1107855,"47":0.1580507},"CorrFact":{"0":1.091738,"1":1.091738,"2":1.091738,"3":1.091738,"4":1.091703,"5":1.091208,"6":1.091208,"7":1.091208,"8":1.091208,"9":1.091208,"10":1.090575,"11":1.090575,"12":1.090575,"13":1.090575,"14":1.089817,"15":1.089439,"16":1.089439,"17":1.089439,"18":1.089257,"19":1.089234,"20":1.089232,"21":1.089216,"22":1.089216,"23":1.089216,"24":1.089246,"25":1.089248,"26":1.089247,"27":1.089243,"28":1.089243,"29":1.089234,"30":1.08921,"31":1.08921,"32":1.109779,"33":1.121128,"34":1.113733,"35":1.089435,"36":1.089435,"37":1.089449,"38":1.089456,"39":1.089456,"40":1.090405,"41":1.090642,"42":1.09065,"43":1.090669,"44":1.090671,"45":1.090675,"46":1.090673,"47":1.090663},"CtsInSrc":{"0":45.0,"1":45.0,"2":45.0,"3":45.0,"4":45.0,"5":45.0,"6":46.0,"7":45.0,"8":45.0,"9":45.0,"10":45.0,"11":45.0,"12":45.0,"13":45.0,"14":45.0,"15":45.0,"16":45.0,"17":45.0,"18":45.0,"19":45.0,"20":45.0,"21":45.0,"22":45.0,"23":45.0,"24":30.0,"25":45.0,"26":45.0,"27":45.0,"28":45.0,"29":45.0,"30":30.0,"31":45.0,"32":45.0,"33":30.0,"34":30.0,"35":30.0,"36":30.0,"37":30.0,"38":30.0,"39":30.0,"40":30.0,"41":30.0,"42":30.0,"43":30.0,"44":30.0,"45":30.0,"46":30.0,"47":30.0},"BGInSrc":{"0":0.0,"1":0.0,"2":0.0,"3":0.0,"4":0.0,"5":0.0,"6":0.679012,"7":0.679012,"8":1.358025,"9":0.0,"10":0.0,"11":0.679012,"12":0.0,"13":0.679012,"14":0.679012,"15":0.679012,"16":0.0,"17":1.358025,"18":1.358025,"19":0.679012,"20":0.0,"21":1.358025,"22":0.0,"23":0.679012,"24":0.0,"25":2.716049,"26":0.679012,"27":0.0,"28":0.0,"29":0.679012,"30":0.679012,"31":0.679012,"32":0.0,"33":0.679012,"34":0.679012,"35":0.0,"36":0.0,"37":0.679012,"38":0.0,"39":0.679012,"40":0.0,"41":0.0,"42":1.358025,"43":0.0,"44":0.679012,"45":0.0,"46":0.679012,"47":1.358025},"Exposure":{"0":2.017517,"1":2.261278,"2":1.932105,"3":1.919678,"4":2.414265,"5":1.60477,"6":2.408919,"7":2.985366,"8":2.056658,"9":1.56562,"10":1.973056,"11":2.547679,"12":2.725617,"13":2.773629,"14":2.094055,"15":3.2451,"16":2.485433,"17":2.855489,"18":3.184625,"19":4.079536,"20":4.193378,"21":3.988776,"22":2.688251,"23":3.830454,"24":3.698794,"25":3.922954,"26":4.236077,"27":3.108129,"28":3.988793,"29":3.88025,"30":3.944319,"31":3.606263,"32":4.378407,"33":4.437148,"34":4.426441,"35":4.483393,"36":3.771739,"37":4.616811,"38":3.316264,"39":3.887387,"40":4.086643,"41":4.344589,"42":4.415799,"43":5.420978,"44":4.650607,"45":4.47448,"46":6.129075,"47":6.0757},"Sigma":{"0":1000.0,"1":1000.0,"2":1000.0,"3":1000.0,"4":1000.0,"5":1000.0,"6":66.745455,"7":65.272727,"8":45.447681,"9":1000.0,"10":1000.0,"11":65.272727,"12":1000.0,"13":65.272727,"14":65.272727,"15":65.272727,"16":1000.0,"17":45.447681,"18":45.447681,