{"Time":{"0":84.7634,"1":85.903,"2":87.139,"3":88.561,"4":90.279,"5":92.376,"6":95.135,"7":98.338,"8":101.619,"9":106.242,"10":111.594},"TimePos":{"0":0.5103,"1":0.609,"2":0.627,"3":0.968,"4":0.999,"5":1.419,"6":1.772,"7":1.708,"8":2.131,"9":2.454,"10":3.735},"TimeNeg":{"0":-0.4842,"1":-0.629,"2":-0.627,"3":-0.795,"4":-0.75,"5":-1.098,"6":-1.34,"7":-1.43,"8":-1.573,"9":-2.492,"10":-2.898},"Rate":{"0":49.12538,"1":38.74309,"2":38.24804,"3":27.71094,"4":27.936,"5":19.40728,"6":15.68456,"7":15.74504,"8":9.71721,"9":6.483202,"10":4.784462},"RatePos":{"0":7.323208,"1":5.924883,"2":5.849177,"3":4.130921,"4":4.164472,"5":2.89308,"6":2.398603,"7":2.407853,"8":1.751597,"9":1.229995,"10":0.90771},"RateNeg":{"0":-7.323215,"1":-5.924889,"2":-5.849184,"3":-4.130926,"4":-4.164478,"5":-2.893084,"6":-2.398606,"7":-2.407857,"8":-1.751599,"9":-1.229997,"10":-0.907711},"FracExp":{"0":1.0,"1":1.0,"2":1.0,"3":1.0,"4":1.0,"5":1.0,"6":1.0,"7":1.0,"8":1.0,"9":1.0,"10":1.0},"BGrate":{"0":0.0,"1":0.6568374,"2":0.6484446,"3":0.0,"4":0.0,"5":0.0,"6":0.2613788,"7":0.259159,"8":0.2195732,"9":0.1644448,"10":0.1226268},"BGerr":{"0":0.0,"1":0.6568374,"2":0.6484446,"3":0.0,"4":0.0,"5":0.0,"6":0.2613788,"7":0.259159,"8":0.2195732,"9":0.1644448,"10":0.1226268},"CorrFact":{"0":1.08571,"1":1.08571,"2":1.08571,"3":1.08571,"4":1.08571,"5":1.08571,"6":1.104534,"7":1.118291,"8":1.118291,"9":1.098635,"10":1.087256},"CtsInSrc":{"0":45.0,"1":45.0,"2":45.0,"3":45.0,"4":45.0,"5":45.0,"6":45.0,"7":45.0,"8":33.0,"9":30.0,"10":30.0},"BGInSrc":{"0":0.0,"1":0.813333,"2":0.813333,"3":0.0,"4":0.0,"5":0.0,"6":0.813333,"7":0.813333,"8":0.813333,"9":0.813333,"10":0.813333},"Exposure":{"0":0.994535,"1":1.238257,"2":1.254284,"3":1.763092,"4":1.748888,"5":2.517454,"6":3.111703,"7":3.138356,"8":3.704156,"9":4.945936,"10":6.632589},"Sigma":{"0":1000.0,"1":54.327869,"2":54.327869,"3":1000.0,"4":1000.0,"5":1000.0,"6":54.327869,"7":54.327869,"8":39.57377,"9":35.885246,"10":35.885246},"SNR":{"0":6.708171,"1":6.53904,"2":6.539039,"3":6.708167,"4":6.708165,"5":6.708163,"6":6.539031,"7":6.539029,"8":5.547624,"9":5.27091,"10":5.270908},"SYS_NEG":{"0":0.99953,"1":0.999524,"2":0.999515,"3":0.999506,"4":0.999495,"5":0.999479,"6":0.999463,"7":0.999447,"8":0.99943,"9":0.999405,"10":0.999389},"SYS_POS":{"0":1.000417,"1":1.000423,"2":1.00043,"3":1.000438,"4":1.000447,"5":1.000461,"6":1.000475,"7":1.000488,"8":1.000503,"9":1.000524,"10":1.000537}}