{"Time":{"0":121.595,"1":129.933,"2":140.994},"TimePos":{"0":3.31,"1":5.814,"2":4.631},"TimeNeg":{"0":-4.31,"1":-5.028,"2":-5.247},"Rate":{"0":5.152571,"1":3.376834,"2":3.60918},"RatePos":{"0":1.064229,"1":0.6525575,"2":0.6644806},"RateNeg":{"0":-1.036149,"1":-0.6517567,"2":-0.6640964},"FracExp":{"0":1.0,"1":1.0,"2":1.0},"BGrate":{"0":0.09072942,"1":0.06376584,"2":0.0},"BGerr":{"0":0.09072942,"1":0.06376584,"2":0.0},"CorrFact":{"0":1.339625,"1":1.249191,"2":1.188353},"CtsInSrc":{"0":30.0,"1":30.0,"2":30.0},"BGInSrc":{"0":0.691358,"1":0.691358,"2":0.0},"Exposure":{"0":7.619998,"1":10.842138,"2":9.877753},"Sigma":{"0":42.392857,"1":42.392857,"2":1000.0},"SNR":{"0":4.972808,"1":5.181126,"2":5.434723},"SYS_NEG":{"0":0.929589,"1":0.957914,"2":0.977122},"SYS_POS":{"0":1.08473,"1":1.043161,"2":1.023719}}