{"Time":{"0":109.418,"1":110.717,"2":112.058,"3":113.2696,"4":114.34,"5":115.616,"6":116.607,"7":118.139,"8":119.741,"9":121.341,"10":123.046,"11":125.444,"12":127.724,"13":129.903,"14":131.791,"15":134.14,"16":137.067,"17":140.25,"18":143.952,"19":147.33,"20":150.791,"21":155.744,"22":159.711,"23":163.225,"24":168.968,"25":176.013,"26":184.137},"TimePos":{"0":0.745,"1":0.635,"2":0.63,"3":0.3935,"4":0.606,"5":0.479,"6":0.702,"7":0.657,"8":0.887,"9":0.71,"10":1.29,"11":1.276,"12":1.331,"13":0.943,"14":0.909,"15":1.299,"16":1.647,"17":1.548,"18":1.575,"19":1.987,"20":2.23,"21":1.917,"22":1.538,"23":1.958,"24":3.004,"25":3.525,"26":4.669},"TimeNeg":{"0":-0.614,"1":-0.554,"2":-0.706,"3":-0.5815,"4":-0.677,"5":-0.67,"6":-0.512,"7":-0.83,"8":-0.945,"9":-0.713,"10":-0.995,"11":-1.108,"12":-1.004,"13":-0.847,"14":-0.945,"15":-1.441,"16":-1.628,"17":-1.535,"18":-2.154,"19":-1.802,"20":-1.474,"21":-2.723,"22":-2.051,"23":-1.976,"24":-3.785,"25":-4.041,"26":-4.598},"Rate":{"0":48.85701,"1":55.87883,"2":49.70254,"3":68.11422,"4":50.94682,"5":55.94331,"6":54.7312,"7":43.9388,"8":31.86586,"9":37.70536,"10":24.26485,"11":23.25075,"12":23.35122,"13":29.93459,"14":28.2452,"15":19.42045,"16":16.24513,"17":17.1873,"18":14.11463,"19":9.568274,"20":9.514558,"21":7.454969,"22":9.40935,"23":8.585479,"24":4.974843,"25":4.610493,"26":3.862518},"RatePos":{"0":8.706853,"1":9.957009,"2":8.776618,"3":11.85614,"4":8.822369,"5":9.678901,"6":9.022592,"7":7.277279,"8":5.18519,"9":6.178215,"10":3.784378,"11":3.587178,"12":3.654212,"13":4.664434,"14":4.386613,"15":2.936148,"16":2.44939,"17":2.587524,"18":2.120773,"19":1.726968,"20":1.771596,"21":1.366465,"22":1.780932,"23":1.624765,"24":0.9413889,"25":0.8725971,"26":0.7078674},"RateNeg":{"0":-8.008271,"1":-9.148492,"2":-8.268044,"3":-11.4293,"4":-8.68862,"5":-9.61404,"6":-8.972024,"7":-7.241993,"8":-5.16163,"9":-6.157412,"10":-3.775034,"11":-3.583196,"12":-3.652172,"13":-4.662573,"14":-4.384728,"15":-2.934015,"16":-2.447132,"17":-2.58488,"18":-2.118412,"19":-1.725618,"20":-1.770294,"21":-1.365447,"22":-1.779708,"23":-1.623661,"24":-0.9407544,"25":-0.8719997,"26":-0.7073426},"FracExp":{"0":1.0,"1":1.0,"2":1.0,"3":1.0,"4":1.0,"5":1.0,"6":1.0,"7":1.0,"8":1.0,"9":1.0,"10":1.0,"11":1.0,"12":1.0,"13":1.0,"14":1.0,"15":1.0,"16":1.0,"17":1.0,"18":1.0,"19":1.0,"20":1.0,"21":1.0,"22":1.0,"23":1.0,"24":1.0,"25":1.0,"26":1.0},"BGrate":{"0":0.0,"1":0.0,"2":0.0,"3":0.0,"4":0.5582121,"5":1.246063,"6":0.0,"7":0.4814269,"8":0.3907799,"9":1.006177,"10":0.0,"11":0.0,"12":0.3065289,"13":0.4000735,"14":0.3862499,"15":0.0,"16":0.0,"17":0.0,"18":0.0,"19":0.0,"20":0.1933119,"21":0.0,"22":0.1995413,"23":0.182033,"24":0.1054697,"25":0.09463294,"26":0.0},"BGerr":{"0":0.0,"1":0.0,"2":0.0,"3":0.0,"4":0.5582121,"5":0.8810998,"6":0.0,"7":0.4814269,"8":0.3907799,"9":0.7114749,"10":0.0,"11":0.0,"12":0.3065289,"13":0.4000735,"14":0.3862499,"15":0.0,"16":0.0,"17":0.0,"18":0.0,"19":0.0,"20":0.1933119,"21":0.0,"22":0.1995413,"23":0.182033,"24":0.1054697,"25":0.09463294,"26":0.0},"CorrFact":{"0":1.475755,"1":1.475755,"2":1.475755,"3":1.475755,"4":1.475755,"5":1.475755,"6":1.475755,"7":1.475755,"8":1.31853,"9":1.231785,"10":1.231785,"11":1.231785,"12":1.231785,"13":1.209846,"14":1.182423,"15":1.182423,"16":1.182423,"17":1.177598,"18":1.16965,"19":1.16965,"20":1.163752,"21":1.153029,"22":1.153029,"23":1.153261,"24":1.153361,"25":1.191292,"26":1.193187},"CtsInSrc":{"0":45.0,"1":45.0,"2":45.0,"3":45.0,"4":45.0,"5":45.0,"6":45.0,"7":45.0,"8":45.0,"9":45.0,"10":45.0,"11":45.0,"12":45.0,"13":45.0,"14":45.0,"15":45.0,"16":45.0,"17":45.0,"18":45.0,"19":31.0,"20":31.0,"21":30.0,"22":30.0,"23":30.0,"24":30.0,"25":30.0,"26":30.0},"BGInSrc":{"0":0.0,"1":0.0,"2":0.0,"3":0.0,"4":0.716049,"5":1.432099,"6":0.0,"7":0.716049,"8":0.716049,"9":1.432099,"10":0.0,"11":0.0,"12":0.716049,"13":0.716049,"14":0.716049,"15":0.0,"16":0.0,"17":0.0,"18":0.0,"19":0.0,"20":0.716049,"21":0.0,"22":0.716049,"23":0.716049,"24":0.716049,"25":0.716049,"26":0.0},"Exposure":{"0":1.359252,"1":1.188446,"2":1.336129,"3":0.974965,"4":1.282755,"5":1.149299,"6":1.213366,"7":1.487348,"8":1.83236,"9":1.423306,"10":2.284387,"11":2.384023,"12":2.335993,"13":1.789795,"14":1.85385,"15":2.739846,"16":3.275384,"17":3.0832,"18":3.729056,"19":3.789519,"20":3.704115,"21":4.639974,"22":3.588478,"23":3.933623,"24":6.78915,"25":7.566597,"26":9.267426},"Sigma":{"0":1000.0,"1":1000.0,"2":1000.0,"3":1000.0,"4":61.844828,"5":43.02379,"6":1000.0,"7":61.844828,"8":61.844828,"9":43.02379,"10":1000.0,"11":1000.0,"12":61.844828,"13":61.844828,"14":61.844828,"15":1000.0,"16":1000.0,"17":1000.0,"18":1000.0,"19":1000.0,"20":42.293103,"21":1000.0,"22":40.896552,"23":40.896552,"24":40.896552,"25":40.896552,"26":1000.0},"SNR":{"0":6.100818,"1":6.107983,"2":6.011402,"3":5.959613,"4":5.863626,"5":5.818918,"6":6.100207,"7":6.067225,"8":6.173604,"9":6.123572,"10":6.427717,"11":6.488829,"12":6.393789,"13":6.420187,"14":6.441722,"15":6.61907,"16":6.638435,"17":6.649168,"18":6.662839,"19":5.544838,"20":5.374564,"21":5.459729,"22":5.28702,"23":5.287729,"24":5.288142,"25":5.287264,"26":5.460605},"SYS_NEG":{"0":0.931845,"1":0.932309,"2":0.926174,"3":0.922972,"4":0.92334,"5":0.927294,"6":0.931806,"7":0.937091,"8":0.94496,"9":0.9508,"10":0.955483,"11":0.960911,"12":0.964597,"13":0.967555,"14":0.970155,"15":0.975454,"16":0.978331,"17":0.980091,"18":0.982575,"19":0.983651,"20":0.983928,"21":0.985372,"22":0.986087,"23":0.986436,"24":0.986643,"25":0.986206,"26":0.985744},"SYS_POS":{"0":1.097657,"1":1.097618,"2":1.094654,"3":1.089864,"4":1.082335,"5":1.075406,"6":1.070386,"7":1.064984,"8":1.057179,"9":1.051001,"10":1.045844,"11":1.039759,"12":1.035787,"13":1.032742,"14":1.03019,"15":1.025214,"16":1.022615,"17":1.021039,"18":1.018812,"19":1.017838,"20":1.017586,"21":1.01625,"22":1.015583,"23":1.015253,"24":1.015055,"25":1.01547,"26":1.015906}}