{"Time":{"0":58.376,"1":62.923,"2":68.413,"3":73.772,"4":78.683,"5":83.979,"6":88.845,"7":92.952,"8":98.105,"9":105.828,"10":113.802,"11":124.513,"12":134.212,"13":142.566,"14":153.734,"15":164.277,"16":172.857,"17":185.751},"TimePos":{"0":2.232,"1":3.012,"2":2.959,"3":2.436,"4":2.727,"5":2.296,"6":1.499,"7":2.241,"8":2.484,"9":2.906,"10":5.581,"11":4.113,"12":4.898,"13":5.301,"14":5.69,"15":4.56,"16":5.339,"17":5.403},"TimeNeg":{"0":-2.443,"1":-2.315,"2":-2.478,"3":-2.4,"4":-2.475,"5":-2.57,"6":-2.57,"7":-2.607,"8":-2.912,"9":-5.239,"10":-5.069,"11":-5.129,"12":-5.586,"13":-3.456,"14":-5.867,"15":-4.853,"16":-4.019,"17":-7.556},"Rate":{"0":14.29571,"1":12.35598,"2":7.001381,"3":7.465617,"4":10.7573,"5":9.815727,"6":8.500064,"7":7.474531,"8":6.273252,"9":4.048862,"10":3.248405,"11":3.503718,"12":3.311967,"13":3.920641,"14":2.658116,"15":3.273021,"16":3.348474,"17":1.934812},"RatePos":{"0":2.573392,"1":2.146805,"2":1.381836,"3":1.529155,"4":1.720298,"5":1.663141,"6":1.773141,"7":1.462762,"8":1.305996,"9":0.8419545,"10":0.6340398,"11":0.7519892,"12":0.6467276,"13":0.7995236,"14":0.6098577,"15":0.7514988,"16":0.7692565,"17":0.5953031},"RateNeg":{"0":-2.66266,"1":-2.250175,"2":-1.428306,"3":-1.560392,"4":-1.768201,"5":-1.694879,"6":-1.788175,"7":-1.474175,"8":-1.314339,"9":-0.8463339,"10":-0.6372544,"11":-0.7553126,"12":-0.6502952,"13":-0.8045042,"14":-0.6127404,"15":-0.7556406,"16":-0.7739518,"17":-0.5973169},"FracExp":{"0":1.0,"1":1.0,"2":1.0,"3":1.0,"4":1.0,"5":1.0,"6":1.0,"7":1.0,"8":1.0,"9":1.0,"10":1.0,"11":1.0,"12":1.0,"13":1.0,"14":1.0,"15":1.0,"16":1.0,"17":1.0},"BGrate":{"0":0.1452264,"1":0.2549485,"2":0.1248878,"3":0.4212558,"4":0.2610519,"5":0.1395454,"6":0.6675245,"7":0.2801156,"8":0.5033387,"9":0.3334706,"10":0.1275163,"11":0.3673316,"12":0.129529,"13":0.3101634,"14":0.411268,"15":0.5049332,"16":0.5079079,"17":0.7859486},"BGerr":{"0":0.1452264,"1":0.1802758,"2":0.1248878,"3":0.2432121,"4":0.1845916,"5":0.1395454,"6":0.3337623,"7":0.1980716,"8":0.2516694,"9":0.1667353,"10":0.09016766,"11":0.1642757,"12":0.0915908,"13":0.1550817,"14":0.1554447,"15":0.1908468,"16":0.1919711,"17":0.2029311},"CorrFact":{"0":1.508093,"1":1.508093,"2":1.298263,"3":1.291028,"4":1.282271,"5":1.279769,"6":1.267609,"7":1.265177,"8":1.240689,"9":1.208665,"10":1.207839,"11":1.217184,"12":1.212338,"13":1.213847,"14":1.216792,"15":1.220344,"16":1.241165,"17":1.265387},"CtsInSrc":{"0":45.0,"1":45.0,"2":30.0,"3":30.0,"4":45.0,"5":38.0,"6":30.0,"7":30.0,"8":30.0,"9":30.0,"10":30.0,"11":30.0,"12":30.0,"13":31.0,"14":30.0,"15":30.0,"16":30.0,"17":30.0},"BGInSrc":{"0":0.679012,"1":1.358025,"2":0.679012,"3":2.037037,"4":1.358025,"5":0.679012,"6":2.716049,"7":1.358025,"8":2.716049,"9":2.716049,"10":1.358025,"11":3.395062,"12":1.358025,"13":2.716049,"14":4.753086,"15":4.753086,"16":4.753086,"17":10.185185},"Exposure":{"0":4.675542,"1":5.326663,"2":5.436979,"3":4.83563,"4":5.202126,"5":4.865889,"6":4.068838,"7":4.848087,"8":5.396067,"9":8.144794,"10":10.649811,"11":9.242498,"12":10.484333,"13":8.756834,"14":11.557151,"15":9.413297,"16":9.358166,"17":12.959098},"Sigma":{"0":65.272727,"1":45.447681,"2":43.181818,"3":23.776334,"4":45.447681,"5":54.963636,"6":20.090909,"7":29.82705,"8":20.090909,"9":20.090909,"10":29.82705,"11":17.522642,"12":29.82705,"13":20.827273,"14":14.053406,"15":14.053406,"16":14.053406,"17":7.534713},"SNR":{"0":5.368956,"1":5.491121,"2":4.901877,"3":4.784448,"4":6.083756,"5":5.791402,"6":4.753487,"7":5.070315,"8":4.772933,"9":4.784001,"10":5.097501,"11":4.638766,"12":5.093021,"13":4.873363,"14":4.338078,"15":4.331452,"16":4.326464,"17":3.239172},"SYS_NEG":{"0":0.892537,"1":0.904848,"2":0.921348,"3":0.94042,"4":0.94608,"5":0.953077,"6":0.961545,"7":0.965287,"8":0.966551,"9":0.969735,"10":0.971871,"11":0.971155,"12":0.970692,"13":0.967602,"14":0.968236,"15":0.965771,"16":0.964019,"17":0.964142},"SYS_POS":{"0":1.096235,"1":1.077954,"2":1.059347,"3":1.04264,"4":1.038252,"5":1.0331,"6":1.027161,"7":1.024598,"8":1.023735,"9":1.021563,"10":1.020099,"11":1.020591,"12":1.020907,"13":1.02302,"14":1.022586,"15":1.024268,"16":1.025464,"17":1.025382}}