{"Time":{"0":70.038,"1":73.777,"2":80.04},"TimePos":{"0":1.622,"1":1.777,"2":3.665},"TimeNeg":{"0":-1.737,"1":-2.117,"2":-4.486},"Rate":{"0":9.702842,"1":7.93232,"2":3.792182},"RatePos":{"0":1.771492,"1":1.558737,"2":0.7451813},"RateNeg":{"0":-1.771491,"1":-1.558737,"2":-0.7451809},"FracExp":{"0":1.0,"1":1.0,"2":1.0},"BGrate":{"0":0.0,"1":0.401616,"2":0.1919129},"BGerr":{"0":0.0,"1":0.2839854,"2":0.1357029},"CorrFact":{"0":1.086394,"1":1.086394,"2":1.086884},"CtsInSrc":{"0":30.0,"1":30.0,"2":30.0},"BGInSrc":{"0":0.0,"1":1.564103,"2":1.564103},"Exposure":{"0":3.358999,"1":3.894522,"2":8.150067},"Sigma":{"0":1000.0,"1":25.710866,"2":25.710866},"SNR":{"0":5.477216,"1":5.088942,"2":5.088941},"SYS_NEG":{"0":0.999666,"1":0.999655,"2":0.999639},"SYS_POS":{"0":1.000385,"1":1.000397,"2":1.000416}}