{"Time":{"0":130.476,"1":133.034,"2":134.988,"3":137.336,"4":139.366,"5":141.868,"6":144.112,"7":146.433,"8":149.026,"9":151.469,"10":154.685,"11":158.43,"12":161.376,"13":164.35,"14":168.032,"15":172.519,"16":176.739,"17":180.698,"18":185.27,"19":189.652,"20":193.318,"21":197.8,"22":202.167,"23":206.034,"24":210.396,"25":214.262,"26":218.158,"27":222.517,"28":227.409,"29":231.682},"TimePos":{"0":1.157,"1":0.868,"2":0.929,"3":0.915,"4":1.129,"5":1.081,"6":1.322,"7":1.05,"8":0.893,"9":1.428,"10":2.199,"11":1.872,"12":1.018,"13":1.471,"14":2.112,"15":1.935,"16":2.277,"17":2.328,"18":2.053,"19":2.012,"20":2.13,"21":2.223,"22":1.986,"23":1.759,"24":2.072,"25":1.634,"26":2.307,"27":2.136,"28":2.453,"29":1.968},"TimeNeg":{"0":-1.25,"1":-1.401,"2":-1.087,"3":-1.419,"4":-1.115,"5":-1.374,"6":-1.162,"7":-0.999,"8":-1.543,"9":-1.55,"10":-1.788,"11":-1.546,"12":-1.075,"13":-1.956,"14":-2.212,"15":-2.376,"16":-2.284,"17":-1.682,"18":-2.243,"19":-2.329,"20":-1.654,"21":-2.351,"22":-2.145,"23":-1.881,"24":-2.602,"25":-1.794,"26":-2.262,"27":-2.052,"28":-2.757,"29":-1.82},"Rate":{"0":21.24785,"1":22.22586,"2":24.64965,"3":21.91203,"4":22.77441,"5":20.76728,"6":20.52954,"7":24.87747,"8":20.03838,"9":16.86257,"10":12.41106,"11":14.6912,"12":24.34466,"13":14.8646,"14":11.7815,"15":11.81932,"16":11.17103,"17":9.318691,"18":7.906256,"19":7.65783,"20":9.719148,"21":7.649844,"22":8.445566,"23":9.333881,"24":10.90427,"25":9.699276,"26":10.99891,"27":8.115023,"28":6.524088,"29":9.271638},"RatePos":{"0":3.16749,"1":3.376585,"2":3.817001,"3":3.266484,"4":3.395037,"5":3.095824,"6":3.060382,"7":3.708536,"8":3.163305,"9":2.561771,"10":1.921847,"11":2.231905,"12":3.629136,"13":2.215915,"14":1.756313,"15":1.761958,"16":1.665309,"17":1.622197,"18":1.4435,"19":1.438498,"20":1.718153,"21":1.396689,"22":1.541967,"23":1.704152,"24":1.625551,"25":1.821975,"26":1.670984,"27":1.481617,"28":1.191147,"29":1.665259},"RateNeg":{"0":-3.167666,"1":-3.376747,"2":-3.817165,"3":-3.266615,"4":-3.395157,"5":-3.095916,"6":-3.060463,"7":-3.708631,"8":-3.163372,"9":-2.561828,"10":-1.921889,"11":-2.23196,"12":-3.629238,"13":-2.215981,"14":-1.756371,"15":-1.762023,"16":-1.665365,"17":-1.622236,"18":-1.443537,"19":-1.438534,"20":-1.718205,"21":-1.396727,"22":-1.542007,"23":-1.704196,"24":-1.625615,"25":-1.82202,"26":-1.671042,"27":-1.481655,"28":-1.191176,"29":-1.6653},"FracExp":{"0":1.0,"1":1.0,"2":1.0,"3":1.0,"4":1.0,"5":1.0,"6":1.0,"7":1.0,"8":1.0,"9":1.0,"10":1.0,"11":1.0,"12":1.0,"13":1.0,"14":1.0,"15":1.0,"16":1.0,"17":1.0,"18":1.0,"19":1.0,"20":1.0,"21":1.0,"22":1.0,"23":1.0,"24":1.0,"25":1.0,"26":1.0,"27":1.0,"28":1.0,"29":1.0},"BGrate":{"0":0.0,"1":0.2830086,"2":0.6369614,"3":0.0,"4":0.0,"5":0.0,"6":0.0,"7":0.0,"8":0.7907364,"9":0.215554,"10":0.3220327,"11":0.1878396,"12":0.0,"13":0.0,"14":0.0,"15":0.0,"16":0.0,"17":0.0,"18":0.0,"19":0.147885,"20":0.0,"21":0.0,"22":0.0,"23":0.0,"24":0.0,"25":0.1872527,"26":0.1405126,"27":0.0,"28":0.0,"29":0.0},"BGerr":{"0":0.0,"1":0.2830086,"2":0.4503997,"3":0.0,"4":0.0,"5":0.0,"6":0.0,"7":0.0,"8":0.4565319,"9":0.215554,"10":0.2277115,"11":0.1878396,"12":0.0,"13":0.0,"14":0.0,"15":0.0,"16":0.0,"17":0.0,"18":0.0,"19":0.147885,"20":0.0,"21":0.0,"22":0.0,"23":0.0,"24":0.0,"25":0.1872527,"26":0.1405126,"27":0.0,"28":0.0,"29":0.0},"CorrFact":{"0":1.136593,"1":1.136593,"2":1.136593,"3":1.136593,"4":1.135417,"5":1.133064,"6":1.133064,"7":1.133064,"8":1.133064,"9":1.132176,"10":1.131922,"11":1.131922,"12":1.131897,"13":1.131886,"14":1.131886,"15":1.132238,"16":1.132414,"17":1.132409,"18":1.13233,"19":1.13233,"20":1.149355,"21":1.16638,"22":1.162995,"23":1.132533,"24":1.132533,"25":1.132668,"26":1.132871,"27":1.132871,"28":1.132862,"29":1.132861},"CtsInSrc":{"0":45.0,"1":45.0,"2":45.0,"3":45.0,"4":45.0,"5":45.0,"6":45.0,"7":45.0,"8":45.0,"9":45.0,"10":45.0,"11":45.0,"12":45.0,"13":45.0,"14":45.0,"15":45.0,"16":45.0,"17":33.0,"18":30.0,"19":30.0,"20":32.0,"21":30.0,"22":30.0,"23":30.0,"24":45.0,"25":30.0,"26":45.0,"27":30.0,"28":30.0,"29":31.0},"BGInSrc":{"0":0.0,"1":0.641975,"2":1.283951,"3":0.0,"4":0.0,"5":0.0,"6":0.0,"7":0.0,"8":1.925926,"9":0.641975,"10":1.283951,"11":0.641975,"12":0.0,"13":0.0,"14":0.0,"15":0.0,"16":0.0,"17":0.0,"18":0.0,"19":0.641975,"20":0.0,"21":0.0,"22":0.0,"23":0.0,"24":0.0,"25":0.641975,"26":0.641975,"27":0.0,"28":0.0,"29":0.0},"Exposure":{"0":2.407147,"1":2.268395,"2":2.015743,"3":2.334183,"4":2.243472,"5":2.455204,"6":2.483636,"7":2.049562,"8":2.435611,"9":2.978257,"10":3.98702,"11":3.417678,"12":2.092261,"13":3.426591,"14":4.323294,"15":4.3108,"16":4.561678,"17":4.010167,"18":4.296587,"19":4.341045,"20":3.784217,"21":4.574132,"22":4.131144,"23":3.64007,"24":4.673764,"25":3.42839,"26":4.568809,"27":4.188052,"28":5.20929,"29":3.787754},"Sigma":{"0":1000.0,"1":69.096154,"2":48.151252,"3":1000.0,"4":1000.0,"5":1000.0,"6":1000.0,"7":1000.0,"8":38.737982,"9":69.096154,"10":48.151252,"11":69.096154,"12":1000.0,"13":1000.0,"14":1000.0,"15":1000.0,"16":1000.0,"17":1000.0,"18":1000.0,"19":45.730769,"20":1000.0,"21":1000.0,"22":1000.0,"23":1000.0,"24":1000.0,"25":45.730769,"26":69.096154,"27":1000.0,"28":1000.0,"29":1000.0},"SNR":{"0":6.70773,"1":6.582032,"2":6.457581,"3":6.707871,"4":6.707912,"5":6.70796,"6":6.707985,"7":6.707992,"8":6.3345,"9":6.582241,"10":6.45774,"11":6.582199,"12":6.707926,"13":6.707908,"14":6.707865,"15":6.707812,"16":6.707858,"17":5.744348,"18":5.477004,"19":5.323358,"20":5.656569,"21":5.476978,"22":5.476995,"23":5.477001,"24":6.70778,"25":5.323365,"26":6.582068,"27":5.476999,"28":5.477016,"29":5.567549},"SYS_NEG":{"0":0.998228,"1":0.99833,"2":0.998396,"3":0.998514,"4":0.99861,"5":0.998729,"6":0.998796,"7":0.998815,"8":0.998847,"9":0.998849,"10":0.998819,"11":0.998727,"12":0.998642,"13":0.998599,"14":0.998501,"15":0.998388,"16":0.998485,"17":0.998495,"18":0.998358,"19":0.998301,"20":0.998226,"21":0.998263,"22":0.998326,"23":0.998347,"24":0.998324,"25":0.998329,"26":0.998406,"27":0.998341,"28":0.998404,"29":0.998421},"SYS_POS":{"0":1.000821,"1":1.000756,"2":1.000716,"3":1.000648,"4":1.000601,"5":1.000546,"6":1.000524,"7":1.000521,"8":1.000524,"9":1.000547,"10":1.000594,"11":1.000691,"12":1.000768,"13":1.000806,"14":1.000888,"15":1.000981,"16":1.000901,"17":1.000894,"18":1.001005,"19":1.001051,"20":1.001111,"21":1.001081,"22":1.001031,"23":1.001014,"24":1.001033,"25":1.001028,"26":1.000967,"27":1.001019,"28":1.000968,"29":1.000954}}