{"Time":{"0":100.974,"1":102.531,"2":104.756,"3":107.245,"4":109.143,"5":111.327,"6":113.75,"7":116.287,"8":118.26,"9":120.475,"10":122.629,"11":125.454,"12":127.59,"13":129.57,"14":131.595,"15":133.267,"16":135.416,"17":137.694,"18":139.594,"19":141.519,"20":143.77,"21":146.211,"22":148.851,"23":151.4,"24":153.975,"25":156.072,"26":158.432,"27":161.61,"28":163.9,"29":166.355,"30":169.213,"31":171.913,"32":175.29,"33":178.372,"34":180.899,"35":183.777,"36":186.833,"37":190.896,"38":194.137,"39":198.223,"40":202.256,"41":206.044,"42":209.615,"43":213.86,"44":217.821,"45":221.655,"46":224.948,"47":229.823,"48":235.072,"49":239.186,"50":243.732,"51":250.203,"52":255.854},"TimePos":{"0":0.69,"1":0.992,"2":1.222,"3":0.94,"4":1.13,"5":1.119,"6":1.516,"7":0.78,"8":1.067,"9":0.751,"10":1.555,"11":1.07,"12":0.804,"13":1.312,"14":0.718,"15":0.955,"16":1.001,"17":0.95,"18":0.807,"19":1.038,"20":1.159,"21":1.037,"22":1.136,"23":1.293,"24":0.963,"25":1.101,"26":1.774,"27":0.947,"28":1.429,"29":1.646,"30":1.143,"31":1.739,"32":1.456,"33":1.499,"34":1.413,"35":1.673,"36":2.069,"37":1.592,"38":1.612,"39":2.219,"40":1.803,"41":2.084,"42":2.314,"43":2.431,"44":1.773,"45":1.747,"46":2.155,"47":2.939,"48":2.34,"49":1.644,"50":3.389,"51":2.178,"52":2.796},"TimeNeg":{"0":-0.692,"1":-0.867,"2":-1.233,"3":-1.266,"4":-0.959,"5":-1.053,"6":-1.304,"7":-1.021,"8":-1.194,"9":-1.147,"10":-1.403,"11":-1.27,"12":-1.066,"13":-1.177,"14":-0.712,"15":-0.954,"16":-1.194,"17":-1.276,"18":-0.951,"19":-1.118,"20":-1.212,"21":-1.283,"22":-1.602,"23":-1.413,"24":-1.282,"25":-1.134,"26":-1.26,"27":-1.404,"28":-1.343,"29":-1.026,"30":-1.213,"31":-1.558,"32":-1.638,"33":-1.625,"34":-1.028,"35":-1.465,"36":-1.383,"37":-1.994,"38":-1.649,"39":-2.474,"40":-1.814,"41":-1.985,"42":-1.486,"43":-1.931,"44":-1.53,"45":-2.06,"46":-1.546,"47":-2.721,"48":-2.31,"49":-1.773,"50":-2.902,"51":-3.081,"52":-3.474},"Rate":{"0":35.24306,"1":25.80932,"2":19.84361,"3":22.08374,"4":22.97341,"5":21.79852,"6":17.06742,"7":26.32134,"8":21.76384,"9":25.74173,"10":16.40306,"11":20.91142,"12":25.76968,"13":19.49939,"14":34.20883,"15":25.27346,"16":22.31276,"17":22.0095,"18":27.44775,"19":22.71787,"20":20.65353,"21":21.11264,"22":17.61879,"23":17.82726,"24":21.81738,"25":21.92272,"26":15.66205,"27":20.21454,"28":17.66518,"29":18.311,"30":20.77301,"31":14.84262,"32":15.85816,"33":15.87384,"34":20.62788,"35":16.04378,"36":13.53158,"37":13.6387,"38":14.77409,"39":10.42277,"40":13.52452,"41":9.983446,"42":9.412818,"43":11.53093,"44":9.976699,"45":8.169643,"46":8.604483,"47":5.885219,"48":7.046221,"49":9.810556,"50":5.088687,"51":6.37572,"52":5.34805},"RatePos":{"0":5.253732,"1":3.926336,"2":2.958115,"3":3.292054,"4":3.494913,"5":3.384808,"6":2.596443,"7":4.087098,"8":3.273265,"9":3.837355,"10":2.516927,"11":3.117294,"12":3.920304,"13":2.992037,"14":5.099557,"15":3.844815,"16":3.326194,"17":3.280986,"18":4.175586,"19":3.386584,"20":3.078849,"21":3.147289,"22":2.680321,"23":2.712035,"24":3.252347,"25":3.268049,"26":2.431956,"27":3.138851,"28":2.633372,"29":2.729645,"30":3.09666,"31":2.21261,"32":2.41248,"33":2.414864,"34":3.075026,"35":2.391667,"36":2.145037,"37":2.033139,"38":2.247561,"39":1.553736,"40":2.016118,"41":1.64127,"42":1.663968,"43":1.718931,"44":1.821489,"45":1.586116,"46":1.619642,"47":1.07449,"48":1.326327,"49":1.791156,"50":0.9879561,"51":1.164043,"52":0.9764166},"RateNeg":{"0":-5.253731,"1":-3.926335,"2":-2.958114,"3":-3.292053,"4":-3.494912,"5":-3.384807,"6":-2.596442,"7":-4.087097,"8":-3.273264,"9":-3.837354,"10":-2.516927,"11":-3.117293,"12":-3.920303,"13":-2.992036,"14":-5.099556,"15":-3.844814,"16":-3.326193,"17":-3.280985,"18":-4.175585,"19":-3.386583,"20":-3.078849,"21":-3.147289,"22":-2.68032,"23":-2.712034,"24":-3.252346,"25":-3.268048,"26":-2.431955,"27":-3.138851,"28":-2.633371,"29":-2.729645,"30":-3.09666,"31":-2.21261,"32":-2.412479,"33":-2.414863,"34":-3.075026,"35":-2.391667,"36":-2.145037,"37":-2.033139,"38":-2.247561,"39":-1.553736,"40":-2.016118,"41":-1.64127,"42":-1.663968,"43":-1.71893,"44":-1.821489,"45":-1.586116,"46":-1.619641,"47":-1.07449,"48":-1.326326,"49":-1.791155,"50":-0.987956,"51":-1.164043,"52":-0.9764164},"FracExp":{"0":1.0,"1":1.0,"2":1.0,"3":1.0,"4":1.0,"5":1.0,"6":1.0,"7":1.0,"8":1.0,"9":1.0,"10":1.0,"11":1.0,"12":1.0,"13":1.0,"14":1.0,"15":1.0,"16":1.0,"17":1.0,"18":1.0,"19":1.0,"20":1.0,"21":1.0,"22":1.0,"23":1.0,"24":1.0,"25":1.0,"26":1.0,"27":1.0,"28":1.0,"29":1.0,"30":1.0,"31":1.0,"32":1.0,"33":1.0,"34":1.0,"35":1.0,"36":1.0,"37":1.0,"38":1.0,"39":1.0,"40":1.0,"41":1.0,"42":1.0,"43":1.0,"44":1.0,"45":1.0,"46":1.0,"47":1.0,"48":1.0,"49":1.0,"50":1.0,"51":1.0,"52":1.0},"BGrate":{"0":0.0,"1":0.3652213,"2":0.0,"3":0.0,"4":0.3250911,"5":0.6251549,"6":0.2407948,"7":0.7542621,"8":0.3002788,"9":0.0,"10":0.458997,"11":0.0,"12":0.3631413,"13":0.5456119,"14":0.0,"15":0.3556913,"16":0.0,"17":0.0,"18":0.3862916,"19":0.0,"20":0.0,"21":0.0,"22":0.2479902,"23":0.2509245,"24":0.0,"25":0.0,"26":0.4476925,"27":0.577823,"28":0.0,"29":0.0,"30":0.0,"31":0.0,"32":0.2194686,"33":0.217345,"34":0.0,"35":0.0,"36":0.5901959,"37":0.0,"38":0.208215,"39":0.0,"40":0.0,"41":0.0,"42":0.0,"43":0.0,"44":0.0,"45":0.356691,"46":0.1834882,"47":0.0,"48":0.1460052,"49":0.0,"50":0.2158696,"51":0.0,"52":0.0},"BGerr":{"0":0.0,"1":0.3652213,"2":0.0,"3":0.0,"4":0.3250911,"5":0.4420513,"6":0.2407948,"7":0.5333438,"8":0.3002788,"9":0.0,"10":0.3245599,"11":0.0,"12":0.3631413,"13":0.3858059,"14":0.0,"15":0.3556913,"16":0.0,"17":0.0,"18":0.3862916,"19":0.0,"20":0.0,"21":0.0,"22":0.2479902,"23":0.2509245,"24":0.0,"25":0.0,"26":0.3165664,"27":0.4085826,"28":0.0,"29":0.0,"30":0.0,"31":0.0,"32":0.2194686,"33":0.217345,"34":0.0,"35":0.0,"36":0.3407497,"37":0.0,"38":0.208215,"39":0.0,"40":0.0,"41":0.0,"42":0.0,"43":0.0,"44":0.0,"45":0.2522187,"46":0.1834882,"47":0.0,"48":0.1460052,"49":0.0,"50":0.1526429,"51":0.0,"52":0.0},"CorrFact":{"0":1.082652,"1":1.082652,"2":1.082652,"3":1.082652,"4":1.082652,"5":1.085032,"6":1.085898,"7":1.085898,"8":1.085898,"9":1.085898,"10":1.087124,"11":1.08718,"12":1.08718,"13":1.08718,"14":1.087398,"15":1.088578,"16":1.088578,"17":1.088578,"18":1.088578,"19":1.088578,"20":1.088472,"21":1.088453,"22":1.088453,"23":1.088453,"24":1.088564,"25":1.08861,"26":1.08861,"27":1.08861,"28":1.088113,"29":1.087369,"30":1.087369,"31":1.087369,"32":1.107003,"33":1.118924,"34":1.118924,"35":1.118924,"36":1.087069,"37":1.087069,"38":1.087069,"39":1.087052,"40":1.087051,"41":1.097865,"42":1.11783,"43":1.11783,"44":1.098711,"45":1.085964,"46":1.085964,"47":1.11022,"48":1.117602,"49":1.117648,"50":1.117684,"51":1.117676,"52":1.117672},"CtsInSrc":{"0":45.0,"1":45.0,"2":45.0,"3":45.0,"4":45.0,"5":45.0,"6":45.0,"7":45.0,"8":46.0,"9":45.0,"10":46.0,"11":45.0,"12":45.0,"13":46.0,"14":45.0,"15":45.0,"16":45.0,"17":45.0,"18":45.0,"19":45.0,"20":45.0,"21":45.0,"22":45.0,"23":45.0,"24":45.0,"25":45.0,"26":45.0,"27":45.0,"28":45.0,"29":45.0,"30":45.0,"31":45.0,"32":45.0,"33":45.0,"34":45.0,"35":45.0,"36":45.0,"37":45.0,"38":45.0,"39":45.0,"40":45.0,"41":37.0,"42":32.0,"43":45.0,"44":30.0,"45":30.0,"46":30.0,"47":30.0,"48":30.0,"49":30.0,"50":30.0,"51":30.0,"52":30.0},"BGInSrc":{"0":0.0,"1":0.679012,"2":0.0,"3":0.0,"4":0.679012,"5":1.358025,"6":0.679012,"7":1.358025,"8":0.679012,"9":0.0,"10":1.358025,"11":0.0,"12":0.679012,"13":1.358025,"14":0.0,"15":0.679012,"16":0.0,"17":0.0,"18":0.679012,"19":0.0,"20":0.0,"21":0.0,"22":0.679012,"23":0.679012,"24":0.0,"25":0.0,"26":1.358025,"27":1.358025,"28":0.0,"29":0.0,"30":0.0,"31":0.0,"32":0.679012,"33":0.679012,"34":0.0,"35":0.0,"36":2.037037,"37":0.0,"38":0.679012,"39":0.0,"40":0.0,"41":0.0,"42":0.0,"43":0.0,"44":0.0,"45":1.358025,"46":0.679012,"47":0.0,"48":0.679012,"49":0.0,"50":1.358025,"51":0.0,"52":0.0},"Exposure":{"0":1.382381,"1":1.85918,"2":2.455164,"3":2.206117,"4":2.088683,"5":2.172301,"6":2.819879,"7":1.800468,"8":2.261273,"9":1.898295,"10":2.958679,"11":2.33954,"12":1.869829,"13":2.488994,"14":1.430417,"15":1.908994,"16":2.195426,"17":2.225677,"18":1.757772,