{"Time":{"0":96.863,"1":100.918,"2":105.705,"3":110.286,"4":114.982,"5":119.464,"6":124.07,"7":129.197,"8":135.144,"9":141.896,"10":148.757,"11":155.141,"12":160.193},"TimePos":{"0":2.574,"1":2.207,"2":1.943,"3":2.6,"4":1.777,"5":2.098,"6":2.941,"7":2.597,"8":3.233,"9":3.108,"10":3.456,"11":3.315,"12":2.348},"TimeNeg":{"0":-2.341,"1":-1.481,"2":-2.58,"3":-2.638,"4":-2.096,"5":-2.705,"6":-2.507,"7":-2.187,"8":-3.35,"9":-3.519,"10":-3.753,"11":-2.928,"12":-1.737},"Rate":{"0":6.667016,"1":8.645221,"2":7.243877,"3":6.253554,"4":9.353881,"5":6.815661,"6":6.009885,"7":6.657447,"8":4.568762,"9":4.940061,"10":4.542001,"11":5.103149,"12":7.799289},"RatePos":{"0":1.217236,"1":1.640181,"2":1.322556,"3":1.141746,"4":1.659416,"5":1.244373,"6":1.097258,"7":1.263057,"8":0.9375441,"9":0.9019339,"10":0.829258,"11":0.9681739,"12":1.479688},"RateNeg":{"0":-1.21724,"1":-1.640185,"2":-1.322559,"3":-1.141749,"4":-1.65942,"5":-1.244375,"6":-1.09726,"7":-1.263059,"8":-0.9375457,"9":-0.9019358,"10":-0.8292598,"11":-0.9681759,"12":-1.479691},"FracExp":{"0":1.0,"1":1.0,"2":1.0,"3":1.0,"4":1.0,"5":1.0,"6":1.0,"7":1.0,"8":1.0,"9":1.0,"10":1.0,"11":1.0,"12":1.0},"BGrate":{"0":0.0,"1":0.2205289,"2":0.0,"3":0.0,"4":0.2099933,"5":0.0,"6":0.0,"7":0.1700093,"8":0.3706668,"9":0.0,"10":0.0,"11":0.1302809,"12":0.199109},"BGerr":{"0":0.0,"1":0.2205289,"2":0.0,"3":0.0,"4":0.2099933,"5":0.0,"6":0.0,"7":0.1700093,"8":0.2140046,"9":0.0,"10":0.0,"11":0.1302809,"12":0.199109},"CorrFact":{"0":1.092433,"1":1.092433,"2":1.092018,"3":1.091811,"4":1.09167,"5":1.091331,"6":1.091328,"7":1.091237,"8":1.091253,"9":1.091297,"10":1.091445,"11":1.091545,"12":1.091561},"CtsInSrc":{"0":30.0,"1":30.0,"2":30.0,"3":30.0,"4":34.0,"5":30.0,"6":30.0,"7":30.0,"8":30.0,"9":30.0,"10":30.0,"11":30.0,"12":30.0},"BGInSrc":{"0":0.0,"1":0.813333,"2":0.0,"3":0.0,"4":0.813333,"5":0.0,"6":0.0,"7":0.813333,"8":2.44,"9":0.0,"10":0.0,"11":0.813333,"12":0.813333},"Exposure":{"0":4.91569,"1":3.688104,"2":4.522516,"3":5.237714,"4":3.87314,"5":4.803634,"6":5.447666,"7":4.784052,"8":6.582731,"9":6.627226,"10":7.209013,"11":6.242921,"12":4.084864},"Sigma":{"0":1000.0,"1":35.885246,"2":1000.0,"3":1000.0,"4":40.803279,"5":1000.0,"6":1000.0,"7":35.885246,"8":19.563656,"9":1000.0,"10":1000.0,"11":35.885246,"12":35.885246},"SNR":{"0":5.47716,"1":5.270881,"2":5.477167,"3":5.47717,"4":5.636837,"5":5.477174,"6":5.477175,"7":5.270892,"8":4.873109,"9":5.477176,"10":5.477175,"11":5.27089,"12":5.27089},"SYS_NEG":{"0":0.999109,"1":0.999136,"2":0.999159,"3":0.999177,"4":0.9992,"5":0.999209,"6":0.999215,"7":0.999225,"8":0.999223,"9":0.999221,"10":0.999218,"11":0.999214,"12":0.999213},"SYS_POS":{"0":1.000775,"1":1.000752,"2":1.000733,"3":1.000717,"4":1.000698,"5":1.00069,"6":1.000685,"7":1.000677,"8":1.000679,"9":1.00068,"10":1.000683,"11":1.000686,"12":1.000687}}