{"Time":{"0":87.922,"1":93.722,"2":101.665,"3":109.26,"4":114.884,"5":121.069,"6":128.334,"7":135.609},"TimePos":{"0":1.957,"1":3.502,"2":4.067,"3":2.924,"4":1.878,"5":3.758,"6":4.128,"7":2.727},"TimeNeg":{"0":-2.162,"1":-3.842,"2":-4.441,"3":-3.529,"4":-2.699,"5":-4.307,"6":-3.508,"7":-3.146},"Rate":{"0":7.622852,"1":3.891109,"2":3.800908,"3":5.02119,"4":7.080172,"5":4.022222,"6":4.125216,"7":4.882092},"RatePos":{"0":1.509963,"1":0.8753236,"2":0.7226282,"3":0.954632,"4":1.346088,"5":0.7647096,"6":0.8171482,"7":1.098258},"RateNeg":{"0":-1.509954,"1":-0.8753193,"2":-0.7226229,"3":-0.9546241,"4":-1.346077,"5":-0.7647028,"6":-0.8171411,"7":-1.098251},"FracExp":{"0":1.0,"1":1.0,"2":1.0,"3":1.0,"4":1.0,"5":1.0,"6":1.0,"7":1.0},"BGrate":{"0":0.4114066,"1":0.5767965,"2":0.09958228,"3":0.1312941,"4":0.1850763,"5":0.1050524,"6":0.2219027,"7":0.7212987},"BGerr":{"0":0.2909084,"1":0.2579512,"2":0.09958228,"3":0.1312941,"4":0.1850763,"5":0.1050524,"6":0.1569089,"7":0.3225746},"CorrFact":{"0":1.10918,"1":1.109192,"2":1.109233,"3":1.111421,"4":1.111758,"5":1.112698,"6":1.112858,"7":1.112876},"CtsInSrc":{"0":30.0,"1":30.0,"2":30.0,"3":30.0,"4":30.0,"5":30.0,"6":30.0,"7":30.0},"BGInSrc":{"0":1.694444,"1":4.236111,"2":0.847222,"3":0.847222,"4":0.847222,"5":0.847222,"6":1.694444,"7":4.236111},"Exposure":{"0":4.118662,"1":7.344204,"2":8.507761,"3":6.452857,"4":4.577691,"5":8.064756,"6":7.63598,"7":5.872895},"Sigma":{"0":23.624322,"1":13.599692,"2":34.409836,"3":34.409836,"4":34.409836,"5":34.409836,"6":23.624322,"7":13.599692},"SNR":{"0":5.048399,"1":4.44536,"2":5.259877,"3":5.259861,"4":5.259857,"5":5.25985,"6":5.048352,"7":4.445334},"SYS_NEG":{"0":0.998846,"1":0.998777,"2":0.99875,"3":0.998664,"4":0.998646,"5":0.998609,"6":0.998567,"7":0.998556},"SYS_POS":{"0":1.001335,"1":1.001413,"2":1.001444,"3":1.001542,"4":1.001563,"5":1.001606,"6":1.001653,"7":1.001665}}