{"Time":{"0":88.422,"1":91.509,"2":94.787,"3":98.141,"4":102.023,"5":105.397,"6":109.351,"7":114.882,"8":120.339,"9":127.184,"10":139.081,"11":151.14},"TimePos":{"0":1.469,"1":1.558,"2":1.801,"3":2.192,"4":1.628,"5":1.977,"6":2.87,"7":2.433,"8":2.808,"9":4.828,"10":5.76,"11":6.111},"TimeNeg":{"0":-1.713,"1":-1.618,"2":-1.72,"3":-1.553,"4":-1.69,"5":-1.746,"6":-1.977,"7":-2.661,"8":-3.024,"9":-4.038,"10":-7.069,"11":-6.299},"Rate":{"0":15.22878,"1":15.55605,"2":9.353909,"3":8.793794,"4":9.084183,"5":8.594221,"6":6.960689,"7":6.654241,"8":5.514741,"9":3.611396,"10":2.423664,"11":2.653741},"RatePos":{"0":2.33214,"1":2.318988,"2":1.707797,"3":1.605534,"4":1.87598,"5":1.6339,"6":1.270855,"7":1.214905,"8":1.048442,"9":0.686585,"10":0.4800818,"11":0.4845096},"RateNeg":{"0":-2.332133,"1":-2.318981,"2":-1.707793,"3":-1.605531,"4":-1.875976,"5":-1.633896,"6":-1.270852,"7":-1.214902,"8":-1.048439,"9":-0.6865833,"10":-0.4800807,"11":-0.4845083},"FracExp":{"0":1.0,"1":1.0,"2":1.0,"3":1.0,"4":1.0,"5":1.0,"6":1.0,"7":1.0,"8":1.0,"9":1.0,"10":1.0,"11":1.0},"BGrate":{"0":0.2661806,"1":0.0,"2":0.0,"3":0.0,"4":0.7660008,"5":0.2275217,"6":0.0,"7":0.0,"8":0.1452719,"9":0.0955653,"10":0.1320766,"11":0.0},"BGerr":{"0":0.2661806,"1":0.0,"2":0.0,"3":0.0,"4":0.4422507,"5":0.2275217,"6":0.0,"7":0.0,"8":0.1452719,"9":0.0955653,"10":0.09339223,"11":0.0},"CorrFact":{"0":1.097812,"1":1.097812,"2":1.097812,"3":1.097769,"4":1.097744,"5":1.097744,"6":1.124464,"7":1.129808,"8":1.103217,"9":1.098227,"10":1.098506,"11":1.097711},"CtsInSrc":{"0":45.0,"1":45.0,"2":30.0,"3":30.0,"4":30.0,"5":30.0,"6":30.0,"7":30.0,"8":30.0,"9":30.0,"10":30.0,"11":30.0},"BGInSrc":{"0":0.847222,"1":0.0,"2":0.0,"3":0.0,"4":2.541667,"5":0.847222,"6":0.0,"7":0.0,"8":0.847222,"9":0.847222,"10":1.694444,"11":0.0},"Exposure":{"0":3.182885,"1":3.175713,"2":3.52092,"3":3.745035,"4":3.318099,"5":3.723699,"6":4.846349,"7":5.093631,"8":5.831977,"9":8.865375,"10":12.829259,"11":12.409394},"Sigma":{"0":52.114754,"1":1000.0,"2":1000.0,"3":1000.0,"4":18.711828,"5":34.409836,"6":1000.0,"7":1000.0,"8":34.409836,"9":34.409836,"10":23.624322,"11":1000.0},"SNR":{"0":6.529979,"1":6.708141,"2":5.47719,"3":5.477189,"4":4.842377,"5":5.259956,"6":5.477185,"7":5.477184,"8":5.259953,"9":5.259953,"10":5.048451,"11":5.477184},"SYS_NEG":{"0":0.999371,"1":0.999352,"2":0.99934,"3":0.999329,"4":0.999311,"5":0.999304,"6":0.999296,"7":0.999286,"8":0.999283,"9":0.999277,"10":0.99928,"11":0.999289},"SYS_POS":{"0":1.00073,"1":1.000752,"2":1.000766,"3":1.000779,"4":1.0008,"5":1.000807,"6":1.000816,"7":1.000828,"8":1.000832,"9":1.000838,"10":1.000835,"11":1.000825}}