{"Time":{"0":96.838,"1":99.911,"2":103.383,"3":107.083,"4":111.189,"5":114.482,"6":117.982,"7":122.447,"8":129.588,"9":136.21,"10":144.213,"11":154.998},"TimePos":{"0":1.435,"1":1.554,"2":1.768,"3":2.307,"4":1.534,"5":1.866,"6":1.974,"7":3.61,"8":3.205,"9":3.022,"10":4.846,"11":5.629},"TimeNeg":{"0":-1.337,"1":-1.638,"2":-1.919,"3":-1.932,"4":-1.798,"5":-1.759,"6":-1.634,"7":-2.491,"8":-3.531,"9":-3.417,"10":-4.982,"11":-5.939},"Rate":{"0":17.7047,"1":15.13572,"2":13.5206,"3":11.57139,"4":9.966748,"5":9.348383,"6":9.205493,"7":5.444401,"8":4.931999,"9":5.160276,"10":3.303899,"11":2.673268},"RatePos":{"0":2.694767,"1":2.352543,"2":2.015635,"3":1.761238,"4":1.819733,"5":1.752876,"6":1.68074,"7":0.9940429,"8":0.9004911,"9":0.9421688,"10":0.6223581,"11":0.5367211},"RateNeg":{"0":-2.695611,"1":-2.353296,"2":-2.016307,"3":-1.761787,"4":-1.820136,"5":-1.75325,"6":-1.681102,"7":-0.9942711,"8":-0.9007081,"9":-0.9423909,"10":-0.6224996,"11":-0.536829},"FracExp":{"0":1.0,"1":1.0,"2":1.0,"3":1.0,"4":1.0,"5":1.0,"6":1.0,"7":1.0,"8":1.0,"9":1.0,"10":1.0,"11":1.0},"BGrate":{"0":0.2494194,"1":0.4332163,"2":0.0,"3":0.1630708,"4":0.0,"5":0.3813528,"6":0.0,"7":0.0,"8":0.0,"9":0.0,"10":0.07034706,"11":0.1792971},"BGerr":{"0":0.2494194,"1":0.3063302,"2":0.0,"3":0.1630708,"4":0.0,"5":0.2696572,"6":0.0,"7":0.0,"8":0.0,"9":0.0,"10":0.07034706,"11":0.1035172},"CorrFact":{"0":1.107574,"1":1.107574,"2":1.107574,"3":1.107195,"4":1.107072,"5":1.107072,"6":1.107127,"7":1.107136,"8":1.107352,"9":1.107506,"10":1.107868,"11":1.107353},"CtsInSrc":{"0":45.0,"1":45.0,"2":45.0,"3":45.0,"4":30.0,"5":32.0,"6":30.0,"7":30.0,"8":30.0,"9":30.0,"10":30.0,"11":30.0},"BGInSrc":{"0":0.691358,"1":1.382716,"2":0.0,"3":0.691358,"4":0.0,"5":1.382716,"6":0.0,"7":0.0,"8":0.0,"9":0.0,"10":0.691358,"11":2.074074},"Exposure":{"0":2.771869,"1":3.191745,"2":3.68629,"3":4.23962,"4":3.332297,"5":3.625818,"6":3.608043,"7":6.100593,"8":6.735719,"9":6.438644,"10":9.827817,"11":11.567805},"Sigma":{"0":64.089286,"1":44.610862,"2":1000.0,"3":64.089286,"4":1000.0,"5":31.314729,"6":1000.0,"7":1000.0,"8":1000.0,"9":1000.0,"10":42.392857,"11":23.320827},"SNR":{"0":6.567972,"1":6.431713,"2":6.705625,"3":6.567986,"4":5.475825,"5":5.33203,"6":5.475867,"7":5.475771,"8":5.47569,"9":5.475728,"10":5.307472,"11":4.97974},"SYS_NEG":{"0":0.995912,"1":0.995766,"2":0.995865,"3":0.995924,"4":0.99587,"5":0.995834,"6":0.995933,"7":0.995791,"8":0.995676,"9":0.995729,"10":0.995666,"11":0.995656},"SYS_POS":{"0":1.001481,"1":1.001567,"2":1.001508,"3":1.001474,"4":1.001506,"5":1.001527,"6":1.001469,"7":1.001552,"8":1.00162,"9":1.001589,"10":1.001627,"11":1.001632}}