{"Time":{"0":159.5561,"1":160.3493,"2":161.0931,"3":161.8509,"4":162.5613,"5":163.4637,"6":164.1909,"7":164.9113,"8":165.6602,"9":166.6131,"10":167.436,"11":168.2027,"12":169.1786,"13":170.376,"14":171.5877,"15":172.492,"16":173.5171,"17":174.583,"18":176.011,"19":177.189,"20":178.364,"21":179.718,"22":181.215,"23":182.774,"24":184.38,"25":185.89,"26":188.051,"27":190.538,"28":192.759,"29":194.996,"30":197.549,"31":200.434,"32":203.498,"33":206.918,"34":211.136,"35":217.002,"36":220.978,"37":226.683,"38":232.149,"39":239.18,"40":245.851,"41":252.545,"42":260.285,"43":267.569,"44":276.159},"TimePos":{"0":0.4846,"1":0.3336,"2":0.3477,"3":0.3691,"4":0.4416,"5":0.3558,"6":0.3456,"7":0.328,"8":0.5255,"9":0.4693,"10":0.3207,"11":0.4685,"12":0.4284,"13":0.702,"14":0.4157,"15":0.564,"16":0.4256,"17":0.676,"18":0.631,"19":0.493,"20":0.715,"21":0.873,"22":0.648,"23":0.787,"24":0.663,"25":1.135,"26":1.411,"27":1.027,"28":0.811,"29":1.304,"30":1.175,"31":1.639,"32":1.43,"33":1.821,"34":2.963,"35":1.671,"36":2.801,"37":2.751,"38":3.656,"39":3.81,"40":3.315,"41":4.336,"42":3.823,"43":4.053,"44":4.241},"TimeNeg":{"0":-0.3569,"1":-0.3087,"2":-0.4102,"3":-0.4101,"4":-0.3413,"5":-0.4608,"6":-0.3714,"7":-0.3748,"8":-0.421,"9":-0.4274,"10":-0.3536,"11":-0.4459,"12":-0.5074,"13":-0.769,"14":-0.5094,"15":-0.489,"16":-0.4604,"17":-0.641,"18":-0.751,"19":-0.548,"20":-0.681,"21":-0.639,"22":-0.624,"23":-0.911,"24":-0.819,"25":-0.847,"26":-1.027,"27":-1.076,"28":-1.194,"29":-1.426,"30":-1.249,"31":-1.71,"32":-1.425,"33":-1.99,"34":-2.397,"35":-2.903,"36":-2.305,"37":-2.903,"38":-2.715,"39":-3.376,"40":-2.86,"41":-3.38,"42":-3.403,"43":-3.461,"44":-4.538},"Rate":{"0":110.1058,"1":98.82831,"2":82.52878,"3":81.45348,"4":79.90301,"5":79.45254,"6":88.52583,"7":87.69396,"8":66.0854,"9":70.78556,"10":94.13173,"11":69.4099,"12":65.8526,"13":48.79988,"14":79.22715,"15":69.58909,"16":82.72721,"17":54.86334,"18":50.70764,"19":67.35224,"20":51.71858,"21":50.38901,"22":76.85105,"23":56.7473,"24":66.93776,"25":47.86947,"26":39.51674,"27":48.0629,"28":54.95257,"29":40.37275,"30":45.4386,"31":32.70416,"32":36.44311,"33":26.90409,"34":18.96089,"35":22.11722,"36":20.07538,"37":17.07372,"38":15.1339,"39":8.712037,"40":9.663451,"41":9.494434,"42":7.332915,"43":7.258646,"44":6.094879},"RatePos":{"0":16.20239,"1":17.46444,"2":14.40893,"3":14.30023,"4":14.81868,"5":15.45049,"6":17.19571,"7":17.23313,"8":13.2172,"9":14.20505,"10":18.68391,"11":14.34336,"12":14.17408,"13":10.30856,"14":17.05025,"15":15.25887,"16":18.1467,"17":12.07901,"18":11.28725,"19":15.1512,"20":11.37076,"21":10.86585,"22":15.44357,"23":10.62678,"24":12.47343,"25":8.436942,"26":6.405397,"27":7.359244,"28":8.37828,"29":6.155596,"30":6.919301,"31":4.984431,"32":5.551578,"33":4.183305,"34":2.947463,"35":3.537604,"36":3.37572,"37":2.868936,"38":2.816579,"39":1.898982,"40":2.249356,"41":2.159894,"42":1.794658,"43":1.730397,"44":1.507562},"RateNeg":{"0":-17.28383,"1":-18.11949,"2":-15.06932,"3":-14.87533,"4":-15.14134,"5":-15.34307,"6":-17.12122,"7":-17.23881,"8":-13.10419,"9":-14.01532,"10":-18.48293,"11":-14.07958,"12":-13.84527,"13":-10.09387,"14":-16.33791,"15":-14.02538,"16":-16.61949,"17":-11.2889,"18":-9.727924,"19":-12.8792,"20":-9.534294,"21":-9.007171,"22":-13.04409,"23":-9.430808,"24":-10.85277,"25":-7.897292,"26":-6.276391,"27":-7.393055,"28":-8.431101,"29":-6.195798,"30":-6.963967,"31":-5.016223,"32":-5.588044,"33":-4.208907,"34":-2.965845,"35":-3.456838,"36":-3.139882,"37":-2.77849,"38":-2.542343,"39":-1.796382,"40":-1.965136,"41":-1.860987,"42":-1.585567,"43":-1.506772,"44":-1.328085},"FracExp":{"0":1.0,"1":1.0,"2":1.0,"3":1.0,"4":1.0,"5":1.0,"6":1.0,"7":1.0,"8":1.0,"9":1.0,"10":1.0,"11":1.0,"12":1.0,"13":1.0,"14":1.0,"15":1.0,"16":1.0,"17":1.0,"18":1.0,"19":1.0,"20":1.0,"21":1.0,"22":1.0,"23":1.0,"24":1.0,"25":1.0,"26":1.0,"27":1.0,"28":1.0,"29":1.0,"30":1.0,"31":1.0,"32":1.0,"33":1.0,"34":1.0,"35":1.0,"36":1.0,"37":1.0,"38":1.0,"39":1.0,"40":1.0,"41":1.0,"42":1.0,"43":1.0,"44":1.0},"BGrate":{"0":1.555076,"1":0.0,"2":0.8633238,"3":0.0,"4":0.835856,"5":0.0,"6":0.0,"7":1.862189,"8":0.6913116,"9":0.0,"10":0.0,"11":0.0,"12":1.398386,"13":0.4447211,"14":0.0,"15":0.0,"16":0.0,"17":0.4970003,"18":1.419966,"19":1.886065,"20":0.4685122,"21":0.4326789,"22":0.5143787,"23":0.7710173,"24":0.0,"25":0.9904258,"26":0.5369081,"27":0.3111484,"28":0.3263317,"29":0.2397506,"30":0.2698337,"31":0.1954175,"32":0.229145,"33":0.3433991,"34":0.2441274,"35":0.1430488,"36":0.0,"37":0.3471795,"38":0.308108,"39":0.2731698,"40":0.1059576,"41":0.2544006,"42":0.09054128,"43":0.08708913,"44":0.1490791},"BGerr":{"0":1.099605,"1":0.0,"2":0.8633238,"3":0.0,"4":0.835856,"5":0.0,"6":0.0,"7":1.316766,"8":0.6913116,"9":0.0,"10":0.0,"11":0.0,"12":0.988808,"13":0.4447211,"14":0.0,"15":0.0,"16":0.0,"17":0.4970003,"18":0.8198178,"19":1.08892,"20":0.4685122,"21":0.4326789,"22":0.5143787,"23":0.5451915,"24":0.0,"25":0.5718226,"26":0.3796514,"27":0.3111484,"28":0.3263317,"29":0.2397506,"30":0.2698337,"31":0.1954175,"32":0.229145,"33":0.2428198,"34":0.1726241,"35":0.1430488,"36":0.0,"37":0.2004442,"38":0.1778862,"39":0.1577147,"40":0.1059576,"41":0.1468783,"42":0.09054128,"43":0.08708913,"44":0.1054149},"CorrFact":{"0":1.410494,"1":1.410494,"2":1.410494,"3":1.410494,"4":1.410494,"5":1.410494,"6":1.410494,"7":1.410494,"8":1.410494,"9":1.410494,"10":1.410494,"11":1.410494,"12":1.410494,"13":1.619088,"14":1.62879,"15":1.62879,"16":1.62879,"17":1.62879,"18":1.62879,"19":1.62879,"20":1.62879,"21":1.718342,"22":2.204481,"23":2.204481,"24":2.204481,"25":2.204481,"26":2.204481,"27":2.279198,"28":2.484667,"29":2.484667,"30":2.484667,"31":2.46933,"32":2.346629,"33":2.346629,"34":2.32631,"35":2.281318,"36":2.277919,"37":2.243075,"38":2.240358,"39":2.232888,"40":1.966501,"41":1.876663,"42":1.805829,"43":1.858396,"44":1.864739},"CtsInSrc":{"0":67.0,"1":45.0,"2":45.0,"3":45.0,"4":45.0,"5":46.0,"6":45.0,"7":45.0,"8":45.0,"9":45.0,"10":45.0,"11":45.0,"12":45.0,"13":45.0,"14":45.0,"15":45.0,"16":45.0,"17":45.0,"18":45.0,"19":45.0,"20":45.0,"21":45.0,"22":45.0,"23":45.0,"24":45.0,"25":45.0,"26":45.0,"27":45.0,"28":45.0,"29":45.0,"30":45.0,"31":45.0,"32":45.0,"33":45.0,"34":45.0,"35":45.0,"36":45.0,"37":45.0,"38":45.0,"39":30.0,"40":31.0,"41":41.0,"42":30.0,"43":30.0,"44":30.0},"BGInSrc":{"0":1.308642,"1":0.0,"2":0.654321,"3":0.0,"4":0.654321,"5":0.0,"6":0.0,"7":1.308642,"8":0.654321,"9":0.0,"10":0.0,"11":0.0,"12":1.308642,"13":0.654321,"14":0.0,"15":0.0,"16":0.0,"17":0.654321,"18":1.962963,"19":1.962963,"20":0.654321,"21":0.654321,"22":0.654321,"23":1.308642,"24":0.0,"25":1.962963,"26":1.308642,"27":0.654321,"28":0.654321,"29":0.654321,"30":0.654321,"31":0.654321,"32":0.654321,"33":1.308642,"34":1.308642,"35":0.654321,"36":0.0,"37":1.962963,"38":1.962963,"39":1.962963,"40":0.654321,"41":1.962963,"42":0.654321,"43":0.654321,"44":1.308642},"Exposure":{"0":0.841529,"1":0.642247,"2":0.757909,"3":0.779245,"4":0.782815,"5":0.816622,"6":0.716991,"7":0.702744,"8":0.946492,"9":0.896683,"10":0.674292,"11":0.914455,"12":0.935823,"13":1.471306,"14":0.925132,"15":1.053262,"16":0.885991,"17":1.316541,"18":1.382401,"19":1.040772,"20":1.396593,"21":1.512256,"22":1.272061,"23":1.697293,"24":1.481999,"25":1.981938,"26":2.437367,"27":2.102923,"28":2.005079,"29":2.729174,"30":2.424904,"31":3.348324,"32":2.855488,"33":3.810849,"34":5.360489,"35":4.574112,"36":5.106073,"37":5.65403,"38":6.371022,"39":7.18587,"40":6.175312,"41":7.716031,"42":7.22677,"43":7.513234,"44":8.77817},"Sigma":{"0":70.990853,"1":1000.0,"2":67.773585,"3":1000.0,"4":67.773585,"5":1000.0,"6":1000.0,"7":47.216055,"8":67.773585,"9":1000.0,"10":1000.0,"11":1000.0,"12":47.216055,"13":67.773585,"14":1000.0,"15":1000.0,"16":1000.0,"17":67.773585,"18":37.974397,"19":37.974397,"20":67.773585,"21":67.773585,"22":67.773585,"23":47.216055,"24":1000.0,"25":37.974397,"26":47.216055,"27":67.773585,"28":67.773585,"29":67.773585,"30":67.773585,"31":67.773585,"32":67.773585,"33":47.216055,"34":47.216055,"35":67.773585,"36":1000.0,"37":37.974397,