{"Time":{"0":83.847,"1":90.506},"TimePos":{"0":3.108,"1":4.213},"TimeNeg":{"0":-3.251,"1":-3.551},"Rate":{"0":5.755939,"1":4.698319},"RatePos":{"0":1.088153,"1":0.8618067},"RateNeg":{"0":-1.095877,"1":-0.8658062},"FracExp":{"0":1.0,"1":1.0},"BGrate":{"0":0.1009619,"1":0.0},"BGerr":{"0":0.1009619,"1":0.0},"CorrFact":{"0":1.246666,"1":1.215935},"CtsInSrc":{"0":30.0,"1":30.0},"BGInSrc":{"0":0.641975,"1":0.0},"Exposure":{"0":6.358588,"1":7.764062},"Sigma":{"0":45.730769,"1":1000.0},"SNR":{"0":5.252358,"1":5.426525},"SYS_NEG":{"0":0.968962,"1":0.974984},"SYS_POS":{"0":1.021311,"1":1.017685}}