{"Time":{"0":71.046,"1":72.119,"2":73.0371,"3":74.104,"4":75.1273,"5":76.199,"6":77.687,"7":78.7751,"8":79.773,"9":80.849,"10":82.192,"11":83.523,"12":84.875,"13":85.8061,"14":86.4746,"15":87.0941,"16":87.7239,"17":88.3202,"18":89.0353,"19":89.7543,"20":90.3536,"21":91.1033,"22":91.7759,"23":92.4054,"24":93.0624,"25":93.6848,"26":94.2943,"27":94.8709,"28":95.4444,"29":96.2122,"30":96.9428,"31":97.845,"32":98.7332,"33":99.6264,"34":100.454,"35":101.6205,"36":102.665,"37":103.798,"38":105.083,"39":106.597,"40":107.96,"41":109.609,"42":111.076,"43":112.927,"44":114.892,"45":117.027,"46":119.228,"47":121.701,"48":124.725,"49":127.978,"50":131.982,"51":135.699,"52":139.263,"53":142.974,"54":147.133,"55":152.814,"56":157.537},"TimePos":{"0":0.536,"1":0.491,"2":0.4678,"3":0.577,"4":0.4663,"5":0.585,"6":0.543,"7":0.4373,"8":0.495,"9":0.66,"10":0.611,"11":0.786,"12":0.541,"13":0.3662,"14":0.3168,"15":0.2916,"16":0.256,"17":0.3624,"18":0.3678,"19":0.3499,"20":0.3787,"21":0.3833,"22":0.2906,"23":0.3248,"24":0.3687,"25":0.2801,"26":0.2506,"27":0.2682,"28":0.3494,"29":0.3396,"30":0.3935,"31":0.507,"32":0.4854,"33":0.3216,"34":0.621,"35":0.4466,"36":0.617,"37":0.529,"38":0.749,"39":0.594,"40":0.873,"41":0.729,"42":0.702,"43":0.94,"44":0.917,"45":1.155,"46":1.209,"47":1.317,"48":1.522,"49":2.281,"50":1.624,"51":1.888,"52":2.092,"53":2.134,"54":2.228,"55":3.023,"56":2.849},"TimeNeg":{"0":-0.505,"1":-0.537,"2":-0.4271,"3":-0.599,"4":-0.4464,"5":-0.605,"6":-0.903,"7":-0.5448,"8":-0.56,"9":-0.582,"10":-0.682,"11":-0.721,"12":-0.565,"13":-0.3899,"14":-0.3023,"15":-0.3026,"16":-0.3382,"17":-0.3403,"18":-0.3527,"19":-0.3511,"20":-0.2494,"21":-0.3711,"22":-0.2894,"23":-0.3388,"24":-0.3322,"25":-0.2537,"26":-0.3294,"27":-0.326,"28":-0.3053,"29":-0.4183,"30":-0.3911,"31":-0.509,"32":-0.381,"33":-0.4078,"34":-0.506,"35":-0.5462,"36":-0.598,"37":-0.515,"38":-0.756,"39":-0.766,"40":-0.769,"41":-0.776,"42":-0.738,"43":-1.149,"44":-1.026,"45":-1.218,"46":-1.045,"47":-1.264,"48":-1.707,"49":-1.731,"50":-1.722,"51":-2.094,"52":-1.676,"53":-1.618,"54":-2.025,"55":-3.453,"56":-1.7},"Rate":{"0":219.8437,"1":220.31,"2":258.2044,"3":198.4045,"4":253.1712,"5":196.0349,"6":156.629,"7":237.5824,"8":221.1559,"9":174.2979,"10":134.0919,"11":115.0954,"12":156.7281,"13":98.42035,"14":125.4722,"15":132.0716,"16":130.7315,"17":109.41,"18":95.32935,"19":111.956,"20":124.9577,"21":104.0356,"22":90.88032,"23":118.2625,"24":96.32031,"25":95.77578,"26":90.87993,"27":87.36458,"28":79.29299,"29":68.56185,"30":65.05805,"31":50.24701,"32":59.81535,"33":69.97698,"34":46.01909,"35":52.20524,"36":41.36303,"37":48.87686,"38":33.91349,"39":37.95791,"40":31.25821,"41":33.58825,"42":35.12442,"43":24.20427,"44":25.22445,"45":21.62006,"46":22.74637,"47":19.86159,"48":15.63903,"49":12.77769,"50":15.31516,"51":12.67806,"52":13.90893,"53":9.415034,"54":7.740716,"55":4.970304,"56":7.606471},"RatePos":{"0":54.34816,"1":55.88341,"2":66.32145,"3":51.46678,"4":65.59306,"5":52.37264,"6":29.39113,"7":41.27504,"8":32.4423,"9":24.37938,"10":20.36156,"11":16.1128,"12":20.49808,"13":13.25067,"14":15.67059,"15":16.26778,"16":16.30036,"17":13.81083,"18":12.74231,"19":13.74504,"20":15.33126,"21":12.76378,"22":13.58218,"23":14.49635,"24":12.966,"25":14.89743,"26":13.57583,"27":13.31553,"28":12.08452,"29":10.23918,"30":9.911062,"31":7.653701,"32":8.927333,"33":10.6566,"34":6.866936,"35":7.789965,"36":6.42765,"37":7.441147,"38":5.16269,"39":5.661931,"40":4.662711,"41":5.112487,"42":5.346032,"43":3.68401,"44":4.000303,"45":3.224329,"46":3.39205,"47":2.961745,"48":2.379959,"49":1.905584,"50":2.283943,"51":1.929555,"52":2.074495,"53":1.719597,"54":1.551281,"55":1.028369,"56":1.432481},"RateNeg":{"0":-28.70144,"1":-30.41485,"2":-34.68439,"3":-25.23764,"4":-32.7209,"5":-24.42496,"6":-23.15474,"7":-32.43153,"8":-30.38812,"9":-22.33885,"10":-18.31174,"11":-14.83402,"12":-19.96286,"13":-13.32908,"14":-15.79327,"15":-16.39155,"16":-16.40391,"17":-13.88225,"18":-12.79533,"19":-13.81155,"20":-15.39762,"21":-12.81864,"22":-13.61849,"23":-14.54909,"24":-13.00143,"25":-14.92733,"26":-13.60748,"27":-13.34408,"28":-12.10985,"29":-10.26105,"30":-9.928929,"31":-7.666744,"32":-8.942273,"33":-10.67295,"34":-6.8774,"35":-7.801786,"36":-6.435909,"37":-7.450801,"38":-5.169041,"39":-5.668743,"40":-4.668444,"41":-5.118128,"42":-5.351649,"43":-3.687938,"44":-4.004077,"45":-3.227597,"46":-3.395188,"47":-2.96434,"48":-2.382067,"49":-1.907484,"50":-2.286146,"51":-1.931497,"52":-2.076786,"53":-1.720926,"54":-1.552301,"55":-1.029053,"56":-1.433692},"FracExp":{"0":1.0,"1":1.0,"2":1.0,"3":1.0,"4":1.0,"5":1.0,"6":1.0,"7":1.0,"8":1.0,"9":1.0,"10":1.0,"11":1.0,"12":1.0,"13":0.999689,"14":1.0,"15":1.0,"16":1.0,"17":1.0,"18":1.0,"19":1.0,"20":1.0,"21":1.0,"22":1.0,"23":1.0,"24":1.0,"25":1.0,"26":1.0,"27":1.0,"28":1.0,"29":1.0,"30":1.0,"31":1.0,"32":1.0,"33":1.0,"34":1.0,"35":1.0,"36":1.0,"37":1.0,"38":1.0,"39":1.0,"40":1.0,"41":1.0,"42":1.0,"43":1.0,"44":1.0,"45":1.0,"46":1.0,"47":1.0,"48":1.0,"49":1.0,"50":1.0,"51":1.0,"52":1.0,"53":1.0,"54":1.0,"55":1.0,"56":1.0},"BGrate":{"0":1.85045,"1":2.497135,"2":1.434737,"3":0.5458937,"4":1.406769,"5":0.5393739,"6":1.775334,"7":0.6536883,"8":0.6084924,"9":1.033931,"10":0.992671,"11":0.8520411,"12":1.160244,"13":0.8982879,"14":1.096713,"15":0.0,"16":1.142683,"17":1.932422,"18":1.88471,"19":0.0,"20":0.0,"21":0.0,"22":0.0,"23":0.0,"24":1.937338,"25":2.544355,"26":0.0,"27":1.142674,"28":1.037103,"29":0.0,"30":0.8654292,"31":0.6684067,"32":0.0,"33":0.9308628,"34":0.0,"35":0.0,"36":1.117578,"37":0.6501803,"38":0.4511313,"39":0.0,"40":0.0,"41":0.4511271,"42":0.4717596,"43":0.3250899,"44":1.048503,"45":0.0,"46":0.0,"47":0.0,"48":0.2102797,"49":0.0,"50":0.0,"51":0.1705348,"52":0.0,"53":0.0,"54":0.4788629,"55":0.4194003,"56":0.1492585},"BGerr":{"0":1.068358,"1":1.248567,"2":1.014512,"3":0.5458937,"4":0.9947359,"5":0.5393739,"6":0.8876669,"7":0.6536883,"8":0.6084924,"9":0.7310997,"10":0.7019244,"11":0.6024841,"12":0.8204167,"13":0.8982879,"14":1.096713,"15":0.0,"16":1.142683,"17":1.366428,"18":1.332691,"19":0.0,"20":0.0,"21":0.0,"22":0.0,"23":0.0,"24":1.369905,"25":1.799131,"26":0.0,"27":1.142674,"28":1.037103,"29":0.0,"30":0.8654292,"31":0.6684067,"32":0.0,"33":0.9308628,"34":0.0,"35":0.0,"36":0.7902471,"37":0.6501803,"38":0.4511313,"39":0.0,"40":0.0,"41":0.4511271,"42":0.4717596,"43":0.3250899,"44":0.6053534,"45":0.0,"46":0.0,"47":0.0,"48":0.2102797,"49":0.0,"50":0.0,"51":0.1705348,"52":0.0,"53":0.0,"54":0.2764716,"55":0.2097001,"56":0.1492585},"CorrFact":{"0":3.516158,"1":3.516158,"2":3.516158,"3":3.516158,"4":3.516158,"5":3.516158,"6":3.516158,"7":3.516158,"8":3.516158,"9":3.293649,"10":2.639212,"11":2.639212,"12":2.639212,"13":1.297876,"14":1.171335,"15":1.171335,"16":1.171335,"17":1.171335,"18":1.171335,"19":1.171335,"20":1.171335,"21":1.171335,"22":1.171335,"23":1.171335,"24":1.171335,"25":1.171335,"26":1.171335,"27":1.171335,"28":1.171335,"29":1.154751,"30":1.151696,"31":1.151696,"32":1.151696,"33":1.151696,"34":1.151696,"35":1.151696,"36":1.151696,"37":1.151696,"38":1.151696,"39":1.146546,"40":1.140661,"41":1.140661,"42":1.140661,"43":1.140661,"44":1.140661,"45":1.140273,"46":1.139412,"47":1.139412,"48":1.139412,"49":1.139181,"50":1.138959,"51":1.138959,"52":1.164698,"53":1.177567,"54":1.177567,"55":1.179736,"56":1.180166},"CtsInSrc":{"0":67.0,"1":67.0,"2":67.0,"3":67.0,"4":67.0,"5":67.0,"6":67.0,"7":67.0,"8":67.0,"9":67.0,"10":67.0,"11":67.0,"12":67.0,"13":58.0,"14":67.0,"15":67.0,"16":67.0,"17":67.0,"18":60.0,"19":67.0,"20":67.0,"21":67.0,"22":45.0,"23":67.0,"24":59.0,"25":45.0,"26":45.0,"27":45.0,"28":45.0,"29":45.0,"30":45.0,"31":45.0,"32":45.0,"33":45.0,"34":45.0,"35":45.0,"36":45.0,"37":45.0,"38":45.0,"39":45.0,"40":45.0,"41":45.0,"42":45.0,"43":45.0,"44":45.0,"45":45.0,"46":45.0,"47":45.0,"48":45.0,"49":45.0,"50":45.0,"51":45.0,"52":45.0,"53":30.0,"54":30.0,"55":30.0,"56":30.0},"BGInSrc":{"0":1.925926,"1":2.567901,"2":1.283951,"3":0.641975,"4":1.283951,"5":0.641975,"6":2.567901,"7":0.641975,"8":0.641975,"9":1.283951,