{"Time":{"0":98.826,"1":100.15,"2":101.644,"3":102.844,"4":104.011,"5":105.32,"6":106.57,"7":108.222,"8":109.614,"9":110.842,"10":112.333,"11":113.835,"12":115.39,"13":117.28,"14":118.953,"15":120.805,"16":122.913,"17":125.426,"18":127.887,"19":130.457,"20":132.822,"21":135.132,"22":137.643,"23":140.647,"24":143.389,"25":146.04,"26":148.703,"27":152.557,"28":156.229,"29":159.589,"30":163.357,"31":167.274,"32":170.936,"33":175.056,"34":179.335,"35":183.533,"36":189.591,"37":193.91,"38":197.323,"39":200.584,"40":204.674,"41":209.184,"42":213.098,"43":217.325,"44":221.769,"45":225.967,"46":231.237,"47":237.687,"48":244.429},"TimePos":{"0":0.53,"1":0.765,"2":0.696,"3":0.572,"4":0.583,"5":0.664,"6":0.763,"7":0.715,"8":0.654,"9":0.746,"10":0.805,"11":0.863,"12":0.818,"13":0.809,"14":0.761,"15":1.159,"16":1.312,"17":1.124,"18":1.414,"19":1.388,"20":1.076,"21":1.294,"22":1.64,"23":1.238,"24":1.239,"25":1.332,"26":1.691,"27":1.97,"28":1.997,"29":1.987,"30":1.877,"31":1.664,"32":2.361,"33":2.318,"34":1.877,"35":2.444,"36":2.253,"37":1.498,"38":1.64,"39":2.355,"40":2.106,"41":1.855,"42":2.435,"43":2.511,"44":1.701,"45":2.353,"46":2.699,"47":2.992,"48":3.228},"TimeNeg":{"0":-0.649,"1":-0.793,"2":-0.729,"3":-0.504,"4":-0.595,"5":-0.726,"6":-0.587,"7":-0.888,"8":-0.677,"9":-0.574,"10":-0.745,"11":-0.697,"12":-0.692,"13":-1.072,"14":-0.864,"15":-1.092,"16":-0.949,"17":-1.201,"18":-1.337,"19":-1.156,"20":-0.977,"21":-1.234,"22":-1.217,"23":-1.364,"24":-1.505,"25":-1.412,"26":-1.331,"27":-2.163,"28":-1.702,"29":-1.363,"30":-1.781,"31":-2.04,"32":-1.998,"33":-1.76,"34":-1.96,"35":-2.321,"36":-3.615,"37":-2.066,"38":-1.915,"39":-1.621,"40":-1.735,"41":-2.404,"42":-2.059,"43":-1.791,"44":-1.933,"45":-2.497,"46":-2.917,"47":-3.751,"48":-3.75},"Rate":{"0":40.91866,"1":31.44013,"2":33.34624,"3":45.52352,"4":41.60355,"5":35.26447,"6":36.28663,"7":28.71416,"8":36.23203,"9":36.52491,"10":31.11576,"11":31.37612,"12":32.41092,"13":25.64001,"14":29.43674,"15":22.38516,"16":21.94311,"17":21.66563,"18":18.04017,"19":19.44976,"20":23.45141,"21":19.33657,"22":17.10919,"23":18.50883,"24":17.54691,"25":17.81599,"26":16.16943,"27":11.89038,"28":13.60126,"29":15.01705,"30":13.00141,"31":13.19557,"32":9.798438,"33":11.80607,"34":9.137921,"35":9.80132,"36":5.560368,"37":9.155346,"38":9.178188,"39":8.019216,"40":8.493624,"41":7.659819,"42":7.259544,"43":7.583905,"44":8.77281,"45":6.574739,"46":5.808584,"47":4.92856,"48":4.481997},"RatePos":{"0":6.224897,"1":4.686822,"2":5.177901,"3":6.786251,"4":6.201896,"5":5.256922,"6":5.409296,"7":4.647817,"8":5.511926,"9":5.556482,"10":4.733595,"11":4.677281,"12":4.831539,"13":3.900578,"14":4.570847,"15":3.336986,"16":3.338174,"17":3.229725,"18":2.744425,"19":2.899402,"20":3.567629,"21":2.882529,"22":2.55049,"23":2.815722,"24":2.669386,"25":2.655854,"26":2.410398,"27":1.808867,"28":2.027558,"29":2.238612,"30":2.01882,"31":1.967082,"32":1.585081,"33":1.796041,"34":1.718089,"35":1.553714,"36":1.01518,"37":1.671531,"38":1.675701,"39":1.509476,"40":1.550717,"41":1.398486,"42":1.325406,"43":1.384626,"44":1.651326,"45":1.237578,"46":1.060498,"47":0.8998285,"48":0.8979189},"RateNeg":{"0":-6.224896,"1":-4.686821,"2":-5.177901,"3":-6.78625,"4":-6.201895,"5":-5.256921,"6":-5.409295,"7":-4.647816,"8":-5.511925,"9":-5.556482,"10":-4.733595,"11":-4.67728,"12":-4.831538,"13":-3.900577,"14":-4.570846,"15":-3.336986,"16":-3.338174,"17":-3.229724,"18":-2.744424,"19":-2.899401,"20":-3.567628,"21":-2.882529,"22":-2.55049,"23":-2.815722,"24":-2.669386,"25":-2.655853,"26":-2.410398,"27":-1.808867,"28":-2.027557,"29":-2.238612,"30":-2.01882,"31":-1.967082,"32":-1.585081,"33":-1.796041,"34":-1.718089,"35":-1.553713,"36":-1.01518,"37":-1.671531,"38":-1.675701,"39":-1.509475,"40":-1.550717,"41":-1.398486,"42":-1.325406,"43":-1.384626,"44":-1.651326,"45":-1.237578,"46":-1.060498,"47":-0.8998284,"48":-0.8979188},"FracExp":{"0":1.0,"1":1.0,"2":1.0,"3":1.0,"4":1.0,"5":1.0,"6":1.0,"7":1.0,"8":1.0,"9":1.0,"10":1.0,"11":1.0,"12":1.0,"13":1.0,"14":1.0,"15":1.0,"16":1.0,"17":1.0,"18":1.0,"19":1.0,"20":1.0,"21":1.0,"22":1.0,"23":1.0,"24":1.0,"25":1.0,"26":1.0,"27":1.0,"28":1.0,"29":1.0,"30":1.0,"31":1.0,"32":1.0,"33":1.0,"34":1.0,"35":1.0,"36":1.0,"37":1.0,"38":1.0,"39":1.0,"40":1.0,"41":1.0,"42":1.0,"43":1.0,"44":1.0,"45":1.0,"46":1.0,"47":1.0,"48":1.0},"BGrate":{"0":0.5757121,"1":0.0,"2":0.9529406,"3":0.0,"4":0.0,"5":0.0,"6":0.0,"7":1.694356,"8":0.5102333,"9":0.5143578,"10":0.438184,"11":0.0,"12":0.0,"13":0.3610724,"14":0.8360346,"15":0.0,"16":0.3002781,"17":0.0,"18":0.2468687,"19":0.0,"20":0.3307254,"21":0.0,"22":0.0,"23":0.2610498,"24":0.2475055,"25":0.0,"26":0.0,"27":0.1642942,"28":0.0,"29":0.0,"30":0.3712623,"31":0.0,"32":0.1557776,"33":0.1665163,"34":0.7077524,"35":0.4275448,"36":0.0,"37":0.0,"38":0.0,"39":0.170763,"40":0.0,"41":0.0,"42":0.0,"43":0.0,"44":0.1868114,"45":0.1400055,"46":0.0,"47":0.0,"48":0.2919336},"BGerr":{"0":0.5757121,"1":0.0,"2":0.6738308,"3":0.0,"4":0.0,"5":0.0,"6":0.0,"7":0.847178,"8":0.5102333,"9":0.5143578,"10":0.438184,"11":0.0,"12":0.0,"13":0.3610724,"14":0.5911658,"15":0.0,"16":0.3002781,"17":0.0,"18":0.2468687,"19":0.0,"20":0.3307254,"21":0.0,"22":0.0,"23":0.2610498,"24":0.2475055,"25":0.0,"26":0.0,"27":0.1642942,"28":0.0,"29":0.0,"30":0.2625221,"31":0.0,"32":0.1557776,"33":0.1665163,"34":0.3538762,"35":0.2468431,"36":0.0,"37":0.0,"38":0.0,"39":0.170763,"40":0.0,"41":0.0,"42":0.0,"43":0.0,"44":0.1868114,"45":0.1400055,"46":0.0,"47":0.0,"48":0.1685479},"CorrFact":{"0":1.088891,"1":1.088891,"2":1.088891,"3":1.088891,"4":1.088891,"5":1.088891,"6":1.088891,"7":1.088563,"8":1.087908,"9":1.087908,"10":1.087908,"11":1.087908,"12":1.087908,"13":1.087908,"14":1.095642,"15":1.119548,"16":1.119548,"17":1.119548,"18":1.119548,"19":1.099629,"20":1.086349,"21":1.086349,"22":1.086349,"23":1.086235,"24":1.086135,"25":1.086135,"26":1.086135,"27":1.108771,"28":1.117967,"29":1.117967,"30":1.089715,"31":1.086184,"32":1.086188,"33":1.086218,"34":1.086218,"35":1.086945,"36":1.087527,"37":1.087524,"38":1.08752,"39":1.08752,"40":1.087509,"41":1.087496,"42":1.087497,"43":1.087513,"44":1.087513,"45":1.087508,"46":1.087503,"47":1.107756,"48":1.118416},"CtsInSrc":{"0":45.0,"1":45.0,"2":45.0,"3":45.0,"4":45.0,"5":45.0,"6":45.0,"7":45.0,"8":45.0,"9":45.0,"10":45.0,"11":45.0,"12":45.0,"13":45.0,"14":45.0,"15":45.0,"16":45.0,"17":45.0,"18":45.0,"19":45.0,"20":45.0,"21":45.0,"22":45.0,"23":45.0,"24":45.0,"25":45.0,"26":45.0,"27":45.0,"28":45.0,"29":45.0,"30":45.0,"31":45.0,"32":40.0,"33":45.0,"34":35.0,"35":45.0,"36":30.0,"37":30.0,"38":30.0,"39":30.0,"40":30.0,"41":30.0,"42":30.0,"43":30.0,"44":30.0,"45":30.0,"46":30.0,"47":30.0,"48":30.0},"BGInSrc":{"0":0.679012,"1":0.0,"2":1.358025,"3":0.0,"4":0.0,"5":0.0,"6":0.0,"7":2.716049,"8":0.679012,"9":0.679012,"10":0.679012,"11":0.0,"12":0.0,"13":0.679012,"14":1.358025,"15":0.0,"16":0.679012,"17":0.0,"18":0.679012,"19":0.0,"20":0.679012,"21":0.0,"22":0.0,"23":0.679012,"24":0.679012,"25":0.0,"26":0.0,"27":0.679012,"28":0.0,"29":0.0,"30":1.358025,"31":0.0,"32":0.679012,"33":0.679012,"34":2.716049,"35":2.037037,"36":0.0,"37":0.0,"38":0.0,"39":0.679012,"40":0.0,"41":0.0,"42":0.0,"43":0.0,"44":0.679012,"45":0.679012,"46":0.0,"47":0.0,"48":2.037037},"Exposure":{"0":1.17943,"1":1.55852,"2":1.425088,"3":1.076369,"4":1.177786,"5":1.389503,"6":1.350362,"7":1.602998,"8":1.330788,"9":1.320117,"10":1.549606,"11":1.56029,"12":1.510474,"13":1.880543,"14":1.624364,"15":2.250584,"16":2.261278,"17":2.325327,"18":2.750501,"19":2.54416,"20":2.0531,"21":2.528148,"22":2.857278,"23":2.601084,"24":2.743423,"25":2.743384,"26":3.022748,"27":4.132906,"28":3.698814,"29":3.350093,"30":3.657858,"31":3.704141,"32":4.358857,"33":4.077754,"34":3.83757,"35":4.7645,"36":5.867561,"37":3.56357,"38":3.554688,"39":3.976343,"40":3.841148,"41":4.259225,"42":4.494071,"43":4.301925,"44":3.634748,"45":4.849898,"46":5.616704,"47":6.742875,"48":6.977741},"Sigma":{"0":65.272727,"1":1000.0,"2":45.447681,"3":1000.0,"4":1000.0,"5":1000.0,"6":1000.0,"7":31.136364,"8":65.272727,