{"Time":{"0":75.411,"1":117.378,"2":184.161,"3":248.849,"4":326.944,"5":380.593,"6":428.932,"7":465.336,"8":510.807,"9":571.009,"10":631.822,"11":680.376,"12":751.702,"13":827.181},"TimePos":{"0":15.548,"1":25.227,"2":27.541,"3":35.324,"4":30.196,"5":28.531,"6":19.766,"7":21.543,"8":18.796,"9":32.724,"10":18.723,"11":36.862,"12":30.03,"13":32.635},"TimeNeg":{"0":-9.947,"1":-26.419,"2":-41.556,"3":-37.146,"4":-42.771,"5":-23.453,"6":-19.807,"7":-16.638,"8":-23.927,"9":-41.405,"10":-28.089,"11":-29.832,"12":-34.463,"13":-45.449},"Rate":{"0":1.843947,"1":0.9113371,"2":0.6307061,"3":0.5525844,"4":0.5674895,"5":0.7989499,"6":1.207161,"7":1.163611,"8":1.096396,"9":0.6204053,"10":0.9524196,"11":0.6334206,"12":0.7099719,"13":0.4286848},"RatePos":{"0":0.3871449,"1":0.1859724,"2":0.1470994,"3":0.1421199,"4":0.1438135,"5":0.2023152,"6":0.2648984,"7":0.2780688,"8":0.2480749,"9":0.1429657,"10":0.2183016,"11":0.1549998,"12":0.157747,"13":0.1292421},"RateNeg":{"0":-0.3776575,"1":-0.1821255,"2":-0.1388245,"3":-0.1366751,"4":-0.1326907,"5":-0.1870376,"6":-0.2393009,"7":-0.2494629,"8":-0.2231919,"9":-0.1295302,"10":-0.2039215,"11":-0.1441543,"12":-0.1494518,"13":-0.1269924},"FracExp":{"0":1.0,"1":1.0,"2":1.0,"3":1.0,"4":1.0,"5":1.0,"6":1.0,"7":1.0,"8":1.0,"9":1.0,"10":1.0,"11":1.0,"12":1.0,"13":1.0},"BGrate":{"0":0.07699458,"1":0.01266931,"2":0.04734757,"3":0.08125874,"4":0.0627713,"5":0.08810841,"6":0.01653451,"7":0.06854792,"8":0.03063023,"9":0.02648036,"10":0.05591018,"11":0.05886473,"12":0.03043673,"13":0.1173159},"BGerr":{"0":0.04445284,"1":0.01266931,"2":0.02117448,"3":0.02708625,"4":0.02372532,"5":0.03330185,"6":0.01653451,"7":0.03427396,"8":0.02165884,"9":0.01528844,"10":0.02795509,"11":0.02403142,"12":0.01757266,"13":0.03135401},"CorrFact":{"0":1.67675,"1":1.603884,"2":1.630487,"3":1.660905,"4":1.628974,"5":1.633878,"6":1.627873,"7":1.622512,"8":1.632626,"9":1.640331,"10":1.628215,"11":1.620206,"12":1.633139,"13":1.606248},"CtsInSrc":{"0":30.0,"1":30.0,"2":30.0,"3":30.0,"4":30.0,"5":30.0,"6":30.0,"7":30.0,"8":30.0,"9":30.0,"10":30.0,"11":30.0,"12":30.0,"13":30.0},"BGInSrc":{"0":1.962963,"1":0.654321,"2":3.271605,"3":5.888889,"4":4.580247,"5":4.580247,"6":0.654321,"7":2.617284,"8":1.308642,"9":1.962963,"10":2.617284,"11":3.925926,"12":1.962963,"13":9.160494},"Exposure":{"0":25.494821,"1":51.646161,"2":69.097636,"3":72.47084,"4":72.967213,"5":51.984217,"6":39.573048,"7":38.181815,"8":42.723868,"9":74.12901,"10":46.812296,"11":66.694031,"12":64.493224,"13":78.083963},"Sigma":{"0":24.738914,"1":44.849057,"2":18.268253,"3":12.283019,"4":14.683563,"5":14.683563,"6":44.849057,"7":20.924528,"8":31.005965,"9":24.738914,"10":20.924528,"11":16.268309,"12":24.738914,"13":8.512018},"SNR":{"0":4.882591,"1":5.003897,"2":4.543191,"3":4.043051,"4":4.276784,"5":4.2716,"6":5.044532,"7":4.664466,"8":4.912345,"9":4.789656,"10":4.670521,"11":4.394045,"12":4.750507,"13":3.375674},"SYS_NEG":{"0":0.953647,"1":0.932146,"2":0.941187,"3":0.945746,"4":0.939949,"5":0.938853,"6":0.937045,"7":0.939438,"8":0.937098,"9":0.938419,"10":0.940429,"11":0.937649,"12":0.932816,"13":0.930174},"SYS_POS":{"0":1.065442,"1":1.07943,"2":1.096989,"3":1.088966,"4":1.1147,"5":1.11427,"6":1.113225,"7":1.121709,"8":1.117098,"9":1.115343,"10":1.101203,"11":1.109426,"12":1.097822,"13":1.089513}}