{"Time":{"0":130.486,"1":133.014,"2":135.042,"3":137.307,"4":139.321,"5":141.652,"6":143.882,"7":146.629,"8":149.725,"9":152.257,"10":154.738,"11":157.409,"12":160.068,"13":162.898,"14":166.556,"15":169.536,"16":172.639,"17":176.662,"18":180.214,"19":183.789,"20":187.192,"21":191.255,"22":195.475,"23":199.103,"24":204.067,"25":207.174,"26":211.123,"27":215.537,"28":219.434,"29":222.947,"30":226.531,"31":230.05,"32":233.981,"33":237.58,"34":241.618,"35":247.574,"36":251.51,"37":256.231,"38":261.131,"39":265.118,"40":269.625,"41":273.181,"42":277.148,"43":280.406,"44":284.51,"45":288.296,"46":292.371,"47":296.32},"TimePos":{"0":1.274,"1":1.13,"2":1.006,"3":0.964,"4":1.07,"5":0.979,"6":1.388,"7":1.303,"8":1.121,"9":1.124,"10":1.602,"11":1.246,"12":1.231,"13":1.961,"14":1.411,"15":1.336,"16":1.834,"17":1.804,"18":1.499,"19":1.664,"20":1.697,"21":2.078,"22":1.607,"23":2.504,"24":1.432,"25":2.014,"26":2.582,"27":2.076,"28":1.619,"29":1.541,"30":1.745,"31":2.132,"32":2.0,"33":1.919,"34":3.715,"35":2.183,"36":1.902,"37":2.804,"38":1.745,"39":2.443,"40":1.796,"41":1.877,"42":1.763,"43":1.982,"44":1.967,"45":1.995,"46":1.745,"47":2.042},"TimeNeg":{"0":-1.259,"1":-1.254,"2":-0.898,"3":-1.26,"4":-1.049,"5":-1.261,"6":-1.252,"7":-1.358,"8":-1.793,"9":-1.411,"10":-1.357,"11":-1.069,"12":-1.413,"13":-1.599,"14":-1.697,"15":-1.569,"16":-1.767,"17":-2.189,"18":-1.748,"19":-2.076,"20":-1.74,"21":-2.366,"22":-2.142,"23":-2.021,"24":-2.461,"25":-1.675,"26":-1.936,"27":-1.832,"28":-1.82,"29":-1.894,"30":-2.043,"31":-1.775,"32":-1.798,"33":-1.598,"34":-2.119,"35":-2.242,"36":-1.753,"37":-2.82,"38":-2.096,"39":-2.242,"40":-2.064,"41":-1.759,"42":-2.09,"43":-1.495,"44":-2.122,"45":-1.819,"46":-2.08,"47":-2.204},"Rate":{"0":18.88442,"1":20.38046,"2":25.13207,"3":21.84782,"4":23.28696,"5":22.04372,"6":18.13803,"7":18.27142,"8":16.94379,"9":18.89143,"10":16.43955,"11":21.33572,"12":18.68004,"13":13.24749,"14":15.89311,"15":17.00241,"16":13.50983,"17":12.18467,"18":14.98235,"19":13.00234,"20":13.49558,"21":10.93952,"22":12.75927,"23":10.57162,"24":12.66667,"25":9.399624,"26":10.91435,"27":12.4252,"28":9.878094,"29":8.703026,"30":8.677887,"31":9.814919,"32":8.653424,"33":9.134982,"34":8.010012,"35":7.428794,"36":8.790743,"37":5.844006,"38":8.167254,"39":9.268966,"40":8.318191,"41":8.626394,"42":8.141067,"43":9.456044,"44":7.67658,"45":8.228707,"46":8.403992,"47":7.744832},"RatePos":{"0":2.932315,"1":3.100449,"2":3.90243,"3":3.323677,"4":3.471418,"5":3.286087,"6":2.816418,"7":2.779604,"8":2.525833,"9":2.933403,"10":2.500924,"11":3.180544,"12":2.784659,"13":2.100004,"14":2.369207,"15":2.534573,"16":2.055231,"17":1.853636,"18":2.279244,"19":1.978027,"20":2.184462,"21":1.664213,"22":1.98122,"23":1.641529,"24":1.888238,"25":1.730169,"26":1.627017,"27":1.890228,"28":1.774159,"29":1.800025,"30":1.584359,"31":1.659025,"32":1.579893,"33":1.719499,"34":1.259002,"35":1.356307,"36":1.654702,"37":1.066965,"38":1.585652,"39":1.513903,"40":1.565752,"41":1.674793,"42":1.580568,"43":1.726431,"44":1.490389,"45":1.597583,"46":1.581903,"47":1.414007},"RateNeg":{"0":-2.932322,"1":-3.100458,"2":-3.902443,"3":-3.323689,"4":-3.471433,"5":-3.286103,"6":-2.816432,"7":-2.779618,"8":-2.525847,"9":-2.933421,"10":-2.500937,"11":-3.180562,"12":-2.784677,"13":-2.100016,"14":-2.369222,"15":-2.534589,"16":-2.055244,"17":-1.853646,"18":-2.279255,"19":-1.978038,"20":-2.184472,"21":-1.664219,"22":-1.981228,"23":-1.641535,"24":-1.888243,"25":-1.730173,"26":-1.627022,"27":-1.890234,"28":-1.774162,"29":-1.800028,"30":-1.584362,"31":-1.659028,"32":-1.579895,"33":-1.719502,"34":-1.259005,"35":-1.356309,"36":-1.654704,"37":-1.066967,"38":-1.585654,"39":-1.513906,"40":-1.565754,"41":-1.674795,"42":-1.58057,"43":-1.726434,"44":-1.490391,"45":-1.597586,"46":-1.581905,"47":-1.41401},"FracExp":{"0":1.0,"1":1.0,"2":1.0,"3":1.0,"4":1.0,"5":1.0,"6":1.0,"7":1.0,"8":1.0,"9":1.0,"10":1.0,"11":1.0,"12":1.0,"13":1.0,"14":1.0,"15":1.0,"16":1.0,"17":1.0,"18":1.0,"19":1.0,"20":1.0,"21":1.0,"22":1.0,"23":1.0,"24":1.0,"25":1.0,"26":1.0,"27":1.0,"28":1.0,"29":1.0,"30":1.0,"31":1.0,"32":1.0,"33":1.0,"34":1.0,"35":1.0,"36":1.0,"37":1.0,"38":1.0,"39":1.0,"40":1.0,"41":1.0,"42":1.0,"43":1.0,"44":1.0,"45":1.0,"46":1.0,"47":1.0},"BGrate":{"0":0.5360302,"1":0.284816,"2":0.7133682,"3":0.3053224,"4":0.0,"5":0.0,"6":0.5143878,"7":0.255116,"8":0.0,"9":0.5356572,"10":0.2294969,"11":0.0,"12":0.0,"13":0.5721941,"14":0.0,"15":0.0,"16":0.1885658,"17":0.1700766,"18":0.2091274,"19":0.1815675,"20":0.7901787,"21":0.1527836,"22":0.3622739,"23":0.30016,"24":0.0,"25":0.3682136,"26":0.0,"27":0.1737157,"28":0.0,"29":0.79059,"30":0.0,"31":0.0,"32":0.0,"33":0.1930468,"34":0.2327873,"35":0.0,"36":0.1858099,"37":0.0,"38":0.3535468,"39":0.2899011,"40":0.1758781,"41":0.3734378,"42":0.3524057,"43":0.0,"44":0.332163,"45":0.3560218,"46":0.1775142,"47":0.0},"BGerr":{"0":0.3790306,"1":0.284816,"2":0.5044275,"3":0.3053224,"4":0.0,"5":0.0,"6":0.3637271,"7":0.255116,"8":0.0,"9":0.3787668,"10":0.2294969,"11":0.0,"12":0.0,"13":0.3303564,"14":0.0,"15":0.0,"16":0.1885658,"17":0.1700766,"18":0.2091274,"19":0.1815675,"20":0.3950893,"21":0.1527836,"22":0.2561663,"23":0.2122452,"24":0.0,"25":0.2603663,"26":0.0,"27":0.1737157,"28":0.0,"29":0.395295,"30":0.0,"31":0.0,"32":0.0,"33":0.1930468,"34":0.1646055,"35":0.0,"36":0.1858099,"37":0.0,"38":0.2499954,"39":0.204991,"40":0.1758781,"41":0.2640604,"42":0.2491885,"43":0.0,"44":0.2348747,"45":0.2517455,"46":0.1775142,"47":0.0},"CorrFact":{"0":1.096271,"1":1.096271,"2":1.096271,"3":1.096271,"4":1.09653,"5":1.097243,"6":1.097243,"7":1.097243,"8":1.097291,"9":1.097441,"10":1.097441,"11":1.097441,"12":1.097466,"13":1.097729,"14":1.097729,"15":1.097729,"16":1.097628,"17":1.097583,"18":1.097583,"19":1.097114,"20":1.097055,"21":1.096957,"22":1.095954,"23":1.095954,"24":1.09573,"25":1.095607,"26":1.095607,"27":1.095803,"28":1.095846,"29":1.095846,"30":1.095657,"31":1.095619,"32":1.095647,"33":1.095833,"34":1.095833,"35":1.095669,"36":1.09561,"37":1.095517,"38":1.095302,"39":1.095302,"40":1.095258,"41":1.095256,"42":1.095325,"43":1.095775,"44":1.095775,"45":1.095872,"46":1.096356,"47":1.096356},"CtsInSrc":{"0":45.0,"1":45.0,"2":45.0,"3":45.0,"4":45.0,"5":45.0,"6":45.0,"7":45.0,"8":45.0,"9":45.0,"10":45.0,"11":45.0,"12":45.0,"13":45.0,"14":45.0,"15":45.0,"16":45.0,"17":45.0,"18":45.0,"19":45.0,"20":45.0,"21":45.0,"22":45.0,"23":45.0,"24":45.0,"25":33.0,"26":45.0,"27":45.0,"28":31.0,"29":30.0,"30":30.0,"31":35.0,"32":30.0,"33":30.0,"34":44.0,"35":30.0,"36":30.0,"37":30.0,"38":30.0,"39":41.0,"40":30.0,"41":30.0,"42":30.0,"43":30.0,"44":30.0,"45":30.0,"46":30.0,"47":30.0},"BGInSrc":{"0":1.358025,"1":0.679012,"2":1.358025,"3":0.679012,"4":0.0,"5":0.0,"6":1.358025,"7":0.679012,"8":0.0,"9":1.358025,"10":0.679012,"11":0.0,"12":0.0,"13":2.037037,"14":0.0,"15":0.0,"16":0.679012,"17":0.679012,"18":0.679012,"19":0.679012,"20":2.716049,"21":0.679012,"22":1.358025,"23":1.358025,"24":0.0,"25":1.358025,"26":0.0,"27":0.679012,"28":0.0,"29":2.716049,"30":0.0,"31":0.0,"32":0.0,"33":0.679012,"34":1.358025,"35":0.0,"36":0.679012,"37":0.0,"38":1.358025,"39":1.358025,"40":0.679012,"41":1.358025,"42":1.358025,"43":0.0,"44":1.358025,"45":1.358025,"46":0.679012,"47":0.0},"Exposure":{"0":2.533485,"1":2.384038,"2":1.90368,"3":2.22392,"4":2.118948,"5":2.239909,"6":2.640079,"7":2.661583,"8":2.914231,"9":2.53525,"10":2.958699,"11":2.314656,"12":2.643784,"13":3.560045,"14":3.108126,"15":2.90534,"16":3.600931,"17":3.992391,"18":3.246883,"19":3.739724,"20":3.43726,"21":4.444275,"22":3.748613,"23":4.524336,"24":3.892724,"25":3.688144,"26":4.517199,"27":3.908755,"28":3.439045,"29":3.435471,"30":3.787754,"31":3.906977,"32":3.79843,"33":3.517346,"34":5.833758,"35":4.424685,"36":3.65434,"37":5.6238,"38":3.841145,"39":4.684442,"40":3.8607,"41":3.636548,"42":3.853583,"43":3.476426,"44":4.088429,"45":3.814442,"46":3.825116,"47":4.246791},"Sigma":{"0":45.447681,"1":65.272727,"2":45.447681,"3":65.272727,"4":1000.0,"5":1000.0,"6":45.447681,"7":65.272727,"8":1000.0,"9":45.447681,