{"Time":{"0":309.905},"TimePos":{"0":5.411},"TimeNeg":{"0":-5.734},"Rate":{"0":2.985544},"RatePos":{"0":0.5450862},"RateNeg":{"0":-0.5451216},"FracExp":{"0":1.0},"BGrate":{"0":0.0},"BGerr":{"0":0.0},"CorrFact":{"0":1.109078},"CtsInSrc":{"0":30.0},"BGInSrc":{"0":0.0},"Exposure":{"0":11.144481},"Sigma":{"0":1000.0},"SNR":{"0":5.47684},"SYS_NEG":{"0":0.997834},"SYS_POS":{"0":1.000601}}