{"Time":{"0":96.191,"1":109.122,"2":115.419,"3":119.937,"4":126.827,"5":133.693,"6":139.903,"7":145.675,"8":152.36,"9":160.4,"10":169.822,"11":185.834,"12":197.027,"13":210.428,"14":226.519,"15":240.76,"16":265.472,"17":286.429},"TimePos":{"0":3.353,"1":3.16,"2":2.529,"3":3.06,"4":3.232,"5":4.167,"6":3.06,"7":2.815,"8":3.238,"9":4.718,"10":11.262,"11":5.882,"12":5.479,"13":7.879,"14":8.489,"15":6.648,"16":12.888,"17":7.646},"TimeNeg":{"0":-2.73,"1":-9.579,"2":-3.137,"3":-1.989,"4":-3.829,"5":-3.634,"6":-2.043,"7":-2.712,"8":-3.869,"9":-4.802,"10":-4.703,"11":-4.75,"12":-5.312,"13":-7.922,"14":-8.212,"15":-5.752,"16":-18.064,"17":-8.069},"Rate":{"0":5.683888,"1":5.322992,"2":5.885233,"3":6.602351,"4":4.712107,"5":4.373849,"6":6.376379,"7":6.17528,"8":4.766122,"9":3.707571,"10":3.575135,"11":3.177439,"12":3.066013,"13":3.575207,"14":3.345235,"15":2.541683,"16":1.893258,"17":2.003321},"RatePos":{"0":1.04969,"1":1.007019,"2":1.112762,"3":1.247968,"4":0.8904421,"5":0.8007406,"6":1.244633,"7":1.131066,"8":0.9016479,"9":0.6798569,"10":0.656564,"11":0.602752,"12":0.6011403,"13":0.6792097,"14":0.6161651,"15":0.5324676,"16":0.3484246,"17":0.4195795},"RateNeg":{"0":-1.061558,"1":-1.010451,"2":-1.11598,"3":-1.251242,"4":-0.8925785,"5":-0.8028332,"6":-1.247645,"7":-1.134479,"8":-0.9046947,"9":-0.6826229,"10":-0.6602157,"11":-0.606423,"12":-0.6052302,"13":-0.6843889,"14":-0.6214764,"15":-0.536152,"16":-0.3511173,"17":-0.4223736},"FracExp":{"0":1.0,"1":0.496091,"2":1.0,"3":1.0,"4":1.0,"5":1.0,"6":1.0,"7":1.0,"8":1.0,"9":1.0,"10":0.605027,"11":1.0,"12":1.0,"13":0.600815,"14":0.622129,"15":1.0,"16":0.592516,"17":1.0},"BGrate":{"0":0.0,"1":0.1113543,"2":0.124187,"3":0.139371,"4":0.0996542,"5":0.0,"6":0.275826,"7":0.0,"8":0.09900715,"9":0.0,"10":0.0,"11":0.0661872,"12":0.1304318,"13":0.0741246,"14":0.0,"15":0.2269924,"16":0.0,"17":0.1791167},"BGerr":{"0":0.0,"1":0.1113543,"2":0.124187,"3":0.139371,"4":0.0996542,"5":0.0,"6":0.1950384,"7":0.0,"8":0.09900715,"9":0.0,"10":0.0,"11":0.0661872,"12":0.09222919,"13":0.0741246,"14":0.0,"15":0.1134962,"16":0.0,"17":0.08955834},"CorrFact":{"0":1.152467,"1":1.148223,"2":1.138321,"3":1.137898,"4":1.135786,"5":1.137414,"6":1.137903,"7":1.137841,"8":1.156314,"9":1.176544,"10":1.151089,"11":1.153135,"12":1.157063,"13":1.158553,"14":1.158585,"15":1.159385,"16":1.157369,"17":1.158063},"CtsInSrc":{"0":30.0,"1":30.0,"2":30.0,"3":30.0,"4":30.0,"5":30.0,"6":30.0,"7":30.0,"8":30.0,"9":30.0,"10":30.0,"11":30.0,"12":30.0,"13":30.0,"14":30.0,"15":30.0,"16":30.0,"17":30.0},"BGInSrc":{"0":0.0,"1":0.703704,"2":0.703704,"3":0.703704,"4":0.703704,"5":0.0,"6":1.407407,"7":0.0,"8":0.703704,"9":0.0,"10":0.0,"11":0.703704,"12":1.407407,"13":0.703704,"14":0.0,"15":2.814815,"16":0.0,"17":2.814815},"Exposure":{"0":6.082807,"1":6.319504,"2":5.666484,"3":5.049141,"4":7.061456,"5":7.801465,"6":5.102519,"7":5.527724,"8":7.107605,"9":9.520069,"10":9.659121,"11":10.632021,"12":10.790373,"13":9.493524,"14":10.390168,"15":12.40048,"16":18.33933,"17":15.714979},"Sigma":{"0":1000.0,"1":41.631579,"2":41.631579,"3":41.631579,"4":41.631579,"5":1000.0,"6":28.730865,"7":1000.0,"8":41.631579,"9":1000.0,"10":1000.0,"11":41.631579,"12":28.730865,"13":41.631579,"14":1000.0,"15":19.315789,"16":1000.0,"17":19.315789},"SNR":{"0":5.354287,"1":5.267937,"2":5.273599,"3":5.276639,"4":5.279208,"5":5.448017,"6":5.110732,"7":5.443274,"8":5.26821,"9":5.43136,"10":5.415101,"11":5.23964,"12":5.065863,"13":5.223941,"14":5.382722,"15":4.740602,"16":5.392096,"17":4.743007},"SYS_NEG":{"0":0.960652,"1":0.977558,"2":0.979353,"3":0.980381,"4":0.981293,"5":0.981069,"6":0.980548,"7":0.979576,"8":0.977641,"9":0.976223,"10":0.972265,"11":0.970102,"12":0.967448,"13":0.966636,"14":0.965638,"15":0.965022,"16":0.96743,"17":0.965673},"SYS_POS":{"0":1.027797,"1":1.016103,"2":1.014805,"3":1.014043,"4":1.013356,"5":1.013527,"6":1.013919,"7":1.014641,"8":1.016051,"9":1.017064,"10":1.019825,"11":1.021313,"12":1.023124,"13":1.023678,"14":1.024358,"15":1.024779,"16":1.023137,"17":1.024335}}