{"Time":{"0":107.109},"TimePos":{"0":5.171},"TimeNeg":{"0":-5.316},"Rate":{"0":3.172492},"RatePos":{"0":0.6322871},"RateNeg":{"0":-0.6327806},"FracExp":{"0":1.0},"BGrate":{"0":0.183634},"BGerr":{"0":0.1060211},"CorrFact":{"0":1.185173},"CtsInSrc":{"0":30.0},"BGInSrc":{"0":1.925926},"Exposure":{"0":10.48785},"Sigma":{"0":25.247971},"SNR":{"0":5.013574},"SYS_NEG":{"0":0.987698},"SYS_POS":{"0":1.00945}}