{"Time":{"0":95.552,"1":98.845,"2":102.616,"3":106.068,"4":109.683,"5":113.158,"6":116.083,"7":118.641,"8":121.1,"9":123.526,"10":126.771,"11":129.817,"12":132.752,"13":135.952,"14":140.135,"15":145.237,"16":149.511,"17":153.095,"18":157.1,"19":161.109,"20":165.86,"21":170.924,"22":175.503,"23":181.297,"24":186.21,"25":193.475,"26":198.347,"27":204.558,"28":212.258,"29":221.132,"30":231.745},"TimePos":{"0":1.267,"1":1.894,"2":1.617,"3":1.684,"4":1.616,"5":1.572,"6":1.377,"7":1.061,"8":1.321,"9":1.292,"10":1.386,"11":1.338,"12":1.562,"13":2.09,"14":2.794,"15":2.187,"16":1.772,"17":2.229,"18":1.903,"19":2.283,"20":2.245,"21":2.135,"22":2.695,"23":3.208,"24":2.2,"25":2.54,"26":3.062,"27":3.108,"28":4.151,"29":4.369,"30":7.501},"TimeNeg":{"0":-1.33,"1":-2.025,"2":-1.878,"3":-1.835,"4":-1.931,"5":-1.858,"6":-1.354,"7":-1.181,"8":-1.397,"9":-1.105,"10":-1.954,"11":-1.66,"12":-1.598,"13":-1.638,"14":-2.093,"15":-2.309,"16":-2.086,"17":-1.812,"18":-1.776,"19":-2.106,"20":-2.468,"21":-2.818,"22":-2.445,"23":-3.099,"24":-1.705,"25":-5.064,"26":-2.332,"27":-3.149,"28":-4.592,"29":-4.724,"30":-6.243},"Rate":{"0":18.07691,"1":12.18082,"2":13.66259,"3":9.114193,"4":8.156382,"5":14.36817,"6":17.47745,"7":21.64405,"8":17.27052,"9":20.57347,"10":14.29464,"11":15.66226,"12":15.10791,"13":13.0187,"14":9.257581,"15":10.79484,"16":8.527311,"17":9.501698,"18":9.838026,"19":7.138964,"20":6.981763,"21":6.484791,"22":9.023242,"23":4.71866,"24":8.425098,"25":3.914935,"26":5.95569,"27":4.757266,"28":3.494687,"29":3.014644,"30":1.937534},"RatePos":{"0":2.877798,"1":1.89675,"2":2.127484,"3":1.719213,"4":1.761715,"5":2.141885,"6":2.721519,"7":3.297307,"8":2.74942,"9":3.066918,"10":2.225904,"11":2.49339,"12":2.352542,"13":1.983301,"14":1.462098,"15":1.644512,"16":1.556869,"17":1.606083,"18":1.712583,"19":1.391927,"20":1.274692,"21":1.223228,"22":1.407655,"23":0.9844569,"24":1.538208,"25":0.8167753,"26":1.123424,"27":0.9925116,"28":0.7046495,"29":0.699214,"30":0.4661655},"RateNeg":{"0":-2.877797,"1":-1.896749,"2":-2.127484,"3":-1.719213,"4":-1.761715,"5":-2.141885,"6":-2.721519,"7":-3.297307,"8":-2.74942,"9":-3.066918,"10":-2.225904,"11":-2.493391,"12":-2.352542,"13":-1.983301,"14":-1.462098,"15":-1.644512,"16":-1.556869,"17":-1.606083,"18":-1.712583,"19":-1.391927,"20":-1.274692,"21":-1.223228,"22":-1.407655,"23":-0.9844569,"24":-1.538208,"25":-0.8167753,"26":-1.123424,"27":-0.9925115,"28":-0.7046495,"29":-0.699214,"30":-0.4661654},"FracExp":{"0":1.0,"1":1.0,"2":1.0,"3":1.0,"4":1.0,"5":1.0,"6":1.0,"7":1.0,"8":1.0,"9":1.0,"10":1.0,"11":1.0,"12":1.0,"13":1.0,"14":1.0,"15":1.0,"16":1.0,"17":1.0,"18":1.0,"19":1.0,"20":1.0,"21":1.0,"22":1.0,"23":1.0,"24":1.0,"25":1.0,"26":1.0,"27":1.0,"28":1.0,"29":1.0,"30":1.0},"BGrate":{"0":0.8269951,"1":0.3653988,"2":0.4098488,"3":0.2034737,"4":1.009206,"5":0.0,"6":0.5243893,"7":0.3194241,"8":0.7901917,"9":0.0,"10":0.4288429,"11":0.7165749,"12":0.4532346,"13":0.1921099,"14":0.1465135,"15":0.159269,"16":0.0,"17":0.0,"18":0.0,"19":0.3262852,"20":0.0,"21":0.1445669,"22":0.139312,"23":0.4541294,"24":0.0,"25":0.3766704,"26":0.1327416,"27":0.4577457,"28":0.2457099,"29":0.5512245,"30":0.4167829},"BGerr":{"0":0.4774659,"1":0.258376,"2":0.2898068,"3":0.2034737,"4":0.4513307,"5":0.0,"6":0.3707992,"7":0.3194241,"8":0.4562174,"9":0.0,"10":0.3032378,"11":0.4137147,"12":0.3204853,"13":0.1921099,"14":0.1465135,"15":0.159269,"16":0.0,"17":0.0,"18":0.0,"19":0.2307184,"20":0.0,"21":0.1445669,"22":0.139312,"23":0.2270647,"24":0.0,"25":0.1883352,"26":0.1327416,"27":0.2288729,"28":0.1418607,"29":0.2083433,"30":0.147355},"CorrFact":{"0":1.095761,"1":1.095761,"2":1.095761,"3":1.095275,"4":1.095221,"5":1.095221,"6":1.095546,"7":1.095639,"8":1.095639,"9":1.095639,"10":1.095674,"11":1.09569,"12":1.09569,"13":1.095758,"14":1.095927,"15":1.095927,"16":1.096874,"17":1.096874,"18":1.096865,"19":1.096813,"20":1.096813,"21":1.096833,"22":1.096835,"23":1.096729,"24":1.096713,"25":1.097042,"26":1.09708,"27":1.096967,"28":1.096973,"29":1.097041,"30":1.09717},"CtsInSrc":{"0":45.0,"1":45.0,"2":45.0,"3":30.0,"4":30.0,"5":45.0,"6":45.0,"7":45.0,"8":45.0,"9":45.0,"10":45.0,"11":45.0,"12":45.0,"13":45.0,"14":42.0,"15":45.0,"16":30.0,"17":35.0,"18":33.0,"19":30.0,"20":30.0,"21":30.0,"22":43.0,"23":30.0,"24":30.0,"25":30.0,"26":30.0,"27":30.0,"28":30.0,"29":30.0,"30":30.0},"BGInSrc":{"0":2.148148,"1":1.432099,"2":1.432099,"3":0.716049,"4":3.580247,"5":0.0,"6":1.432099,"7":0.716049,"8":2.148148,"9":0.0,"10":1.432099,"11":2.148148,"12":1.432099,"13":0.716049,"14":0.716049,"15":0.716049,"16":0.0,"17":0.0,"18":0.0,"19":1.432099,"20":0.0,"21":0.716049,"22":0.716049,"23":2.864198,"24":0.0,"25":2.864198,"26":0.716049,"27":2.864198,"28":2.148148,"29":5.012346,"30":5.728395},"Exposure":{"0":2.597534,"1":3.919276,"2":3.494213,"3":3.519125,"4":3.547587,"5":3.430149,"6":2.730984,"7":2.241689,"8":2.718515,"9":2.396472,"10":3.339448,"11":2.9978,"12":3.15973,"13":3.727291,"14":4.887259,"15":4.49585,"16":3.858921,"17":4.040392,"18":3.679247,"19":4.389102,"20":4.712905,"21":4.953067,"22":5.139896,"23":6.307008,"24":3.905163,"25":7.603989,"26":5.394311,"27":6.25718,"28":8.742621,"29":9.093111,"30":13.744313},"Sigma":{"0":34.551427,"1":43.02379,"2":43.02379,"3":40.896552,"4":16.50064,"5":1000.0,"6":43.02379,"7":61.844828,"8":34.551427,"9":1000.0,"10":43.02379,"11":34.551427,"12":43.02379,"13":61.844828,"14":57.655172,"15":61.844828,"16":1000.0,"17":1000.0,"18":1000.0,"19":28.211122,"20":1000.0,"21":40.896552,"22":59.051724,"23":18.948276,"24":1000.0,"25":18.948276,"26":40.896552,"27":18.948276,"28":22.456935,"29":13.189657,"30":11.984241},"SNR":{"0":6.281508,"1":6.421946,"2":6.421947,"3":5.301376,"4":4.629797,"5":6.708191,"6":6.421949,"7":6.56416,"8":6.281512,"9":6.708191,"10":6.421949,"11":6.281512,"12":6.421949,"13":6.564159,"14":6.33171,"15":6.564159,"16":5.477218,"17":5.91607,"18":5.744554,"19":5.128835,"20":5.477217,"21":5.301375,"22":6.410125,"23":4.79316,"24":5.477217,"25":4.79316,"26":5.301374,"27":4.79316,"28":4.959469,"29":4.311476,"30":4.156323},"SYS_NEG":{"0":0.999666,"1":0.999674,"2":0.999689,"3":0.999699,"4":0.999704,"5":0.999703,"6":0.999705,"7":0.999708,"8":0.99971,"9":0.999709,"10":0.999712,"11":0.999713,"12":0.999706,"13":0.999702,"14":0.999705,"15":0.999706,"16":0.999702,"17":0.999693,"18":0.999694,"19":0.99969,"20":0.999682,"21":0.999679,"22":0.999677,"23":0.999669,"24":0.999672,"25":0.999671,"26":0.999665,"27":0.999659,"28":0.999662,"29":0.999662,"30":0.999662},"SYS_POS":{"0":1.000345,"1":1.000334,"2":1.000313,"3":1.000299,"4":1.000292,"5":1.000294,"6":1.000291,"7":1.000287,"8":1.000284,"9":1.000285,"10":1.00028,"11":1.000279,"12":1.00029,"13":1.000296,"14":1.000291,"15":1.000289,"16":1.000295,"17":1.000308,"18":1.000306,"19":1.000312,"20":1.000322,"21":1.000327,"22":1.00033,"23":1.000341,"24":1.000336,"25":1.000338,"26":1.000346,"27":1.000354,"28":1.00035,"29":1.00035,"30":1.00035}}