{"Time":{"0":120.99},"TimePos":{"0":9.311},"TimeNeg":{"0":-12.313},"Rate":{"0":1.525408},"RatePos":{"0":0.3551621},"RateNeg":{"0":-0.359582},"FracExp":{"0":1.0},"BGrate":{"0":0.2198114},"BGerr":{"0":0.08308092},"CorrFact":{"0":1.306481},"CtsInSrc":{"0":30.0},"BGInSrc":{"0":4.753086},"Exposure":{"0":21.623471},"Sigma":{"0":14.053406},"SNR":{"0":4.242171},"SYS_NEG":{"0":0.941359},"SYS_POS":{"0":1.045619}}