{"Time":{"0":128.964,"1":131.563,"2":133.877,"3":136.822,"4":140.773,"5":144.52,"6":148.695,"7":153.263,"8":156.579,"9":160.999,"10":164.971,"11":169.031,"12":172.737,"13":177.872,"14":182.538,"15":186.951,"16":192.398,"17":199.496,"18":206.854},"TimePos":{"0":1.144,"1":1.01,"2":1.452,"3":1.967,"4":1.772,"5":2.128,"6":2.598,"7":1.572,"8":2.513,"9":2.02,"10":2.392,"11":2.128,"12":1.97,"13":1.977,"14":2.217,"15":2.429,"16":3.279,"17":3.256,"18":3.873},"TimeNeg":{"0":-1.335,"1":-1.456,"2":-1.304,"3":-1.493,"4":-1.984,"5":-1.975,"6":-2.047,"7":-1.97,"8":-1.744,"9":-1.907,"10":-1.952,"11":-1.667,"12":-1.579,"13":-3.165,"14":-2.688,"15":-2.197,"16":-3.017,"17":-3.819,"18":-4.102},"Rate":{"0":20.20132,"1":20.30328,"2":17.87759,"3":14.06164,"4":13.66073,"5":12.1071,"6":10.55047,"7":9.351056,"8":8.891147,"9":12.64623,"10":7.618867,"11":9.677102,"12":8.878271,"13":6.128743,"14":6.592721,"15":6.99201,"16":5.263327,"17":4.573294,"18":4.063371},"RatePos":{"0":3.012634,"1":3.027567,"2":2.724093,"3":2.189952,"4":2.036634,"5":1.885392,"6":1.642945,"7":1.707308,"8":1.545503,"9":1.885246,"10":1.391037,"11":1.708085,"12":1.731077,"13":1.19498,"14":1.243615,"15":1.31894,"16":0.9609795,"17":0.8626922,"18":0.7665094},"RateNeg":{"0":-3.012225,"1":-3.027247,"2":-2.723892,"3":-2.189836,"4":-2.036561,"5":-1.885349,"6":-1.642921,"7":-1.707293,"8":-1.545491,"9":-1.885228,"10":-1.391028,"11":-1.708073,"12":-1.731068,"13":-1.194973,"14":-1.243606,"15":-1.318928,"16":-0.960969,"17":-0.8626817,"18":-0.7664973},"FracExp":{"0":1.0,"1":1.0,"2":1.0,"3":1.0,"4":1.0,"5":1.0,"6":1.0,"7":1.0,"8":1.0,"9":1.0,"10":1.0,"11":1.0,"12":1.0,"13":1.0,"14":1.0,"15":1.0,"16":1.0,"17":1.0,"18":1.0},"BGrate":{"0":0.0,"1":0.0,"2":0.2598259,"3":0.4138572,"4":0.0,"5":0.3490658,"6":0.3082926,"7":0.0,"8":0.1681873,"9":0.0,"10":0.0,"11":0.1886893,"12":0.4034846,"13":0.2785287,"14":0.1459827,"15":0.1547978,"16":0.0,"17":0.101201,"18":0.08978937},"BGerr":{"0":0.0,"1":0.0,"2":0.2598259,"3":0.2926412,"4":0.0,"5":0.2468268,"6":0.2179958,"7":0.0,"8":0.1681873,"9":0.0,"10":0.0,"11":0.1886893,"12":0.2853067,"13":0.1969496,"14":0.1459827,"15":0.1547978,"16":0.0,"17":0.101201,"18":0.08978937},"CorrFact":{"0":1.112559,"1":1.112559,"2":1.112559,"3":1.116842,"4":1.14009,"5":1.14009,"6":1.124903,"7":1.104121,"8":1.104121,"9":1.103453,"10":1.103369,"11":1.103332,"12":1.103052,"13":1.103052,"14":1.104274,"15":1.104461,"16":1.104652,"17":1.104988,"18":1.10656},"CtsInSrc":{"0":45.0,"1":45.0,"2":45.0,"3":45.0,"4":45.0,"5":45.0,"6":45.0,"7":30.0,"8":35.0,"9":45.0,"10":30.0,"11":34.0,"12":30.0,"13":30.0,"14":30.0,"15":30.0,"16":30.0,"17":30.0,"18":30.0},"BGInSrc":{"0":0.0,"1":0.0,"2":0.716049,"3":1.432099,"4":0.0,"5":1.432099,"6":1.432099,"7":0.0,"8":0.716049,"9":0.0,"10":0.0,"11":0.716049,"12":1.432099,"13":1.432099,"14":0.716049,"15":0.716049,"16":0.0,"17":0.716049,"18":0.716049},"Exposure":{"0":2.478312,"1":2.465866,"2":2.755881,"3":3.460369,"4":3.755585,"5":4.102661,"6":4.645258,"7":3.542234,"8":4.257452,"9":3.926497,"10":4.344619,"11":3.79486,"12":3.549327,"13":5.141656,"14":4.90503,"15":4.625708,"16":6.296312,"17":7.075519,"18":7.974768},"Sigma":{"0":1000.0,"1":1000.0,"2":61.844828,"3":43.02379,"4":1000.0,"5":43.02379,"6":43.02379,"7":1000.0,"8":47.87931,"9":1000.0,"10":1000.0,"11":46.482759,"12":28.211122,"13":28.211122,"14":40.896552,"15":40.896552,"16":1000.0,"17":40.896552,"18":40.896552},"SNR":{"0":6.706444,"1":6.706848,"2":6.563253,"3":6.421319,"4":6.707743,"5":6.421674,"6":6.421775,"7":5.477124,"8":5.75296,"9":6.708064,"10":5.477149,"11":5.665508,"12":5.128782,"13":5.128773,"14":5.301296,"15":5.301283,"16":5.477104,"17":5.301253,"18":5.30122},"SYS_NEG":{"0":0.996585,"1":0.997003,"2":0.997451,"3":0.997799,"4":0.998252,"5":0.99853,"6":0.998816,"7":0.998889,"8":0.998979,"9":0.999036,"10":0.999031,"11":0.999045,"12":0.999061,"13":0.998991,"14":0.99892,"15":0.998844,"16":0.998783,"17":0.998682,"18":0.998522},"SYS_POS":{"0":1.004208,"1":1.0037,"2":1.00315,"3":1.002719,"4":1.002156,"5":1.001807,"6":1.001445,"7":1.001353,"8":1.001238,"9":1.001165,"10":1.001171,"11":1.001154,"12":1.001133,"13":1.001223,"14":1.001314,"15":1.00141,"16":1.001488,"17":1.001616,"18":1.001817}}