{"Time":{"0":92.65,"1":99.967},"TimePos":{"0":3.402,"1":5.118},"TimeNeg":{"0":-3.123,"1":-3.915},"Rate":{"0":4.5822,"1":3.591998},"RatePos":{"0":0.9349103,"1":0.6558068},"RateNeg":{"0":-0.9349101,"1":-0.6558067},"FracExp":{"0":1.0,"1":1.0},"BGrate":{"0":0.3595164,"1":0.0},"BGerr":{"0":0.2075669,"1":0.0},"CorrFact":{"0":1.081325,"1":1.081505},"CtsInSrc":{"0":30.0,"1":30.0},"BGInSrc":{"0":2.346154,"1":0.0},"Exposure":{"0":6.525861,"1":9.03262},"Sigma":{"0":20.415484,"1":1000.0},"SNR":{"0":4.901219,"1":5.477221},"SYS_NEG":{"0":0.999779,"1":0.999773},"SYS_POS":{"0":1.000249,"1":1.000256}}