{"Time":{"0":88.252,"1":92.769,"2":96.615,"3":100.905,"4":105.147,"5":109.211,"6":113.873,"7":117.707,"8":121.899,"9":125.829,"10":130.035,"11":134.664,"12":139.981,"13":145.126,"14":150.383,"15":155.391,"16":161.92,"17":167.271,"18":173.86,"19":180.554,"20":187.485,"21":195.481,"22":205.897,"23":215.906},"TimePos":{"0":1.852,"1":1.927,"2":2.082,"3":2.439,"4":2.033,"5":1.888,"6":1.898,"7":1.817,"8":1.683,"9":2.152,"10":2.216,"11":2.659,"12":2.267,"13":2.814,"14":2.754,"15":2.855,"16":3.277,"17":2.452,"18":3.234,"19":3.572,"20":3.574,"21":4.238,"22":4.55,"23":4.59},"TimeNeg":{"0":-2.22,"1":-2.665,"2":-1.92,"3":-2.208,"4":-1.803,"5":-2.031,"6":-2.774,"7":-1.935,"8":-2.375,"9":-2.248,"10":-2.054,"11":-2.413,"12":-2.658,"13":-2.877,"14":-2.443,"15":-2.254,"16":-3.674,"17":-2.074,"18":-4.137,"19":-3.46,"20":-3.358,"21":-4.422,"22":-6.178,"23":-5.459},"Rate":{"0":8.026373,"1":6.948413,"2":7.968054,"3":10.36461,"4":8.100506,"5":8.56381,"6":7.184308,"7":8.396632,"8":8.034389,"9":7.410533,"10":7.636232,"11":6.121469,"12":6.463009,"13":5.729027,"14":5.824941,"15":5.924319,"16":4.467806,"17":7.206248,"18":4.424803,"19":4.527083,"20":4.369309,"21":3.677107,"22":2.968662,"23":3.014566},"RatePos":{"0":1.46541,"1":1.310681,"2":1.503016,"3":1.57897,"4":1.579404,"5":1.563532,"6":1.31167,"7":1.637142,"8":1.466874,"9":1.352974,"10":1.39418,"11":1.193539,"12":1.219119,"13":1.045974,"14":1.174509,"15":1.194546,"16":0.8711149,"17":1.315676,"18":0.8078557,"19":0.8539447,"20":0.8810028,"21":0.6936134,"22":0.5599794,"23":0.6078401},"RateNeg":{"0":-1.46541,"1":-1.310681,"2":-1.503016,"3":-1.57897,"4":-1.579404,"5":-1.563533,"6":-1.311671,"7":-1.637142,"8":-1.466874,"9":-1.352974,"10":-1.394181,"11":-1.19354,"12":-1.219119,"13":-1.045974,"14":-1.174509,"15":-1.194547,"16":-0.8711151,"17":-1.315676,"18":-0.8078558,"19":-0.8539448,"20":-0.881003,"21":-0.6936135,"22":-0.5599795,"23":-0.6078402},"FracExp":{"0":1.0,"1":1.0,"2":1.0,"3":1.0,"4":1.0,"5":1.0,"6":1.0,"7":1.0,"8":1.0,"9":1.0,"10":1.0,"11":1.0,"12":1.0,"13":1.0,"14":1.0,"15":1.0,"16":1.0,"17":1.0,"18":1.0,"19":1.0,"20":1.0,"21":1.0,"22":1.0,"23":1.0},"BGrate":{"0":0.0,"1":0.1559375,"2":0.1789564,"3":0.154086,"4":0.3733536,"5":0.0,"6":0.0,"7":0.3816727,"8":0.0,"9":0.0,"10":0.0,"11":0.28234,"12":0.1454019,"13":0.0,"14":0.4133575,"15":0.4204111,"16":0.206027,"17":0.0,"18":0.0,"19":0.1018146,"20":0.3099136,"21":0.08267723,"22":0.06674526,"23":0.2137787},"BGerr":{"0":0.0,"1":0.1559375,"2":0.1789564,"3":0.154086,"4":0.2640008,"5":0.0,"6":0.0,"7":0.2698834,"8":0.0,"9":0.0,"10":0.0,"11":0.1996445,"12":0.1454019,"13":0.0,"14":0.2386521,"15":0.2427245,"16":0.1456831,"17":0.0,"18":0.0,"19":0.1018146,"20":0.1789287,"21":0.08267723,"22":0.06674526,"23":0.1234252},"CorrFact":{"0":1.089553,"1":1.089553,"2":1.088726,"3":1.087643,"4":1.087643,"5":1.118834,"6":1.118834,"7":1.10283,"8":1.086827,"9":1.086827,"10":1.086865,"11":1.086871,"12":1.086871,"13":1.08687,"14":1.086866,"15":1.086862,"16":1.087088,"17":1.087201,"18":1.087158,"19":1.087231,"20":1.087382,"21":1.087511,"22":1.087561,"23":1.087603},"CtsInSrc":{"0":30.0,"1":30.0,"2":30.0,"3":45.0,"4":30.0,"5":30.0,"6":30.0,"7":30.0,"8":30.0,"9":30.0,"10":30.0,"11":30.0,"12":30.0,"13":30.0,"14":30.0,"15":30.0,"16":30.0,"17":30.0,"18":30.0,"19":30.0,"20":30.0,"21":30.0,"22":30.0,"23":30.0},"BGInSrc":{"0":0.0,"1":0.716049,"2":0.716049,"3":0.716049,"4":1.432099,"5":0.0,"6":0.0,"7":1.432099,"8":0.0,"9":0.0,"10":0.0,"11":1.432099,"12":0.716049,"13":0.0,"14":2.148148,"15":2.148148,"16":1.432099,"17":0.0,"18":0.0,"19":0.716049,"20":2.148148,"21":0.716049,"22":0.716049,"23":2.148148},"Exposure":{"0":4.072399,"1":4.5919,"2":4.001251,"3":4.647076,"4":3.835771,"5":3.919401,"6":4.671989,"7":3.752164,"8":4.058156,"9":4.399792,"10":4.2699,"11":5.072249,"12":4.924621,"13":5.691388,"14":5.196829,"15":5.109637,"16":6.951024,"17":4.526078,"18":7.370889,"19":7.032874,"20":6.931443,"21":8.660781,"22":10.728094,"23":10.048466},"Sigma":{"0":1000.0,"1":40.896552,"2":40.896552,"3":61.844828,"4":28.211122,"5":1000.0,"6":1000.0,"7":28.211122,"8":1000.0,"9":1000.0,"10":1000.0,"11":28.211122,"12":40.896552,"13":1000.0,"14":22.456935,"15":22.456935,"16":28.211122,"17":1000.0,"18":1000.0,"19":40.896552,"20":22.456935,"21":40.896552,"22":40.896552,"23":22.456935},"SNR":{"0":5.477219,"1":5.301377,"2":5.301377,"3":6.564161,"4":5.128836,"5":5.477219,"6":5.477219,"7":5.128836,"8":5.477218,"9":5.477218,"10":5.477218,"11":5.128835,"12":5.301376,"13":5.477218,"14":4.95947,"15":4.95947,"16":5.128836,"17":5.477219,"18":5.477219,"19":5.301377,"20":4.959471,"21":5.301377,"22":5.301377,"23":4.959471},"SYS_NEG":{"0":0.999717,"1":0.99973,"2":0.999729,"3":0.999724,"4":0.999718,"5":0.999714,"6":0.999712,"7":0.999709,"8":0.999706,"9":0.999705,"10":0.999705,"11":0.999705,"12":0.999705,"13":0.999706,"14":0.999708,"15":0.999709,"16":0.999712,"17":0.999714,"18":0.999716,"19":0.999718,"20":0.999719,"21":0.99972,"22":0.999722,"23":0.999722},"SYS_POS":{"0":1.000273,"1":1.000252,"2":1.000249,"3":1.000252,"4":1.000258,"5":1.00026,"6":1.000263,"7":1.000265,"8":1.000268,"9":1.000268,"10":1.000268,"11":1.000268,"12":1.000268,"13":1.000267,"14":1.000266,"15":1.000265,"16":1.000263,"17":1.000261,"18":1.000259,"19":1.000258,"20":1.000257,"21":1.000256,"22":1.000254,"23":1.000254}}