{"Time":{"0":147.49,"1":151.593,"2":156.875,"3":161.647,"4":166.392,"5":171.515,"6":176.118,"7":180.822,"8":185.638,"9":190.759,"10":197.898,"11":204.415,"12":213.153,"13":223.855},"TimePos":{"0":1.831,"1":2.649,"2":1.967,"3":1.907,"4":2.564,"5":2.515,"6":1.899,"7":2.192,"8":1.977,"9":3.071,"10":3.924,"11":2.794,"12":4.826,"13":6.498},"TimeNeg":{"0":-2.718,"1":-2.272,"2":-2.632,"3":-2.806,"4":-2.838,"5":-2.559,"6":-2.088,"7":-2.806,"8":-2.624,"9":-3.144,"10":-4.068,"11":-2.593,"12":-5.945,"13":-5.876},"Rate":{"0":8.703053,"1":12.44961,"2":8.45576,"3":12.21281,"4":9.69147,"5":7.157728,"6":9.197773,"7":11.14537,"8":7.847329,"9":5.527034,"10":4.51959,"11":6.735177,"12":3.465059,"13":2.974394},"RatePos":{"0":1.825791,"1":2.025417,"2":1.577087,"3":1.852547,"4":1.585698,"5":1.31673,"6":1.689458,"7":1.673842,"8":1.485319,"9":1.077903,"10":0.8300119,"11":1.237136,"12":0.6575807,"13":0.5837548},"RateNeg":{"0":-1.886013,"1":-2.12004,"2":-1.60906,"3":-1.884152,"4":-1.602288,"5":-1.326345,"6":-1.699181,"7":-1.685487,"8":-1.493121,"9":-1.082472,"10":-0.8346273,"11":-1.244259,"12":-0.6628247,"13":-0.5900262},"FracExp":{"0":1.0,"1":1.0,"2":1.0,"3":1.0,"4":1.0,"5":1.0,"6":1.0,"7":1.0,"8":1.0,"9":1.0,"10":1.0,"11":1.0,"12":1.0,"13":1.0},"BGrate":{"0":0.2985192,"1":0.1379812,"2":0.0,"3":0.0,"4":0.5028423,"5":0.0,"6":0.0,"7":0.0,"8":0.1475852,"9":0.2185261,"10":0.0,"11":0.0,"12":0.06304195,"13":0.10975},"BGerr":{"0":0.211085,"1":0.1379812,"2":0.0,"3":0.0,"4":0.2514212,"5":0.0,"6":0.0,"7":0.0,"8":0.1475852,"9":0.1545213,"10":0.0,"11":0.0,"12":0.06304195,"13":0.07760498},"CorrFact":{"0":1.382306,"1":1.382306,"2":1.296269,"3":1.279062,"4":1.237998,"5":1.210622,"6":1.222385,"7":1.237767,"8":1.23134,"9":1.199205,"10":1.203989,"11":1.209457,"12":1.272858,"13":1.284987},"CtsInSrc":{"0":30.0,"1":45.0,"2":30.0,"3":45.0,"4":45.0,"5":30.0,"6":30.0,"7":45.0,"8":30.0,"9":30.0,"10":30.0,"11":30.0,"12":30.0,"13":30.0},"BGInSrc":{"0":1.358025,"1":0.679012,"2":0.0,"3":0.0,"4":2.716049,"5":0.0,"6":0.0,"7":0.0,"8":0.679012,"9":1.358025,"10":0.0,"11":0.0,"12":0.679012,"13":1.358025},"Exposure":{"0":4.549204,"1":4.921048,"2":4.599004,"3":4.712904,"4":5.401394,"5":5.074048,"6":3.987003,"7":4.997549,"8":4.600816,"9":6.214474,"10":7.991806,"11":5.387196,"12":10.770802,"13":12.373799},"Sigma":{"0":29.82705,"1":65.272727,"2":1000.0,"3":1000.0,"4":31.136364,"5":1000.0,"6":1000.0,"7":1000.0,"8":43.181818,"9":29.82705,"10":1000.0,"11":1000.0,"12":43.181818,"13":29.82705},"SNR":{"0":4.614524,"1":5.87235,"2":5.255092,"3":6.481858,"4":6.048517,"5":5.39658,"6":5.413063,"7":6.612554,"8":5.255655,"9":5.105935,"10":5.4151,"11":5.413001,"12":5.227715,"13":5.041122},"SYS_NEG":{"0":0.903726,"1":0.923479,"2":0.946357,"3":0.960262,"4":0.966329,"5":0.968319,"6":0.971806,"7":0.974553,"8":0.972219,"9":0.974228,"10":0.972265,"11":0.971792,"12":0.965944,"13":0.959296},"SYS_POS":{"0":1.079483,"1":1.05766,"2":1.038115,"3":1.028059,"4":1.023887,"5":1.022531,"6":1.020136,"7":1.018238,"8":1.01986,"9":1.018467,"10":1.019827,"11":1.02015,"12":1.024148,"13":1.028719}}