{"Time":{"0":88.006},"TimePos":{"0":3.517},"TimeNeg":{"0":-3.388},"Rate":{"0":4.806185},"RatePos":{"0":0.8774945},"RateNeg":{"0":-0.8775269},"FracExp":{"0":1.0},"BGrate":{"0":0.0},"BGerr":{"0":0.0},"CorrFact":{"0":1.106189},"CtsInSrc":{"0":30.0},"BGInSrc":{"0":0.0},"Exposure":{"0":6.904782},"Sigma":{"0":1000.0},"SNR":{"0":5.476966},"SYS_NEG":{"0":0.998224},"SYS_POS":{"0":1.000831}}