{"Time":{"0":146.639,"1":151.553,"2":156.797,"3":164.737,"4":173.206},"TimePos":{"0":2.685,"1":2.348,"2":3.302,"3":4.531,"4":5.068},"TimeNeg":{"0":-1.841,"1":-2.228,"2":-2.896,"3":-4.638,"4":-3.938},"Rate":{"0":7.844805,"1":6.763104,"2":5.832379,"3":3.88136,"4":3.986117},"RatePos":{"0":1.436709,"1":1.477758,"2":1.069331,"3":0.7596149,"4":0.8017971},"RateNeg":{"0":-1.440481,"1":-1.481289,"2":-1.073658,"3":-0.7688016,"4":-0.8104841},"FracExp":{"0":1.0,"1":1.0,"2":1.0,"3":1.0,"4":1.0},"BGrate":{"0":0.0,"1":0.8417636,"2":0.0,"3":0.140022,"4":0.213851},"BGerr":{"0":0.0,"1":0.3436485,"2":0.0,"3":0.09901052,"4":0.1234669},"CorrFact":{"0":1.183544,"1":1.183544,"2":1.20506,"3":1.239399,"4":1.278712},"CtsInSrc":{"0":30.0,"1":30.0,"2":30.0,"3":30.0,"4":30.0},"BGInSrc":{"0":0.0,"1":3.851852,"2":0.0,"3":1.283951,"4":1.925926},"Exposure":{"0":4.526095,"1":4.575931,"2":6.198466,"3":9.169634,"4":9.005925},"Sigma":{"0":1000.0,"1":16.628267,"2":1000.0,"3":31.62943,"4":25.247971},"SNR":{"0":5.445961,"1":4.565689,"2":5.43225,"3":5.048585,"4":4.918193},"SYS_NEG":{"0":0.980408,"1":0.978135,"2":0.976458,"3":0.956948,"4":0.958655},"SYS_POS":{"0":1.014403,"1":1.0158,"2":1.016783,"3":1.030355,"4":1.028773}}