{"Time":{"0":122.266,"1":128.175,"2":132.418,"3":137.906},"TimePos":{"0":2.683,"1":2.132,"2":2.212,"3":3.272},"TimeNeg":{"0":-2.003,"1":-3.226,"2":-2.111,"3":-3.275},"Rate":{"0":7.190073,"1":6.441673,"2":8.084141,"3":5.095929},"RatePos":{"0":1.360509,"1":1.180918,"2":1.482892,"3":0.9982322},"RateNeg":{"0":-1.359598,"1":-1.180031,"2":-1.48177,"3":-0.9975797},"FracExp":{"0":1.0,"1":1.0,"2":1.0,"3":1.0},"BGrate":{"0":0.1527994,"1":0.0,"2":0.0,"3":0.2187358},"BGerr":{"0":0.1527994,"1":0.0,"2":0.0,"3":0.1546696},"CorrFact":{"0":1.150602,"1":1.150602,"2":1.165,"3":1.16788},"CtsInSrc":{"0":30.0,"1":30.0,"2":30.0,"3":30.0},"BGInSrc":{"0":0.716049,"1":0.0,"2":0.0,"3":1.432099},"Exposure":{"0":4.686207,"1":5.358555,"2":4.32328,"3":6.547163},"Sigma":{"0":40.896552,"1":1000.0,"2":1000.0,"3":28.211122},"SNR":{"0":5.28838,"1":5.4589,"2":5.455734,"3":5.108292},"SYS_NEG":{"0":0.986765,"1":0.985027,"2":0.983779,"3":0.982494},"SYS_POS":{"0":1.014936,"1":1.016571,"2":1.017722,"3":1.018884}}