{"Time":{"0":145.293},"TimePos":{"0":3.892},"TimeNeg":{"0":-7.44},"Rate":{"0":3.010772},"RatePos":{"0":0.566482},"RateNeg":{"0":-0.5664422},"FracExp":{"0":1.0},"BGrate":{"0":0.05665477},"BGerr":{"0":0.05665477},"CorrFact":{"0":1.162072},"CtsInSrc":{"0":30.0},"BGInSrc":{"0":0.641975},"Exposure":{"0":11.331354},"Sigma":{"0":45.730769},"SNR":{"0":5.315233},"SYS_NEG":{"0":0.989472},"SYS_POS":{"0":1.010762}}