{"Time":{"0":60.544,"1":63.502,"2":67.132,"3":71.998,"4":78.465,"5":85.035},"TimePos":{"0":1.515,"1":1.524,"2":1.966,"3":3.559,"4":2.904,"5":2.516},"TimeNeg":{"0":-1.834,"1":-1.443,"2":-2.106,"3":-2.9,"4":-2.908,"5":-3.666},"Rate":{"0":21.91375,"1":24.72536,"2":18.28764,"3":11.16597,"4":8.436752,"5":8.124383},"RatePos":{"0":3.9143,"1":4.418813,"2":3.237586,"3":2.086159,"4":1.846685,"5":1.82117},"RateNeg":{"0":-4.063851,"1":-4.585565,"2":-3.357541,"3":-2.136082,"4":-1.864787,"5":-1.819915},"FracExp":{"0":1.0,"1":1.0,"2":1.0,"3":1.0,"4":1.0,"5":1.0},"BGrate":{"0":0.1991055,"1":0.2246515,"2":0.0,"3":0.2064548,"4":0.1146978,"5":0.1078318},"BGerr":{"0":0.1991055,"1":0.2246515,"2":0.0,"3":0.1459856,"4":0.1146978,"5":0.1078318},"CorrFact":{"0":1.655052,"1":1.655052,"2":1.655052,"3":1.651431,"4":1.671735,"5":1.712343},"CtsInSrc":{"0":45.0,"1":45.0,"2":45.0,"3":45.0,"4":30.0,"5":30.0},"BGInSrc":{"0":0.666667,"1":0.666667,"2":0.0,"3":1.333333,"4":0.666667,"5":0.666667},"Exposure":{"0":3.348309,"1":2.96756,"2":4.072551,"3":6.458234,"4":5.812374,"5":6.182469},"Sigma":{"0":66.5,"1":66.5,"2":1000.0,"3":46.315494,"4":44.0,"5":44.0},"SNR":{"0":5.392359,"1":5.391999,"2":5.446736,"3":5.227315,"4":4.524245,"5":4.464155},"SYS_NEG":{"0":0.893844,"1":0.893822,"2":0.89283,"3":0.88806,"4":0.883928,"5":0.878358},"SYS_POS":{"0":1.093726,"1":1.093902,"2":1.095498,"3":1.104115,"4":1.111932,"5":1.121926}}