{"Time":{"0":158.717,"1":160.319,"2":161.7,"3":163.19,"4":164.75,"5":166.355,"6":168.365,"7":170.281,"8":172.173,"9":174.141,"10":175.955,"11":178.277,"12":180.657,"13":183.879,"14":187.518,"15":191.041,"16":194.493,"17":198.468,"18":204.492,"19":210.638,"20":217.586,"21":225.317,"22":234.43,"23":259.473,"24":274.177,"25":275.896,"26":277.924,"27":279.798,"28":281.667,"29":284.151,"30":285.957,"31":287.681,"32":289.647,"33":291.505,"34":293.618,"35":295.704,"36":298.507,"37":301.349,"38":304.324,"39":307.998,"40":312.166,"41":315.901,"42":319.846,"43":325.414,"44":332.947,"45":340.27,"46":348.77,"47":360.488},"TimePos":{"0":0.832,"1":0.605,"2":0.65,"3":0.663,"4":0.802,"5":1.069,"6":0.981,"7":0.806,"8":1.015,"9":0.981,"10":0.976,"11":1.034,"12":1.544,"13":1.876,"14":1.163,"15":2.02,"16":2.154,"17":2.606,"18":3.215,"19":2.76,"20":4.071,"21":3.006,"22":4.737,"23":13.831,"24":0.793,"25":0.812,"26":1.017,"27":1.025,"28":1.067,"29":1.033,"30":0.851,"31":0.978,"32":0.924,"33":0.84,"34":1.013,"35":1.186,"36":1.44,"37":1.261,"38":1.875,"39":2.03,"40":1.977,"41":1.647,"42":1.691,"43":3.561,"44":3.57,"45":3.441,"46":4.708,"47":7.584},"TimeNeg":{"0":-0.856,"1":-0.77,"2":-0.775,"3":-0.84,"4":-0.897,"5":-0.803,"6":-0.942,"7":-0.934,"8":-1.087,"9":-0.953,"10":-0.833,"11":-1.346,"12":-1.346,"13":-1.678,"14":-1.762,"15":-2.36,"16":-1.432,"17":-1.821,"18":-3.418,"19":-2.931,"20":-4.188,"21":-3.66,"22":-6.107,"23":-20.306,"24":-0.872,"25":-0.926,"26":-1.216,"27":-0.857,"28":-0.844,"29":-1.417,"30":-0.773,"31":-0.872,"32":-0.988,"33":-0.934,"34":-1.273,"35":-1.073,"36":-1.616,"37":-1.402,"38":-1.714,"39":-1.799,"40":-2.138,"41":-1.759,"42":-2.298,"43":-3.877,"44":-3.971,"45":-3.753,"46":-5.058,"47":-7.01},"Rate":{"0":27.92022,"1":35.38379,"2":33.61375,"3":31.86294,"4":28.19252,"5":26.00019,"6":25.30265,"7":27.96735,"8":22.79833,"9":25.16302,"10":26.47488,"11":20.44554,"12":16.8584,"13":13.4883,"14":16.65321,"15":10.94674,"16":9.535334,"17":7.336603,"18":4.321655,"19":5.708123,"20":3.843625,"21":4.647511,"22":2.997758,"23":6.572638,"24":29.66345,"25":28.41886,"26":22.47486,"27":24.99227,"28":26.26291,"29":19.61734,"30":27.67142,"31":26.35253,"32":25.09599,"33":26.19962,"34":21.3391,"35":21.60263,"36":15.71963,"37":18.32689,"38":12.95557,"39":9.621251,"40":11.92567,"41":9.538841,"42":7.950088,"43":4.060277,"44":3.905263,"45":4.089479,"46":3.315704,"47":1.880292},"RatePos":{"0":4.343503,"1":5.274711,"2":5.118384,"3":4.851787,"4":4.292891,"5":3.875884,"6":3.771901,"7":4.169132,"8":3.471513,"9":3.751086,"10":4.031344,"11":3.047844,"12":2.513105,"13":2.053871,"14":2.482517,"15":1.666866,"16":1.759661,"17":1.339475,"18":0.9300136,"19":1.042157,"20":0.7245099,"21":0.9048588,"22":0.5473136,"23":1.279676,"24":4.516869,"25":4.327355,"26":3.350358,"27":4.06075,"28":3.915048,"29":2.987142,"30":4.596366,"31":3.928408,"32":3.82138,"33":4.164951,"34":3.181049,"35":3.220334,"36":2.393637,"37":2.732014,"38":2.059545,"39":1.650032,"40":1.795249,"41":1.741547,"42":1.498564,"43":0.8169222,"44":0.8123868,"45":0.8507082,"46":0.6249986,"47":0.4338155},"RateNeg":{"0":-4.343502,"1":-5.27471,"2":-5.118383,"3":-4.851786,"4":-4.29289,"5":-3.875883,"6":-3.7719,"7":-4.169131,"8":-3.471513,"9":-3.751085,"10":-4.031343,"11":-3.047844,"12":-2.513104,"13":-2.05387,"14":-2.482516,"15":-1.666865,"16":-1.759661,"17":-1.339475,"18":-0.9300135,"19":-1.042157,"20":-0.7245098,"21":-0.9048586,"22":-0.5473136,"23":-1.279676,"24":-4.516868,"25":-4.327354,"26":-3.350358,"27":-4.060749,"28":-3.915047,"29":-2.987142,"30":-4.596365,"31":-3.928407,"32":-3.821379,"33":-4.16495,"34":-3.181048,"35":-3.220333,"36":-2.393636,"37":-2.732013,"38":-2.059545,"39":-1.650032,"40":-1.795249,"41":-1.741547,"42":-1.498564,"43":-0.8169221,"44":-0.8123867,"45":-0.8507081,"46":-0.6249986,"47":-0.4338154},"FracExp":{"0":1.0,"1":1.0,"2":1.0,"3":1.0,"4":1.0,"5":1.0,"6":1.0,"7":1.0,"8":1.0,"9":1.0,"10":1.0,"11":1.0,"12":1.0,"13":1.0,"14":1.0,"15":1.0,"16":1.0,"17":1.0,"18":1.0,"19":1.0,"20":1.0,"21":1.0,"22":1.0,"23":0.1405,"24":1.0,"25":1.0,"26":1.0,"27":1.0,"28":1.0,"29":1.0,"30":1.0,"31":1.0,"32":1.0,"33":1.0,"34":1.0,"35":1.0,"36":1.0,"37":1.0,"38":1.0,"39":1.0,"40":1.0,"41":1.0,"42":1.0,"43":1.0,"44":1.0,"45":1.0,"46":1.0,"47":1.0},"BGrate":{"0":0.8335705,"1":0.0,"2":0.4938054,"3":0.468085,"4":0.4141644,"5":0.0,"6":0.0,"7":0.0,"8":0.3349146,"9":0.0,"10":0.3889243,"11":0.0,"12":0.0,"13":0.1979629,"14":0.0,"15":0.1606497,"16":0.3924067,"17":0.0,"18":0.5304755,"19":0.0,"20":0.08520698,"21":0.2111191,"22":0.0,"23":0.2934375,"24":0.4225747,"25":0.4048447,"26":0.0,"27":1.495391,"28":0.0,"29":0.2872407,"30":2.166123,"31":0.0,"32":0.3679365,"33":1.190166,"34":0.0,"35":0.0,"36":0.2302281,"37":0.0,"38":0.5882951,"39":0.0,"40":0.1710038,"41":0.0,"42":0.1764189,"43":0.2838066,"44":0.3732302,"45":0.3912291,"46":0.07205886,"47":0.3375251},"BGerr":{"0":0.5894233,"1":0.0,"2":0.4938054,"3":0.468085,"4":0.4141644,"5":0.0,"6":0.0,"7":0.0,"8":0.3349146,"9":0.0,"10":0.3889243,"11":0.0,"12":0.0,"13":0.1979629,"14":0.0,"15":0.1606497,"16":0.2774734,"17":0.0,"18":0.2372358,"19":0.0,"20":0.08520698,"21":0.1492838,"22":0.0,"23":0.2074916,"24":0.4225747,"25":0.4048447,"26":0.0,"27":0.7476957,"28":0.0,"29":0.2872407,"30":0.9687197,"31":0.0,"32":0.3679365,"33":0.6871425,"34":0.0,"35":0.0,"36":0.2302281,"37":0.0,"38":0.3396523,"39":0.0,"40":0.1710038,"41":0.0,"42":0.1764189,"43":0.1638558,"44":0.1866151,"45":0.1956145,"46":0.07205886,"47":0.1275725},"CorrFact":{"0":1.081393,"1":1.081393,"2":1.081393,"3":1.081393,"4":1.081393,"5":1.081393,"6":1.081403,"7":1.081412,"8":1.081412,"9":1.081412,"10":1.081412,"11":1.081569,"12":1.08242,"13":1.08242,"14":1.08242,"15":1.082498,"16":1.082515,"17":1.08251,"18":1.082436,"19":1.082912,"20":1.083535,"21":1.083575,"22":1.083573,"23":1.10253,"24":1.115169,"25":1.115169,"26":1.115169,"27":1.115169,"28":1.115169,"29":1.084967,"30":1.083562,"31":1.083562,"32":1.083562,"33":1.083562,"34":1.084115,"35":1.084692,"36":1.084692,"37":1.084692,"38":1.083996,"39":1.083439,"40":1.083439,"41":1.08274,"42":1.08244,"43":1.082962,"44":1.083405,"45":1.082317,"46":1.105263,"47":1.094415},"CtsInSrc":{"0":45.0,"1":45.0,"2":45.0,"3":45.0,"4":45.0,"5":45.0,"6":45.0,"7":45.0,"8":45.0,"9":45.0,"10":45.0,"11":45.0,"12":45.0,"13":45.0,"14":45.0,"15":45.0,"16":33.0,"17":30.0,"18":30.0,"19":30.0,"20":30.0,"21":30.0,"22":30.0,"23":30.0,"24":45.0,"25":45.0,"26":45.0,"27":45.0,"28":45.0,"29":45.0,"30":45.0,"31":45.0,"32":45.0,"33":45.0,"34":45.0,"35":45.0,"36":45.0,"37":45.0,"38":45.0,"39":34.0,"40":46.0,"41":30.0,"42":30.0,"43":30.0,"44":30.0,"45":30.0,"46":30.0,"47":30.0},"BGInSrc":{"0":1.407407,"1":0.0,"2":0.703704,"3":0.703704,"4":0.703704,"5":0.0,"6":0.0,"7":0.0,"8":0.703704,"9":0.0,"10":0.703704,"11":0.0,"12":0.0,"13":0.703704,"14":0.0,"15":0.703704,"16":1.407407,"17":0.0,"18":3.518519,"19":0.0,"20":0.703704,"21":1.407407,"22":0.0,"23":1.407407,"24":0.703704,"25":0.703704,"26":0.0,"27":2.814815,"28":0.0,"29":0.703704,"30":3.518519,"31":0.0,"32":0.703704,"33":2.111111,"34":0.0,"35":0.0,"36":0.703704,"37":0.0,"38":2.111111,"39":0.0,"40":0.703704,"41":0.0,"42":0.703704,"43":2.111111,"44":2.814815,"45":2.814815,"46":0.703704,"47":4.925926},"Exposure":{"0":1.688408,"1":1.375282,"2":1.425063,"3":1.503367,"4":1.699093,"5":1.871628,"6":1.923242,"7":1.740013,"8":2.101143,"9":1.933931,"10":1.809359,"11":2.3805,"12":2.889296,"13":3.554725,"14":2.924895,"15":4.380361,"16":3.586604,"17":4.426477,"18":6.632764,"19":5.691428,"20":8.258756,"21":6.666413,"22":10.843834,"23":4.796277,"24":1.665276,"25":1.738206,"26":2.232832,"27":1.882326,"28":1.910778,"29":2.449875,"30":1.624339,"31":1.850308,"32":1.912568,"33":1.773796,"34":2.286186,"35":2.2595,"36":3.05655,"37":2.663363,"38":3.588524,"39":3.828703,"40":4.115136,"41":3.405256,"42":3.988822,"43":7.438556,"44":7.541766,"45":7.194799,"46":9.765679,"47":14.59425},"Sigma":{"0":43.803404,"1":1000.0,"2":62.947368,"3":62.947368,"4":62.947368,"5":1000.0,"6":1000.0,"7":1000.0,"8":62.947368,"9":1000.0,"10":62.947368,"11":1000.0,