{"Time":{"0":79.619,"1":81.693,"2":84.29,"3":88.067,"4":92.609,"5":95.537,"6":97.443,"7":99.062,"8":100.383,"9":101.729,"10":102.6968,"11":103.6054,"12":104.697,"13":105.7074,"14":106.5211,"15":107.523,"16":108.694,"17":109.896,"18":110.961,"19":112.037,"20":112.9873,"21":114.09,"22":115.318,"23":116.487,"24":117.617,"25":118.829,"26":120.115,"27":121.481,"28":123.008,"29":124.598,"30":126.184,"31":128.024,"32":130.036,"33":132.956,"34":135.622,"35":138.33,"36":141.677,"37":145.6,"38":149.336,"39":153.245,"40":157.448,"41":161.682,"42":166.584},"TimePos":{"0":1.17,"1":1.136,"2":1.635,"3":2.566,"4":1.619,"5":0.929,"6":0.981,"7":0.607,"8":0.695,"9":0.48,"10":0.4645,"11":0.5362,"12":0.514,"13":0.4037,"14":0.4724,"15":0.592,"16":0.621,"17":0.421,"18":0.589,"19":0.552,"20":0.5712,"21":0.65,"22":0.529,"23":0.545,"24":0.583,"25":0.497,"26":0.588,"27":0.664,"28":0.8,"29":0.781,"30":0.796,"31":0.945,"32":1.339,"33":1.203,"34":1.361,"35":1.673,"36":1.853,"37":2.21,"38":2.365,"39":2.125,"40":1.49,"41":1.978,"42":3.027},"TimeNeg":{"0":-1.12,"1":-0.904,"2":-1.461,"3":-2.142,"4":-1.976,"5":-1.309,"6":-0.976,"7":-0.638,"8":-0.714,"9":-0.651,"10":-0.4873,"11":-0.4441,"12":-0.556,"13":-0.4966,"14":-0.4101,"15":-0.529,"16":-0.58,"17":-0.58,"18":-0.644,"19":-0.487,"20":-0.3985,"21":-0.531,"22":-0.578,"23":-0.64,"24":-0.586,"25":-0.629,"26":-0.789,"27":-0.778,"28":-0.863,"29":-0.79,"30":-0.805,"31":-1.044,"32":-1.066,"33":-1.581,"34":-1.463,"35":-1.348,"36":-1.673,"37":-2.07,"38":-1.526,"39":-1.544,"40":-2.079,"41":-2.743,"42":-2.924},"Rate":{"0":21.25513,"1":24.61949,"2":16.22882,"3":10.2529,"4":13.14838,"5":21.80484,"6":24.93697,"7":39.18662,"8":33.56602,"9":43.14971,"10":50.49281,"11":48.24775,"12":44.94867,"13":53.38666,"14":55.32827,"15":43.56,"16":40.65588,"17":47.22029,"18":39.63956,"19":47.03715,"20":50.40316,"21":40.72306,"22":44.16349,"23":41.24651,"24":41.81081,"25":42.71743,"26":35.49085,"27":33.94282,"28":28.49096,"29":30.16837,"30":30.5543,"31":24.21186,"32":20.0214,"33":17.29658,"34":17.32766,"35":16.19504,"36":9.029699,"37":11.4169,"38":9.769045,"39":8.881486,"40":9.130081,"41":6.900902,"42":5.497428},"RatePos":{"0":3.306628,"1":3.670063,"2":2.419253,"3":1.595027,"4":2.045472,"5":3.250478,"6":3.717389,"7":5.841604,"8":5.221812,"9":6.432387,"10":7.688567,"11":7.505826,"12":6.844358,"13":8.129216,"14":8.247861,"15":6.49355,"16":6.060628,"17":7.345985,"18":5.909124,"19":7.011893,"20":7.513668,"21":6.200923,"22":6.583512,"23":6.148673,"24":6.232794,"25":6.504606,"26":5.290669,"27":5.059903,"28":4.432293,"29":4.693245,"30":4.554772,"31":3.686753,"32":3.048669,"33":2.633759,"34":2.583058,"35":2.414217,"36":1.702067,"37":1.701933,"38":1.651272,"39":1.621531,"40":1.666919,"41":1.259928,"42":1.036246},"RateNeg":{"0":-3.306627,"1":-3.670062,"2":-2.419252,"3":-1.595027,"4":-2.045472,"5":-3.250477,"6":-3.717388,"7":-5.841603,"8":-5.22181,"9":-6.432386,"10":-7.688565,"11":-7.505824,"12":-6.844357,"13":-8.129214,"14":-8.247859,"15":-6.493548,"16":-6.060627,"17":-7.345984,"18":-5.909123,"19":-7.011891,"20":-7.513666,"21":-6.200921,"22":-6.583511,"23":-6.148672,"24":-6.232793,"25":-6.504604,"26":-5.290668,"27":-5.059902,"28":-4.432292,"29":-4.693244,"30":-4.554771,"31":-3.686752,"32":-3.048668,"33":-2.633759,"34":-2.583058,"35":-2.414216,"36":-1.702067,"37":-1.701933,"38":-1.651271,"39":-1.621531,"40":-1.666918,"41":-1.259927,"42":-1.036246},"FracExp":{"0":1.0,"1":1.0,"2":1.0,"3":1.0,"4":1.0,"5":1.0,"6":1.0,"7":1.0,"8":1.0,"9":1.0,"10":1.0,"11":1.0,"12":1.0,"13":1.0,"14":1.0,"15":1.0,"16":1.0,"17":1.0,"18":1.0,"19":1.0,"20":1.0,"21":1.0,"22":1.0,"23":1.0,"24":1.0,"25":1.0,"26":1.0,"27":1.0,"28":1.0,"29":1.0,"30":1.0,"31":1.0,"32":1.0,"33":1.0,"34":1.0,"35":1.0,"36":1.0,"37":1.0,"38":1.0,"39":1.0,"40":1.0,"41":1.0,"42":1.0},"BGrate":{"0":0.6146624,"1":0.0,"2":0.0,"3":0.2989671,"4":0.3914262,"5":0.0,"6":0.0,"7":0.0,"8":0.9988192,"9":0.0,"10":0.7393116,"11":1.435687,"12":0.6581348,"13":0.7816832,"14":0.0,"15":0.0,"16":0.0,"17":1.405114,"18":0.0,"19":0.0,"20":0.0,"21":0.59568,"22":0.0,"23":0.0,"24":0.0,"25":0.6248527,"26":0.0,"27":0.0,"28":0.8460688,"29":0.8958814,"30":0.0,"31":0.3537872,"32":0.2925555,"33":0.2527377,"34":0.0,"35":0.0,"36":0.199563,"37":0.0,"38":0.0,"39":0.0,"40":0.0,"41":0.0,"42":0.1182465},"BGerr":{"0":0.4346319,"1":0.0,"2":0.0,"3":0.2114017,"4":0.2767801,"5":0.0,"6":0.0,"7":0.0,"8":0.7062718,"9":0.0,"10":0.7393116,"11":1.015184,"12":0.6581348,"13":0.7816832,"14":0.0,"15":0.0,"16":0.0,"17":0.9935653,"18":0.0,"19":0.0,"20":0.0,"21":0.59568,"22":0.0,"23":0.0,"24":0.0,"25":0.6248527,"26":0.0,"27":0.0,"28":0.598261,"29":0.6334838,"30":0.0,"31":0.3537872,"32":0.2925555,"33":0.2527377,"34":0.0,"35":0.0,"36":0.199563,"37":0.0,"38":0.0,"39":0.0,"40":0.0,"41":0.0,"42":0.1182465},"CorrFact":{"0":1.116437,"1":1.116437,"2":1.116437,"3":1.107211,"4":1.0845,"5":1.0845,"6":1.0845,"7":1.0845,"8":1.084976,"9":1.084987,"10":1.084987,"11":1.084987,"12":1.084987,"13":1.084987,"14":1.084987,"15":1.084987,"16":1.084987,"17":1.084987,"18":1.08605,"19":1.08605,"20":1.08605,"21":1.08605,"22":1.08605,"23":1.08605,"24":1.08605,"25":1.08605,"26":1.08605,"27":1.086994,"28":1.087198,"29":1.087198,"30":1.087198,"31":1.087198,"32":1.087198,"33":1.087208,"34":1.087208,"35":1.087208,"36":1.086852,"37":1.08602,"38":1.08602,"39":1.086077,"40":1.086151,"41":1.086151,"42":1.116731},"CtsInSrc":{"0":45.0,"1":45.0,"2":45.0,"3":45.0,"4":45.0,"5":45.0,"6":45.0,"7":45.0,"8":45.0,"9":45.0,"10":45.0,"11":45.0,"12":45.0,"13":45.0,"14":45.0,"15":45.0,"16":45.0,"17":45.0,"18":45.0,"19":45.0,"20":45.0,"21":45.0,"22":45.0,"23":45.0,"24":45.0,"25":45.0,"26":45.0,"27":45.0,"28":45.0,"29":45.0,"30":45.0,"31":45.0,"32":45.0,"33":45.0,"34":45.0,"35":45.0,"36":30.0,"37":45.0,"38":35.0,"39":30.0,"40":30.0,"41":30.0,"42":30.0},"BGInSrc":{"0":1.407407,"1":0.0,"2":0.0,"3":1.407407,"4":1.407407,"5":0.0,"6":0.0,"7":0.0,"8":1.407407,"9":0.0,"10":0.703704,"11":1.407407,"12":0.703704,"13":0.703704,"14":0.0,"15":0.0,"16":0.0,"17":1.407407,"18":0.0,"19":0.0,"20":0.0,"21":0.703704,"22":0.0,"23":0.0,"24":0.0,"25":0.703704,"26":0.0,"27":0.0,"28":1.407407,"29":1.407407,"30":0.0,"31":0.703704,"32":0.703704,"33":0.703704,"34":0.0,"35":0.0,"36":0.703704,"37":0.0,"38":0.0,"39":0.0,"40":0.0,"41":0.0,"42":0.703704},"Exposure":{"0":2.289724,"1":2.040646,"2":3.095708,"3":4.707565,"4":3.595588,"5":2.23815,"6":1.957034,"7":1.245386,"8":1.409071,"9":1.131512,"10":0.951836,"11":0.980302,"12":1.069239,"13":0.900242,"14":0.882449,"15":1.120854,"16":1.200918,"17":1.001633,"18":1.232916,"19":1.039014,"20":0.969627,"21":1.181345,"22":1.106621,"23":1.184882,"24":1.168891,"25":1.126191,"26":1.377038,"27":1.441092,"28":1.663467,"29":1.570975,"30":1.601211,"31":1.989059,"32":2.405368,"33":2.784324,"34":2.823484,"35":3.020949,"36":3.526223,"37":4.280575,"38":3.890933,"39":3.668565,"40":3.568921,"41":4.72178,"42":5.951161},"Sigma":{"0":43.803404,"1":1000.0,"2":1000.0,"3":43.803404,"4":43.803404,"5":1000.0,"6":1000.0,"7":1000.0,"8":43.803404,"9":1000.0,"10":62.947368,"11":43.803404,"12":62.947368,"13":62.947368,"14":1000.0,"15":1000.0,"16":1000.0,"17":43.803404,"18":1000.0,"19":1000.0,"20":1000.0,"21":62.947368,"22":1000.0,"23":1000.0,"24":1000.0,"25":62.947368,"26":1000.0,"27":1000.0,"28":43.803404,"29":43.803404,"30":1000.0,"31":62.947368,"32":62.947368,"33":62.947368,"34":1000.0,"35":1000.0,"36":41.631579,"37":1000.0,"38":1000.0,"39":1000.0,"40":1000.0,"41":1000.0,"42":41.631579},"SNR":{"0":6.428041,"1":6.708196,"2":6.708196,"3":6.428041,"4":6.428041,"5":6.708197,"6":6.708197,"7":6.708197,"8":6.428042,"9":6.708197,"10":6.56726,"11":6.428042,"12":6.56726,"13":6.56726,"14":6.708197,"15":6.708197,"16":6.708197,"17":6.428042,"18":6.708197,"19":6.708198,"20":6.708198,"21":6.56726,"22":6.708198,"23":6.708198,"24":6.708198,"25":6.56726,"26":6.708198,"27":6.708198,"28":6.428043,"29":6.428043,"30":6.708198,"31":6.567261,"32":6.567261,"33":6.56726,"34":6.708198,"35":6.708198,"36":5.305139,"37":6.708198,"38":5.916075,"39":5.477222,"40":5.477222,