{"Time":{"0":69.669,"1":73.151,"2":77.276,"3":82.201,"4":87.683,"5":94.561},"TimePos":{"0":1.884,"1":2.159,"2":2.087,"3":2.498,"4":3.431,"5":3.063},"TimeNeg":{"0":-2.169,"1":-1.598,"2":-1.966,"3":-2.838,"4":-2.984,"5":-3.446},"Rate":{"0":11.97951,"1":8.770423,"2":8.132638,"3":6.179233,"4":4.727367,"5":4.795815},"RatePos":{"0":1.83122,"1":1.601266,"2":1.484823,"3":1.128179,"4":0.9681782,"5":0.9447575},"RateNeg":{"0":-1.831227,"1":-1.60127,"2":-1.484827,"3":-1.128182,"4":-0.9681805,"5":-0.9447603},"FracExp":{"0":1.0,"1":1.0,"2":1.0,"3":1.0,"4":1.0,"5":1.0},"BGrate":{"0":0.1980433,"1":0.0,"2":0.0,"3":0.0,"4":0.3753237,"5":0.2465922},"BGerr":{"0":0.1980433,"1":0.0,"2":0.0,"3":0.0,"4":0.2166932,"5":0.174367},"CorrFact":{"0":1.098497,"1":1.098497,"2":1.098678,"3":1.098989,"4":1.099173,"5":1.09949},"CtsInSrc":{"0":45.0,"1":30.0,"2":30.0,"3":30.0,"4":30.0,"5":30.0},"BGInSrc":{"0":0.802632,"1":0.0,"2":0.0,"3":0.0,"4":2.407895,"5":1.605263},"Exposure":{"0":4.052809,"1":3.757506,"2":4.052846,"3":5.335561,"4":6.415515,"5":6.509789},"Sigma":{"0":55.065574,"1":1000.0,"2":1000.0,"3":1000.0,"4":19.847599,"5":25.015351},"SNR":{"0":6.541798,"1":5.477167,"2":5.477163,"3":5.47716,"4":4.882734,"5":5.076224},"SYS_NEG":{"0":0.999169,"1":0.999159,"2":0.999125,"3":0.999109,"4":0.999087,"5":0.999038},"SYS_POS":{"0":1.000724,"1":1.000733,"2":1.000761,"3":1.000774,"4":1.000793,"5":1.000835}}