{"Time":{"0":72.352,"1":73.959,"2":75.802,"3":77.812,"4":80.292,"5":82.759,"6":85.628,"7":89.727,"8":93.218,"9":96.718,"10":100.922,"11":106.381,"12":112.803,"13":120.789,"14":132.088,"15":141.666},"TimePos":{"0":0.948,"1":0.843,"2":0.782,"3":1.232,"4":1.262,"5":1.072,"6":1.841,"7":1.693,"8":1.983,"9":2.15,"10":2.498,"11":3.352,"12":3.96,"13":4.957,"14":4.439,"15":5.597},"TimeNeg":{"0":-0.682,"1":-0.659,"2":-1.0,"3":-1.228,"4":-1.247,"5":-1.205,"6":-1.797,"7":-2.258,"8":-1.797,"9":-1.517,"10":-2.054,"11":-2.96,"12":-3.07,"13":-4.027,"14":-6.341,"15":-5.14},"Rate":{"0":32.28941,"1":33.73661,"2":28.41687,"3":20.92099,"4":20.52074,"5":21.63723,"6":12.93889,"7":12.51077,"8":8.642517,"9":9.530113,"10":7.250574,"11":5.080792,"12":4.697183,"13":3.658531,"14":3.048703,"15":3.062282},"RatePos":{"0":4.76522,"1":5.142618,"2":4.33127,"3":3.119554,"4":3.059446,"5":3.296419,"6":2.059883,"7":1.865015,"8":1.630245,"9":1.711664,"10":1.367679,"11":0.9583916,"12":0.8575858,"13":0.69011,"14":0.556616,"15":0.5590957},"RateNeg":{"0":-4.763776,"1":-5.141576,"2":-4.330532,"3":-3.119267,"4":-3.05931,"5":-3.296368,"6":-2.059867,"7":-1.86501,"8":-1.630244,"9":-1.711663,"10":-1.367679,"11":-0.9583915,"12":-0.8575857,"13":-0.6901099,"14":-0.5566158,"15":-0.5590953},"FracExp":{"0":1.0,"1":1.0,"2":1.0,"3":1.0,"4":1.0,"5":1.0,"6":1.0,"7":1.0,"8":1.0,"9":1.0,"10":1.0,"11":1.0,"12":1.0,"13":1.0,"14":1.0,"15":1.0},"BGrate":{"0":0.0,"1":0.476867,"2":0.4016725,"3":0.0,"4":0.0,"5":0.3144332,"6":0.5904269,"7":0.0,"8":0.1893991,"9":0.0,"10":0.1572778,"11":0.1134368,"12":0.0,"13":0.07969792,"14":0.0,"15":0.0},"BGerr":{"0":0.0,"1":0.476867,"2":0.4016725,"3":0.0,"4":0.0,"5":0.3144332,"6":0.3408831,"7":0.0,"8":0.1893991,"9":0.0,"10":0.1572778,"11":0.1134368,"12":0.0,"13":0.07969792,"14":0.0,"15":0.0},"CorrFact":{"0":1.143934,"1":1.143934,"2":1.143934,"3":1.143934,"4":1.143934,"5":1.112679,"6":1.098565,"7":1.098565,"8":1.115773,"9":1.127245,"10":1.127245,"11":1.095193,"12":1.100599,"13":1.122466,"14":1.095469,"15":1.095988},"CtsInSrc":{"0":46.0,"1":45.0,"2":45.0,"3":45.0,"4":45.0,"5":45.0,"6":45.0,"7":45.0,"8":30.0,"9":31.0,"10":30.0,"11":30.0,"12":30.0,"13":30.0,"14":30.0,"15":30.0},"BGInSrc":{"0":0.0,"1":0.716049,"2":0.716049,"3":0.0,"4":0.0,"5":0.716049,"6":2.148148,"7":0.0,"8":0.716049,"9":0.0,"10":0.716049,"11":0.716049,"12":0.0,"13":0.716049,"14":0.0,"15":0.0},"Exposure":{"0":1.629666,"1":1.50157,"2":1.78267,"3":2.460544,"4":2.508536,"5":2.27727,"6":3.638296,"7":3.951426,"8":3.780638,"9":3.666754,"10":4.552767,"11":6.31232,"12":7.029311,"13":8.984543,"14":10.779689,"15":10.73697},"Sigma":{"0":1000.0,"1":61.844828,"2":61.844828,"3":1000.0,"4":1000.0,"5":61.844828,"6":34.551427,"7":1000.0,"8":40.896552,"9":1000.0,"10":40.896552,"11":40.896552,"12":1000.0,"13":40.896552,"14":1000.0,"15":1000.0},"SNR":{"0":6.778113,"1":6.561531,"2":6.561982,"3":6.707021,"4":6.707635,"5":6.563963,"6":6.28142,"7":6.708154,"8":5.301364,"9":5.56775,"10":5.301373,"11":5.301374,"12":5.477217,"13":5.301374,"14":5.477213,"15":5.477209},"SYS_NEG":{"0":0.994798,"1":0.995677,"2":0.996064,"3":0.9972,"4":0.998059,"5":0.998785,"6":0.999091,"7":0.999422,"8":0.999503,"9":0.999598,"10":0.999632,"11":0.999656,"12":0.999671,"13":0.99966,"14":0.999606,"15":0.999549},"SYS_POS":{"0":1.006345,"1":1.005301,"2":1.004838,"3":1.003456,"4":1.002396,"5":1.001485,"6":1.001095,"7":1.000667,"8":1.000562,"9":1.000436,"10":1.000391,"11":1.000358,"12":1.000338,"13":1.000352,"14":1.000425,"15":1.0005}}