{"Time":{"0":112.252,"1":116.935,"2":122.067},"TimePos":{"0":1.93,"1":2.499,"2":2.459},"TimeNeg":{"0":-2.141,"1":-2.753,"2":-2.633},"Rate":{"0":7.987246,"1":6.19063,"2":6.386407},"RatePos":{"0":1.458266,"1":1.13025,"2":1.165994},"RateNeg":{"0":-1.458266,"1":-1.13025,"2":-1.165994},"FracExp":{"0":1.0,"1":1.0,"2":1.0},"BGrate":{"0":0.0,"1":0.0,"2":0.0},"BGerr":{"0":0.0,"1":0.0,"2":0.0},"CorrFact":{"0":1.083776,"1":1.083776,"2":1.083959},"CtsInSrc":{"0":30.0,"1":30.0,"2":30.0},"BGInSrc":{"0":0.0,"1":0.0,"2":0.0},"Exposure":{"0":4.070651,"1":5.252017,"2":5.091875},"Sigma":{"0":1000.0,"1":1000.0,"2":1000.0},"SNR":{"0":5.477222,"1":5.477222,"2":5.477222},"SYS_NEG":{"0":0.9998,"1":0.999799,"2":0.999799},"SYS_POS":{"0":1.000223,"1":1.000225,"2":1.000224}}