{"Time":{"0":132.543,"1":136.342,"2":140.364,"3":144.632,"4":148.983,"5":152.972,"6":157.492,"7":161.928,"8":166.398,"9":170.964,"10":175.156,"11":179.857,"12":184.673,"13":188.513},"TimePos":{"0":1.85,"1":2.166,"2":2.208,"3":2.322,"4":2.551,"5":2.238,"6":2.39,"7":1.941,"8":1.732,"9":2.186,"10":2.185,"11":2.536,"12":1.718,"13":2.582},"TimeNeg":{"0":-1.952,"1":-1.949,"2":-1.856,"3":-2.06,"4":-2.03,"5":-1.437,"6":-2.282,"7":-2.046,"8":-2.529,"9":-2.833,"10":-2.006,"11":-2.516,"12":-2.28,"13":-2.122},"Rate":{"0":12.6527,"1":11.68988,"2":9.908335,"3":9.939878,"4":10.51005,"5":8.427878,"6":6.995862,"7":8.070157,"8":7.896112,"9":6.354284,"10":8.028766,"11":6.13964,"12":8.027903,"13":6.769675},"RatePos":{"0":1.932515,"1":1.785458,"2":1.628923,"3":1.571635,"4":1.605258,"5":1.656115,"6":1.277266,"7":1.528185,"8":1.441628,"9":1.248645,"10":1.465848,"11":1.252677,"12":1.520184,"13":1.281922},"RateNeg":{"0":-1.932514,"1":-1.785458,"2":-1.628922,"3":-1.571635,"4":-1.605257,"5":-1.656115,"6":-1.277265,"7":-1.528184,"8":-1.441628,"9":-1.248645,"10":-1.465847,"11":-1.252676,"12":-1.520183,"13":-1.281922},"FracExp":{"0":1.0,"1":1.0,"2":1.0,"3":1.0,"4":1.0,"5":1.0,"6":1.0,"7":1.0,"8":1.0,"9":1.0,"10":1.0,"11":1.0,"12":1.0,"13":1.0},"BGrate":{"0":0.2056957,"1":0.1900431,"2":0.0,"3":0.0,"4":0.1707063,"5":0.4255302,"6":0.0,"7":0.1961494,"8":0.0,"9":0.3116415,"10":0.0,"11":0.4643363,"12":0.1956249,"13":0.1662512},"BGerr":{"0":0.2056957,"1":0.1900431,"2":0.0,"3":0.0,"4":0.1707063,"5":0.3008953,"6":0.0,"7":0.1961494,"8":0.0,"9":0.2203638,"10":0.0,"11":0.2680847,"12":0.1956249,"13":0.1662512},"CorrFact":{"0":1.087914,"1":1.087914,"2":1.088183,"3":1.08891,"4":1.08891,"5":1.089397,"6":1.089494,"7":1.101236,"8":1.121518,"9":1.121527,"10":1.121789,"11":1.121789,"12":1.098407,"13":1.089905},"CtsInSrc":{"0":45.0,"1":45.0,"2":37.0,"3":40.0,"4":45.0,"5":30.0,"6":30.0,"7":30.0,"8":30.0,"9":30.0,"10":30.0,"11":30.0,"12":30.0,"13":30.0},"BGInSrc":{"0":0.782051,"1":0.782051,"2":0.0,"3":0.0,"4":0.782051,"5":1.564103,"6":0.0,"7":0.782051,"8":0.0,"9":1.564103,"10":0.0,"11":2.346154,"12":0.782051,"13":0.782051},"Exposure":{"0":3.801981,"1":4.115127,"2":4.063526,"3":4.381985,"4":4.581268,"5":3.675656,"6":4.672023,"7":3.987018,"8":4.261024,"9":5.018916,"10":4.191637,"11":5.052704,"12":3.997707,"13":4.704034},"Sigma":{"0":56.540984,"1":56.540984,"2":1000.0,"3":1000.0,"4":56.540984,"5":25.710866,"6":1000.0,"7":37.360656,"8":1000.0,"9":25.710866,"10":1000.0,"11":20.415484,"12":37.360656,"13":37.360656},"SNR":{"0":6.547272,"1":6.547271,"2":6.082755,"3":6.324547,"4":6.54727,"5":5.088945,"6":5.47722,"7":5.280879,"8":5.477219,"9":5.088945,"10":5.477219,"11":4.901218,"12":5.280879,"13":5.280879},"SYS_NEG":{"0":0.999757,"1":0.999751,"2":0.999744,"3":0.999739,"4":0.999735,"5":0.999731,"6":0.999729,"7":0.999726,"8":0.999725,"9":0.999724,"10":0.999723,"11":0.999724,"12":0.999725,"13":0.999726},"SYS_POS":{"0":1.000276,"1":1.000282,"2":1.000291,"3":1.000297,"4":1.000302,"5":1.000307,"6":1.00031,"7":1.000312,"8":1.000314,"9":1.000315,"10":1.000316,"11":1.000316,"12":1.000314,"13":1.000313}}