{"Time":{"0":474.189,"1":477.982,"2":482.166,"3":486.494,"4":490.134,"5":493.776,"6":497.431,"7":501.144,"8":504.96,"9":508.244,"10":511.917,"11":516.198,"12":520.004,"13":523.984,"14":527.457,"15":531.532,"16":535.893,"17":539.778,"18":543.767,"19":547.534,"20":551.184,"21":554.596,"22":557.8,"23":562.012,"24":566.283,"25":571.714,"26":575.936,"27":579.64,"28":583.423,"29":586.673,"30":590.594,"31":594.366,"32":598.421,"33":602.488,"34":607.36,"35":611.946,"36":615.941,"37":620.293,"38":623.335,"39":626.843,"40":630.797,"41":633.679,"42":638.475,"43":642.064,"44":646.12,"45":650.547,"46":655.427,"47":658.866,"48":663.055,"49":668.059,"50":671.631,"51":675.134,"52":677.975,"53":682.503,"54":686.136,"55":689.806,"56":693.844,"57":697.432},"TimePos":{"0":2.103,"1":1.816,"2":1.864,"3":1.653,"4":1.642,"5":1.452,"6":1.881,"7":1.948,"8":1.489,"9":1.707,"10":2.437,"11":1.691,"12":1.961,"13":1.731,"14":1.635,"15":2.168,"16":2.068,"17":1.879,"18":1.334,"19":1.81,"20":1.557,"21":1.741,"22":2.005,"23":1.93,"24":2.647,"25":2.067,"26":1.893,"27":2.118,"28":1.602,"29":1.993,"30":1.401,"31":1.876,"32":2.252,"33":1.947,"34":2.425,"35":1.665,"36":2.237,"37":1.485,"38":1.721,"39":1.546,"40":1.401,"41":2.676,"42":1.614,"43":2.367,"44":1.794,"45":2.454,"46":1.636,"47":1.758,"48":2.626,"49":1.805,"50":1.528,"51":1.527,"52":2.603,"53":1.665,"54":1.829,"55":2.005,"56":1.292,"57":2.261},"TimeNeg":{"0":-1.632,"1":-1.691,"2":-2.368,"3":-2.464,"4":-1.987,"5":-1.999,"6":-2.202,"7":-1.833,"8":-1.868,"9":-1.795,"10":-1.966,"11":-1.844,"12":-2.115,"13":-2.019,"14":-1.742,"15":-2.44,"16":-2.193,"17":-1.816,"18":-2.111,"19":-2.433,"20":-1.84,"21":-1.856,"22":-1.462,"23":-2.206,"24":-2.341,"25":-2.783,"26":-2.156,"27":-1.811,"28":-1.665,"29":-1.649,"30":-1.928,"31":-2.371,"32":-2.179,"33":-1.814,"34":-2.925,"35":-2.162,"36":-2.33,"37":-2.114,"38":-1.558,"39":-1.786,"40":-2.409,"41":-1.48,"42":-2.121,"43":-1.976,"44":-1.688,"45":-2.634,"46":-2.426,"47":-1.802,"48":-2.432,"49":-2.377,"50":-1.767,"51":-1.975,"52":-1.314,"53":-1.925,"54":-1.968,"55":-1.841,"56":-2.033,"57":-2.295},"Rate":{"0":9.917005,"1":9.939796,"2":7.591394,"3":11.67259,"4":13.66692,"5":9.356073,"6":7.798118,"7":8.620352,"8":9.706259,"9":9.926463,"10":7.229232,"11":9.004468,"12":11.99081,"13":8.487633,"14":9.467038,"15":10.58409,"16":11.68581,"17":8.217309,"18":9.470583,"19":7.687537,"20":9.924414,"21":8.85862,"22":9.316668,"23":11.80297,"24":9.704611,"25":6.416857,"26":7.871208,"27":8.113566,"28":9.987509,"29":13.4371,"30":9.574985,"31":11.52331,"32":7.022147,"33":9.541718,"34":6.09822,"35":8.73308,"36":7.352679,"37":9.329881,"38":9.950863,"39":9.56622,"40":8.565575,"41":8.534938,"42":8.736284,"43":9.515436,"44":9.778835,"45":6.263843,"46":8.045997,"47":14.14825,"48":6.436686,"49":7.620673,"50":9.673984,"51":9.317833,"52":8.327265,"53":9.086495,"54":8.196634,"55":12.7221,"56":9.584904,"57":10.7955},"RatePos":{"0":1.700754,"1":1.757126,"2":1.429945,"3":1.852959,"4":2.080095,"5":1.762346,"6":1.468884,"7":1.573855,"8":1.772114,"9":1.754769,"10":1.361726,"11":1.696117,"12":1.787487,"13":1.598764,"14":1.840594,"15":1.645002,"16":1.742019,"17":1.649763,"18":1.729085,"19":1.403547,"20":1.782479,"21":1.668644,"22":1.754924,"23":1.834442,"24":1.494433,"25":1.247574,"26":1.482651,"27":1.528303,"28":1.823463,"29":2.003088,"30":1.803581,"31":1.717796,"32":1.365255,"33":1.661001,"34":1.113378,"35":1.594436,"36":1.34241,"37":1.703397,"38":1.816772,"39":1.801931,"40":1.563854,"41":1.547083,"42":1.595021,"43":1.543609,"44":1.779991,"45":1.179882,"46":1.515575,"47":2.109098,"48":1.212439,"49":1.43546,"50":1.822229,"51":1.701197,"52":1.520345,"53":1.658961,"54":1.593601,"55":1.8965,"56":1.80545,"57":1.643067},"RateNeg":{"0":-1.700753,"1":-1.757125,"2":-1.429944,"3":-1.852959,"4":-2.080094,"5":-1.762346,"6":-1.468884,"7":-1.573855,"8":-1.772113,"9":-1.754768,"10":-1.361726,"11":-1.696116,"12":-1.787487,"13":-1.598763,"14":-1.840594,"15":-1.645001,"16":-1.742019,"17":-1.649763,"18":-1.729085,"19":-1.403547,"20":-1.782478,"21":-1.668644,"22":-1.754924,"23":-1.834442,"24":-1.494433,"25":-1.247574,"26":-1.482651,"27":-1.528303,"28":-1.823462,"29":-2.003087,"30":-1.803581,"31":-1.717796,"32":-1.365255,"33":-1.661001,"34":-1.113378,"35":-1.594436,"36":-1.34241,"37":-1.703396,"38":-1.816772,"39":-1.80193,"40":-1.563854,"41":-1.547082,"42":-1.595021,"43":-1.543609,"44":-1.77999,"45":-1.179882,"46":-1.515575,"47":-2.109098,"48":-1.212439,"49":-1.43546,"50":-1.822229,"51":-1.701197,"52":-1.520345,"53":-1.65896,"54":-1.5936,"55":-1.8965,"56":-1.80545,"57":-1.643067},"FracExp":{"0":1.0,"1":1.0,"2":1.0,"3":1.0,"4":1.0,"5":1.0,"6":1.0,"7":1.0,"8":1.0,"9":1.0,"10":1.0,"11":1.0,"12":1.0,"13":1.0,"14":1.0,"15":1.0,"16":1.0,"17":1.0,"18":1.0,"19":1.0,"20":1.0,"21":1.0,"22":1.0,"23":1.0,"24":1.0,"25":1.0,"26":1.0,"27":1.0,"28":1.0,"29":1.0,"30":1.0,"31":1.0,"32":1.0,"33":1.0,"34":1.0,"35":1.0,"36":1.0,"37":1.0,"38":1.0,"39":1.0,"40":1.0,"41":1.0,"42":1.0,"43":1.0,"44":1.0,"45":1.0,"46":1.0,"47":1.0,"48":1.0,"49":1.0,"50":1.0,"51":1.0,"52":1.0,"53":1.0,"54":1.0,"55":1.0,"56":1.0,"57":1.0},"BGrate":{"0":0.0,"1":0.0,"2":0.1633432,"3":0.503793,"4":0.190487,"5":0.2003055,"6":0.1693278,"7":0.0,"8":0.0,"9":0.0,"10":0.1570078,"11":0.1955675,"12":0.0,"13":0.1843428,"14":0.4094782,"15":0.3000715,"16":0.0,"17":0.5612797,"18":0.0,"19":0.0,"20":0.0,"21":0.1921834,"22":0.1993805,"23":0.3342748,"24":0.1385819,"25":0.2851021,"26":0.1707349,"27":0.1759939,"28":0.0,"29":0.0,"30":0.2076937,"31":0.0,"32":0.3119973,"33":0.0,"34":0.0,"35":0.0,"36":0.0,"37":0.0,"38":0.0,"39":0.2074791,"40":0.0,"41":0.3326991,"42":0.0,"43":0.0,"44":0.1985666,"45":0.1358715,"46":0.1702123,"47":0.0,"48":0.1366845,"49":0.165289,"50":0.2098244,"51":0.0,"52":0.0,"53":0.0,"54":0.3641933,"55":0.0,"56":0.2079147,"57":0.151736},"BGerr":{"0":0.0,"1":0.0,"2":0.1633432,"3":0.290865,"4":0.190487,"5":0.2003055,"6":0.1693278,"7":0.0,"8":0.0,"9":0.0,"10":0.1570078,"11":0.1955675,"12":0.0,"13":0.1843428,"14":0.2895448,"15":0.2121826,"16":0.0,"17":0.324055,"18":0.0,"19":0.0,"20":0.0,"21":0.1921834,"22":0.1993805,"23":0.236368,"24":0.1385819,"25":0.2015977,"26":0.1707349,"27":0.1759939,"28":0.0,"29":0.0,"30":0.2076937,"31":0.0,"32":0.2206154,"33":0.0,"34":0.0,"35":0.0,"36":0.0,"37":0.0,"38":0.0,"39":0.2074791,"40":0.0,"41":0.2352538,"42":0.0,"43":0.0,"44":0.1985666,"45":0.1358715,"46":0.1702123,"47":0.0,"48":0.1366845,"49":0.165289,"50":0.2098244,"51":0.0,"52":0.0,"53":0.0,"54":0.2575236,"55":0.0,"56":0.2079147,"57":0.151736},"CorrFact":{"0":1.089237,"1":1.089237,"2":1.096296,"3":1.119489,"4":1.119489,"5":1.101814,"6":1.086348,"7":1.086348,"8":1.086197,"9":1.086121,"10":1.086121,"11":1.086097,"12":1.086094,"13":1.086094,"14":1.117089,"15":1.118158,"16":1.106517,"17":1.087344,"18":1.087344,"19":1.087328,"20":1.08732,"21":1.08732,"22":1.102263,"23":1.11934,"24":1.117893,"25":1.087493,"26":1.087493,"27":1.08748,"28":1.08747,"29":1.08747,"30":1.087482,"31":1.087486,"32":1.087486,"33":1.087486,"34":1.087486,"35":1.11402,"36":1.119326,"37":1.119326,"38":1.087611,"39":1.087611,"40":1.087611,"41":1.087512,"42":1.087481,"43":1.08748,"44":1.087476,"45":1.087476,"46":1.115055,"47":1.119298,"48":1.110837,"49":1.087569,"50":1.087569,"51":1.087495,"52":1.087439,"53":1.087439,"54":1.087447,"55":1.087451,"56":1.087451,"57":1.110116},"CtsInSrc":{"0":34.0,"1":32.0,"2":30.0,"3":45.0,"4":45.0,"5":30.0,"6":30.0,"7":30.0,"8":30.0,"9":32.0,"10":30.0,"11":30.0,"12":45.0,"13":30.0,"14":30.0,"15":45.0,"16":45.0,"17":30.0,"18":30.0,"19":30.0,"20":31.0,"21":30.0,"22":30.0,"23":45.0,"24":44.0,"25":30.0,"26":30.0,"27":30.0,"28":30.0,"29":45.0,"30":30.0,"31":45.0,"32":30.0,"33":33.0,"34":30.0,"35":30.0,"36":30.0,"37":30.0,"38":30.0,"39":30.0,"40":30.0,"41":34.0,"42":30.0,"43":38.0,"44":32.0,"45":30.0,"46":30.0,"47":45.0,"48":30.0,"49":30.0,"50":30.0,"51":30.0,"52":30.0,"53":30.0,"54":30.0,"55":45.0,"56":30.0,"57":45.0},"BGInSrc":{"0":0.0,"1":0.0,"2":0.691358,"3":2.074074,"4":0.691358,"5":0.691358,"6":0.691358,"7":0.0,"8":0.0,"9":0.0,