{"Time":{"0":83.952,"1":85.826,"2":87.695,"3":89.979,"4":92.274,"5":94.474,"6":96.858,"7":99.328,"8":101.723,"9":103.996,"10":106.767,"11":110.107,"12":114.188,"13":117.932,"14":121.278,"15":125.291,"16":129.747,"17":134.235,"18":138.206,"19":143.061,"20":147.601,"21":152.478,"22":157.558,"23":162.574,"24":166.596,"25":171.713,"26":176.761,"27":182.706,"28":189.19,"29":194.44,"30":200.306,"31":205.383,"32":210.97},"TimePos":{"0":0.774,"1":0.973,"2":0.917,"3":1.053,"4":1.305,"5":0.864,"6":1.266,"7":1.156,"8":1.182,"9":1.212,"10":1.782,"11":1.459,"12":2.221,"13":1.884,"14":1.345,"15":2.331,"16":1.677,"17":2.12,"18":2.317,"19":2.294,"20":2.667,"21":1.899,"22":2.37,"23":2.328,"24":2.966,"25":2.29,"26":2.582,"27":3.22,"28":2.216,"29":3.356,"30":1.906,"31":2.515,"32":4.376},"TimeNeg":{"0":-0.955,"1":-1.1,"2":-0.896,"3":-1.367,"4":-1.243,"5":-0.895,"6":-1.52,"7":-1.203,"8":-1.239,"9":-1.09,"10":-1.559,"11":-1.558,"12":-2.622,"13":-1.523,"14":-1.462,"15":-2.668,"16":-2.125,"17":-2.81,"18":-1.851,"19":-2.538,"20":-2.246,"21":-2.211,"22":-3.181,"23":-2.647,"24":-1.694,"25":-2.151,"26":-2.759,"27":-3.363,"28":-3.264,"29":-3.034,"30":-2.51,"31":-3.171,"32":-3.071},"Rate":{"0":30.69692,"1":25.61174,"2":29.28137,"3":22.62219,"4":21.1865,"5":30.04093,"6":19.88638,"7":22.40616,"8":23.23226,"9":24.71252,"10":17.05362,"11":19.17297,"12":11.8333,"13":16.9778,"14":19.65692,"15":11.64091,"16":15.65878,"17":12.05789,"18":8.876702,"19":12.03184,"20":9.357613,"21":9.534468,"22":6.694662,"23":11.4922,"24":9.112456,"25":8.511627,"26":6.924774,"27":5.67661,"28":6.360312,"29":6.020682,"30":8.295565,"31":6.438175,"32":5.000274},"RatePos":{"0":4.819401,"1":4.024322,"2":4.628828,"3":3.469675,"4":3.320226,"5":5.005399,"6":3.12081,"7":3.745781,"8":3.63956,"9":3.86765,"10":2.722421,"11":3.040223,"12":1.920092,"13":2.772165,"14":3.393302,"15":1.914045,"16":2.527429,"17":1.92625,"18":1.797178,"19":1.923506,"20":1.68622,"21":1.814338,"22":1.349769,"23":1.852648,"24":1.721225,"25":1.599151,"26":1.335468,"27":1.095361,"28":1.343299,"29":1.129223,"30":1.597744,"31":1.202963,"32":0.935678},"RateNeg":{"0":-4.815478,"1":-4.021291,"2":-4.626561,"3":-3.46732,"4":-3.317743,"5":-5.000726,"6":-3.118069,"7":-3.740947,"8":-3.628488,"9":-3.856307,"10":-2.714421,"11":-3.027056,"12":-1.911469,"13":-2.759351,"14":-3.378787,"15":-1.904813,"16":-2.514778,"17":-1.91716,"18":-1.791964,"19":-1.914601,"20":-1.680095,"21":-1.808993,"22":-1.3461,"23":-1.845246,"24":-1.718033,"25":-1.596863,"26":-1.334134,"27":-1.094194,"28":-1.342057,"29":-1.127861,"30":-1.596392,"31":-1.20203,"32":-0.9348066},"FracExp":{"0":1.0,"1":1.0,"2":1.0,"3":1.0,"4":1.0,"5":1.0,"6":1.0,"7":1.0,"8":1.0,"9":1.0,"10":1.0,"11":1.0,"12":1.0,"13":1.0,"14":1.0,"15":1.0,"16":1.0,"17":1.0,"18":1.0,"19":1.0,"20":1.0,"21":1.0,"22":1.0,"23":1.0,"24":1.0,"25":1.0,"26":1.0,"27":1.0,"28":1.0,"29":1.0,"30":1.0,"31":1.0,"32":1.0},"BGrate":{"0":0.7852954,"1":0.6552053,"2":0.7490827,"3":0.0,"4":0.2665187,"5":1.543604,"6":0.2437161,"7":1.151304,"8":0.0,"9":0.0,"10":0.2032257,"11":0.0,"12":0.1402118,"13":0.1992968,"14":0.9674495,"15":0.1358203,"16":0.0,"17":0.0,"18":0.3257727,"19":0.0,"20":0.1382275,"21":0.0,"22":0.2446515,"23":0.1365045,"24":0.4371788,"25":0.0,"26":0.1271339,"27":0.1031504,"28":0.4956574,"29":0.0,"30":0.1537699,"31":0.0,"32":0.0},"BGerr":{"0":0.5552877,"1":0.4633001,"2":0.5296814,"3":0.0,"4":0.2665187,"5":0.7718018,"6":0.2437161,"7":0.5756518,"8":0.0,"9":0.0,"10":0.2032257,"11":0.0,"12":0.1402118,"13":0.1992968,"14":0.4837248,"15":0.1358203,"16":0.0,"17":0.0,"18":0.2303561,"19":0.0,"20":0.1382275,"21":0.0,"22":0.1729948,"23":0.1365045,"24":0.2524053,"25":0.0,"26":0.1271339,"27":0.1031504,"28":0.2478287,"29":0.0,"30":0.1537699,"31":0.0,"32":0.0},"CorrFact":{"0":1.216368,"1":1.216368,"2":1.216368,"3":1.216368,"4":1.217866,"5":1.250086,"6":1.250086,"7":1.250086,"8":1.250086,"9":1.264292,"10":1.285601,"11":1.285601,"12":1.292973,"13":1.305117,"14":1.305117,"15":1.313078,"16":1.323029,"17":1.320956,"18":1.291938,"19":1.291938,"20":1.301414,"21":1.306152,"22":1.297434,"23":1.289806,"24":1.288098,"25":1.259921,"26":1.261372,"27":1.274433,"28":1.277401,"29":1.282527,"30":1.24932,"31":1.220264,"32":1.2413},"CtsInSrc":{"0":45.0,"1":45.0,"2":45.0,"3":45.0,"4":45.0,"5":45.0,"6":45.0,"7":45.0,"8":45.0,"9":45.0,"10":45.0,"11":45.0,"12":45.0,"13":45.0,"14":45.0,"15":45.0,"16":45.0,"17":45.0,"18":30.0,"19":45.0,"20":36.0,"21":30.0,"22":30.0,"23":45.0,"24":35.0,"25":30.0,"26":30.0,"27":30.0,"28":30.0,"29":30.0,"30":30.0,"31":30.0,"32":30.0},"BGInSrc":{"0":1.358025,"1":1.358025,"2":1.358025,"3":0.0,"4":0.679012,"5":2.716049,"6":0.679012,"7":2.716049,"8":0.0,"9":0.0,"10":0.679012,"11":0.0,"12":0.679012,"13":0.679012,"14":2.716049,"15":0.679012,"16":0.0,"17":0.0,"18":1.358025,"19":0.0,"20":0.679012,"21":0.0,"22":1.358025,"23":0.679012,"24":2.037037,"25":0.0,"26":0.679012,"27":0.679012,"28":2.716049,"29":0.0,"30":0.679012,"31":0.0,"32":0.0},"Exposure":{"0":1.729317,"1":2.07267,"2":1.812917,"3":2.419596,"4":2.54771,"5":1.759551,"6":2.786079,"7":2.359108,"8":2.421368,"9":2.302198,"10":3.341173,"11":3.017374,"12":4.842761,"13":3.40704,"14":2.807433,"15":4.999344,"16":3.802103,"17":4.929804,"18":4.168627,"19":4.831949,"20":4.912282,"21":4.109781,"22":5.550853,"23":4.974287,"24":4.659505,"25":4.440707,"26":5.340923,"27":6.582738,"28":5.479691,"29":6.390607,"30":4.415769,"31":5.686071,"32":7.447392},"Sigma":{"0":45.447681,"1":45.447681,"2":45.447681,"3":1000.0,"4":65.272727,"5":31.136364,"6":65.272727,"7":31.136364,"8":1000.0,"9":1000.0,"10":65.272727,"11":1000.0,"12":65.272727,"13":65.272727,"14":31.136364,"15":65.272727,"16":1000.0,"17":1000.0,"18":29.82705,"19":1000.0,"20":52.018182,"21":1000.0,"22":29.82705,"23":65.272727,"24":28.027731,"25":1000.0,"26":43.181818,"27":43.181818,"28":20.090909,"29":1000.0,"30":43.181818,"31":1000.0,"32":1000.0},"SNR":{"0":6.374635,"1":6.369036,"2":6.328972,"3":6.524403,"4":6.385817,"5":6.007314,"6":6.377785,"7":5.989436,"8":6.402738,"9":6.408338,"10":6.282598,"11":6.333868,"12":6.190686,"13":6.152824,"14":5.817745,"15":6.111313,"16":6.226707,"17":6.289454,"18":4.953617,"19":6.284253,"20":5.569693,"21":5.270594,"22":4.973376,"23":6.228001,"24":5.304005,"25":5.330216,"26":5.190463,"27":5.187935,"28":4.739225,"29":5.338143,"30":5.196446,"31":5.356085,"32":5.348993},"SYS_NEG":{"0":0.977687,"1":0.976737,"2":0.970773,"3":0.964367,"4":0.962857,"5":0.961142,"6":0.962034,"7":0.959066,"8":0.953406,"9":0.953866,"10":0.953181,"11":0.947997,"12":0.945687,"13":0.942799,"14":0.942162,"15":0.939734,"16":0.940253,"17":0.944704,"18":0.944689,"19":0.944327,"20":0.945135,"21":0.948378,"22":0.947691,"23":0.948637,"24":0.954599,"25":0.956825,"26":0.958928,"27":0.95849,"28":0.958221,"29":0.958053,"30":0.959981,"31":0.96095,"32":0.959784},"SYS_POS":{"0":1.023194,"1":1.024048,"2":1.029643,"3":1.036078,"4":1.037634,"5":1.039519,"6":1.038531,"7":1.041806,"8":1.048167,"9":1.047664,"10":1.048389,"11":1.054052,"12":1.056443,"13":1.059312,"14":1.059997,"15":1.062388,"16":1.061886,"17":1.057427,"18":1.057418,"19":1.057754,"20":1.05697,"21":1.053646,"22":1.054377,"23":1.053342,"24":1.046835,"25":1.044328,"26":1.041966,"27":1.042455,"28":1.042754,"29":1.042946,"30":1.040795,"31":1.039737,"32":1.041019}}