{"Time":{"0":135.417,"1":137.763,"2":140.105,"3":142.18,"4":144.074,"5":146.458,"6":148.126,"7":149.647,"8":151.276,"9":153.047,"10":155.129,"11":157.322,"12":159.835,"13":162.092,"14":164.248,"15":166.466,"16":169.174,"17":171.717,"18":174.545,"19":177.867,"20":180.67,"21":183.934,"22":187.659,"23":190.896,"24":194.071,"25":198.605,"26":202.36,"27":206.679,"28":210.775,"29":215.265,"30":219.835,"31":224.402,"32":228.047,"33":231.867,"34":236.583,"35":241.167,"36":244.734,"37":249.107,"38":253.541,"39":258.302,"40":262.487,"41":267.694,"42":274.121,"43":280.966,"44":288.489},"TimePos":{"0":0.973,"1":0.986,"2":0.95,"3":0.921,"4":1.267,"5":0.965,"6":0.74,"7":0.887,"8":0.75,"9":1.174,"10":0.889,"11":1.325,"12":1.123,"13":1.093,"14":1.171,"15":1.094,"16":1.399,"17":1.009,"18":1.714,"19":1.19,"20":1.175,"21":1.898,"22":1.625,"23":1.51,"24":2.306,"25":1.619,"26":2.45,"27":1.642,"28":2.009,"29":2.277,"30":2.403,"31":1.679,"32":2.018,"33":2.192,"34":2.499,"35":1.91,"36":2.268,"37":1.891,"38":2.476,"39":2.252,"40":2.246,"41":2.487,"42":3.592,"43":2.987,"44":3.579},"TimeNeg":{"0":-1.044,"1":-1.373,"2":-1.356,"3":-1.125,"4":-0.973,"5":-1.117,"6":-0.703,"7":-0.782,"8":-0.741,"9":-1.022,"10":-0.908,"11":-1.305,"12":-1.188,"13":-1.134,"14":-1.062,"15":-1.048,"16":-1.613,"17":-1.144,"18":-1.819,"19":-1.609,"20":-1.613,"21":-2.089,"22":-1.827,"23":-1.613,"24":-1.665,"25":-2.227,"26":-2.136,"27":-1.869,"28":-2.455,"29":-2.481,"30":-2.294,"31":-2.164,"32":-1.966,"33":-1.803,"34":-2.524,"35":-2.085,"36":-1.656,"37":-2.105,"38":-2.543,"39":-2.284,"40":-1.933,"41":-2.961,"42":-3.94,"43":-3.252,"44":-4.536},"Rate":{"0":37.93978,"1":32.44624,"2":33.72498,"3":36.81785,"4":33.01529,"5":26.55821,"6":39.57186,"7":34.21445,"8":37.68848,"9":26.42051,"10":30.51358,"11":19.74349,"12":22.82089,"13":22.93716,"14":23.62078,"15":24.43038,"16":17.18835,"17":24.04956,"18":15.1255,"19":18.44416,"20":18.12594,"21":12.87582,"22":14.91081,"23":16.51286,"24":9.809713,"25":13.51431,"26":11.39418,"27":9.925656,"28":10.90283,"29":10.76087,"30":9.90512,"31":14.13649,"32":13.6377,"33":9.279664,"34":7.417258,"35":9.980037,"36":9.155254,"37":8.992151,"38":7.140814,"39":7.518034,"40":9.138358,"41":7.051768,"42":4.855338,"43":6.158863,"44":4.631135},"RatePos":{"0":5.791239,"1":4.94062,"2":5.28361,"3":6.880971,"4":5.947655,"5":4.762045,"6":6.56864,"7":5.522521,"8":6.127692,"9":4.071517,"10":4.828018,"11":3.042936,"12":3.437638,"13":3.602511,"14":3.54936,"15":3.752171,"16":2.692616,"17":3.763183,"18":2.267509,"19":2.762795,"20":2.771891,"21":1.926157,"22":2.230722,"23":2.47205,"24":1.688781,"25":2.026171,"26":1.708945,"27":1.822743,"28":1.82787,"29":1.694467,"30":1.608995,"31":2.14857,"32":2.074296,"33":1.779098,"34":1.429522,"35":1.814149,"36":1.765725,"37":1.732764,"38":1.37749,"39":1.544316,"40":1.719115,"41":1.368698,"42":0.998486,"43":1.193324,"44":0.9247411},"RateNeg":{"0":-5.862678,"1":-4.997486,"2":-5.154207,"3":-6.052529,"4":-5.521293,"5":-4.684137,"6":-6.535275,"7":-5.500643,"8":-6.111689,"9":-4.066643,"10":-4.825799,"11":-3.04047,"12":-3.434251,"13":-3.599236,"14":-3.545413,"15":-3.748316,"16":-2.689838,"17":-3.759284,"18":-2.265006,"19":-2.759877,"20":-2.769175,"21":-1.924422,"22":-2.228691,"23":-2.469583,"24":-1.68741,"25":-2.02392,"26":-1.707035,"27":-1.821419,"28":-1.826518,"29":-1.693217,"30":-1.608192,"31":-2.147583,"32":-2.073384,"33":-1.778452,"34":-1.428435,"35":-1.811987,"36":-1.764247,"37":-1.731483,"38":-1.376305,"39":-1.543037,"40":-1.716355,"41":-1.366418,"42":-0.9975376,"43":-1.191617,"44":-0.9235694},"FracExp":{"0":1.0,"1":1.0,"2":1.0,"3":1.0,"4":1.0,"5":1.0,"6":1.0,"7":1.0,"8":1.0,"9":1.0,"10":1.0,"11":1.0,"12":1.0,"13":1.0,"14":1.0,"15":1.0,"16":1.0,"17":1.0,"18":1.0,"19":1.0,"20":1.0,"21":1.0,"22":1.0,"23":1.0,"24":1.0,"25":1.0,"26":1.0,"27":1.0,"28":1.0,"29":1.0,"30":1.0,"31":1.0,"32":1.0,"33":1.0,"34":1.0,"35":1.0,"36":1.0,"37":1.0,"38":1.0,"39":1.0,"40":1.0,"41":1.0,"42":1.0,"43":1.0,"44":1.0},"BGrate":{"0":0.3487934,"1":0.2982894,"2":0.0,"3":0.6878863,"4":0.3141634,"5":1.014184,"6":0.4877088,"7":0.4216806,"8":0.9439901,"9":0.0,"10":0.783231,"11":0.2676144,"12":0.0,"13":0.6318441,"14":0.0,"15":0.3285173,"16":0.4672583,"17":0.6537775,"18":0.0,"19":0.0,"20":0.2524134,"21":0.0,"22":0.0,"23":0.0,"24":0.0,"25":0.0,"26":0.0,"27":0.0,"28":0.7882559,"29":0.2958352,"30":0.0,"31":0.0,"32":0.0,"33":0.1761834,"34":0.140111,"35":0.0,"36":0.1792992,"37":0.176105,"38":0.1402103,"39":0.4653335,"40":0.0,"41":0.1291743,"42":0.2802554,"43":0.1127839,"44":0.1734415},"BGerr":{"0":0.3487934,"1":0.2982894,"2":0.0,"3":0.486409,"4":0.3141634,"5":0.5855394,"6":0.4877088,"7":0.4216806,"8":0.6675018,"9":0.0,"10":0.553828,"11":0.2676144,"12":0.0,"13":0.4467813,"14":0.0,"15":0.3285173,"16":0.3304015,"17":0.4622905,"18":0.0,"19":0.0,"20":0.2524134,"21":0.0,"22":0.0,"23":0.0,"24":0.0,"25":0.0,"26":0.0,"27":0.0,"28":0.3525187,"29":0.2091871,"30":0.0,"31":0.0,"32":0.0,"33":0.1761834,"34":0.140111,"35":0.0,"36":0.1792992,"37":0.176105,"38":0.1402103,"39":0.2686604,"40":0.0,"41":0.1291743,"42":0.1618056,"43":0.1127839,"44":0.1226417},"CorrFact":{"0":1.728021,"1":1.728021,"2":1.728021,"3":1.728021,"4":1.669483,"5":1.288986,"6":1.288986,"7":1.288986,"8":1.288986,"9":1.288986,"10":1.257797,"11":1.172025,"12":1.172025,"13":1.172025,"14":1.172025,"15":1.181393,"16":1.187639,"17":1.187639,"18":1.187639,"19":1.147047,"20":1.140803,"21":1.140803,"22":1.143665,"23":1.145757,"24":1.145757,"25":1.155129,"26":1.161376,"27":1.161376,"28":1.173215,"29":1.17437,"30":1.192905,"31":1.207227,"32":1.207227,"33":1.265157,"34":1.271594,"35":1.246231,"36":1.226504,"37":1.226504,"38":1.223334,"39":1.222981,"40":1.273023,"41":1.311291,"42":1.311431,"43":1.311688,"44":1.314318},"CtsInSrc":{"0":45.0,"1":45.0,"2":45.0,"3":45.0,"4":45.0,"5":45.0,"6":45.0,"7":45.0,"8":45.0,"9":45.0,"10":45.0,"11":45.0,"12":45.0,"13":45.0,"14":45.0,"15":45.0,"16":45.0,"17":45.0,"18":45.0,"19":45.0,"20":45.0,"21":45.0,"22":45.0,"23":45.0,"24":34.0,"25":45.0,"26":45.0,"27":30.0,"28":45.0,"29":45.0,"30":39.0,"31":45.0,"32":45.0,"33":30.0,"34":30.0,"35":32.0,"36":30.0,"37":30.0,"38":30.0,"39":30.0,"40":30.0,"41":30.0,"42":30.0,"43":30.0,"44":30.0},"BGInSrc":{"0":0.703704,"1":0.703704,"2":0.0,"3":1.407407,"4":0.703704,"5":2.111111,"6":0.703704,"7":0.703704,"8":1.407407,"9":0.0,"10":1.407407,"11":0.703704,"12":0.0,"13":1.407407,"14":0.0,"15":0.703704,"16":1.407407,"17":1.407407,"18":0.0,"19":0.0,"20":0.703704,"21":0.0,"22":0.0,"23":0.0,"24":0.0,"25":0.0,"26":0.0,"27":0.0,"28":3.518519,"29":1.407407,"30":0.0,"31":0.0,"32":0.0,"33":0.703704,"34":0.703704,"35":0.0,"36":0.703704,"37":0.703704,"38":0.703704,"39":2.111111,"40":0.0,"41":0.703704,"42":2.111111,"43":0.703704,"44":1.407407},"Exposure":{"0":2.017537,"1":2.359131,"2":2.305737,"3":2.045989,"4":2.239929,"5":2.081586,"6":1.442877,"7":1.668808,"8":1.490913,"9":2.195431,"10":1.796925,"11":2.629544,"12":2.31109,"13":2.22746,"14":2.232827,"15":2.14206,"16":3.012055,"17":2.152731,"18":3.533354,"19":2.798562,"20":2.787901,"21":3.987018,"22":3.451518,"23":3.122359,"24":3.971141,"25":3.846351,"26":4.586721,"27":3.510224,"28":4.463676,"29":4.757403,"30":4.696892,"31":3.842908,"32":3.983459,"33":3.994155,"34":5.022474,"35":3.995916,"36":3.924745,"37":3.995934,"38":5.018915,"39":4.53677,"40":4.179164,"41":5.447706,"42":7.53281,"43":6.239401,"44":8.114592},"Sigma":{"0":62.947368,"1":62.947368,"2":1000.0,"3":43.803404,"4":62.947368,"5":35.18798,"6":62.947368,"7":62.947368,"8":43.803404,"9":1000.0,"10":43.803404,"11":62.947368,"12":1000.0,"13":43.803404,"14":1000.0,"15":62.947368,"16":43.803404,"17":43.803404,"18":1000.0,"19":1000.0,"20":62.947368,"21":1000.0,"22":1000.0,"23":1000.0,"24":1000.0,"25":1000.0,"26":1000.0,"27":1000.0,"28":26.362065,"29":43.803404,"30":1000.0,"31":1000.0,"32":1000.0,"33":41.631579,"34":41.631579,"35":1000.0,"36":41.631579,"37":41.631579,"38":41.631579,"39":22.881303,"40":1000.0,"41":41.631579,"42":22.881303,"43":41.631579,"44":28.730865},"SNR":{"0":6.471407,"1":6.492512,"2":6.543196,