{"Time":{"0":88.364,"1":91.103,"2":93.852,"3":96.956,"4":100.199,"5":103.214,"6":106.638,"7":112.565},"TimePos":{"0":1.4,"1":1.31,"2":1.62,"3":1.656,"4":1.386,"5":1.618,"6":2.874,"7":2.852},"TimeNeg":{"0":-1.239,"1":-1.339,"2":-1.438,"3":-1.484,"4":-1.587,"5":-1.629,"6":-1.807,"7":-3.053},"Rate":{"0":20.42553,"1":20.94082,"2":17.87987,"3":17.22926,"4":16.93121,"5":15.72688,"6":7.102772,"7":5.707234},"RatePos":{"0":3.238777,"1":3.166487,"2":2.731039,"3":2.573722,"4":2.5742,"5":2.345095,"6":1.334325,"7":1.042022},"RateNeg":{"0":-3.247735,"1":-3.167359,"2":-2.729908,"3":-2.573694,"4":-2.574696,"5":-2.34559,"6":-1.334466,"7":-1.04209},"FracExp":{"0":1.0,"1":1.0,"2":1.0,"3":1.0,"4":1.0,"5":1.0,"6":1.0,"7":1.0},"BGrate":{"0":0.4866336,"1":0.0,"2":0.2099094,"3":0.0,"4":0.2159408,"5":0.0,"6":0.137149,"7":0.0},"BGerr":{"0":0.3441019,"1":0.0,"2":0.2099094,"3":0.0,"4":0.2159408,"5":0.0,"6":0.137149,"7":0.0},"CorrFact":{"0":1.23276,"1":1.23276,"2":1.23276,"3":1.202268,"4":1.134748,"5":1.134748,"6":1.13247,"7":1.123359},"CtsInSrc":{"0":45.0,"1":45.0,"2":45.0,"3":45.0,"4":45.0,"5":45.0,"6":30.0,"7":30.0},"BGInSrc":{"0":1.283951,"1":0.0,"2":0.641975,"3":0.0,"4":0.641975,"5":0.0,"6":0.641975,"7":0.0},"Exposure":{"0":2.638434,"1":2.649095,"2":3.058344,"3":3.140125,"4":2.972922,"5":3.246903,"6":4.68086,"7":5.904923},"Sigma":{"0":48.151252,"1":1000.0,"2":69.096154,"3":1000.0,"4":69.096154,"5":1000.0,"6":45.730769,"7":1000.0},"SNR":{"0":6.289161,"1":6.611445,"2":6.549626,"3":6.694371,"4":6.576003,"5":6.704869,"6":5.322556,"7":5.47672},"SYS_NEG":{"0":0.963887,"1":0.974403,"2":0.984776,"3":0.990412,"4":0.993282,"5":0.995298,"6":0.996324,"7":0.997518},"SYS_POS":{"0":1.03413,"1":1.02535,"2":1.015846,"3":1.009614,"4":1.006019,"5":1.003565,"6":1.002459,"7":1.001347}}