{"Time":{"0":85.014,"1":86.584,"2":88.237,"3":89.781,"4":91.32,"5":93.14,"6":95.103,"7":97.054,"8":99.435,"9":101.623,"10":104.416,"11":107.755,"12":111.386,"13":115.421,"14":119.987,"15":123.949,"16":128.723,"17":133.335,"18":138.701,"19":143.83},"TimePos":{"0":0.73,"1":0.891,"2":0.507,"3":0.784,"4":0.801,"5":0.929,"6":0.759,"7":1.261,"8":1.15,"9":0.99,"10":1.869,"11":2.101,"12":1.644,"13":1.848,"14":1.98,"15":2.406,"16":2.813,"17":2.695,"18":2.485,"19":2.656},"TimeNeg":{"0":-0.736,"1":-0.839,"2":-0.763,"3":-1.036,"4":-0.756,"5":-1.019,"6":-1.034,"7":-1.191,"8":-1.12,"9":-1.038,"10":-1.804,"11":-1.47,"12":-1.53,"13":-2.392,"14":-2.718,"15":-1.982,"16":-2.368,"17":-1.799,"18":-2.671,"19":-2.644},"Rate":{"0":34.32785,"1":29.9732,"2":40.80369,"3":28.47833,"4":33.29576,"5":26.60606,"6":29.78832,"7":22.59609,"8":24.04786,"9":27.31403,"10":14.97926,"11":16.27005,"12":17.50542,"13":13.85336,"14":12.80054,"15":13.50963,"16":11.43402,"17":12.96463,"18":11.36469,"19":9.31188},"RatePos":{"0":5.324616,"1":4.472982,"2":6.090778,"3":4.253324,"4":4.974866,"5":3.978289,"6":4.543161,"7":3.384423,"8":3.678859,"9":4.106071,"10":2.302191,"11":2.462822,"12":2.815608,"13":2.119868,"14":1.969181,"15":2.123094,"16":1.767357,"17":2.048451,"18":1.757775,"19":1.550974},"RateNeg":{"0":-5.327503,"1":-4.476235,"2":-6.096124,"3":-4.258576,"4":-4.982494,"5":-3.986901,"6":-4.554925,"7":-3.397931,"8":-3.702237,"9":-4.142439,"10":-2.331198,"11":-2.506067,"12":-2.86945,"13":-2.17509,"14":-2.025163,"15":-2.183551,"16":-1.820315,"17":-2.110071,"18":-1.810807,"19":-1.588371},"FracExp":{"0":1.0,"1":1.0,"2":1.0,"3":1.0,"4":1.0,"5":1.0,"6":1.0,"7":1.0,"8":1.0,"9":1.0,"10":1.0,"11":1.0,"12":1.0,"13":1.0,"14":1.0,"15":1.0,"16":1.0,"17":1.0,"18":1.0,"19":1.0},"BGrate":{"0":0.8926582,"1":0.0,"2":0.0,"3":0.0,"4":0.0,"5":0.0,"6":0.3648598,"7":0.0,"8":0.2882291,"9":0.0,"10":0.1781862,"11":0.0,"12":0.6184627,"13":0.0,"14":0.0,"15":0.1491393,"16":0.0,"17":0.1455965,"18":0.0,"19":0.0},"BGerr":{"0":0.6312047,"1":0.0,"2":0.0,"3":0.0,"4":0.0,"5":0.0,"6":0.3648598,"7":0.0,"8":0.2882291,"9":0.0,"10":0.1781862,"11":0.0,"12":0.3570696,"13":0.0,"14":0.0,"15":0.1491393,"16":0.0,"17":0.1455965,"18":0.0,"19":0.0},"CorrFact":{"0":1.151825,"1":1.151825,"2":1.151825,"3":1.151825,"4":1.151825,"5":1.151825,"6":1.204646,"7":1.231057,"8":1.231057,"9":1.231057,"10":1.240382,"11":1.291008,"12":1.291008,"13":1.305182,"14":1.336568,"15":1.336568,"16":1.316382,"17":1.313858,"18":1.302117,"19":1.298762},"CtsInSrc":{"0":45.0,"1":45.0,"2":45.0,"3":45.0,"4":45.0,"5":45.0,"6":45.0,"7":45.0,"8":45.0,"9":45.0,"10":45.0,"11":45.0,"12":45.0,"13":45.0,"14":45.0,"15":45.0,"16":45.0,"17":45.0,"18":45.0,"19":38.0},"BGInSrc":{"0":1.308642,"1":0.0,"2":0.0,"3":0.0,"4":0.0,"5":0.0,"6":0.654321,"7":0.0,"8":0.654321,"9":0.0,"10":0.654321,"11":0.0,"12":1.962963,"13":0.0,"14":0.0,"15":0.654321,"16":0.0,"17":0.654321,"18":0.0,"19":0.0},"Exposure":{"0":1.466006,"1":1.729283,"2":1.270281,"3":1.820056,"4":1.556719,"5":1.948133,"6":1.793349,"7":2.451643,"8":2.270142,"9":2.028172,"10":3.672119,"11":3.570693,"12":3.173939,"13":4.239635,"14":4.698671,"15":4.387314,"16":5.180785,"17":4.494071,"18":5.155904,"19":5.299998},"Sigma":{"0":47.216055,"1":1000.0,"2":1000.0,"3":1000.0,"4":1000.0,"5":1000.0,"6":67.773585,"7":1000.0,"8":67.773585,"9":1000.0,"10":67.773585,"11":1000.0,"12":37.974397,"13":1000.0,"14":1000.0,"15":67.773585,"16":1000.0,"17":67.773585,"18":1000.0,"19":1000.0},"SNR":{"0":6.443516,"1":6.696073,"2":6.693383,"3":6.687288,"4":6.682549,"5":6.67337,"6":6.539805,"7":6.649956,"8":6.495493,"9":6.593708,"10":6.425561,"11":6.492263,"12":6.10062,"13":6.369097,"14":6.320747,"15":6.187,"16":6.281339,"17":6.144166,"18":6.276035,"19":5.862535},"SYS_NEG":{"0":0.992031,"1":0.991023,"2":0.990074,"3":0.988201,"4":0.986925,"5":0.984749,"6":0.983242,"7":0.980226,"8":0.975486,"9":0.972099,"10":0.966539,"11":0.961233,"12":0.956641,"13":0.950712,"14":0.94701,"15":0.945014,"16":0.944116,"17":0.941785,"18":0.943734,"19":0.947275},"SYS_POS":{"0":1.006116,"1":1.006941,"2":1.007707,"3":1.009171,"4":1.010121,"5":1.011649,"6":1.012658,"7":1.014545,"8":1.017394,"9":1.0194,"10":1.022818,"11":1.026289,"12":1.029683,"13":1.034547,"14":1.03799,"15":1.039961,"16":1.040862,"17":1.043179,"18":1.041238,"19":1.037762}}