{"Time":{"0":93.655,"1":100.46,"2":106.73,"3":111.431,"4":117.851,"5":124.477,"6":129.808,"7":136.033,"8":144.637},"TimePos":{"0":3.268,"1":3.749,"2":1.932,"3":2.782,"4":4.201,"5":2.574,"6":2.528,"7":3.612,"8":3.315},"TimeNeg":{"0":-3.048,"1":-3.537,"2":-2.521,"3":-2.769,"4":-3.638,"5":-2.425,"6":-2.758,"7":-3.697,"8":-4.992},"Rate":{"0":4.603165,"1":4.477495,"2":7.328667,"3":5.561127,"4":3.825524,"5":6.531032,"6":6.1773,"7":4.225427,"8":3.930154},"RatePos":{"0":0.9833394,"1":0.8174787,"2":1.338032,"3":1.096949,"4":0.7850253,"5":1.192405,"6":1.127822,"7":0.833478,"8":0.7175487},"RateNeg":{"0":-0.9833402,"1":-0.8174798,"2":-1.338034,"3":-1.09695,"4":-0.7850264,"5":-1.192407,"6":-1.127824,"7":-0.8334793,"8":-0.7175499},"FracExp":{"0":1.0,"1":1.0,"2":1.0,"3":1.0,"4":1.0,"5":1.0,"6":1.0,"7":1.0,"8":1.0},"BGrate":{"0":0.5150998,"1":0.0,"2":0.0,"3":0.2930476,"4":0.3112689,"5":0.0,"6":0.0,"7":0.2225665,"8":0.0},"BGerr":{"0":0.2575499,"1":0.0,"2":0.0,"3":0.207216,"4":0.1797112,"5":0.0,"6":0.0,"7":0.1573782,"8":0.0},"CorrFact":{"0":1.086986,"1":1.087364,"2":1.087858,"3":1.08796,"4":1.088093,"5":1.088363,"6":1.088404,"7":1.088426,"8":1.08823},"CtsInSrc":{"0":30.0,"1":30.0,"2":30.0,"3":30.0,"4":30.0,"5":30.0,"6":30.0,"7":30.0,"8":30.0},"BGInSrc":{"0":3.253333,"1":0.0,"2":0.0,"3":1.626667,"4":2.44,"5":0.0,"6":0.0,"7":1.626667,"8":0.0},"Exposure":{"0":6.315928,"1":7.28553,"2":4.453162,"3":5.550861,"4":7.838881,"5":4.999345,"6":5.285825,"7":7.308679,"8":8.306774},"Sigma":{"0":16.442623,"1":1000.0,"2":1000.0,"3":24.667594,"4":19.563656,"5":1000.0,"6":1000.0,"7":24.667594,"8":1000.0},"SNR":{"0":4.681152,"1":5.477193,"2":5.477189,"3":5.069626,"4":4.873116,"5":5.477185,"6":5.477185,"7":5.069625,"8":5.477186},"SYS_NEG":{"0":0.999417,"1":0.999371,"2":0.999337,"3":0.999318,"4":0.999306,"5":0.9993,"6":0.9993,"7":0.999301,"8":0.999307},"SYS_POS":{"0":1.000513,"1":1.000552,"2":1.000582,"3":1.000598,"4":1.000608,"5":1.000613,"6":1.000613,"7":1.000613,"8":1.000607}}