{"Time":{"0":91.38,"1":98.091},"TimePos":{"0":3.248,"1":2.962},"TimeNeg":{"0":-2.903,"1":-3.463},"Rate":{"0":4.982095,"1":5.221975},"RatePos":{"0":1.02172,"1":0.9534105},"RateNeg":{"0":-1.021733,"1":-0.953433},"FracExp":{"0":1.0,"1":1.0},"BGrate":{"0":0.4175152,"1":0.0},"BGerr":{"0":0.2087576,"1":0.0},"CorrFact":{"0":1.117015,"1":1.118269},"CtsInSrc":{"0":30.0,"1":30.0},"BGInSrc":{"0":2.567901,"1":0.0},"Exposure":{"0":6.150438,"1":6.424405},"Sigma":{"0":21.365385,"1":1000.0},"SNR":{"0":4.876123,"1":5.477023},"SYS_NEG":{"0":0.998785,"1":0.99843},"SYS_POS":{"0":1.00063,"1":1.000945}}