{"Time":{"0":76.676,"1":80.514,"2":84.981,"3":89.573,"4":95.916,"5":100.596,"6":105.77,"7":110.62,"8":117.406,"9":123.908,"10":128.998,"11":135.832,"12":142.085,"13":147.128,"14":153.059,"15":159.639,"16":168.428,"17":176.183},"TimePos":{"0":2.245,"1":2.544,"2":1.61,"3":3.435,"4":2.668,"5":2.754,"6":1.565,"7":3.238,"8":3.332,"9":2.37,"10":3.226,"11":2.841,"12":3.0,"13":2.791,"14":2.864,"15":3.804,"16":2.987,"17":3.98},"TimeNeg":{"0":-1.548,"1":-1.592,"2":-1.923,"3":-2.982,"4":-2.908,"5":-2.012,"6":-2.42,"7":-3.284,"8":-3.548,"9":-3.17,"10":-2.72,"11":-3.608,"12":-3.412,"13":-2.043,"14":-3.14,"15":-3.715,"16":-4.986,"17":-4.768},"Rate":{"0":8.798892,"1":7.148959,"2":9.135263,"3":5.031537,"4":5.634966,"5":6.787515,"6":7.21094,"7":5.092413,"8":4.700221,"9":5.840428,"10":5.285697,"11":5.149768,"12":5.039234,"13":6.870547,"14":5.380553,"15":4.057173,"16":4.168203,"17":3.800308},"RatePos":{"0":1.640181,"1":1.52721,"2":1.733193,"3":0.9546122,"4":1.111543,"5":1.287769,"6":1.60478,"7":0.9297771,"8":0.8917549,"9":1.108082,"10":1.042647,"11":0.9402481,"12":0.956073,"13":1.254428,"14":1.020829,"15":0.8325805,"16":0.7610318,"17":0.7210155},"RateNeg":{"0":-1.6402,"1":-1.527224,"2":-1.733214,"3":-0.9546237,"4":-1.111556,"5":-1.287785,"6":-1.604795,"7":-0.92979,"8":-0.8917665,"9":-1.108096,"10":-1.04266,"11":-0.9402607,"12":-0.9560848,"13":-1.254444,"14":-1.020842,"15":-0.832589,"16":-0.7610414,"17":-0.721024},"FracExp":{"0":1.0,"1":1.0,"2":1.0,"3":1.0,"4":1.0,"5":1.0,"6":1.0,"7":1.0,"8":1.0,"9":1.0,"10":1.0,"11":1.0,"12":1.0,"13":1.0,"14":1.0,"15":1.0,"16":1.0,"17":1.0},"BGrate":{"0":0.2144249,"1":0.7864942,"2":0.2301984,"3":0.1267405,"4":0.2917369,"5":0.1706431,"6":1.02043,"7":0.0,"8":0.1182193,"9":0.1468057,"10":0.2735814,"11":0.0,"12":0.126846,"13":0.0,"14":0.1354531,"15":0.3245288,"16":0.0,"17":0.09297416},"BGerr":{"0":0.2144249,"1":0.3932471,"2":0.2301984,"3":0.1267405,"4":0.2062892,"5":0.1706431,"6":0.4563502,"7":0.0,"8":0.1182193,"9":0.1468057,"10":0.1934513,"11":0.0,"12":0.126846,"13":0.0,"14":0.1354531,"15":0.1873668,"16":0.0,"17":0.09297416},"CorrFact":{"0":1.105621,"1":1.105621,"2":1.105867,"3":1.106291,"4":1.107358,"5":1.108425,"6":1.108125,"7":1.107141,"8":1.107934,"9":1.108628,"10":1.107653,"11":1.107089,"12":1.107062,"13":1.107043,"14":1.106935,"15":1.10683,"16":1.107667,"17":1.139044},"CtsInSrc":{"0":31.0,"1":30.0,"2":30.0,"3":30.0,"4":30.0,"5":30.0,"6":30.0,"7":30.0,"8":30.0,"9":30.0,"10":30.0,"11":30.0,"12":30.0,"13":30.0,"14":30.0,"15":30.0,"16":30.0,"17":30.0},"BGInSrc":{"0":0.813333,"1":3.253333,"2":0.813333,"3":0.813333,"4":1.626667,"5":0.813333,"6":4.066667,"7":0.0,"8":0.813333,"9":0.813333,"10":1.626667,"11":0.0,"12":0.813333,"13":0.0,"14":0.813333,"15":2.44,"16":0.0,"17":0.813333},"Exposure":{"0":3.793092,"1":4.1365,"2":3.533183,"3":6.417314,"4":5.5758,"5":4.766284,"6":3.985248,"7":6.522298,"8":6.879868,"9":5.540202,"10":5.945823,"11":6.449353,"12":6.411977,"13":4.833866,"14":6.004539,"15":7.518592,"16":7.972262,"17":8.747951},"Sigma":{"0":37.114754,"1":16.442623,"2":35.885246,"3":35.885246,"4":24.667594,"5":35.885246,"6":14.259515,"7":1000.0,"8":35.885246,"9":35.885246,"10":24.667594,"11":1000.0,"12":35.885246,"13":1000.0,"14":35.885246,"15":19.563656,"16":1000.0,"17":35.885246},"SNR":{"0":5.364525,"1":4.681017,"2":5.270708,"3":5.270702,"4":5.069439,"5":5.27069,"6":4.493371,"7":5.47695,"8":5.270686,"9":5.270688,"10":5.069437,"11":5.476958,"12":5.270698,"13":5.476966,"14":5.270703,"15":4.872961,"16":5.476973,"17":5.270709},"SYS_NEG":{"0":0.9983,"1":0.998273,"2":0.998237,"3":0.998213,"4":0.998172,"5":0.998166,"6":0.998171,"7":0.998168,"8":0.998153,"9":0.99816,"10":0.998164,"11":0.998196,"12":0.998197,"13":0.998223,"14":0.998216,"15":0.998222,"16":0.998245,"17":0.998242},"SYS_POS":{"0":1.001451,"1":1.001473,"2":1.001504,"3":1.001523,"4":1.001557,"5":1.001562,"6":1.001558,"7":1.001561,"8":1.001573,"9":1.001567,"10":1.001563,"11":1.001537,"12":1.001536,"13":1.001515,"14":1.001521,"15":1.001516,"16":1.001497,"17":1.001499}}