{"Time":{"0":72.498,"1":76.422,"2":79.439,"3":83.335,"4":87.18,"5":91.243,"6":95.022,"7":99.165,"8":103.725,"9":107.802,"10":111.927,"11":116.319,"12":120.695,"13":124.47,"14":128.434,"15":132.529,"16":136.123,"17":140.414,"18":145.748,"19":150.573,"20":155.47,"21":160.095,"22":165.137,"23":170.786,"24":178.99,"25":185.593,"26":191.628,"27":210.777,"28":233.615,"29":242.292},"TimePos":{"0":2.111,"1":1.567,"2":1.844,"3":1.815,"4":1.726,"5":2.126,"6":1.843,"7":2.41,"8":1.714,"9":1.827,"10":2.361,"11":2.202,"12":2.092,"13":1.704,"14":2.183,"15":1.663,"16":2.606,"17":2.687,"18":2.881,"19":2.576,"20":2.042,"21":2.416,"22":2.966,"23":3.975,"24":3.104,"25":3.022,"26":3.265,"27":18.798,"28":4.411,"29":4.923},"TimeNeg":{"0":-2.327,"1":-1.813,"2":-1.45,"3":-2.051,"4":-2.03,"5":-2.338,"6":-1.653,"7":-2.299,"8":-2.15,"9":-2.363,"10":-2.298,"11":-2.03,"12":-2.174,"13":-1.683,"14":-2.259,"15":-1.912,"16":-1.932,"17":-1.684,"18":-2.647,"19":-1.944,"20":-2.321,"21":-2.583,"22":-2.626,"23":-2.683,"24":-4.23,"25":-3.499,"26":-3.013,"27":-15.884,"28":-4.04,"29":-4.266},"Rate":{"0":23.86808,"1":31.78332,"2":32.01226,"3":31.725,"4":32.18402,"5":28.26972,"6":35.57875,"7":26.79993,"8":31.69847,"9":29.66897,"10":27.11623,"11":29.96454,"12":28.43634,"13":37.04639,"14":26.89206,"15":34.40646,"16":27.3735,"17":27.20443,"18":21.67016,"19":26.10259,"20":26.55917,"21":21.85981,"22":20.23921,"23":16.67733,"24":14.71135,"25":17.16738,"26":17.48615,"27":9.472114,"28":8.582444,"29":9.323016},"RatePos":{"0":5.559325,"1":6.665865,"2":6.291296,"3":5.259487,"4":5.166542,"5":4.268421,"6":5.522845,"7":4.082357,"8":5.011479,"9":4.603471,"10":4.132118,"11":4.562036,"12":4.604334,"13":5.577195,"14":4.333979,"15":5.359886,"16":4.264309,"17":4.500533,"18":3.748706,"19":4.613171,"20":4.917965,"21":4.272658,"22":3.941836,"23":3.391594,"24":3.099157,"25":3.496819,"26":3.695524,"27":2.221845,"28":2.05711,"29":2.077671},"RateNeg":{"0":-4.371213,"1":-5.283399,"2":-5.307122,"3":-4.96529,"4":-5.071358,"5":-4.266169,"6":-5.554382,"7":-4.106311,"8":-5.041224,"9":-4.630651,"10":-4.155655,"11":-4.59003,"12":-4.618109,"13":-5.585329,"14":-4.302443,"15":-5.306686,"16":-4.162828,"17":-4.379132,"18":-3.423079,"19":-4.144893,"20":-4.212854,"21":-3.621085,"22":-3.264551,"23":-2.79722,"24":-2.563484,"25":-2.848024,"26":-2.946147,"27":-1.895638,"28":-1.763457,"29":-1.748063},"FracExp":{"0":1.0,"1":1.0,"2":1.0,"3":1.0,"4":1.0,"5":1.0,"6":1.0,"7":1.0,"8":1.0,"9":1.0,"10":1.0,"11":1.0,"12":1.0,"13":1.0,"14":1.0,"15":1.0,"16":1.0,"17":1.0,"18":1.0,"19":1.0,"20":1.0,"21":1.0,"22":1.0,"23":1.0,"24":1.0,"25":1.0,"26":1.0,"27":0.224865,"28":1.0,"29":1.0},"BGrate":{"0":0.1446823,"1":0.0,"2":0.3896924,"3":0.1660551,"4":0.3418631,"5":0.0,"6":0.3672635,"7":0.13632,"8":0.4983954,"9":0.3064439,"10":0.1377768,"11":0.1516769,"12":0.6018985,"13":0.0,"14":0.4335285,"15":0.1796111,"16":0.0,"17":0.4405852,"18":0.1161371,"19":0.1420069,"20":0.0,"21":0.2568238,"22":0.0,"23":0.1928584,"24":0.3501591,"25":0.09845538,"26":0.1022495,"27":0.08231728,"28":0.1519323,"29":0.1397241},"BGerr":{"0":0.1446823,"1":0.0,"2":0.2755541,"3":0.1660551,"4":0.2417337,"5":0.0,"6":0.2596945,"7":0.13632,"8":0.2877487,"9":0.2166886,"10":0.1377768,"11":0.1516769,"12":0.3009492,"13":0.0,"14":0.2502978,"15":0.1796111,"16":0.0,"17":0.254372,"18":0.1161371,"19":0.1420069,"20":0.0,"21":0.1816018,"22":0.0,"23":0.1363715,"24":0.1750795,"25":0.09845538,"26":0.1022495,"27":0.08231728,"28":0.1074323,"29":0.09879987},"CorrFact":{"0":2.387527,"1":2.387527,"2":2.412692,"3":2.765002,"4":2.765002,"5":2.804234,"6":2.845249,"7":2.845249,"8":2.843727,"9":2.843537,"10":2.848389,"11":2.859133,"12":2.859133,"13":2.788734,"14":2.773512,"15":2.772381,"16":2.76079,"17":2.76079,"18":2.700458,"19":2.660236,"20":2.574711,"21":2.499876,"22":2.514949,"23":2.539776,"24":2.542559,"25":2.523543,"26":2.475023,"27":2.516213,"28":2.525717,"29":2.467761},"CtsInSrc":{"0":45.0,"1":45.0,"2":45.0,"3":45.0,"4":45.0,"5":45.0,"6":45.0,"7":45.0,"8":45.0,"9":45.0,"10":45.0,"11":45.0,"12":45.0,"13":45.0,"14":45.0,"15":45.0,"16":45.0,"17":45.0,"18":45.0,"19":45.0,"20":45.0,"21":45.0,"22":45.0,"23":45.0,"24":45.0,"25":45.0,"26":45.0,"27":30.0,"28":30.0,"29":36.0},"BGInSrc":{"0":0.641975,"1":0.0,"2":1.283951,"3":0.641975,"4":1.283951,"5":0.0,"6":1.283951,"7":0.641975,"8":1.925926,"9":1.283951,"10":0.641975,"11":0.641975,"12":2.567901,"13":0.0,"14":1.925926,"15":0.641975,"16":0.0,"17":1.925926,"18":0.641975,"19":0.641975,"20":0.0,"21":1.283951,"22":0.0,"23":1.283951,"24":2.567901,"25":0.641975,"26":0.641975,"27":0.641975,"28":1.283951,"29":1.283951},"Exposure":{"0":4.437138,"1":3.380348,"2":3.29478,"3":3.866037,"4":3.755745,"5":4.463805,"6":3.495993,"7":4.709326,"8":3.864253,"9":4.189839,"10":4.65953,"11":4.232518,"12":4.266336,"13":3.387455,"14":4.442443,"15":3.574252,"16":4.538534,"17":4.371291,"18":5.527737,"19":4.520733,"20":4.362409,"21":4.999345,"22":5.591756,"23":6.657478,"24":7.333528,"25":6.52047,"26":6.27852,"27":7.798792,"28":8.45081,"29":9.189184},"Sigma":{"0":69.096154,"1":1000.0,"2":48.151252,"3":69.096154,"4":48.151252,"5":1000.0,"6":48.151252,"7":69.096154,"8":38.737982,"9":48.151252,"10":69.096154,"11":69.096154,"12":33.048077,"13":1000.0,"14":38.737982,"15":69.096154,"16":1000.0,"17":38.737982,"18":69.096154,"19":69.096154,"20":1000.0,"21":48.151252,"22":1000.0,"23":48.151252,"24":33.048077,"25":69.096154,"26":69.096154,"27":45.730769,"28":31.62943,"29":38.238159},"SNR":{"0":5.460288,"1":6.015696,"2":6.031944,"3":6.389356,"4":6.346233,"5":6.626488,"6":6.405528,"7":6.526523,"8":6.287852,"9":6.407083,"10":6.525142,"11":6.52818,"12":6.157573,"13":6.632805,"14":6.250417,"15":6.483606,"16":6.575698,"17":6.212288,"18":6.330605,"19":6.297529,"20":6.304318,"21":6.03681,"22":6.199692,"23":5.96211,"24":5.738811,"25":6.027824,"26":5.935261,"27":4.996794,"28":4.866829,"29":5.333342},"SYS_NEG":{"0":0.897721,"1":0.926442,"2":0.940786,"3":0.962371,"4":0.97082,"5":0.976517,"6":0.980153,"7":0.980073,"8":0.9807,"9":0.980453,"10":0.979825,"11":0.980374,"12":0.978427,"13":0.977459,"14":0.973993,"15":0.973374,"16":0.969923,"17":0.968512,"18":0.956726,"19":0.953789,"20":0.945792,"21":0.941161,"22":0.938397,"23":0.935549,"24":0.933255,"25":0.933349,"26":0.927147,"27":0.930963,"28":0.93044,"29":0.932164},"SYS_POS":{"0":1.176555,"1":1.147525,"2":1.121017,"3":1.066368,"4":1.042335,"5":1.02399,"6":1.01086,"7":1.011135,"8":1.008654,"9":1.009846,"10":1.011906,"11":1.009992,"12":1.017558,"13":1.021022,"14":1.032449,"15":1.034471,"16":1.045232,"17":1.049478,"18":1.082739,"19":1.090304,"20":1.109844,"21":1.119271,"22":1.12534,"23":1.131831,"24":1.135906,"25":1.135683,"26":1.146919,"27":1.140486,"28":1.141669,"29":1.138237}}