{"Time":{"0":148.9737,"1":149.663,"2":150.4183,"3":151.1792,"4":151.7837,"5":152.5448,"6":153.2471,"7":154.0328,"8":154.7778,"9":155.4219,"10":156.1427,"11":156.9005,"12":157.6247,"13":158.5611,"14":159.4887,"15":160.3449,"16":161.313,"17":162.1497,"18":163.091,"19":164.0748,"20":164.9035,"21":165.907,"22":166.9845,"23":168.064,"24":169.583,"25":171.092,"26":172.706,"27":174.381,"28":176.286,"29":178.571,"30":181.201,"31":184.384,"32":187.399,"33":190.705,"34":194.93,"35":198.647,"36":202.691,"37":206.534,"38":212.186,"39":217.337},"TimePos":{"0":0.3447,"1":0.3492,"2":0.3715,"3":0.3293,"4":0.2854,"5":0.3942,"6":0.4569,"7":0.3829,"8":0.3034,"9":0.362,"10":0.4115,"11":0.264,"12":0.5396,"13":0.4305,"14":0.4458,"15":0.4276,"16":0.484,"17":0.3877,"18":0.534,"19":0.3894,"20":0.5339,"21":0.539,"22":0.3814,"23":0.784,"24":0.647,"25":0.759,"26":0.987,"27":0.767,"28":0.89,"29":1.049,"30":1.962,"31":1.342,"32":1.687,"33":1.955,"34":2.235,"35":2.174,"36":1.761,"37":2.59,"38":2.734,"39":3.063},"TimeNeg":{"0":-0.3421,"1":-0.3446,"2":-0.406,"3":-0.3895,"4":-0.2751,"5":-0.4758,"6":-0.3081,"7":-0.3287,"8":-0.362,"9":-0.3408,"10":-0.3588,"11":-0.3462,"12":-0.4602,"13":-0.3968,"14":-0.4971,"15":-0.4103,"16":-0.54,"17":-0.3524,"18":-0.553,"19":-0.4504,"20":-0.4393,"21":-0.47,"22":-0.5384,"23":-0.698,"24":-0.735,"25":-0.862,"26":-0.855,"27":-0.689,"28":-1.138,"29":-1.395,"30":-1.58,"31":-1.221,"32":-1.672,"33":-1.619,"34":-2.27,"35":-1.482,"36":-1.87,"37":-2.082,"38":-3.063,"39":-2.417},"Rate":{"0":72.14523,"1":72.4386,"2":64.64774,"3":68.93083,"4":89.66426,"5":57.77318,"6":63.82683,"7":97.87181,"8":75.53758,"9":71.52175,"10":64.3154,"11":80.01716,"12":48.1181,"13":59.8883,"14":54.90363,"15":61.86542,"16":50.5888,"17":67.04634,"18":47.68963,"19":61.73387,"20":53.2694,"21":51.39041,"22":56.36205,"23":34.9802,"24":36.98042,"25":31.56636,"26":27.78471,"27":35.66439,"28":24.86035,"29":20.92936,"30":14.1886,"31":19.42757,"32":15.04251,"33":13.86783,"34":11.56991,"35":9.503567,"36":9.401165,"37":7.241688,"38":5.770028,"39":6.226269},"RatePos":{"0":10.96043,"1":10.79864,"2":9.637223,"3":10.47207,"4":13.36651,"5":8.612432,"6":9.883602,"7":12.49855,"8":11.26065,"9":10.662,"10":9.770917,"11":12.39071,"12":7.596106,"13":9.098401,"14":8.184741,"15":9.222568,"16":7.54152,"17":10.58427,"18":7.109363,"19":9.203037,"20":7.941204,"21":7.661103,"22":8.402316,"23":5.214776,"24":5.618331,"25":4.795833,"26":4.221307,"27":5.316874,"28":3.8499,"29":3.17988,"30":2.155796,"31":2.951835,"32":2.242752,"33":2.147825,"34":1.725164,"35":1.735438,"36":1.716754,"37":1.322419,"38":1.084116,"39":1.169829},"RateNeg":{"0":-10.96074,"1":-10.79894,"2":-9.637474,"3":-10.47235,"4":-13.36687,"5":-8.612675,"6":-9.883856,"7":-12.49903,"8":-11.261,"9":-10.66232,"10":-9.771206,"11":-12.39106,"12":-7.596322,"13":-9.09873,"14":-8.185055,"15":-9.222923,"16":-7.541822,"17":-10.58464,"18":-7.109683,"19":-9.203472,"20":-7.941595,"21":-7.661491,"22":-8.402798,"23":-5.215088,"24":-5.61869,"25":-4.79618,"26":-4.221624,"27":-5.317283,"28":-3.850248,"29":-3.180207,"30":-2.15607,"31":-2.95224,"32":-2.243092,"33":-2.148204,"34":-1.725539,"35":-1.735724,"36":-1.717047,"37":-1.32265,"38":-1.084323,"39":-1.170045},"FracExp":{"0":1.0,"1":1.0,"2":1.0,"3":1.0,"4":1.0,"5":1.0,"6":1.0,"7":1.0,"8":1.0,"9":1.0,"10":1.0,"11":1.0,"12":1.0,"13":1.0,"14":1.0,"15":1.0,"16":1.0,"17":1.0,"18":1.0,"19":1.0,"20":1.0,"21":1.0,"22":1.0,"23":1.0,"24":1.0,"25":1.0,"26":1.0,"27":1.0,"28":1.0,"29":1.0,"30":1.0,"31":1.0,"32":1.0,"33":1.0,"34":1.0,"35":1.0,"36":1.0,"37":1.0,"38":1.0,"39":1.0},"BGrate":{"0":0.934809,"1":0.0,"2":0.0,"3":0.893159,"4":0.0,"5":0.0,"6":1.67834,"7":0.902096,"8":0.0,"9":0.0,"10":0.8333554,"11":2.104067,"12":1.926199,"13":0.775992,"14":0.0,"15":0.0,"16":0.0,"17":2.602181,"18":0.0,"19":0.0,"20":0.0,"21":0.0,"22":0.0,"23":0.0,"24":0.4644036,"25":0.3960879,"26":0.3486366,"27":0.0,"28":0.6330466,"29":0.2626171,"30":0.1812364,"31":0.2504067,"32":0.0,"33":0.3592217,"34":0.0,"35":0.0,"36":0.0,"37":0.0,"38":0.1107542,"39":0.1171554},"BGerr":{"0":0.934809,"1":0.0,"2":0.0,"3":0.893159,"4":0.0,"5":0.0,"6":1.186765,"7":0.902096,"8":0.0,"9":0.0,"10":0.8333554,"11":1.4878,"12":1.112092,"13":0.775992,"14":0.0,"15":0.0,"16":0.0,"17":1.50237,"18":0.0,"19":0.0,"20":0.0,"21":0.0,"22":0.0,"23":0.0,"24":0.4644036,"25":0.3960879,"26":0.3486366,"27":0.0,"28":0.4476315,"29":0.2626171,"30":0.1812364,"31":0.2504067,"32":0.0,"33":0.2540081,"34":0.0,"35":0.0,"36":0.0,"37":0.0,"38":0.1107542,"39":0.1171554},"CorrFact":{"0":1.116943,"1":1.116943,"2":1.116943,"3":1.116943,"4":1.116943,"5":1.116943,"6":1.116943,"7":1.116943,"8":1.116943,"9":1.116943,"10":1.116943,"11":1.116943,"12":1.116943,"13":1.116943,"14":1.150464,"15":1.152023,"16":1.152023,"17":1.152023,"18":1.152023,"19":1.152023,"20":1.152023,"21":1.152023,"22":1.152023,"23":1.152023,"24":1.152451,"25":1.153398,"26":1.153398,"27":1.153398,"28":1.153398,"29":1.153398,"30":1.133027,"31":1.122842,"32":1.122842,"33":1.133844,"34":1.158206,"35":1.158206,"36":1.137914,"37":1.127768,"38":1.139224,"39":1.162136},"CtsInSrc":{"0":45.0,"1":45.0,"2":45.0,"3":45.0,"4":45.0,"5":45.0,"6":45.0,"7":63.0,"8":45.0,"9":45.0,"10":45.0,"11":45.0,"12":45.0,"13":45.0,"14":45.0,"15":45.0,"16":45.0,"17":45.0,"18":45.0,"19":45.0,"20":45.0,"21":45.0,"22":45.0,"23":45.0,"24":45.0,"25":45.0,"26":45.0,"27":45.0,"28":45.0,"29":45.0,"30":45.0,"31":45.0,"32":45.0,"33":45.0,"34":45.0,"35":30.0,"36":30.0,"37":30.0,"38":30.0,"39":30.0},"BGInSrc":{"0":0.641975,"1":0.0,"2":0.0,"3":0.641975,"4":0.0,"5":0.0,"6":1.283951,"7":0.641975,"8":0.0,"9":0.0,"10":0.641975,"11":1.283951,"12":1.925926,"13":0.641975,"14":0.0,"15":0.0,"16":0.0,"17":1.925926,"18":0.0,"19":0.0,"20":0.0,"21":0.0,"22":0.0,"23":0.0,"24":0.641975,"25":0.641975,"26":0.641975,"27":0.0,"28":1.283951,"29":0.641975,"30":0.641975,"31":0.641975,"32":0.0,"33":1.283951,"34":0.0,"35":0.0,"36":0.0,"37":0.0,"38":0.641975,"39":0.641975},"Exposure":{"0":0.686745,"1":0.693862,"2":0.777481,"3":0.718769,"4":0.560562,"5":0.869996,"6":0.765012,"7":0.711649,"8":0.665396,"9":0.702757,"10":0.77035,"11":0.610223,"12":0.999858,"13":0.827296,"14":0.942941,"15":0.837965,"16":1.024753,"17":0.74012,"18":1.08705,"19":0.83975,"20":0.973186,"21":1.008769,"22":0.919786,"23":1.482011,"24":1.382365,"25":1.62079,"26":1.841388,"27":1.455314,"28":2.028209,"29":2.44453,"30":3.542199,"31":2.563731,"32":3.359007,"33":3.574256,"34":4.504725,"35":3.65612,"36":3.631191,"37":4.671984,"38":5.796397,"39":5.47969},"Sigma":{"0":69.096154,"1":1000.0,"2":1000.0,"3":69.096154,"4":1000.0,"5":1000.0,"6":48.151252,"7":97.134615,"8":1000.0,"9":1000.0,"10":69.096154,"11":48.151252,"12":38.737982,"13":69.096154,"14":1000.0,"15":1000.0,"16":1000.0,"17":38.737982,"18":1000.0,"19":1000.0,"20":1000.0,"21":1000.0,"22":1000.0,"23":1000.0,"24":69.096154,"25":69.096154,"26":69.096154,"27":1000.0,"28":48.151252,"29":69.096154,"30":69.096154,"31":69.096154,"32":1000.0,"33":48.151252,"34":1000.0,"35":1000.0,"36":1000.0,"37":1000.0,"38":45.730769,"39":45.730769},"SNR":{"0":6.582148,"1":6.707939,"2":6.707954,"3":6.582175,"4":6.707948,"5":6.707925,"6":6.457686,"7":7.830352,"8":6.707892,"9":6.707898,"10":6.582135,"11":6.457651,"12":6.334394,"13":6.58205,"14":6.70779,"15":6.707789,"16":6.707769,"17":6.334305,"18":6.707702,"19":6.707671,"20":6.707645,"21":6.707625,"22":6.707533,"23":6.707499,"24":6.58168,"25":6.581563,"26":6.581522,"27":6.707258,"28":6.456819,"29":6.581132,"30":6.580771,"31":6.580621,"32":6.706152,"33":6.455549,"34":6.705098,"35":5.475276,"36":5.475193,"37":5.475133,"38":5.32132,"39":5.321391},"SYS_NEG":{"0":0.998593,"1":0.998674,"2":0.998714,"3":0.998662,"4":0.998697,"5":0.99864,"6":0.99866,"7":0.998633,"8":0.998563,"9":0.998576,"10":0.998562,"11":0.998568,"12":0.998529,"13":0.998368,"14":0.998345,"15":0.998342,"16":0.998303,"17":0.998306,"18":0.998177,"19":0.998122,"20":0.998076,"21":0.998042,"22":0.997892,"23":0.997839,"24":0.997706,"25":0.997534,"26":0.997476,"27":0.997497,"28":0.997131,"29":0.996982,"30":0.996589,"31":0.996438,