{"Time":{"0":99.496,"1":104.474,"2":111.713,"3":119.108,"4":126.31},"TimePos":{"0":2.33,"1":2.817,"2":2.896,"3":3.144,"4":3.771},"TimeNeg":{"0":-2.184,"1":-2.649,"2":-4.422,"3":-4.499,"4":-4.059},"Rate":{"0":7.705267,"1":6.227179,"2":4.824091,"3":4.51453,"4":4.400972},"RatePos":{"0":1.406892,"1":1.16999,"2":0.8814639,"3":0.8493371,"4":0.8286621},"RateNeg":{"0":-1.407006,"1":-1.1702,"2":-0.8819377,"3":-0.8502283,"4":-0.8301751},"FracExp":{"0":1.0,"1":1.0,"2":1.0,"3":1.0,"4":1.0},"BGrate":{"0":0.0,"1":0.11746,"2":0.0,"3":0.08399408,"4":0.0819896},"BGerr":{"0":0.0,"1":0.11746,"2":0.0,"3":0.08399408,"4":0.0819896},"CorrFact":{"0":1.159292,"1":1.159292,"2":1.176684,"3":1.175318,"4":1.173765},"CtsInSrc":{"0":30.0,"1":30.0,"2":30.0,"3":30.0,"4":30.0},"BGInSrc":{"0":0.0,"1":0.641975,"2":0.0,"3":0.641975,"4":0.641975},"Exposure":{"0":4.513636,"1":5.465482,"2":7.317551,"3":7.643102,"4":7.829961},"Sigma":{"0":1000.0,"1":45.730769,"2":1000.0,"3":45.730769,"4":45.730769},"SNR":{"0":5.476356,"1":5.321466,"2":5.469877,"3":5.309785,"4":5.301257},"SYS_NEG":{"0":0.996747,"1":0.994711,"2":0.990533,"3":0.986453,"4":0.982745},"SYS_POS":{"0":1.002277,"1":1.003915,"2":1.00733,"3":1.01045,"4":1.012967}}