{"Time":{"0":133.456,"1":138.02,"2":142.416,"3":148.445,"4":153.397,"5":159.055,"6":166.53},"TimePos":{"0":2.501,"1":2.161,"2":2.87,"3":2.063,"4":2.204,"5":3.417,"6":3.693},"TimeNeg":{"0":-2.853,"1":-2.063,"2":-2.236,"3":-3.159,"4":-2.888,"5":-3.454,"6":-4.059},"Rate":{"0":6.079141,"1":7.705152,"2":6.209068,"3":6.234859,"4":6.395479,"5":4.739927,"6":4.091982},"RatePos":{"0":1.109896,"1":1.406764,"2":1.175765,"3":1.138327,"4":1.167652,"5":0.86539,"6":0.7748682},"RateNeg":{"0":-1.109896,"1":-1.406764,"2":-1.175764,"3":-1.138326,"4":-1.167651,"5":-0.8653896,"6":-0.7748679},"FracExp":{"0":1.0,"1":1.0,"2":1.0,"3":1.0,"4":1.0,"5":1.0,"6":1.0},"BGrate":{"0":0.0,"1":0.0,"2":0.1531619,"3":0.0,"4":0.0,"5":0.0,"6":0.1008887},"BGerr":{"0":0.0,"1":0.0,"2":0.1531619,"3":0.0,"4":0.0,"5":0.0,"6":0.1008887},"CorrFact":{"0":1.08479,"1":1.08479,"2":1.085078,"3":1.085223,"4":1.085519,"5":1.085594,"6":1.085617},"CtsInSrc":{"0":30.0,"1":30.0,"2":30.0,"3":30.0,"4":30.0,"5":30.0,"6":30.0},"BGInSrc":{"0":0.0,"1":0.0,"2":0.782051,"3":0.0,"4":0.0,"5":0.0,"6":0.782051},"Exposure":{"0":5.353337,"1":4.223628,"2":5.106042,"3":5.221719,"4":5.091968,"5":6.870953,"6":7.751624},"Sigma":{"0":1000.0,"1":1000.0,"2":37.360656,"3":1000.0,"4":1000.0,"5":1000.0,"6":37.360656},"SNR":{"0":5.477219,"1":5.477218,"2":5.280878,"3":5.477218,"4":5.477217,"5":5.477217,"6":5.280877},"SYS_NEG":{"0":0.999711,"1":0.999705,"2":0.999698,"3":0.999691,"4":0.999686,"5":0.999679,"6":0.999675},"SYS_POS":{"0":1.00033,"1":1.000337,"2":1.000346,"3":1.000354,"4":1.00036,"5":1.000368,"6":1.000373}}