{"Time":{"0":107.226,"1":111.065,"2":114.451,"3":117.822,"4":121.926,"5":126.326,"6":130.324,"7":134.027,"8":137.704,"9":141.486,"10":145.784,"11":149.787,"12":153.513,"13":157.959,"14":162.682,"15":166.38,"16":170.848,"17":175.174,"18":179.081,"19":183.162,"20":187.044,"21":191.204,"22":195.449,"23":200.771,"24":205.895,"25":211.954,"26":218.091,"27":224.04},"TimePos":{"0":1.935,"1":1.638,"2":1.875,"3":1.831,"4":2.276,"5":2.119,"6":1.936,"7":1.819,"8":1.848,"9":2.211,"10":1.933,"11":2.212,"12":1.917,"13":2.358,"14":1.897,"15":2.125,"16":2.321,"17":2.181,"18":1.78,"19":1.593,"20":2.195,"21":1.437,"22":2.024,"23":2.957,"24":2.274,"25":3.353,"26":3.037,"27":2.385},"TimeNeg":{"0":-1.883,"1":-1.904,"2":-1.748,"3":-1.496,"4":-2.273,"5":-2.125,"6":-1.879,"7":-1.767,"8":-1.858,"9":-1.935,"10":-2.086,"11":-2.07,"12":-1.515,"13":-2.529,"14":-2.364,"15":-1.801,"16":-2.343,"17":-2.006,"18":-1.727,"19":-2.301,"20":-2.288,"21":-1.965,"22":-2.808,"23":-3.298,"24":-2.166,"25":-3.785,"26":-2.784,"27":-2.911},"Rate":{"0":12.83325,"1":13.83246,"2":13.32381,"3":14.51586,"4":10.77846,"5":11.34789,"6":8.824891,"7":9.385194,"8":13.38682,"9":11.65984,"10":7.956087,"11":7.465426,"12":9.848601,"13":6.540292,"14":7.49905,"15":8.326304,"16":6.852981,"17":7.810438,"18":8.901809,"19":8.394673,"20":7.126989,"21":9.931594,"22":6.613062,"23":5.226126,"24":7.360818,"25":4.579487,"26":5.233971,"27":6.169921},"RatePos":{"0":1.91307,"1":2.062023,"2":2.026932,"3":2.208277,"4":1.60676,"5":1.762066,"6":1.611198,"7":1.713495,"8":1.995591,"9":1.773794,"10":1.497593,"11":1.405234,"12":1.768862,"13":1.231094,"14":1.411563,"15":1.520169,"16":1.289952,"17":1.425985,"18":1.728264,"19":1.532652,"20":1.34153,"21":1.783768,"22":1.244792,"23":0.9541563,"24":1.343896,"25":0.8360967,"26":1.048568,"27":1.126469},"RateNeg":{"0":-1.91307,"1":-2.062022,"2":-2.026932,"3":-2.208277,"4":-1.606759,"5":-1.762066,"6":-1.611198,"7":-1.713495,"8":-1.995591,"9":-1.773794,"10":-1.497593,"11":-1.405234,"12":-1.768862,"13":-1.231094,"14":-1.411563,"15":-1.520169,"16":-1.289952,"17":-1.425985,"18":-1.728264,"19":-1.532651,"20":-1.341529,"21":-1.783768,"22":-1.244792,"23":-0.9541563,"24":-1.343896,"25":-0.8360966,"26":-1.048568,"27":-1.126469},"FracExp":{"0":1.0,"1":1.0,"2":1.0,"3":1.0,"4":1.0,"5":1.0,"6":1.0,"7":1.0,"8":1.0,"9":1.0,"10":1.0,"11":1.0,"12":1.0,"13":1.0,"14":1.0,"15":1.0,"16":1.0,"17":1.0,"18":1.0,"19":1.0,"20":1.0,"21":1.0,"22":1.0,"23":1.0,"24":1.0,"25":1.0,"26":1.0,"27":1.0},"BGrate":{"0":0.0,"1":0.0,"2":0.1874529,"3":0.2040945,"4":0.0,"5":0.3200474,"6":0.0,"7":0.0,"8":0.0,"9":0.1638013,"10":0.1689488,"11":0.1585603,"12":0.0,"13":0.1389358,"14":0.159355,"15":0.0,"16":0.1456143,"17":0.0,"18":0.3872701,"19":0.0,"20":0.1514505,"21":0.0,"22":0.1405213,"23":0.0,"24":0.0,"25":0.0,"26":0.3499285,"27":0.0},"BGerr":{"0":0.0,"1":0.0,"2":0.1874529,"3":0.2040945,"4":0.0,"5":0.2263077,"6":0.0,"7":0.0,"8":0.0,"9":0.1638013,"10":0.1689488,"11":0.1585603,"12":0.0,"13":0.1389358,"14":0.159355,"15":0.0,"16":0.1456143,"17":0.0,"18":0.2738413,"19":0.0,"20":0.1514505,"21":0.0,"22":0.1405213,"23":0.0,"24":0.0,"25":0.0,"26":0.2020313,"27":0.0},"CorrFact":{"0":1.088836,"1":1.088836,"2":1.088942,"3":1.089631,"4":1.089631,"5":1.103327,"6":1.122068,"7":1.122068,"8":1.102453,"9":1.090545,"10":1.090545,"11":1.090333,"12":1.090318,"13":1.090139,"14":1.089782,"15":1.089782,"16":1.08987,"17":1.089887,"18":1.089856,"19":1.089769,"20":1.089769,"21":1.089812,"22":1.089832,"23":1.089719,"24":1.089572,"25":1.089589,"26":1.089602,"27":1.08929},"CtsInSrc":{"0":45.0,"1":45.0,"2":45.0,"3":45.0,"4":45.0,"5":45.0,"6":30.0,"7":30.0,"8":45.0,"9":45.0,"10":30.0,"11":30.0,"12":31.0,"13":30.0,"14":30.0,"15":30.0,"16":30.0,"17":30.0,"18":30.0,"19":30.0,"20":30.0,"21":31.0,"22":30.0,"23":30.0,"24":30.0,"25":30.0,"26":30.0,"27":30.0},"BGInSrc":{"0":0.0,"1":0.0,"2":0.679012,"3":0.679012,"4":0.0,"5":1.358025,"6":0.0,"7":0.0,"8":0.0,"9":0.679012,"10":0.679012,"11":0.679012,"12":0.0,"13":0.679012,"14":0.679012,"15":0.0,"16":0.679012,"17":0.0,"18":1.358025,"19":0.0,"20":0.679012,"21":0.0,"22":0.679012,"23":0.0,"24":0.0,"25":0.0,"26":2.037037,"27":0.0},"Exposure":{"0":3.81802,"1":3.54222,"2":3.622309,"3":3.32695,"4":4.549204,"5":4.243198,"6":3.814442,"7":3.586717,"8":3.705914,"9":4.145342,"10":4.019042,"11":4.28236,"12":3.431945,"13":4.887237,"14":4.261004,"15":3.926528,"16":4.663088,"17":4.186272,"18":3.506661,"19":3.894503,"20":4.483396,"21":3.401687,"22":4.832097,"23":6.255414,"24":4.440697,"25":7.137843,"26":5.821295,"27":5.296452},"Sigma":{"0":1000.0,"1":1000.0,"2":65.272727,"3":65.272727,"4":1000.0,"5":45.447681,"6":1000.0,"7":1000.0,"8":1000.0,"9":65.272727,"10":43.181818,"11":43.181818,"12":1000.0,"13":43.181818,"14":43.181818,"15":1000.0,"16":43.181818,"17":1000.0,"18":29.82705,"19":1000.0,"20":43.181818,"21":1000.0,"22":43.181818,"23":1000.0,"24":1000.0,"25":1000.0,"26":23.776334,"27":1000.0},"SNR":{"0":6.708199,"1":6.708199,"2":6.573389,"3":6.573389,"4":6.708199,"5":6.440108,"6":5.477223,"7":5.477223,"8":6.708198,"9":6.573389,"10":5.312585,"11":5.312585,"12":5.567761,"13":5.312585,"14":5.312585,"15":5.477223,"16":5.312585,"17":5.477223,"18":5.150723,"19":5.477223,"20":5.312585,"21":5.567761,"22":5.312585,"23":5.477223,"24":5.477223,"25":5.477223,"26":4.99154,"27":5.477223},"SYS_NEG":{"0":0.999812,"1":0.999813,"2":0.999813,"3":0.999814,"4":0.999813,"5":0.999812,"6":0.99981,"7":0.999811,"8":0.999808,"9":0.999808,"10":0.999807,"11":0.999806,"12":0.999808,"13":0.99981,"14":0.999812,"15":0.999811,"16":0.999811,"17":0.999811,"18":0.999812,"19":0.999812,"20":0.999812,"21":0.999812,"22":0.999812,"23":0.999812,"24":0.999813,"25":0.999813,"26":0.999813,"27":0.999813},"SYS_POS":{"0":1.000207,"1":1.000205,"2":1.000203,"3":1.000201,"4":1.0002,"5":1.000198,"6":1.000196,"7":1.000197,"8":1.000195,"9":1.000195,"10":1.000195,"11":1.000194,"12":1.000195,"13":1.000197,"14":1.000197,"15":1.000197,"16":1.000197,"17":1.000197,"18":1.000197,"19":1.000198,"20":1.000198,"21":1.000198,"22":1.000198,"23":1.000198,"24":1.000199,"25":1.000199,"26":1.000199,"27":1.0002}}