{"Time":{"0":97.164,"1":102.181,"2":105.666,"3":110.552,"4":113.938,"5":117.988,"6":122.743,"7":127.931,"8":133.474,"9":139.225,"10":143.45,"11":147.304,"12":152.789},"TimePos":{"0":2.717,"1":1.596,"2":2.547,"3":1.798,"4":2.114,"5":2.196,"6":2.467,"7":2.216,"8":3.408,"9":2.108,"10":1.78,"11":2.283,"12":4.737},"TimeNeg":{"0":-2.622,"1":-2.301,"2":-1.889,"3":-2.34,"4":-1.588,"5":-1.935,"6":-2.559,"7":-2.721,"8":-3.327,"9":-2.342,"10":-2.118,"11":-2.074,"12":-3.201},"Rate":{"0":10.04933,"1":9.321406,"2":12.08824,"3":12.62372,"4":9.535774,"5":8.235154,"6":6.455354,"7":7.028898,"8":5.052397,"9":7.559868,"10":9.994262,"11":7.525848,"12":4.319998},"RatePos":{"0":1.544794,"1":1.710557,"2":1.812836,"3":1.927922,"4":1.744716,"5":1.552439,"6":1.294559,"7":1.324068,"8":0.9814465,"9":1.423768,"10":1.714807,"11":1.461655,"12":0.7890105},"RateNeg":{"0":-1.560225,"1":-1.718789,"2":-1.822975,"3":-1.935104,"4":-1.74843,"5":-1.554927,"6":-1.296094,"7":-1.325474,"8":-0.982299,"9":-1.425026,"10":-1.71637,"11":-1.46269,"12":-0.7896096},"FracExp":{"0":1.0,"1":1.0,"2":1.0,"3":1.0,"4":1.0,"5":1.0,"6":1.0,"7":1.0,"8":1.0,"9":1.0,"10":1.0,"11":1.0,"12":1.0},"BGrate":{"0":0.127173,"1":0.0,"2":0.0,"3":0.1640822,"4":0.0,"5":0.1643648,"6":0.4052973,"7":0.1375333,"8":0.2016141,"9":0.1526005,"10":0.0,"11":0.3116825,"12":0.0},"BGerr":{"0":0.127173,"1":0.0,"2":0.0,"3":0.1640822,"4":0.0,"5":0.1643648,"6":0.2339985,"7":0.1375333,"8":0.1425627,"9":0.1526005,"10":0.0,"11":0.2203928,"12":0.0},"CorrFact":{"0":1.210627,"1":1.210627,"2":1.191456,"3":1.178675,"4":1.176835,"5":1.160278,"6":1.160278,"7":1.183528,"8":1.188177,"9":1.147248,"10":1.145837,"11":1.144848,"12":1.14314},"CtsInSrc":{"0":45.0,"1":30.0,"2":45.0,"3":45.0,"4":30.0,"5":30.0,"6":30.0,"7":30.0,"8":30.0,"9":30.0,"10":34.0,"11":30.0,"12":30.0},"BGInSrc":{"0":0.679012,"1":0.0,"2":0.0,"3":0.679012,"4":0.0,"5":0.679012,"6":2.037037,"7":0.679012,"8":1.358025,"9":0.679012,"10":0.0,"11":1.358025,"12":0.0},"Exposure":{"0":5.339279,"1":3.896281,"2":4.435344,"3":4.138244,"4":3.702379,"5":4.131131,"6":5.026031,"7":4.937075,"8":6.735764,"9":4.449607,"10":3.898081,"11":4.357077,"12":7.938473},"Sigma":{"0":65.272727,"1":1000.0,"2":1000.0,"3":65.272727,"4":1000.0,"5":43.181818,"6":23.776334,"7":43.181818,"8":29.82705,"9":43.181818,"10":1000.0,"11":29.82705,"12":1000.0},"SNR":{"0":6.440951,"1":5.423241,"2":6.63105,"3":6.523535,"4":5.453906,"5":5.296167,"6":4.980622,"7":5.302932,"8":5.143441,"9":5.305074,"10":5.822906,"11":5.14521,"12":5.471056},"SYS_NEG":{"0":0.968991,"1":0.974175,"2":0.977194,"3":0.981156,"4":0.983099,"5":0.985166,"6":0.986726,"7":0.988636,"8":0.989664,"9":0.989978,"10":0.990981,"11":0.991008,"12":0.991327},"SYS_POS":{"0":1.022071,"1":1.018494,"2":1.016366,"3":1.013454,"4":1.011957,"5":1.010298,"6":1.008988,"7":1.007332,"8":1.006423,"9":1.006144,"10":1.005257,"11":1.005233,"12":1.004954}}