{"Time":{"0":219.72,"1":221.475,"2":223.166,"3":224.992,"4":226.295,"5":228.022,"6":229.684,"7":231.493,"8":232.954,"9":234.379,"10":236.836,"11":239.097,"12":241.202,"13":243.308,"14":245.425,"15":247.433,"16":249.741,"17":252.032,"18":254.799,"19":257.664,"20":261.659,"21":264.964,"22":268.09,"23":271.322,"24":274.422,"25":278.139,"26":281.16,"27":285.31,"28":289.614,"29":295.176,"30":301.187,"31":308.001,"32":317.053,"33":325.959,"34":336.609,"35":347.255},"TimePos":{"0":1.061,"1":0.692,"2":0.896,"3":0.723,"4":0.686,"5":0.948,"6":0.818,"7":0.832,"8":0.807,"9":1.142,"10":1.183,"11":0.918,"12":1.229,"13":1.084,"14":0.826,"15":1.346,"16":0.87,"17":1.335,"18":1.151,"19":1.74,"20":1.535,"21":1.496,"22":1.635,"23":1.228,"24":1.705,"25":1.538,"26":1.831,"27":2.234,"28":2.926,"29":2.401,"30":2.686,"31":4.851,"32":5.015,"33":5.272,"34":4.908,"35":5.959},"TimeNeg":{"0":-0.96,"1":-0.694,"2":-0.999,"3":-0.93,"4":-0.58,"5":-1.041,"6":-0.714,"7":-0.991,"8":-0.629,"9":-0.618,"10":-1.315,"11":-1.079,"12":-1.187,"13":-0.877,"14":-1.033,"15":-1.182,"16":-0.962,"17":-1.421,"18":-1.432,"19":-1.713,"20":-2.255,"21":-1.771,"22":-1.63,"23":-1.598,"24":-1.873,"25":-2.011,"26":-1.483,"27":-2.319,"28":-2.07,"29":-2.636,"30":-3.61,"31":-4.128,"32":-4.2,"33":-3.891,"34":-5.379,"35":-5.737},"Rate":{"0":47.81626,"1":65.75043,"2":49.54927,"3":56.80241,"4":73.02599,"5":45.81403,"6":63.93134,"7":55.13458,"8":69.01585,"9":57.96848,"10":39.66914,"11":48.69774,"12":49.00669,"13":58.66849,"14":46.42291,"15":38.14841,"16":63.69082,"17":41.8748,"18":45.98391,"19":34.3993,"20":31.18487,"21":36.44295,"22":36.99074,"23":40.60462,"24":33.50868,"25":32.77076,"26":36.30258,"27":25.18327,"28":22.9502,"29":22.49435,"30":18.05031,"31":12.62607,"32":11.73653,"33":11.03215,"34":7.246818,"35":6.107297},"RatePos":{"0":10.02977,"1":14.43235,"2":11.00598,"3":12.41375,"4":16.34192,"5":10.33016,"6":14.06891,"7":12.21626,"8":15.2402,"9":12.77039,"10":8.888564,"11":11.02465,"12":10.57217,"13":12.68498,"14":12.21607,"15":9.189659,"16":13.19108,"17":8.688523,"18":9.282932,"19":6.870194,"20":5.651195,"21":6.662811,"22":6.723429,"23":7.791312,"24":6.509227,"25":6.286302,"26":6.620834,"27":4.932965,"28":4.488097,"29":4.682666,"30":3.758865,"31":2.614148,"32":2.548041,"33":2.536661,"34":1.752078,"35":1.51387},"RateNeg":{"0":-9.808289,"1":-14.11138,"2":-10.29596,"3":-11.94761,"4":-15.44889,"5":-9.781727,"6":-13.41497,"7":-11.21457,"8":-14.50664,"9":-11.19847,"10":-7.678425,"11":-9.366315,"12":-8.765833,"13":-10.54412,"14":-10.98677,"15":-8.048911,"16":-10.98539,"17":-7.29238,"18":-7.745078,"19":-5.75327,"20":-5.059534,"21":-5.928315,"22":-5.934266,"23":-6.968473,"24":-5.708531,"25":-5.697589,"26":-5.973609,"27":-4.212732,"28":-3.837881,"29":-4.000268,"30":-3.208556,"31":-2.163716,"32":-2.132102,"33":-2.181682,"34":-1.526509,"35":-1.327422},"FracExp":{"0":1.0,"1":1.0,"2":1.0,"3":1.0,"4":1.0,"5":1.0,"6":1.0,"7":1.0,"8":1.0,"9":1.0,"10":1.0,"11":1.0,"12":1.0,"13":1.0,"14":1.0,"15":1.0,"16":1.0,"17":1.0,"18":1.0,"19":1.0,"20":1.0,"21":1.0,"22":1.0,"23":1.0,"24":1.0,"25":1.0,"26":1.0,"27":1.0,"28":1.0,"29":1.0,"30":1.0,"31":1.0,"32":1.0,"33":1.0,"34":1.0,"35":1.0},"BGrate":{"0":0.0,"1":1.852817,"2":0.6776333,"3":0.7768269,"4":1.520376,"5":1.291018,"6":0.8381786,"7":0.3520352,"8":0.8942773,"9":0.0,"10":0.5140154,"11":1.286403,"12":0.0,"13":0.6548802,"14":6.560656,"15":3.301129,"16":0.3503261,"17":0.4658989,"18":0.0,"19":0.0,"20":0.1694075,"21":0.1965338,"22":0.0,"23":0.9089131,"24":0.5382934,"25":0.9043558,"26":0.3873732,"27":0.1410068,"28":0.1285033,"29":0.5098374,"30":0.4078408,"31":0.0,"32":0.2089793,"33":0.4904588,"34":0.0,"35":0.1097771},"BGerr":{"0":0.0,"1":0.9264083,"2":0.4791591,"3":0.5492996,"4":0.8777897,"5":0.6455091,"6":0.5926817,"7":0.3520352,"8":0.6323495,"9":0.0,"10":0.3634637,"11":0.6432014,"12":0.0,"13":0.4630703,"14":1.505118,"15":0.9155684,"16":0.3503261,"17":0.3294402,"18":0.0,"19":0.0,"20":0.1694075,"21":0.1965338,"22":0.0,"23":0.4544565,"24":0.3107838,"25":0.4044402,"26":0.2739142,"27":0.1410068,"28":0.1285033,"29":0.2549187,"30":0.2039204,"31":0.0,"32":0.1206542,"33":0.185376,"34":0.0,"35":0.07762411},"CorrFact":{"0":2.147583,"1":2.147583,"2":2.147583,"3":2.147583,"4":2.147583,"5":2.147583,"6":2.240189,"7":2.266648,"8":2.266648,"9":2.266648,"10":2.266648,"11":2.29095,"12":2.631179,"13":2.631179,"14":2.631179,"15":2.631179,"16":2.631179,"17":2.639785,"18":2.639785,"19":2.639785,"20":2.664143,"21":2.683629,"22":2.683629,"23":2.703565,"24":2.783312,"25":2.783312,"26":2.752424,"27":2.584748,"28":2.584748,"29":2.670088,"30":2.678414,"31":2.519392,"32":2.511077,"33":2.495472,"34":2.484912,"35":2.487488},"CtsInSrc":{"0":45.0,"1":45.0,"2":45.0,"3":45.0,"4":45.0,"5":45.0,"6":45.0,"7":45.0,"8":45.0,"9":45.0,"10":45.0,"11":45.0,"12":45.0,"13":45.0,"14":45.0,"15":45.0,"16":45.0,"17":45.0,"18":45.0,"19":45.0,"20":45.0,"21":45.0,"22":45.0,"23":45.0,"24":45.0,"25":45.0,"26":45.0,"27":45.0,"28":45.0,"29":45.0,"30":45.0,"31":45.0,"32":45.0,"33":45.0,"34":30.0,"35":30.0},"BGInSrc":{"0":0.0,"1":2.567901,"2":1.283951,"3":1.283951,"4":1.925926,"5":2.567901,"6":1.283951,"7":0.641975,"8":1.283951,"9":0.0,"10":1.283951,"11":2.567901,"12":0.0,"13":1.283951,"14":12.197531,"15":8.345679,"16":0.641975,"17":1.283951,"18":0.0,"19":0.0,"20":0.641975,"21":0.641975,"22":0.0,"23":2.567901,"24":1.925926,"25":3.209877,"26":1.283951,"27":0.641975,"28":0.641975,"29":2.567901,"30":2.567901,"31":0.0,"32":1.925926,"33":4.493827,"34":0.0,"35":1.283951},"Exposure":{"0":2.021096,"1":1.385945,"2":1.894757,"3":1.652814,"4":1.266743,"5":1.989051,"6":1.531834,"7":1.823611,"8":1.435741,"9":1.759562,"10":2.497884,"11":1.996188,"12":2.416059,"13":1.960588,"14":1.859194,"15":2.528129,"16":1.832508,"17":2.755857,"18":2.583302,"19":3.453278,"20":3.789534,"21":3.266489,"22":3.26469,"23":2.825244,"24":3.577837,"25":3.549352,"26":3.314505,"27":4.552797,"28":4.995787,"29":5.036707,"30":6.296332,"31":8.979246,"32":9.21587,"33":9.162497,"34":10.286909,"35":11.695982},"Sigma":{"0":1000.0,"1":33.048077,"2":48.151252,"3":48.151252,"4":38.737982,"5":33.048077,"6":48.151252,"7":69.096154,"8":48.151252,"9":1000.0,"10":48.151252,"11":33.048077,"12":1000.0,"13":48.151252,"14":11.722262,"15":15.835624,"16":69.096154,"17":48.151252,"18":1000.0,"19":1000.0,"20":69.096154,"21":69.096154,"22":1000.0,"23":33.048077,"24":38.737982,"25":29.111885,"26":48.151252,"27":69.096154,"28":69.096154,"29":33.048077,"30":33.048077,"31":1000.0,"32":38.737982,"33":23.848105,"34":1000.0,"35":31.62943},"SNR":{"0":4.875087,"1":4.659389,"2":4.812495,"3":4.754291,"4":4.726941,"5":4.683634,"6":4.765671,"7":4.916333,"8":4.757535,"9":5.176465,"10":5.166312,"11":5.199242,"12":5.590648,"13":5.564096,"14":4.225346,"15":4.739574,"16":5.797774,"17":5.742269,"18":5.937178,"19":5.979087,"20":6.163585,"21":6.147269,"22":6.233416,"23":5.826903,"24":5.86993,"25":5.751689,"26":6.077161,"27":5.977895,"28":5.979915,"29":5.62321,"30":5.625679,"31":5.835365,"32":5.504674,"33":5.056718,"34":4.747315,"35":4.600872},"SYS_NEG":{"0":0.859096,"1":0.858039,"2":0.861437,"3":0.857651,"4":0.859165,"5":0.859724,"6":0.858394,"7":0.864747,"8":0.857863,"9":0.87713,"10":0.883862,"11":0.894719,"12":0.901145,"13":0.908772,"14":0.916859,"15":0.916124,"16":0.918331,"17":0.920318,"18":0.9216,"19":0.92417,"20":0.94305,"21":0.941834,"22":0.940719,"23":0.940471,"24":0.935951,"25":0.94272,"26":0.944333,"27":0.929971,"28":0.930106,"29":0.924395,"30":0.924578,"31":0.915471,"32":0.910103,"33":0.900386,"34":0.894937,"35":0.900699},"SYS_POS":{"0":1.147565,"1":1.149239,"2":1.159249,"3":1.154217,"4":1.158614,"5":1.1579,"6":1.156364,"7":1.16129,"8":1.15743,"9":1.162202,"10":1.161951,"11":1.159196,"12":1.155939,"13":1.1509,"14":1.141943,"15":1.143345,"16":1.140768,"17":1.138106,"18":1.136127,"19":1.132911,"20":1.098791,"21":1.101719,"22":1.103992,"23":1.104451,"24":1.113202,"25":1.099249,"26":1.096354,"27":1.123655,"28":1.12314,"29":1.132008,"30":1.132123,"31":1.143683,"32":1.149043,"33":1.153898,"34":1.158494,"35":1.155125}}