{"Time":{"0":126.341,"1":131.236,"2":136.656,"3":143.334,"4":148.837,"5":156.949},"TimePos":{"0":2.724,"1":2.439,"2":3.343,"3":2.173,"4":4.138,"5":4.515},"TimeNeg":{"0":-2.856,"1":-2.171,"2":-2.982,"3":-3.335,"4":-3.329,"5":-3.975},"Rate":{"0":5.832899,"1":7.375664,"2":5.340246,"3":6.147821,"4":4.593353,"5":4.187997},"RatePos":{"0":1.127794,"1":1.346855,"2":1.003692,"3":1.156335,"4":0.8643828,"5":0.7893091},"RateNeg":{"0":-1.127862,"1":-1.34707,"2":-1.004081,"3":-1.157331,"4":-0.865487,"5":-0.7916306},"FracExp":{"0":1.0,"1":1.0,"2":1.0,"3":1.0,"4":1.0,"5":1.0},"BGrate":{"0":0.2301204,"1":0.0,"2":0.1015013,"3":0.1165503,"4":0.08597514,"5":0.07561578},"BGerr":{"0":0.1627197,"1":0.0,"2":0.1015013,"3":0.1165503,"4":0.08597514,"5":0.07561578},"CorrFact":{"0":1.133321,"1":1.133321,"2":1.150485,"3":1.153452,"4":1.168284,"5":1.211115},"CtsInSrc":{"0":30.0,"1":30.0,"2":30.0,"3":30.0,"4":30.0,"5":30.0},"BGInSrc":{"0":1.283951,"1":0.0,"2":0.641975,"3":0.641975,"4":0.641975,"5":0.641975},"Exposure":{"0":5.579472,"1":4.609704,"2":6.324799,"3":5.508142,"4":7.466988,"5":8.489964},"Sigma":{"0":31.62943,"1":1000.0,"2":45.730769,"3":45.730769,"4":45.730769,"5":45.730769},"SNR":{"0":5.171644,"1":5.475339,"2":5.31854,"3":5.312066,"4":5.307247,"5":5.290342},"SYS_NEG":{"0":0.997074,"1":0.995207,"2":0.991825,"3":0.987628,"4":0.985254,"5":0.978912},"SYS_POS":{"0":1.002019,"1":1.003512,"2":1.00628,"3":1.009595,"4":1.011266,"5":1.015344}}