{"Time":{"0":77.011,"1":78.715,"2":80.379,"3":81.923,"4":84.229,"5":86.395,"6":88.81,"7":90.948,"8":93.366,"9":95.928,"10":99.119,"11":101.924,"12":105.694,"13":108.956,"14":112.519,"15":116.22,"16":121.29,"17":124.997,"18":129.704,"19":134.095,"20":140.555,"21":146.408,"22":152.666,"23":160.113,"24":166.676},"TimePos":{"0":0.945,"1":0.765,"2":0.559,"3":0.904,"4":1.229,"5":1.037,"6":1.096,"7":1.127,"8":1.38,"9":1.634,"10":1.422,"11":1.475,"12":1.72,"13":1.338,"14":1.658,"15":2.526,"16":1.886,"17":1.952,"18":2.19,"19":2.878,"20":2.974,"21":2.549,"22":3.561,"23":3.353,"24":2.221},"TimeNeg":{"0":-0.991,"1":-0.759,"2":-0.898,"3":-0.986,"4":-1.402,"5":-0.937,"6":-1.379,"7":-1.042,"8":-1.291,"9":-1.183,"10":-1.558,"11":-1.382,"12":-2.295,"13":-1.542,"14":-2.224,"15":-2.043,"16":-2.544,"17":-1.822,"18":-2.755,"19":-2.201,"20":-3.583,"21":-2.879,"22":-3.709,"23":-3.887,"24":-3.211},"Rate":{"0":26.75143,"1":32.6837,"2":35.53754,"3":27.40606,"4":19.67926,"5":26.28673,"6":20.61279,"7":23.97236,"8":19.46856,"9":17.48099,"10":16.66126,"11":18.43878,"12":12.86854,"13":16.50434,"14":7.976199,"15":11.03677,"16":11.96661,"17":9.006245,"18":6.971018,"19":6.509842,"20":5.34722,"21":6.460184,"22":4.68544,"23":4.024732,"24":6.466689},"RatePos":{"0":3.989386,"1":5.144627,"2":5.29952,"3":4.086858,"4":2.934628,"5":3.919972,"6":3.157736,"7":3.574967,"8":2.903335,"9":2.828189,"10":2.771287,"11":2.824893,"12":2.0258,"13":2.823272,"14":1.718914,"15":1.737551,"16":1.833585,"17":1.784584,"18":1.325821,"19":1.289962,"20":0.9767017,"21":1.180008,"22":0.8911498,"23":0.9463654,"24":1.1812},"RateNeg":{"0":-3.990109,"1":-5.145416,"2":-5.300415,"3":-4.087518,"4":-2.935105,"5":-3.920622,"6":-3.158269,"7":-3.575624,"8":-2.903875,"9":-2.828655,"10":-2.771737,"11":-2.825478,"12":-2.026223,"13":-2.823787,"14":-1.719138,"15":-1.737977,"16":-1.834108,"17":-1.784906,"18":-1.326092,"19":-1.290218,"20":-0.9769261,"21":-1.180288,"22":-0.8913458,"23":-0.9465027,"24":-1.181483},"FracExp":{"0":1.0,"1":1.0,"2":1.0,"3":1.0,"4":1.0,"5":1.0,"6":1.0,"7":1.0,"8":1.0,"9":1.0,"10":1.0,"11":1.0,"12":1.0,"13":1.0,"14":1.0,"15":1.0,"16":1.0,"17":1.0,"18":1.0,"19":1.0,"20":1.0,"21":1.0,"22":1.0,"23":1.0,"24":1.0},"BGrate":{"0":0.0,"1":1.111342,"2":0.0,"3":0.0,"4":0.0,"5":0.0,"6":0.3423487,"7":0.0,"8":0.0,"9":0.9024736,"10":1.137192,"11":0.296517,"12":0.4219792,"13":1.470669,"14":0.8729675,"15":0.3708738,"16":0.1912456,"17":0.4490353,"18":0.1713573,"19":0.3335919,"20":0.0,"21":0.0,"22":0.1165448,"23":0.7021922,"24":0.0},"BGerr":{"0":0.0,"1":0.7858377,"2":0.0,"3":0.0,"4":0.0,"5":0.0,"6":0.3423487,"7":0.0,"8":0.0,"9":0.5210434,"10":0.568596,"11":0.296517,"12":0.2983844,"13":0.6577032,"14":0.4364837,"15":0.2622474,"16":0.1912456,"17":0.3175159,"18":0.1713573,"19":0.2358851,"20":0.0,"21":0.0,"22":0.1165448,"23":0.2866688,"24":0.0},"CorrFact":{"0":1.150713,"1":1.150713,"2":1.150713,"3":1.150713,"4":1.150713,"5":1.152561,"6":1.155334,"7":1.155334,"8":1.155334,"9":1.159544,"10":1.193224,"11":1.193224,"12":1.193224,"13":1.166205,"14":1.163569,"15":1.164393,"16":1.200657,"17":1.200657,"18":1.182254,"19":1.168182,"20":1.168558,"21":1.168886,"22":1.168355,"23":1.169337,"24":1.170832},"CtsInSrc":{"0":45.0,"1":45.0,"2":45.0,"3":45.0,"4":45.0,"5":45.0,"6":45.0,"7":45.0,"8":45.0,"9":45.0,"10":45.0,"11":45.0,"12":45.0,"13":45.0,"14":30.0,"15":45.0,"16":45.0,"17":30.0,"18":30.0,"19":30.0,"20":30.0,"21":30.0,"22":30.0,"23":30.0,"24":30.0},"BGInSrc":{"0":0.0,"1":1.694444,"2":0.0,"3":0.0,"4":0.0,"5":0.0,"6":0.847222,"7":0.0,"8":0.0,"9":2.541667,"10":3.388889,"11":0.847222,"12":1.694444,"13":4.236111,"14":3.388889,"15":1.694444,"16":0.847222,"17":1.694444,"18":0.847222,"19":1.694444,"20":0.0,"21":0.0,"22":0.847222,"23":5.083333,"24":0.0},"Exposure":{"0":1.935676,"1":1.524683,"2":1.45711,"3":1.88944,"4":2.631303,"5":1.973059,"6":2.474735,"7":2.168748,"8":2.670459,"9":2.816333,"10":2.98005,"11":2.857246,"12":4.015469,"13":2.880397,"14":3.882033,"15":4.56879,"16":4.430022,"17":3.773521,"18":4.944185,"19":5.079393,"20":6.556066,"21":5.428109,"22":7.2695,"23":7.239234,"24":5.431674},"Sigma":{"0":1000.0,"1":36.143589,"2":1000.0,"3":1000.0,"4":1000.0,"5":1000.0,"6":52.114754,"7":1000.0,"8":1000.0,"9":28.933767,"10":24.557377,"11":52.114754,"12":36.143589,"13":21.517572,"14":15.704918,"15":36.143589,"16":52.114754,"17":23.624322,"18":34.409836,"19":23.624322,"20":1000.0,"21":1000.0,"22":34.409836,"23":12.006515,"24":1000.0},"SNR":{"0":6.704434,"1":6.352005,"2":6.704671,"3":6.704816,"4":6.70479,"5":6.704734,"6":6.526609,"7":6.704385,"8":6.704339,"9":6.179964,"10":6.011124,"11":6.525898,"12":6.350997,"13":5.844754,"14":4.63965,"15":6.350357,"16":6.524484,"17":5.045781,"18":5.256814,"19":5.045536,"20":5.473515,"21":5.473394,"22":5.25659,"23":4.252214,"24":5.473365},"SYS_NEG":{"0":0.995,"1":0.995136,"2":0.99516,"3":0.995261,"4":0.995242,"5":0.995204,"6":0.995038,"7":0.994968,"8":0.994937,"9":0.994843,"10":0.994746,"11":0.994547,"12":0.994385,"13":0.994305,"14":0.993963,"15":0.993956,"16":0.993682,"17":0.993516,"18":0.993389,"19":0.993228,"20":0.993276,"21":0.993167,"22":0.99316,"23":0.993132,"24":0.993141},"SYS_POS":{"0":1.004115,"1":1.004008,"2":1.003989,"3":1.003909,"4":1.003924,"5":1.003954,"6":1.004086,"7":1.004141,"8":1.004165,"9":1.00424,"10":1.004316,"11":1.004473,"12":1.0046,"13":1.004663,"14":1.00493,"15":1.004936,"16":1.00515,"17":1.00528,"18":1.005378,"19":1.005504,"20":1.005466,"21":1.005551,"22":1.005556,"23":1.005578,"24":1.005571}}