{"Time":{"0":86.441,"1":89.494,"2":91.75,"3":92.974,"4":94.256,"5":95.498,"6":96.983,"7":98.772,"8":101.202,"9":104.809,"10":109.33,"11":114.115,"12":119.559,"13":125.9,"14":132.737,"15":143.729,"16":153.014},"TimePos":{"0":1.58,"1":1.126,"2":0.63,"3":0.609,"4":0.504,"5":0.643,"6":0.768,"7":1.041,"8":1.422,"9":2.323,"10":2.47,"11":3.082,"12":2.758,"13":3.93,"14":3.992,"15":4.722,"16":5.852},"TimeNeg":{"0":-1.499,"1":-1.473,"2":-1.129,"3":-0.594,"4":-0.673,"5":-0.738,"6":-0.842,"7":-1.021,"8":-1.389,"9":-2.185,"10":-2.198,"11":-2.314,"12":-2.363,"13":-3.583,"14":-2.907,"15":-6.999,"16":-4.563},"Rate":{"0":16.30088,"1":19.3135,"2":28.53045,"3":42.67017,"4":42.62333,"5":35.78747,"6":30.68966,"7":24.35105,"8":17.86273,"9":10.78486,"10":10.76505,"11":6.060879,"12":6.544602,"13":4.495214,"14":4.900611,"15":2.959697,"16":3.088554},"RatePos":{"0":2.431938,"1":2.881123,"2":4.256509,"3":6.29605,"4":6.35861,"5":5.455297,"6":4.678188,"7":3.632708,"8":2.665107,"9":1.680642,"10":1.606102,"11":1.143912,"12":1.195664,"13":0.821331,"14":0.9250962,"15":0.5408662,"16":0.6027339},"RateNeg":{"0":-2.431295,"1":-2.880445,"2":-4.255372,"3":-6.294494,"4":-6.357048,"5":-5.454173,"6":-4.67723,"7":-3.631822,"8":-2.664354,"9":-1.680223,"10":-1.605659,"11":-1.143699,"12":-1.195407,"13":-0.8211311,"14":-0.9248741,"15":-0.5407081,"16":-0.6025656},"FracExp":{"0":1.0,"1":1.0,"2":1.0,"3":1.0,"4":1.0,"5":1.0,"6":1.0,"7":1.0,"8":1.0,"9":1.0,"10":1.0,"11":1.0,"12":1.0,"13":1.0,"14":1.0,"15":1.0,"16":1.0},"BGrate":{"0":0.0,"1":0.0,"2":0.0,"3":0.0,"4":0.0,"5":0.5186482,"6":0.4447246,"7":0.0,"8":0.0,"9":0.3176616,"10":0.0,"11":0.1326988,"12":0.0,"13":0.0,"14":0.103784,"15":0.0,"16":0.1375041},"BGerr":{"0":0.0,"1":0.0,"2":0.0,"3":0.0,"4":0.0,"5":0.5186482,"6":0.4447246,"7":0.0,"8":0.0,"9":0.2246207,"10":0.0,"11":0.1326988,"12":0.0,"13":0.0,"14":0.103784,"15":0.0,"16":0.09723005},"CorrFact":{"0":1.115582,"1":1.115582,"2":1.115582,"3":1.115582,"4":1.115582,"5":1.115719,"6":1.115829,"7":1.115829,"8":1.115829,"9":1.115979,"10":1.116795,"11":1.116817,"12":1.117013,"13":1.125785,"14":1.154604,"15":1.15634,"16":1.125989},"CtsInSrc":{"0":45.0,"1":45.0,"2":45.0,"3":46.0,"4":45.0,"5":45.0,"6":45.0,"7":45.0,"8":45.0,"9":45.0,"10":45.0,"11":30.0,"12":30.0,"13":30.0,"14":30.0,"15":30.0,"16":30.0},"BGInSrc":{"0":0.0,"1":0.0,"2":0.0,"3":0.0,"4":0.0,"5":0.716049,"6":0.716049,"7":0.0,"8":0.0,"9":1.432099,"10":0.0,"11":0.716049,"12":0.0,"13":0.0,"14":0.716049,"15":0.0,"16":1.432099},"Exposure":{"0":3.07966,"1":2.599278,"2":1.759565,"3":1.202638,"4":1.177786,"5":1.380607,"6":1.610096,"7":2.062017,"8":2.811009,"9":4.508253,"10":4.668422,"11":5.396051,"12":5.120311,"13":7.51322,"14":6.899419,"15":11.720856,"16":10.414957},"Sigma":{"0":1000.0,"1":1000.0,"2":1000.0,"3":1000.0,"4":1000.0,"5":61.844828,"6":61.844828,"7":1000.0,"8":1000.0,"9":43.02379,"10":1000.0,"11":40.896552,"12":1000.0,"13":1000.0,"14":40.896552,"15":1000.0,"16":28.211122},"SNR":{"0":6.70461,"1":6.705041,"2":6.704572,"3":6.778967,"4":6.704893,"5":6.561484,"6":6.561503,"7":6.704915,"8":6.704338,"9":6.418707,"10":6.70444,"11":5.299364,"12":5.474789,"13":5.474417,"14":5.298679,"15":5.473744,"16":5.125673},"SYS_NEG":{"0":0.995118,"1":0.995421,"2":0.995093,"3":0.995355,"4":0.995315,"5":0.995639,"6":0.995655,"7":0.99533,"8":0.994937,"9":0.995042,"10":0.995004,"11":0.994793,"12":0.994553,"13":0.994151,"14":0.993974,"15":0.993487,"16":0.993143},"SYS_POS":{"0":1.005967,"1":1.005608,"2":1.005997,"3":1.005686,"4":1.005734,"5":1.005347,"6":1.005329,"7":1.005716,"8":1.006182,"9":1.006057,"10":1.006102,"11":1.006351,"12":1.006634,"13":1.007103,"14":1.007309,"15":1.00787,"16":1.008264}}