{"Time":{"0":76.637,"1":79.944,"2":83.901,"3":88.956,"4":92.688,"5":97.112,"6":101.792,"7":107.577,"8":114.408,"9":121.13,"10":129.985},"TimePos":{"0":1.06,"1":1.69,"2":2.458,"3":1.724,"4":1.741,"5":2.251,"6":3.319,"7":2.959,"8":3.108,"9":3.564,"10":4.395},"TimeNeg":{"0":-1.489,"1":-2.247,"2":-2.267,"3":-2.596,"4":-2.009,"5":-2.682,"6":-2.429,"7":-2.466,"8":-3.872,"9":-3.615,"10":-5.291},"Rate":{"0":21.94503,"1":14.21005,"2":11.80248,"3":8.208469,"4":9.454834,"5":7.183973,"6":5.984595,"7":6.313793,"8":4.885331,"9":4.74336,"10":3.518184},"RatePos":{"0":3.376922,"1":2.175295,"2":1.793603,"3":1.554581,"4":1.786286,"5":1.316876,"6":1.127286,"7":1.18849,"8":0.9191829,"9":0.8923605,"10":0.6617604},"RateNeg":{"0":-3.39272,"1":-2.182344,"2":-1.796009,"3":-1.554609,"4":-1.785792,"5":-1.316438,"6":-1.127019,"7":-1.188313,"8":-0.9191175,"9":-0.8923165,"10":-0.6617483},"FracExp":{"0":1.0,"1":1.0,"2":1.0,"3":1.0,"4":1.0,"5":1.0,"6":1.0,"7":1.0,"8":1.0,"9":1.0,"10":1.0},"BGrate":{"0":0.0,"1":0.0,"2":0.0,"3":0.1486116,"4":0.1711766,"5":0.0,"6":0.1116805,"7":0.1183473,"8":0.09198058,"9":0.08942744,"10":0.06628193},"BGerr":{"0":0.0,"1":0.0,"2":0.0,"3":0.1486116,"4":0.1711766,"5":0.0,"6":0.1116805,"7":0.1183473,"8":0.09198058,"9":0.08942744,"10":0.06628193},"CorrFact":{"0":1.24328,"1":1.24328,"2":1.23934,"3":1.207817,"4":1.207817,"5":1.181395,"6":1.171788,"7":1.166604,"8":1.16142,"9":1.159863,"10":1.160687},"CtsInSrc":{"0":45.0,"1":45.0,"2":45.0,"3":30.0,"4":30.0,"5":30.0,"6":30.0,"7":30.0,"8":30.0,"9":30.0,"10":30.0},"BGInSrc":{"0":0.0,"1":0.0,"2":0.0,"3":0.641975,"4":0.641975,"5":0.0,"6":0.641975,"7":0.641975,"8":0.641975,"9":0.641975,"10":0.641975},"Exposure":{"0":2.549443,"1":3.937186,"2":4.725304,"3":4.31982,"4":3.750368,"5":4.933462,"6":5.74832,"7":5.424502,"8":6.979466,"9":7.178729,"10":9.685525},"Sigma":{"0":1000.0,"1":1000.0,"2":1000.0,"3":45.730769,"4":45.730769,"5":1000.0,"6":45.730769,"7":45.730769,"8":45.730769,"9":45.730769,"10":45.730769},"SNR":{"0":6.468272,"1":6.51137,"2":6.5715,"3":5.280085,"4":5.294477,"5":5.457128,"6":5.310111,"7":5.313239,"8":5.315241,"9":5.315783,"10":5.316499},"SYS_NEG":{"0":0.959022,"1":0.96307,"2":0.969436,"3":0.975841,"4":0.980279,"5":0.984317,"6":0.986615,"7":0.988277,"8":0.989477,"9":0.989825,"10":0.990305},"SYS_POS":{"0":1.038172,"1":1.034809,"2":1.029532,"3":1.024132,"4":1.020216,"5":1.01638,"6":1.013998,"7":1.012162,"8":1.01076,"9":1.010345,"10":1.009761}}