{"Time":{"0":121.043,"1":125.654,"2":130.141,"3":135.184,"4":139.939,"5":144.287,"6":148.352,"7":153.368,"8":158.876,"9":163.85,"10":168.728,"11":173.251,"12":177.716,"13":182.411,"14":188.099,"15":196.552,"16":203.103,"17":210.952,"18":218.282,"19":228.562,"20":237.53,"21":245.622},"TimePos":{"0":2.165,"1":1.947,"2":2.347,"3":1.772,"4":2.292,"5":2.098,"6":1.999,"7":3.167,"8":2.408,"9":1.936,"10":2.493,"11":2.673,"12":2.118,"13":2.68,"14":3.896,"15":3.907,"16":3.429,"17":2.888,"18":4.38,"19":4.023,"20":3.818,"21":3.92},"TimeNeg":{"0":-2.236,"1":-2.446,"2":-2.54,"3":-2.696,"4":-2.983,"5":-2.057,"6":-1.967,"7":-3.017,"8":-2.341,"9":-2.567,"10":-2.942,"11":-2.03,"12":-1.793,"13":-2.577,"14":-3.007,"15":-4.558,"16":-2.643,"17":-4.42,"18":-4.442,"19":-5.899,"20":-4.945,"21":-4.274},"Rate":{"0":11.17993,"1":11.20231,"2":6.554623,"3":7.332888,"4":6.067114,"5":7.879679,"6":8.06761,"7":4.933586,"8":6.893362,"9":7.103163,"10":6.021022,"11":6.163014,"12":8.421558,"13":6.187798,"14":4.636559,"15":3.694043,"16":5.394223,"17":4.278999,"18":3.645862,"19":3.168944,"20":3.655421,"21":3.998788},"RatePos":{"0":1.666607,"1":1.669944,"2":1.233792,"3":1.338797,"4":1.142027,"5":1.438627,"6":1.518585,"7":0.9883897,"8":1.258551,"9":1.337045,"10":1.099284,"11":1.360733,"12":1.585209,"13":1.164743,"14":0.8727501,"15":0.7171894,"16":0.9848465,"17":0.830757,"18":0.707835,"19":0.6152427,"20":0.6880682,"21":0.7300759},"RateNeg":{"0":-1.666607,"1":-1.669944,"2":-1.233792,"3":-1.338797,"4":-1.142027,"5":-1.438627,"6":-1.518585,"7":-0.9883896,"8":-1.258551,"9":-1.337045,"10":-1.099284,"11":-1.360733,"12":-1.585209,"13":-1.164743,"14":-0.87275,"15":-0.7171893,"16":-0.9848464,"17":-0.830757,"18":-0.707835,"19":-0.6152427,"20":-0.6880682,"21":-0.7300758},"FracExp":{"0":1.0,"1":1.0,"2":1.0,"3":1.0,"4":1.0,"5":1.0,"6":1.0,"7":1.0,"8":1.0,"9":1.0,"10":1.0,"11":1.0,"12":1.0,"13":1.0,"14":1.0,"15":1.0,"16":1.0,"17":1.0,"18":1.0,"19":1.0,"20":1.0,"21":1.0},"BGrate":{"0":0.0,"1":0.0,"2":0.1389357,"3":0.0,"4":0.1287205,"5":0.0,"6":0.1712235,"7":0.3293923,"8":0.0,"9":0.1507929,"10":0.0,"11":0.8664182,"12":0.1736374,"13":0.129156,"14":0.09836512,"15":0.1604271,"16":0.0,"17":0.1858117,"18":0.1539246,"19":0.1368678,"20":0.07749362,"21":0.0},"BGerr":{"0":0.0,"1":0.0,"2":0.1389357,"3":0.0,"4":0.1287205,"5":0.0,"6":0.1712235,"7":0.1901747,"8":0.0,"9":0.1507929,"10":0.0,"11":0.3537137,"12":0.1736374,"13":0.129156,"14":0.09836512,"15":0.1134391,"16":0.0,"17":0.1313887,"18":0.1088411,"19":0.09678012,"20":0.07749362,"21":0.0},"CorrFact":{"0":1.093505,"1":1.093505,"2":1.092529,"3":1.091964,"4":1.091524,"5":1.09114,"6":1.09114,"7":1.091101,"8":1.091101,"9":1.090863,"10":1.090854,"11":1.11779,"12":1.123177,"13":1.109483,"14":1.091575,"15":1.091764,"16":1.091816,"17":1.091877,"18":1.123044,"19":1.097787,"20":1.092372,"21":1.092286},"CtsInSrc":{"0":45.0,"1":45.0,"2":30.0,"3":30.0,"4":30.0,"5":30.0,"6":30.0,"7":30.0,"8":30.0,"9":30.0,"10":30.0,"11":30.0,"12":30.0,"13":30.0,"14":30.0,"15":30.0,"16":30.0,"17":30.0,"18":30.0,"19":30.0,"20":30.0,"21":30.0},"BGInSrc":{"0":0.0,"1":0.0,"2":0.679012,"3":0.0,"4":0.679012,"5":0.0,"6":0.679012,"7":2.037037,"8":0.0,"9":0.679012,"10":0.0,"11":4.074074,"12":0.679012,"13":0.679012,"14":0.679012,"15":1.358025,"16":0.0,"17":1.358025,"18":1.358025,"19":1.358025,"20":0.679012,"21":0.0},"Exposure":{"0":4.401436,"1":4.39264,"2":4.887242,"3":4.467396,"4":5.27509,"5":4.154256,"6":3.965648,"7":6.184228,"8":4.748487,"9":4.502947,"10":5.435228,"11":4.702203,"12":3.910519,"13":5.257304,"14":6.902979,"15":8.465056,"16":6.072139,"17":7.308608,"18":8.822662,"19":9.922166,"20":8.762172,"21":8.194628},"Sigma":{"0":1000.0,"1":1000.0,"2":43.181818,"3":1000.0,"4":43.181818,"5":1000.0,"6":43.181818,"7":23.776334,"8":1000.0,"9":43.181818,"10":1000.0,"11":15.587662,"12":43.181818,"13":43.181818,"14":43.181818,"15":29.82705,"16":1000.0,"17":29.82705,"18":29.82705,"19":29.82705,"20":43.181818,"21":1000.0},"SNR":{"0":6.708197,"1":6.708198,"2":5.312585,"3":5.477223,"4":5.312585,"5":5.477223,"6":5.312585,"7":4.99154,"8":5.477223,"9":5.312585,"10":5.477223,"11":4.529186,"12":5.312585,"13":5.312585,"14":5.312585,"15":5.150723,"16":5.477223,"17":5.150723,"18":5.150723,"19":5.150723,"20":5.312585,"21":5.477223},"SYS_NEG":{"0":0.999782,"1":0.999801,"2":0.999809,"3":0.999812,"4":0.999813,"5":0.999814,"6":0.999814,"7":0.999813,"8":0.999814,"9":0.999814,"10":0.999814,"11":0.999814,"12":0.999813,"13":0.999813,"14":0.999813,"15":0.999812,"16":0.999812,"17":0.999811,"18":0.999811,"19":0.999809,"20":0.999808,"21":0.999809},"SYS_POS":{"0":1.000191,"1":1.000193,"2":1.000196,"3":1.000198,"4":1.0002,"5":1.000201,"6":1.000202,"7":1.000203,"8":1.000202,"9":1.000202,"10":1.000202,"11":1.000201,"12":1.0002,"13":1.0002,"14":1.000199,"15":1.000198,"16":1.000197,"17":1.000197,"18":1.000197,"19":1.000195,"20":1.000195,"21":1.000196}}