{"Time":{"0":316.995,"1":324.514,"2":331.94,"3":338.152,"4":346.271,"5":352.409,"6":359.454,"7":366.908,"8":372.432,"9":378.164,"10":384.101,"11":391.209,"12":398.178,"13":404.818,"14":410.746,"15":415.889,"16":423.461,"17":428.136,"18":432.393,"19":438.126,"20":443.296,"21":450.173,"22":455.617,"23":461.526,"24":466.782},"TimePos":{"0":3.527,"1":4.209,"2":2.759,"3":4.48,"4":3.414,"5":3.476,"6":3.278,"7":3.293,"8":2.84,"9":2.78,"10":2.98,"11":3.944,"12":3.544,"13":3.298,"14":2.013,"15":4.117,"16":2.788,"17":1.523,"18":3.733,"19":2.352,"20":2.968,"21":2.753,"22":2.624,"23":3.433,"24":2.573},"TimeNeg":{"0":-5.324,"1":-3.991,"2":-3.217,"3":-3.454,"4":-3.639,"5":-2.724,"6":-3.569,"7":-4.176,"8":-2.231,"9":-2.892,"10":-3.158,"11":-4.128,"12":-3.024,"13":-3.096,"14":-2.63,"15":-3.129,"16":-3.455,"17":-1.887,"18":-2.734,"19":-2.0,"20":-2.818,"21":-3.909,"22":-2.69,"23":-3.285,"24":-1.823},"Rate":{"0":3.725505,"1":4.021314,"2":5.254387,"3":4.057436,"4":4.676236,"5":5.319139,"6":4.816217,"7":4.416156,"8":6.349894,"9":5.816446,"10":5.118372,"11":4.087857,"12":4.900845,"13":5.156365,"14":7.33735,"15":4.333109,"16":5.156618,"17":9.43923,"18":5.100021,"19":7.578798,"20":5.699172,"21":4.477262,"22":6.206919,"23":4.909492,"24":7.322611},"RatePos":{"0":0.6801954,"1":0.7342035,"2":1.024499,"3":0.7653699,"4":0.8537796,"5":0.97116,"6":0.8793379,"7":0.8062962,"8":1.197807,"9":1.061955,"10":0.9979802,"11":0.7463573,"12":0.9244675,"13":0.9414415,"14":1.31786,"15":0.8448682,"16":0.972716,"17":1.780563,"18":0.9311556,"19":1.383727,"20":1.040546,"21":0.9341102,"22":1.133253,"23":0.8963699,"24":1.381297},"RateNeg":{"0":-0.6801908,"1":-0.7341986,"2":-1.024492,"3":-0.7653649,"4":-0.8537733,"5":-0.9711527,"6":-0.8793311,"7":-0.8062897,"8":-1.197798,"9":-1.061948,"10":-0.9979732,"11":-0.7463507,"12":-0.9244608,"13":-0.9414343,"14":-1.317849,"15":-0.8448628,"16":-0.9727086,"17":-1.78055,"18":-0.931148,"19":-1.383716,"20":-1.040538,"21":-0.9341046,"22":-1.133243,"23":-0.8963623,"24":-1.381286},"FracExp":{"0":1.0,"1":1.0,"2":1.0,"3":1.0,"4":1.0,"5":1.0,"6":1.0,"7":1.0,"8":1.0,"9":1.0,"10":1.0,"11":1.0,"12":1.0,"13":1.0,"14":1.0,"15":1.0,"16":1.0,"17":1.0,"18":1.0,"19":1.0,"20":1.0,"21":1.0,"22":1.0,"23":1.0,"24":1.0},"BGrate":{"0":0.0,"1":0.0,"2":0.239639,"3":0.09026108,"4":0.0,"5":0.0,"6":0.0,"7":0.0,"8":0.1412199,"9":0.0,"10":0.2333188,"11":0.0,"12":0.1090128,"13":0.0,"14":0.0,"15":0.1976305,"16":0.1146975,"17":0.2099495,"18":0.0,"19":0.0,"20":0.0,"21":0.4298793,"22":0.0,"23":0.0,"24":0.1628792},"BGerr":{"0":0.0,"1":0.0,"2":0.1694503,"3":0.09026108,"4":0.0,"5":0.0,"6":0.0,"7":0.0,"8":0.1412199,"9":0.0,"10":0.1649813,"11":0.0,"12":0.1090128,"13":0.0,"14":0.0,"15":0.1397459,"16":0.1146975,"17":0.2099495,"18":0.0,"19":0.0,"20":0.0,"21":0.2149397,"22":0.0,"23":0.0,"24":0.1628792},"CorrFact":{"0":1.099167,"1":1.099153,"2":1.099156,"3":1.099169,"4":1.099292,"5":1.099328,"6":1.099355,"7":1.09944,"8":1.099471,"9":1.099665,"10":1.099706,"11":1.09989,"12":1.099276,"13":1.099018,"14":1.099065,"15":1.099108,"16":1.099321,"17":1.099347,"18":1.09941,"19":1.099362,"20":1.099122,"21":1.099325,"22":1.099503,"23":1.099391,"24":1.099293},"CtsInSrc":{"0":30.0,"1":30.0,"2":30.0,"3":30.0,"4":30.0,"5":30.0,"6":30.0,"7":30.0,"8":30.0,"9":30.0,"10":30.0,"11":30.0,"12":30.0,"13":30.0,"14":31.0,"15":30.0,"16":30.0,"17":30.0,"18":30.0,"19":30.0,"20":30.0,"21":30.0,"22":30.0,"23":30.0,"24":30.0},"BGInSrc":{"0":0.0,"1":0.0,"2":1.432099,"3":0.716049,"4":0.0,"5":0.0,"6":0.0,"7":0.0,"8":0.716049,"9":0.0,"10":1.432099,"11":0.0,"12":0.716049,"13":0.0,"14":0.0,"15":1.432099,"16":0.716049,"17":0.716049,"18":0.0,"19":0.0,"20":0.0,"21":2.864198,"22":0.0,"23":0.0,"24":0.716049},"Exposure":{"0":8.851152,"1":8.199952,"2":5.976068,"3":7.933091,"4":7.052417,"5":6.200224,"6":6.847836,"7":7.468758,"8":5.070455,"9":5.671838,"10":6.137949,"11":8.071884,"12":6.568489,"13":6.394145,"14":4.643504,"15":7.246344,"16":6.242939,"17":3.410578,"18":6.46709,"19":4.351727,"20":5.785695,"21":6.662794,"22":5.314245,"23":6.717953,"24":4.396198},"Sigma":{"0":1000.0,"1":1000.0,"2":28.211122,"3":40.896552,"4":1000.0,"5":1000.0,"6":1000.0,"7":1000.0,"8":40.896552,"9":1000.0,"10":28.211122,"11":1000.0,"12":40.896552,"13":1000.0,"14":1000.0,"15":28.211122,"16":40.896552,"17":40.896552,"18":1000.0,"19":1000.0,"20":1000.0,"21":18.948276,"22":1000.0,"23":1000.0,"24":40.896552},"SNR":{"0":5.477147,"1":5.477147,"2":5.128772,"3":5.301309,"4":5.47714,"5":5.477139,"6":5.477137,"7":5.477133,"8":5.301305,"9":5.477148,"10":5.128766,"11":5.477126,"12":5.301302,"13":5.477137,"14":5.567671,"15":5.128772,"16":5.301298,"17":5.301301,"18":5.477133,"19":5.477135,"20":5.477138,"21":4.793106,"22":5.477128,"23":5.477129,"24":5.301298},"SYS_NEG":{"0":0.999021,"1":0.999021,"2":0.998987,"3":0.999005,"4":0.998977,"5":0.998974,"6":0.99896,"7":0.998938,"8":0.998976,"9":0.999028,"10":0.998946,"11":0.998898,"12":0.998957,"13":0.998963,"14":0.99896,"15":0.998986,"16":0.998932,"17":0.99895,"18":0.998936,"19":0.998948,"20":0.998966,"21":0.998953,"22":0.99891,"23":0.998915,"24":0.998936},"SYS_POS":{"0":1.001185,"1":1.001185,"2":1.001228,"3":1.001206,"4":1.00124,"5":1.001245,"6":1.001263,"7":1.00129,"8":1.001242,"9":1.001176,"10":1.001281,"11":1.001342,"12":1.001266,"13":1.001259,"14":1.001263,"15":1.001229,"16":1.001298,"17":1.001276,"18":1.001293,"19":1.001277,"20":1.001255,"21":1.001272,"22":1.001326,"23":1.00132,"24":1.001294}}