{"Time":{"0":147.252,"1":148.422,"2":149.818,"3":151.071,"4":152.36,"5":153.89,"6":155.435,"7":157.05,"8":158.752,"9":160.416,"10":162.14,"11":164.012,"12":165.872,"13":168.472,"14":170.607,"15":172.699,"16":175.003,"17":177.842,"18":180.84,"19":183.651,"20":186.481,"21":189.653,"22":192.978,"23":196.833,"24":200.686,"25":204.969,"26":209.025,"27":213.35,"28":217.75,"29":222.27,"30":226.477,"31":230.886,"32":235.62,"33":239.469,"34":243.954,"35":250.707,"36":257.601,"37":263.636,"38":268.656},"TimePos":{"0":0.506,"1":0.623,"2":0.618,"3":0.701,"4":0.703,"5":0.771,"6":0.833,"7":0.905,"8":0.886,"9":0.684,"10":0.908,"11":0.765,"12":1.217,"13":1.283,"14":0.833,"15":0.86,"16":1.221,"17":1.296,"18":1.577,"19":1.188,"20":1.71,"21":1.244,"22":1.685,"23":1.942,"24":2.252,"25":1.964,"26":2.186,"27":2.611,"28":2.632,"29":2.474,"30":2.031,"31":2.676,"32":2.039,"33":1.729,"34":2.864,"35":3.43,"36":2.695,"37":2.638,"38":3.146},"TimeNeg":{"0":-0.636,"1":-0.664,"2":-0.773,"3":-0.635,"4":-0.588,"5":-0.827,"6":-0.773,"7":-0.782,"8":-0.797,"9":-0.779,"10":-1.04,"11":-0.964,"12":-1.094,"13":-1.384,"14":-0.852,"15":-1.259,"16":-1.444,"17":-1.618,"18":-1.702,"19":-1.233,"20":-1.642,"21":-1.462,"22":-2.081,"23":-2.17,"24":-1.911,"25":-2.032,"26":-2.091,"27":-2.14,"28":-1.789,"29":-1.888,"30":-1.732,"31":-2.378,"32":-2.058,"33":-1.81,"34":-2.756,"35":-3.889,"36":-3.464,"37":-3.339,"38":-2.382},"Rate":{"0":42.96759,"1":38.15431,"2":35.27477,"3":36.7317,"4":37.99675,"5":30.71816,"6":27.89385,"7":29.09759,"8":28.65198,"9":34.30254,"10":25.1907,"11":27.88507,"12":21.23475,"13":18.39902,"14":28.61619,"15":23.1563,"16":18.41044,"17":16.8379,"18":14.96672,"19":19.56286,"20":14.38669,"21":18.13666,"22":12.80502,"23":11.73002,"24":11.37962,"25":8.18843,"26":11.47545,"27":6.529119,"28":11.10151,"29":7.50157,"30":8.016992,"31":6.530745,"32":7.360881,"33":9.267043,"34":5.992143,"35":4.460263,"36":5.312968,"37":5.331552,"38":5.920033},"RatePos":{"0":6.405257,"1":5.687732,"2":5.258474,"3":5.475662,"4":5.664246,"5":4.579213,"6":4.706082,"7":4.337631,"8":4.376183,"9":5.057656,"10":3.755225,"11":4.25905,"12":3.165505,"13":2.742776,"14":4.370719,"15":3.451954,"16":2.744479,"17":2.510057,"18":2.231118,"19":3.062072,"20":2.197363,"21":2.703667,"22":1.955786,"23":1.791595,"24":1.781194,"25":1.495001,"26":1.710668,"27":1.283003,"28":1.654924,"29":1.369597,"30":1.635717,"31":1.192349,"32":1.560334,"33":1.754833,"34":1.094014,"35":0.8446077,"36":0.9700138,"37":1.009597,"38":1.080849},"RateNeg":{"0":-6.405251,"1":-5.687726,"2":-5.258469,"3":-5.475656,"4":-5.66424,"5":-4.579208,"6":-4.706078,"7":-4.337626,"8":-4.376179,"9":-5.057651,"10":-3.755221,"11":-4.259045,"12":-3.165501,"13":-2.742773,"14":-4.370714,"15":-3.45195,"16":-2.744476,"17":-2.510054,"18":-2.231115,"19":-3.062069,"20":-2.197361,"21":-2.703664,"22":-1.955784,"23":-1.791593,"24":-1.781192,"25":-1.495,"26":-1.710666,"27":-1.283002,"28":-1.654922,"29":-1.369596,"30":-1.635716,"31":-1.192348,"32":-1.560333,"33":-1.754832,"34":-1.094013,"35":-0.8446071,"36":-0.970013,"37":-1.009597,"38":-1.080848},"FracExp":{"0":1.0,"1":1.0,"2":1.0,"3":1.0,"4":1.0,"5":1.0,"6":1.0,"7":1.0,"8":1.0,"9":1.0,"10":1.0,"11":1.0,"12":1.0,"13":1.0,"14":1.0,"15":1.0,"16":1.0,"17":1.0,"18":1.0,"19":1.0,"20":1.0,"21":1.0,"22":1.0,"23":1.0,"24":1.0,"25":1.0,"26":1.0,"27":1.0,"28":1.0,"29":1.0,"30":1.0,"31":1.0,"32":1.0,"33":1.0,"34":1.0,"35":1.0,"36":1.0,"37":1.0,"38":1.0},"BGrate":{"0":0.0,"1":0.0,"2":0.0,"3":0.0,"4":0.0,"5":0.0,"6":2.433934,"7":0.0,"8":0.4646679,"9":0.0,"10":0.0,"11":0.4522304,"12":0.0,"13":0.0,"14":0.4641696,"15":0.0,"16":0.0,"17":0.0,"18":0.0,"19":0.6459549,"20":0.2333194,"21":0.0,"22":0.2076397,"23":0.190208,"24":0.375703,"25":0.0,"26":0.0,"27":0.3292687,"28":0.0,"29":0.0,"30":0.6235051,"31":0.0,"32":0.7634772,"33":0.2210011,"34":0.0,"35":0.1068478,"36":0.0,"37":0.1308249,"38":0.0},"BGerr":{"0":0.0,"1":0.0,"2":0.0,"3":0.0,"4":0.0,"5":0.0,"6":1.088489,"7":0.0,"8":0.4646679,"9":0.0,"10":0.0,"11":0.4522304,"12":0.0,"13":0.0,"14":0.4641696,"15":0.0,"16":0.0,"17":0.0,"18":0.0,"19":0.4567591,"20":0.2333194,"21":0.0,"22":0.2076397,"23":0.190208,"24":0.2656621,"25":0.0,"26":0.0,"27":0.2328281,"28":0.0,"29":0.0,"30":0.3599808,"31":0.0,"32":0.3817386,"33":0.2210011,"34":0.0,"35":0.1068478,"36":0.0,"37":0.1308249,"38":0.0},"CorrFact":{"0":1.090615,"1":1.090615,"2":1.090615,"3":1.090615,"4":1.090615,"5":1.090615,"6":1.090615,"7":1.090591,"8":1.090558,"9":1.090558,"10":1.090558,"11":1.090558,"12":1.090558,"13":1.090408,"14":1.090365,"15":1.090365,"16":1.090365,"17":1.090419,"18":1.090552,"19":1.090552,"20":1.090552,"21":1.090643,"22":1.090703,"23":1.090703,"24":1.090686,"25":1.090677,"26":1.09068,"27":1.090693,"28":1.090693,"29":1.090828,"30":1.090869,"31":1.100316,"32":1.12236,"33":1.12236,"34":1.122577,"35":1.117327,"36":1.090808,"37":1.090809,"38":1.090811},"CtsInSrc":{"0":45.0,"1":45.0,"2":45.0,"3":45.0,"4":45.0,"5":45.0,"6":45.0,"7":45.0,"8":45.0,"9":46.0,"10":45.0,"11":45.0,"12":45.0,"13":45.0,"14":45.0,"15":45.0,"16":45.0,"17":45.0,"18":45.0,"19":45.0,"20":45.0,"21":45.0,"22":45.0,"23":45.0,"24":45.0,"25":30.0,"26":45.0,"27":30.0,"28":45.0,"29":30.0,"30":30.0,"31":30.0,"32":30.0,"33":30.0,"34":30.0,"35":30.0,"36":30.0,"37":30.0,"38":30.0},"BGInSrc":{"0":0.0,"1":0.0,"2":0.0,"3":0.0,"4":0.0,"5":0.0,"6":3.910256,"7":0.0,"8":0.782051,"9":0.0,"10":0.0,"11":0.782051,"12":0.0,"13":0.0,"14":0.782051,"15":0.0,"16":0.0,"17":0.0,"18":0.0,"19":1.564103,"20":0.782051,"21":0.0,"22":0.782051,"23":0.782051,"24":1.564103,"25":0.0,"26":0.0,"27":1.564103,"28":0.0,"29":0.0,"30":2.346154,"31":0.0,"32":3.128205,"33":0.782051,"34":0.0,"35":0.782051,"36":0.0,"37":0.782051,"38":0.0},"Exposure":{"0":1.142202,"1":1.286295,"2":1.391297,"3":1.336112,"4":1.291628,"5":1.597676,"6":1.606558,"7":1.686621,"8":1.683033,"9":1.462447,"10":1.948143,"11":1.729321,"12":2.311074,"13":2.6669,"14":1.68484,"15":2.118923,"16":2.665141,"17":2.914191,"18":3.278932,"19":2.42138,"20":3.351848,"21":2.706061,"22":3.766386,"23":4.111557,"24":4.163136,"25":3.995919,"26":4.277007,"27":4.750231,"28":4.421124,"29":4.362397,"30":3.762847,"31":5.054474,"32":4.097313,"33":3.538676,"34":5.620243,"35":7.319299,"36":6.159314,"37":5.977848,"38":5.527727},"Sigma":{"0":1000.0,"1":1000.0,"2":1000.0,"3":1000.0,"4":1000.0,"5":1000.0,"6":23.497042,"7":1000.0,"8":56.540984,"9":1000.0,"10":1000.0,"11":56.540984,"12":1000.0,"13":1000.0,"14":56.540984,"15":1000.0,"16":1000.0,"17":1000.0,"18":1000.0,"19":39.273406,"20":56.540984,"21":1000.0,"22":56.540984,"23":56.540984,"24":39.273406,"25":1000.0,"26":1000.0,"27":25.710866,"28":1000.0,"29":1000.0,"30":20.415484,"31":1000.0,"32":17.180328,"33":37.360656,"34":1000.0,"35":37.360656,"36":1000.0,"37":37.360656,"38":1000.0},"SNR":{"0":6.708183,"1":6.708182,"2":6.708182,"3":6.708182,"4":6.708182,"5":6.708182,"6":5.927197,"7":6.708182,"8":6.547259,"9":6.782307,"10":6.708181,"11":6.547259,"12":6.708181,"13":6.70818,"14":6.547258,"15":6.70818,"16":6.70818,"17":6.70818,"18":6.708179,"19":6.388771,"20":6.547257,"21":6.708179,"22":6.547257,"23":6.547257,"24":6.388771,"25":5.477212,"26":6.708179,"27":5.088939,"28":6.70818,"29":5.477212,"30":4.901213,"31":5.477212,"32":4.717507,"33":5.280873,"34":5.477213,"35":5.280873,"36":5.477213,"37":5.280873,"38":5.477213},"SYS_NEG":{"0":0.999624,"1":0.999622,"2":0.99962,"3":0.999621,"4":0.999623,"5":0.99962,"6":0.999619,"7":0.999618,"8":0.999617,"9":0.999612,"10":0.99961,"11":0.999608,"12":0.999608,"13":0.999604,"14":0.999605,"15":0.999604,"16":0.999604,"17":0.999602,"18":0.999597,"19":0.999596,"20":0.999596,"21":0.999595,"22":0.999594,"23":0.999594,"24":0.999595,"25":0.999596,"26":0.999596,"27":0.999597,"28":0.999598,"29":0.9996,"30":0.999597,"31":0.999601,"32":0.999604,"33":0.999604,"34":0.999604,"35":0.999605,"36":0.999609,"37":0.999608,"38":0.999605},"SYS_POS":{"0":1.000434,"1":1.000436,"2":1.000438,"3":1.000437,"4":1.000435,"5":1.000438,"6":1.00044,"7":1.00044,"8":1.000442,"9":1.000447,"10":1.00045,"11":1.000452,"12":1.000453,"13":1.000457,