{"Time":{"0":88.022,"1":91.828,"2":95.681,"3":101.092,"4":106.712,"5":111.795,"6":117.984,"7":124.244,"8":134.43,"9":141.809,"10":148.065},"TimePos":{"0":1.942,"1":1.967,"2":2.257,"3":2.988,"4":2.59,"5":3.059,"6":2.562,"7":5.512,"8":3.295,"9":2.965,"10":5.123},"TimeNeg":{"0":-1.929,"1":-1.863,"2":-1.886,"3":-3.154,"4":-2.632,"5":-2.493,"6":-3.13,"7":-3.698,"8":-4.674,"9":-4.084,"10":-3.291},"Rate":{"0":9.650052,"1":8.771327,"2":7.827342,"3":5.143858,"4":6.531798,"5":6.038651,"6":5.891687,"7":3.484989,"8":4.028079,"9":4.65466,"10":3.984388},"RatePos":{"0":1.697041,"1":1.601433,"2":1.513346,"3":1.054892,"4":1.192543,"5":1.102507,"6":1.075676,"7":0.6737911,"8":0.7787927,"9":0.8743526,"10":0.7274496},"RateNeg":{"0":-1.697127,"1":-1.60149,"2":-1.51338,"3":-1.054906,"4":-1.192561,"5":-1.102524,"6":-1.075692,"7":-0.6738005,"8":-0.7788038,"9":-0.8743655,"10":-0.7274608},"FracExp":{"0":1.0,"1":1.0,"2":1.0,"3":1.0,"4":1.0,"5":1.0,"6":1.0,"7":1.0,"8":1.0,"9":1.0,"10":1.0},"BGrate":{"0":0.1658247,"1":0.0,"2":0.3098638,"3":0.4181185,"4":0.0,"5":0.0,"6":0.0,"7":0.1393999,"8":0.1611239,"9":0.09107471,"10":0.0},"BGerr":{"0":0.1658247,"1":0.0,"2":0.2191068,"3":0.2090593,"4":0.0,"5":0.0,"6":0.0,"7":0.09857064,"8":0.1139318,"9":0.09107471,"10":0.0},"CorrFact":{"0":1.119949,"1":1.119949,"2":1.12945,"3":1.151619,"4":1.136914,"5":1.117685,"6":1.117737,"7":1.117796,"8":1.117794,"9":1.117588,"10":1.117431},"CtsInSrc":{"0":34.0,"1":30.0,"2":30.0,"3":30.0,"4":30.0,"5":30.0,"6":30.0,"7":30.0,"8":30.0,"9":30.0,"10":30.0},"BGInSrc":{"0":0.641975,"1":0.0,"2":1.283951,"3":2.567901,"4":0.0,"5":0.0,"6":0.0,"7":1.283951,"8":1.283951,"9":0.641975,"10":0.0},"Exposure":{"0":3.871409,"1":3.830489,"2":4.143597,"3":6.141563,"4":5.221751,"5":5.552656,"6":5.691427,"7":9.210554,"8":7.968718,"9":7.048887,"10":8.413572},"Sigma":{"0":51.961538,"1":1000.0,"2":31.62943,"3":21.365385,"4":1000.0,"5":1000.0,"6":1000.0,"7":31.62943,"8":31.62943,"9":45.730769,"10":1000.0},"SNR":{"0":5.686109,"1":5.476979,"2":5.172094,"3":4.876127,"4":5.477117,"5":5.477114,"6":5.477112,"7":5.172138,"8":5.172136,"9":5.323471,"10":5.477117},"SYS_NEG":{"0":0.997956,"1":0.998266,"2":0.998567,"3":0.998817,"4":0.998853,"5":0.998837,"6":0.998826,"7":0.998811,"8":0.998797,"9":0.998827,"10":0.998848},"SYS_POS":{"0":1.001009,"1":1.000798,"2":1.000625,"3":1.000522,"4":1.00054,"5":1.000571,"6":1.000587,"7":1.000606,"8":1.000619,"9":1.000582,"10":1.000544}}