{"Time":{"0":124.245,"1":129.67,"2":135.341,"3":141.699,"4":147.661,"5":152.616,"6":157.496},"TimePos":{"0":3.187,"1":3.052,"2":3.091,"3":2.486,"4":2.867,"5":1.966,"6":3.306},"TimeNeg":{"0":-3.016,"1":-2.237,"2":-2.619,"3":-3.268,"4":-3.476,"5":-2.088,"6":-2.914},"Rate":{"0":5.368836,"1":6.304547,"2":6.039994,"3":5.793933,"4":5.121166,"5":8.192744,"6":5.216804},"RatePos":{"0":1.011265,"1":1.18689,"2":1.102787,"3":1.090617,"4":0.9639734,"5":1.49579,"6":0.9819735},"RateNeg":{"0":-1.012272,"1":-1.187436,"2":-1.10304,"3":-1.090738,"4":-0.9640361,"5":-1.495874,"6":-0.9820176},"FracExp":{"0":1.0,"1":1.0,"2":1.0,"3":1.0,"4":1.0,"5":1.0,"6":1.0},"BGrate":{"0":0.1094511,"1":0.1283743,"2":0.0,"3":0.1180133,"4":0.1070567,"5":0.0,"6":0.1091696},"BGerr":{"0":0.1094511,"1":0.1283743,"2":0.0,"3":0.1180133,"4":0.1070567,"5":0.0,"6":0.1091696},"CorrFact":{"0":1.13595,"1":1.1373,"2":1.149451,"3":1.13695,"4":1.107782,"5":1.107282,"6":1.106629},"CtsInSrc":{"0":30.0,"1":30.0,"2":30.0,"3":30.0,"4":30.0,"5":30.0,"6":30.0},"BGInSrc":{"0":0.679012,"1":0.679012,"2":0.0,"3":0.679012,"4":0.679012,"5":0.0,"6":0.679012},"Exposure":{"0":6.203797,"1":5.289318,"2":5.709199,"3":5.753692,"4":6.34255,"5":4.05462,"6":6.219795},"Sigma":{"0":43.181818,"1":43.181818,"2":1000.0,"3":43.181818,"4":43.181818,"5":1000.0,"6":43.181818},"SNR":{"0":5.303747,"1":5.30938,"2":5.475771,"3":5.311938,"4":5.312214,"5":5.476895,"6":5.312332},"SYS_NEG":{"0":0.989127,"1":0.993456,"2":0.995792,"3":0.997055,"4":0.997768,"5":0.997993,"6":0.998153},"SYS_POS":{"0":1.006891,"1":1.003193,"2":1.001562,"3":1.000894,"4":1.000606,"5":1.000528,"6":1.000476}}