{"Time":{"0":84.548,"1":86.362,"2":88.981,"3":91.219,"4":93.344,"5":95.309,"6":97.298,"7":98.5414,"8":99.704,"9":100.771,"10":101.8763,"11":102.6967,"12":103.3986,"13":104.2511,"14":105.185,"15":106.37,"16":107.3214,"17":108.252,"18":109.331,"19":110.45,"20":111.4946,"21":112.433,"22":113.5609,"23":114.852,"24":116.411,"25":117.838,"26":119.331,"27":120.769,"28":122.227,"29":124.179,"30":125.889,"31":128.12,"32":130.612,"33":133.248,"34":136.131,"35":139.428,"36":143.217,"37":146.712,"38":150.744,"39":155.199,"40":160.707,"41":165.903,"42":172.315,"43":179.297,"44":188.415},"TimePos":{"0":0.981,"1":1.195,"2":1.077,"3":1.205,"4":0.984,"5":0.93,"6":0.796,"7":0.5458,"8":0.453,"9":0.58,"10":0.4204,"11":0.3454,"12":0.4067,"13":0.3673,"14":0.693,"15":0.526,"16":0.407,"17":0.514,"18":0.614,"19":0.586,"20":0.3755,"21":0.649,"22":0.4495,"23":0.74,"24":0.811,"25":0.747,"26":0.716,"27":0.485,"28":0.862,"29":0.883,"30":0.942,"31":1.278,"32":1.115,"33":1.103,"34":1.798,"35":1.776,"36":1.796,"37":2.092,"38":1.726,"39":3.636,"40":2.389,"41":3.275,"42":2.706,"43":3.634,"44":5.696},"TimeNeg":{"0":-0.985,"1":-0.833,"2":-1.424,"3":-1.161,"4":-0.919,"5":-0.981,"6":-1.06,"7":-0.447,"8":-0.617,"9":-0.614,"10":-0.5261,"11":-0.4,"12":-0.3565,"13":-0.4457,"14":-0.566,"15":-0.492,"16":-0.4257,"17":-0.524,"18":-0.565,"19":-0.505,"20":-0.4589,"21":-0.563,"22":-0.4792,"23":-0.842,"24":-0.818,"25":-0.616,"26":-0.747,"27":-0.722,"28":-0.974,"29":-1.09,"30":-0.827,"31":-1.289,"32":-1.214,"33":-1.521,"34":-1.78,"35":-1.499,"36":-2.013,"37":-1.699,"38":-1.939,"39":-2.73,"40":-1.872,"41":-2.806,"42":-3.138,"43":-4.276,"44":-5.484},"Rate":{"0":25.69834,"1":24.909,"2":20.19646,"3":21.01095,"4":26.47175,"5":25.25917,"6":26.43103,"7":49.40369,"8":45.86908,"9":41.08332,"10":51.81774,"11":65.79287,"12":64.26002,"13":58.40319,"14":38.30003,"15":48.16924,"16":58.87484,"17":47.26086,"18":41.5579,"19":44.94904,"20":58.74852,"21":40.45989,"22":51.94379,"23":30.04581,"24":29.97524,"25":37.02287,"26":33.95147,"27":41.16289,"28":27.48025,"29":25.57223,"30":28.24106,"31":18.78874,"32":20.71197,"33":18.38092,"34":13.26552,"35":14.49425,"36":9.521366,"37":13.03463,"38":9.181202,"39":5.033594,"40":7.8957,"41":5.432993,"42":5.327227,"43":4.034989,"44":2.854929},"RatePos":{"0":3.830888,"1":3.71322,"2":3.010715,"3":3.200858,"4":3.946181,"5":3.848041,"6":3.940111,"7":7.364677,"8":6.837769,"9":6.124348,"10":7.724544,"11":9.807836,"12":9.579332,"13":9.094305,"14":5.834717,"15":7.180657,"16":8.776556,"17":7.045243,"18":6.195095,"19":6.700617,"20":8.757726,"21":6.031413,"22":7.91324,"23":4.678611,"24":4.667622,"25":5.519052,"26":5.172248,"27":6.270853,"28":4.09652,"29":3.812088,"30":4.209935,"31":2.862321,"32":3.155311,"33":2.800193,"34":2.065652,"35":2.256985,"36":1.680562,"37":1.94309,"38":1.676252,"39":0.98143,"40":1.441552,"41":1.03984,"42":1.038681,"43":0.7611207,"44":0.5385259},"RateNeg":{"0":-3.830889,"1":-3.713221,"2":-3.010715,"3":-3.200858,"4":-3.946182,"5":-3.848042,"6":-3.940112,"7":-7.364679,"8":-6.837771,"9":-6.12435,"10":-7.724546,"11":-9.807839,"12":-9.579335,"13":-9.094307,"14":-5.834718,"15":-7.180659,"16":-8.776558,"17":-7.045245,"18":-6.195097,"19":-6.700619,"20":-8.757728,"21":-6.031414,"22":-7.913242,"23":-4.678612,"24":-4.667623,"25":-5.519053,"26":-5.172249,"27":-6.270855,"28":-4.096522,"29":-3.81209,"30":-4.209936,"31":-2.862322,"32":-3.155311,"33":-2.800194,"34":-2.065653,"35":-2.256986,"36":-1.680562,"37":-1.943091,"38":-1.676252,"39":-0.9814301,"40":-1.441553,"41":-1.039841,"42":-1.038681,"43":-0.7611209,"44":-0.5385259},"FracExp":{"0":1.0,"1":1.0,"2":1.0,"3":1.0,"4":1.0,"5":1.0,"6":1.0,"7":1.0,"8":1.0,"9":1.0,"10":1.0,"11":1.0,"12":1.0,"13":1.0,"14":1.0,"15":1.0,"16":1.0,"17":1.0,"18":1.0,"19":1.0,"20":1.0,"21":1.0,"22":1.0,"23":1.0,"24":1.0,"25":1.0,"26":1.0,"27":1.0,"28":1.0,"29":1.0,"30":1.0,"31":1.0,"32":1.0,"33":1.0,"34":1.0,"35":1.0,"36":1.0,"37":1.0,"38":1.0,"39":1.0,"40":1.0,"41":1.0,"42":1.0,"43":1.0,"44":1.0},"BGrate":{"0":0.0,"1":0.0,"2":0.0,"3":0.3026123,"4":0.0,"5":0.3747396,"6":0.0,"7":0.0,"8":0.0,"9":0.0,"10":0.0,"11":0.0,"12":0.0,"13":1.761395,"14":0.5684639,"15":0.0,"16":0.0,"17":0.0,"18":0.0,"19":0.0,"20":0.0,"21":0.0,"22":0.7710228,"23":0.9054461,"24":0.8787741,"25":0.0,"26":0.4896249,"27":0.5936231,"28":0.0,"29":0.0,"30":0.0,"31":0.2789169,"32":0.3074671,"33":0.2728629,"34":0.4002724,"35":0.4372363,"36":0.1879842,"37":0.0,"38":0.0,"39":0.2249721,"40":0.0,"41":0.2355025,"42":0.2450379,"43":0.09052518,"44":0.0640475},"BGerr":{"0":0.0,"1":0.0,"2":0.0,"3":0.3026123,"4":0.0,"5":0.3747396,"6":0.0,"7":0.0,"8":0.0,"9":0.0,"10":0.0,"11":0.0,"12":0.0,"13":1.245494,"14":0.5684639,"15":0.0,"16":0.0,"17":0.0,"18":0.0,"19":0.0,"20":0.0,"21":0.0,"22":0.7710228,"23":0.6402471,"24":0.6213871,"25":0.0,"26":0.4896249,"27":0.5936231,"28":0.0,"29":0.0,"30":0.0,"31":0.2789169,"32":0.3074671,"33":0.2728629,"34":0.2830353,"35":0.3091727,"36":0.1879842,"37":0.0,"38":0.0,"39":0.1590793,"40":0.0,"41":0.1665254,"42":0.173268,"43":0.09052518,"44":0.0640475},"CorrFact":{"0":1.122679,"1":1.122679,"2":1.122679,"3":1.122679,"4":1.119766,"5":1.089899,"6":1.089899,"7":1.089899,"8":1.089899,"9":1.089899,"10":1.089899,"11":1.089899,"12":1.089899,"13":1.089899,"14":1.089414,"15":1.089339,"16":1.089339,"17":1.089339,"18":1.089339,"19":1.089339,"20":1.089339,"21":1.089339,"22":1.089339,"23":1.090756,"24":1.121222,"25":1.121222,"26":1.121222,"27":1.121222,"28":1.121222,"29":1.121222,"30":1.109847,"31":1.08923,"32":1.08923,"33":1.08923,"34":1.089369,"35":1.089647,"36":1.089647,"37":1.098177,"38":1.121635,"39":1.121616,"40":1.121446,"41":1.117368,"42":1.08984,"43":1.089899,"44":1.08995},"CtsInSrc":{"0":45.0,"1":45.0,"2":45.0,"3":45.0,"4":45.0,"5":45.0,"6":45.0,"7":45.0,"8":45.0,"9":45.0,"10":45.0,"11":45.0,"12":45.0,"13":45.0,"14":45.0,"15":45.0,"16":45.0,"17":45.0,"18":45.0,"19":45.0,"20":45.0,"21":45.0,"22":45.0,"23":45.0,"24":45.0,"25":45.0,"26":45.0,"27":45.0,"28":45.0,"29":45.0,"30":45.0,"31":45.0,"32":45.0,"33":45.0,"34":45.0,"35":45.0,"36":34.0,"37":45.0,"38":30.0,"39":30.0,"40":30.0,"41":31.0,"42":30.0,"43":30.0,"44":30.0},"BGInSrc":{"0":0.0,"1":0.0,"2":0.0,"3":0.716049,"4":0.0,"5":0.716049,"6":0.0,"7":0.0,"8":0.0,"9":0.0,"10":0.0,"11":0.0,"12":0.0,"13":1.432099,"14":0.716049,"15":0.0,"16":0.0,"17":0.0,"18":0.0,"19":0.0,"20":0.0,"21":0.0,"22":0.716049,"23":1.432099,"24":1.432099,"25":0.0,"26":0.716049,"27":0.716049,"28":0.0,"29":0.0,"30":0.0,"31":0.716049,"32":0.716049,"33":0.716049,"34":1.432099,"35":1.432099,"36":0.716049,"37":0.0,"38":0.0,"39":1.432099,"40":0.0,"41":1.432099,"42":1.432099,"43":0.716049,"44":0.716049},"Exposure":{"0":1.965908,"1":2.028206,"2":2.501457,"3":2.366227,"4":1.903518,"5":1.910792,"6":1.855601,"7":0.992749,"8":1.069248,"9":1.193804,"10":0.946499,"11":0.745452,"12":0.763234,"13":0.813048,"14":1.259622,"15":1.017667,"16":0.832618,"17":1.037227,"18":1.179565,"19":1.090574,"20":0.834408,"21":1.211577,"22":0.928701,"23":1.58165,"24":1.629655,"25":1.362806,"26":1.462445,"27":1.206236,"28":1.836046,"29":1.973039,"30":1.768458,"31":2.56725,"32":2.328865,"33":2.62421,"34":3.577811,"35":3.275343,"36":3.809093,"37":3.791285,"38":3.664994,"39":6.365674,"40":4.260975,"41":6.081034,"42":5.844397,"43":7.909947,"44":11.179973},"Sigma":{"0":1000.0,"1":1000.0,"2":1000.0,"3":61.844828,"4":1000.0,"5":61.844828,"6":1000.0,"7":1000.0,"8":1000.0,"9":1000.0,"10":1000.0,"11":1000.0,"12":1000.0,"13":43.02379,"14":61.844828,"15":1000.0,"16":1000.0,"17":1000.0,"18":1000.0,"19":1000.0,"20":1000.0,"21":1000.0,"22":61.844828,"23":43.02379,"24":43.02379,"25":1000.0,"26":61.844828,"27":61.844828,"28":1000.0,"29":1000.0,"30":1000.0,"31":61.844828,"32":61.844828,"33":61.844828,"34":43.02379,"35":43.02379,"36":46.482759,"37":1000.0,"38":1000.0,"39":28.211122,"40":1000.0,"41":29.198633,"42":28.211122,"43":40.896552,"44":40.896552},"SNR":{"0":6.708192,"1":6.708193,"2":6.708193,"3":6.564161,"4":6.708193,"5":6.564161,"6":6.708193,"7":6.708193,"8":6.708193,"9":6.708192,"10":6.708192,"11":6.708192,