{"Time":{"0":81.592,"1":84.185,"2":87.521,"3":91.257,"4":94.726,"5":99.146},"TimePos":{"0":1.15,"1":1.099,"2":1.865,"3":1.743,"4":1.855,"5":3.271},"TimeNeg":{"0":-1.25,"1":-1.444,"2":-2.237,"3":-1.87,"4":-1.726,"5":-2.565},"Rate":{"0":20.05525,"1":18.93274,"2":11.93975,"3":9.044661,"4":9.432787,"5":5.602416},"RatePos":{"0":3.06315,"1":2.891703,"2":1.779879,"3":1.651325,"4":1.694183,"5":1.022859},"RateNeg":{"0":-3.063148,"1":-2.891701,"2":-1.779878,"3":-1.651324,"4":-1.694182,"5":-1.022858},"FracExp":{"0":1.0,"1":1.0,"2":1.0,"3":1.0,"4":1.0,"5":1.0},"BGrate":{"0":0.3258478,"1":0.3076098,"2":0.0,"3":0.0,"4":0.0,"5":0.0},"BGerr":{"0":0.3258478,"1":0.3076098,"2":0.0,"3":0.0,"4":0.0,"5":0.0},"CorrFact":{"0":1.088554,"1":1.088554,"2":1.088554,"3":1.089393,"4":1.089753,"5":1.089768},"CtsInSrc":{"0":45.0,"1":45.0,"2":45.0,"3":30.0,"4":31.0,"5":30.0},"BGInSrc":{"0":0.782051,"1":0.782051,"2":0.0,"3":0.0,"4":0.0,"5":0.0},"Exposure":{"0":2.400051,"1":2.542349,"2":4.102674,"3":3.61338,"4":3.581375,"5":5.835523},"Sigma":{"0":56.540984,"1":56.540984,"2":1000.0,"3":1000.0,"4":1000.0,"5":1000.0},"SNR":{"0":6.547267,"1":6.547267,"2":6.708188,"3":5.477217,"4":5.567754,"5":5.477216},"SYS_NEG":{"0":0.999697,"1":0.999691,"2":0.99968,"3":0.999669,"4":0.999661,"5":0.999651},"SYS_POS":{"0":1.000348,"1":1.000354,"2":1.000367,"3":1.00038,"4":1.000389,"5":1.000402}}