{"Time":{"0":84.927,"1":87.696,"2":91.071,"3":94.64,"4":98.17,"5":102.995,"6":107.29,"7":110.753,"8":113.932,"9":116.971,"10":119.622,"11":122.014,"12":124.09,"13":125.652,"14":127.511,"15":129.294,"16":130.881,"17":132.479,"18":134.455,"19":136.471,"20":138.702,"21":141.277,"22":144.982,"23":148.197,"24":151.771,"25":156.13,"26":161.297,"27":167.581,"28":172.721,"29":179.246,"30":185.695,"31":194.132},"TimePos":{"0":1.143,"1":1.773,"2":1.783,"3":1.727,"4":2.575,"5":2.036,"6":1.586,"7":1.736,"8":1.661,"9":1.279,"10":1.45,"11":1.07,"12":0.717,"13":0.846,"14":0.921,"15":0.985,"16":0.789,"17":0.861,"18":0.906,"19":1.162,"20":1.09,"21":1.498,"22":1.771,"23":2.018,"24":2.022,"25":2.669,"26":2.982,"27":2.606,"28":3.095,"29":2.575,"30":4.024,"31":4.059},"TimeNeg":{"0":-1.212,"1":-1.625,"2":-1.602,"3":-1.785,"4":-1.803,"5":-2.25,"6":-2.259,"7":-1.877,"8":-1.443,"9":-1.378,"10":-1.372,"11":-0.943,"12":-1.007,"13":-0.844,"14":-1.013,"15":-0.862,"16":-0.602,"17":-0.81,"18":-1.115,"19":-1.11,"20":-1.068,"21":-1.486,"22":-2.207,"23":-1.444,"24":-1.556,"25":-2.337,"26":-2.498,"27":-3.302,"28":-2.534,"29":-3.429,"30":-3.874,"31":-4.414},"Rate":{"0":31.98316,"1":22.52863,"2":22.97042,"3":20.89821,"4":16.73094,"5":16.90939,"6":14.46936,"7":14.91393,"8":16.5021,"9":20.18671,"10":18.28824,"11":26.05917,"12":30.89946,"13":31.46602,"14":26.44083,"15":28.5824,"16":37.34651,"17":30.60769,"18":26.11717,"19":23.24182,"20":24.49654,"21":17.71888,"22":12.87349,"23":15.34762,"24":14.42748,"25":9.939728,"26":9.78612,"27":5.682868,"28":6.393818,"29":6.012502,"30":4.475182,"31":4.557951},"RatePos":{"0":5.551175,"1":3.866969,"2":3.435081,"3":3.236545,"4":2.861228,"5":2.890813,"6":2.316183,"7":2.412533,"8":2.803438,"9":3.094922,"10":2.885945,"11":4.022185,"12":4.663012,"13":4.740959,"14":4.148756,"15":4.2983,"16":5.735017,"17":4.798567,"18":3.924967,"19":3.492973,"20":3.680344,"21":2.666608,"22":2.020482,"23":2.310582,"24":2.271971,"25":1.555602,"26":1.481172,"27":1.156528,"28":1.225583,"29":1.155148,"30":0.8907254,"31":0.8609448},"RateNeg":{"0":-5.706877,"1":-3.663298,"2":-3.478707,"3":-3.237585,"4":-2.621941,"5":-2.82114,"6":-2.305389,"7":-2.407903,"8":-2.801877,"9":-3.093481,"10":-2.884251,"11":-4.019396,"12":-4.659009,"13":-4.736361,"14":-4.144739,"15":-4.293652,"16":-5.729085,"17":-4.793731,"18":-3.920618,"19":-3.489109,"20":-3.676234,"21":-2.663831,"22":-2.018557,"23":-2.308222,"24":-2.270326,"25":-1.554647,"26":-1.480198,"27":-1.156243,"28":-1.225129,"29":-1.15461,"30":-0.8899503,"31":-0.8591143},"FracExp":{"0":1.0,"1":1.0,"2":1.0,"3":1.0,"4":1.0,"5":1.0,"6":1.0,"7":1.0,"8":1.0,"9":1.0,"10":1.0,"11":1.0,"12":1.0,"13":1.0,"14":1.0,"15":1.0,"16":1.0,"17":1.0,"18":1.0,"19":1.0,"20":1.0,"21":1.0,"22":1.0,"23":1.0,"24":1.0,"25":1.0,"26":1.0,"27":1.0,"28":1.0,"29":1.0,"30":1.0,"31":1.0},"BGrate":{"0":0.5974813,"1":0.2070871,"2":0.0,"3":0.2003733,"4":0.0,"5":0.0,"6":0.0,"7":0.3894967,"8":1.133337,"9":0.264928,"10":0.498786,"11":0.3497181,"12":0.0,"13":0.0,"14":0.7277637,"15":0.0,"16":0.5058021,"17":0.8424534,"18":0.0,"19":0.0,"20":0.0,"21":0.0,"22":0.3537886,"23":0.0,"24":0.3933726,"25":0.0,"26":0.0,"27":0.3573042,"28":0.1250109,"29":0.1171958,"30":0.1782089,"31":0.0},"BGerr":{"0":0.4224831,"1":0.2070871,"2":0.0,"3":0.2003733,"4":0.0,"5":0.0,"6":0.0,"7":0.2754157,"8":0.5068436,"9":0.264928,"10":0.352695,"11":0.3497181,"12":0.0,"13":0.0,"14":0.5146067,"15":0.0,"16":0.5058021,"17":0.5957045,"18":0.0,"19":0.0,"20":0.0,"21":0.0,"22":0.2501663,"23":0.0,"24":0.2781565,"25":0.0,"26":0.0,"27":0.2062897,"28":0.1250109,"29":0.1171958,"30":0.1260128,"31":0.0},"CorrFact":{"0":1.72824,"1":1.72824,"2":1.72824,"3":1.656882,"4":1.627893,"5":1.610485,"6":1.236219,"7":1.236219,"8":1.235054,"9":1.183763,"10":1.183763,"11":1.183763,"12":1.183763,"13":1.181847,"14":1.172983,"15":1.172983,"16":1.172983,"17":1.172983,"18":1.172983,"19":1.173424,"20":1.174788,"21":1.174788,"22":1.174788,"23":1.180798,"24":1.184114,"25":1.184832,"26":1.191658,"27":1.203952,"28":1.22854,"29":1.232311,"30":1.236083,"31":1.287188},"CtsInSrc":{"0":45.0,"1":45.0,"2":45.0,"3":45.0,"4":45.0,"5":45.0,"6":45.0,"7":45.0,"8":45.0,"9":46.0,"10":45.0,"11":45.0,"12":45.0,"13":45.0,"14":45.0,"15":45.0,"16":45.0,"17":45.0,"18":45.0,"19":45.0,"20":45.0,"21":45.0,"22":45.0,"23":45.0,"24":45.0,"25":42.0,"26":45.0,"27":30.0,"28":30.0,"29":30.0,"30":30.0,"31":30.0},"BGInSrc":{"0":1.407407,"1":0.703704,"2":0.0,"3":0.703704,"4":0.0,"5":0.0,"6":0.0,"7":1.407407,"8":3.518519,"9":0.703704,"10":1.407407,"11":0.703704,"12":0.0,"13":0.0,"14":1.407407,"15":0.0,"16":0.703704,"17":1.407407,"18":0.0,"19":0.0,"20":0.0,"21":0.0,"22":1.407407,"23":0.0,"24":1.407407,"25":0.0,"26":0.0,"27":2.111111,"28":0.703704,"29":0.703704,"30":1.407407,"31":0.0},"Exposure":{"0":2.355567,"1":3.398104,"2":3.385694,"3":3.511963,"4":4.378426,"5":4.285891,"6":3.844667,"7":3.6134,"8":3.104566,"9":2.656208,"10":2.821666,"11":2.012202,"12":1.723957,"13":1.690176,"14":1.93388,"15":1.84674,"16":1.391263,"17":1.670606,"18":2.021056,"19":2.271943,"20":2.158079,"21":2.983567,"22":3.978102,"23":3.462158,"24":3.577797,"25":5.00647,"26":5.479662,"27":5.908442,"28":5.629138,"29":6.004515,"30":7.897512,"31":8.472148},"Sigma":{"0":43.803404,"1":62.947368,"2":1000.0,"3":62.947368,"4":1000.0,"5":1000.0,"6":1000.0,"7":43.803404,"8":26.362065,"9":64.368421,"10":43.803404,"11":62.947368,"12":1000.0,"13":1000.0,"14":43.803404,"15":1000.0,"16":62.947368,"17":43.803404,"18":1000.0,"19":1000.0,"20":1000.0,"21":1000.0,"22":43.803404,"23":1000.0,"24":43.803404,"25":1000.0,"26":1000.0,"27":22.881303,"28":41.631579,"29":41.631579,"30":28.730865,"31":1000.0},"SNR":{"0":5.604318,"1":6.149822,"2":6.603148,"3":6.454875,"4":6.381125,"5":5.993815,"6":6.27632,"7":6.193743,"8":5.88966,"9":6.525564,"10":6.340724,"11":6.483355,"12":6.632195,"13":6.643502,"14":6.379372,"15":6.656897,"16":6.518757,"17":6.384941,"18":6.661493,"19":6.661248,"20":6.663487,"21":6.651652,"22":6.377569,"23":6.649109,"24":6.354803,"25":6.39356,"26":6.611358,"27":4.914945,"28":5.218895,"29":5.207386,"30":5.028575,"31":5.305408},"SYS_NEG":{"0":0.912609,"1":0.942951,"2":0.973303,"3":0.971461,"4":0.951663,"5":0.925081,"6":0.943755,"7":0.956806,"8":0.964822,"9":0.971323,"10":0.974093,"11":0.975422,"12":0.977366,"13":0.979144,"14":0.980745,"15":0.981456,"16":0.981389,"17":0.981892,"18":0.982315,"19":0.982269,"20":0.982701,"21":0.98052,"22":0.980388,"23":0.980081,"24":0.976312,"25":0.974432,"26":0.974391,"27":0.969741,"28":0.96559,"29":0.963305,"30":0.959508,"31":0.95316},"SYS_POS":{"0":1.076965,"1":1.079224,"2":1.011878,"3":1.028267,"4":1.083807,"5":1.083694,"6":1.058325,"7":1.04434,"8":1.035631,"9":1.029056,"10":1.026465,"11":1.025241,"12":1.023481,"13":1.021886,"14":1.020454,"15":1.019818,"16":1.019878,"17":1.019427,"18":1.019046,"19":1.019088,"20":1.018699,"21":1.020655,"22":1.020774,"23":1.021048,"24":1.024434,"25":1.02615,"26":1.02619,"27":1.030595,"28":1.034804,"29":1.03716,"30":1.041335,"31":1.048431}}