{"Time":{"0":149.846,"1":154.333,"2":158.331,"3":162.851,"4":167.207,"5":170.833,"6":175.813,"7":179.436,"8":184.998},"TimePos":{"0":2.443,"1":2.108,"2":2.678,"3":2.021,"4":1.464,"5":2.621,"6":1.948,"7":2.042,"8":3.755},"TimeNeg":{"0":-2.651,"1":-2.045,"2":-1.89,"3":-1.841,"4":-2.334,"5":-2.163,"6":-2.359,"7":-1.674,"8":-3.52},"Rate":{"0":6.378706,"1":7.824648,"2":10.48098,"3":8.4106,"4":8.329346,"5":6.789736,"6":7.541366,"7":8.739512,"8":4.464687},"RatePos":{"0":1.164589,"1":1.428581,"2":1.600818,"3":1.53556,"4":1.577265,"5":1.239632,"6":1.376861,"7":1.595611,"8":0.8151377},"RateNeg":{"0":-1.164588,"1":-1.42858,"2":-1.600817,"3":-1.53556,"4":-1.577265,"5":-1.239632,"6":-1.37686,"7":-1.595611,"8":-0.8151374},"FracExp":{"0":1.0,"1":1.0,"2":1.0,"3":1.0,"4":1.0,"5":1.0,"6":1.0,"7":1.0,"8":1.0},"BGrate":{"0":0.0,"1":0.0,"2":0.1711736,"3":0.0,"4":0.2058893,"5":0.0,"6":0.0,"7":0.0,"8":0.0},"BGerr":{"0":0.0,"1":0.0,"2":0.1711736,"3":0.0,"4":0.2058893,"5":0.0,"6":0.0,"7":0.0,"8":0.0},"CorrFact":{"0":1.08305,"1":1.08305,"2":1.082934,"3":1.082849,"4":1.082836,"5":1.082747,"6":1.082747,"7":1.0827,"8":1.08266},"CtsInSrc":{"0":30.0,"1":30.0,"2":45.0,"3":30.0,"4":30.0,"5":30.0,"6":30.0,"7":30.0,"8":30.0},"BGInSrc":{"0":0.0,"1":0.0,"2":0.782051,"3":0.0,"4":0.782051,"5":0.0,"6":0.0,"7":0.0,"8":0.0},"Exposure":{"0":5.093742,"1":4.152453,"2":4.568761,"3":3.862446,"4":3.798406,"5":4.784045,"6":4.307231,"7":3.71657,"8":7.274818},"Sigma":{"0":1000.0,"1":1000.0,"2":56.540984,"3":1000.0,"4":37.360656,"5":1000.0,"6":1000.0,"7":1000.0,"8":1000.0},"SNR":{"0":5.47722,"1":5.47722,"2":6.547271,"3":5.47722,"4":5.28088,"5":5.47722,"6":5.47722,"7":5.47722,"8":5.47722},"SYS_NEG":{"0":0.999745,"1":0.999745,"2":0.999745,"3":0.999745,"4":0.999744,"5":0.999745,"6":0.999745,"7":0.999745,"8":0.999746},"SYS_POS":{"0":1.00029,"1":1.00029,"2":1.00029,"3":1.00029,"4":1.000291,"5":1.00029,"6":1.00029,"7":1.00029,"8":1.000289}}