{"Time":{"0":130.607,"1":132.889,"2":135.172,"3":138.58,"4":141.849,"5":145.097,"6":148.625,"7":151.841,"8":155.232,"9":158.567,"10":162.38,"11":166.164,"12":169.195,"13":172.916,"14":177.205,"15":181.361,"16":185.167,"17":188.339,"18":192.15,"19":196.607,"20":201.114,"21":204.753,"22":208.45,"23":213.517,"24":218.337,"25":222.31,"26":226.553},"TimePos":{"0":1.29,"1":0.94,"2":1.571,"3":1.682,"4":1.36,"5":2.008,"6":1.217,"7":1.889,"8":1.643,"9":1.811,"10":1.845,"11":1.644,"12":1.382,"13":2.342,"14":2.408,"15":2.066,"16":1.575,"17":2.025,"18":2.376,"19":2.231,"20":1.882,"21":1.564,"22":1.887,"23":2.429,"24":2.317,"25":1.779,"26":2.813},"TimeNeg":{"0":-1.246,"1":-0.992,"2":-1.343,"3":-1.837,"4":-1.586,"5":-1.888,"6":-1.521,"7":-1.998,"8":-1.502,"9":-1.691,"10":-2.003,"11":-1.939,"12":-1.386,"13":-2.339,"14":-1.947,"15":-1.748,"16":-1.74,"17":-1.597,"18":-1.786,"19":-2.082,"20":-2.276,"21":-1.757,"22":-2.132,"23":-3.18,"24":-2.39,"25":-1.657,"26":-2.464},"Rate":{"0":19.54152,"1":25.64138,"2":17.27502,"3":14.3055,"4":16.26999,"5":12.71389,"6":18.09189,"7":12.63833,"8":15.5483,"9":13.96829,"10":12.70807,"11":13.4308,"12":17.38426,"13":10.28115,"14":9.980869,"15":8.596943,"16":15.18528,"17":13.8951,"18":12.02637,"19":7.379564,"20":7.841411,"21":9.814853,"22":7.918039,"23":5.811588,"24":6.759718,"25":9.80548,"26":5.883148},"RatePos":{"0":2.977003,"1":3.906271,"2":2.575213,"3":2.132543,"4":2.590139,"5":1.936865,"6":2.756162,"7":1.884015,"8":2.317809,"9":2.082274,"10":1.89441,"11":2.046081,"12":2.64836,"13":1.566255,"14":1.578117,"15":1.569582,"16":2.263692,"17":2.071363,"18":1.792789,"19":1.392009,"20":1.431641,"21":1.791941,"22":1.493582,"23":1.061047,"24":1.275087,"25":1.761119,"26":1.147073},"RateNeg":{"0":-2.977005,"1":-3.906273,"2":-2.575214,"3":-2.132544,"4":-2.59014,"5":-1.936866,"6":-2.756163,"7":-1.884016,"8":-2.31781,"9":-2.082275,"10":-1.894411,"11":-2.046081,"12":-2.648361,"13":-1.566255,"14":-1.578117,"15":-1.569582,"16":-2.263693,"17":-2.071364,"18":-1.792789,"19":-1.392009,"20":-1.431642,"21":-1.791942,"22":-1.493582,"23":-1.061048,"24":-1.275088,"25":-1.761119,"26":-1.147073},"FracExp":{"0":1.0,"1":1.0,"2":1.0,"3":1.0,"4":1.0,"5":1.0,"6":1.0,"7":1.0,"8":1.0,"9":1.0,"10":1.0,"11":1.0,"12":1.0,"13":1.0,"14":1.0,"15":1.0,"16":1.0,"17":1.0,"18":1.0,"19":1.0,"20":1.0,"21":1.0,"22":1.0,"23":1.0,"24":1.0,"25":1.0,"26":1.0},"BGrate":{"0":0.2824388,"1":0.3706017,"2":0.0,"3":0.0,"4":0.7291178,"5":0.1837769,"6":0.2615149,"7":0.0,"8":0.0,"9":0.0,"10":0.0,"11":0.1998369,"12":0.2586604,"13":0.1529728,"14":0.0,"15":0.0,"16":0.0,"17":0.0,"18":0.0,"19":0.1660374,"20":0.0,"21":0.0,"22":0.1781651,"23":0.0,"24":0.1521061,"25":0.0,"26":0.2713914},"BGerr":{"0":0.2824388,"1":0.3706017,"2":0.0,"3":0.0,"4":0.4209564,"5":0.1837769,"6":0.2615149,"7":0.0,"8":0.0,"9":0.0,"10":0.0,"11":0.1998369,"12":0.2586604,"13":0.1529728,"14":0.0,"15":0.0,"16":0.0,"17":0.0,"18":0.0,"19":0.1660374,"20":0.0,"21":0.0,"22":0.1781651,"23":0.0,"24":0.1521061,"25":0.0,"26":0.1919027},"CorrFact":{"0":1.118744,"1":1.118744,"2":1.118744,"3":1.118722,"4":1.118624,"5":1.118624,"6":1.118624,"7":1.091775,"8":1.086829,"9":1.086829,"10":1.086752,"11":1.086733,"12":1.086733,"13":1.086735,"14":1.086737,"15":1.093087,"16":1.118486,"17":1.118486,"18":1.112143,"19":1.086771,"20":1.086771,"21":1.086714,"22":1.086697,"23":1.086687,"24":1.086664,"25":1.086664,"26":1.086697},"CtsInSrc":{"0":45.0,"1":45.0,"2":45.0,"3":45.0,"4":45.0,"5":45.0,"6":45.0,"7":45.0,"8":45.0,"9":45.0,"10":45.0,"11":45.0,"12":45.0,"13":45.0,"14":40.0,"15":30.0,"16":45.0,"17":45.0,"18":45.0,"19":30.0,"20":30.0,"21":30.0,"22":30.0,"23":30.0,"24":30.0,"25":31.0,"26":30.0},"BGInSrc":{"0":0.716049,"1":0.716049,"2":0.0,"3":0.0,"4":2.148148,"5":0.716049,"6":0.716049,"7":0.0,"8":0.0,"9":0.0,"10":0.0,"11":0.716049,"12":0.716049,"13":0.716049,"14":0.0,"15":0.0,"16":0.0,"17":0.0,"18":0.0,"19":0.716049,"20":0.0,"21":0.0,"22":0.716049,"23":0.0,"24":0.716049,"25":0.0,"26":1.432099},"Exposure":{"0":2.535237,"1":1.932126,"2":2.914236,"3":3.519101,"4":2.946229,"5":3.896296,"6":2.738083,"7":3.887369,"8":3.145508,"9":3.50131,"10":3.848252,"11":3.583168,"12":2.768299,"13":4.680892,"14":4.355278,"15":3.814449,"16":3.314518,"17":3.622276,"18":4.161393,"19":4.312579,"20":4.157815,"21":3.321642,"22":4.019022,"23":5.609587,"24":4.707566,"25":3.435486,"26":5.276876},"Sigma":{"0":61.844828,"1":61.844828,"2":1000.0,"3":1000.0,"4":34.551427,"5":61.844828,"6":61.844828,"7":1000.0,"8":1000.0,"9":1000.0,"10":1000.0,"11":61.844828,"12":61.844828,"13":61.844828,"14":1000.0,"15":1000.0,"16":1000.0,"17":1000.0,"18":1000.0,"19":40.896552,"20":1000.0,"21":1000.0,"22":40.896552,"23":1000.0,"24":40.896552,"25":1000.0,"26":28.211122},"SNR":{"0":6.564155,"1":6.564155,"2":6.708187,"3":6.708187,"4":6.281508,"5":6.564156,"6":6.564156,"7":6.708188,"8":6.708188,"9":6.708188,"10":6.708188,"11":6.564157,"12":6.564157,"13":6.564157,"14":6.324542,"15":5.477217,"16":6.708189,"17":6.708189,"18":6.708188,"19":5.301375,"20":5.477217,"21":5.477217,"22":5.301375,"23":5.477217,"24":5.301375,"25":5.567755,"26":5.128834},"SYS_NEG":{"0":0.999654,"1":0.999658,"2":0.999661,"3":0.999665,"4":0.999667,"5":0.999668,"6":0.999672,"7":0.999675,"8":0.999677,"9":0.999678,"10":0.99968,"11":0.99968,"12":0.999681,"13":0.99968,"14":0.99968,"15":0.999681,"16":0.999682,"17":0.999682,"18":0.999679,"19":0.999679,"20":0.999678,"21":0.999677,"22":0.999676,"23":0.999676,"24":0.999675,"25":0.999675,"26":0.999674},"SYS_POS":{"0":1.000311,"1":1.000308,"2":1.000306,"3":1.000302,"4":1.000301,"5":1.000299,"6":1.000296,"7":1.000294,"8":1.000292,"9":1.000291,"10":1.00029,"11":1.000289,"12":1.000289,"13":1.000289,"14":1.00029,"15":1.000289,"16":1.000288,"17":1.000288,"18":1.00029,"19":1.00029,"20":1.000291,"21":1.000292,"22":1.000293,"23":1.000292,"24":1.000294,"25":1.000294,"26":1.000294}}