{"Time":{"0":85.359,"1":86.537,"2":87.867,"3":89.162,"4":90.848,"5":92.435,"6":94.607,"7":96.89,"8":99.518,"9":102.976,"10":107.831,"11":113.076,"12":118.706,"13":747.472,"14":891.697},"TimePos":{"0":0.497,"1":0.723,"2":0.598,"3":0.909,"4":0.791,"5":1.273,"6":1.152,"7":1.223,"8":1.293,"9":2.534,"10":2.177,"11":2.266,"12":2.549,"13":119.999,"14":22.703},"TimeNeg":{"0":-0.65,"1":-0.681,"2":-0.607,"3":-0.697,"4":-0.777,"5":-0.796,"6":-0.899,"7":-1.131,"8":-1.406,"9":-2.165,"10":-2.321,"11":-3.068,"12":-3.364,"13":-138.515,"14":-24.226},"Rate":{"0":45.15861,"1":36.91614,"2":42.39806,"3":32.25544,"4":33.06144,"5":24.68055,"6":24.76647,"7":21.44145,"8":18.69945,"9":10.74101,"10":11.08822,"11":6.189407,"12":5.469736,"13":0.3752628,"14":0.6411991},"RatePos":{"0":6.732075,"1":5.503347,"2":6.444322,"3":4.808623,"4":4.928827,"5":3.751453,"6":3.764576,"7":3.196659,"8":2.787954,"9":1.601483,"10":1.685701,"11":1.163672,"12":1.059235,"13":0.09367978,"14":0.1360245},"RateNeg":{"0":-6.732404,"1":-5.503643,"2":-6.44471,"3":-4.808957,"4":-4.92921,"5":-3.751783,"6":-3.764959,"7":-3.197034,"8":-2.788357,"9":-1.60177,"10":-1.686068,"11":-1.163871,"12":-1.05944,"13":-0.09368882,"14":-0.1360427},"FracExp":{"0":1.0,"1":1.0,"2":1.0,"3":1.0,"4":1.0,"5":1.0,"6":1.0,"7":1.0,"8":1.0,"9":1.0,"10":1.0,"11":1.0,"12":1.0,"13":0.27217,"14":1.0},"BGrate":{"0":0.0,"1":0.0,"2":0.5432471,"3":0.0,"4":0.0,"5":0.3162323,"6":0.318998,"7":0.0,"8":0.0,"9":0.0,"10":0.145482,"11":0.1226748,"12":0.2212873,"13":0.0929966,"14":0.06971322},"BGerr":{"0":0.0,"1":0.0,"2":0.5432471,"3":0.0,"4":0.0,"5":0.3162323,"6":0.318998,"7":0.0,"8":0.0,"9":0.0,"10":0.145482,"11":0.1226748,"12":0.1564738,"13":0.02940811,"14":0.0311767},"CorrFact":{"0":1.151564,"1":1.151564,"2":1.151564,"3":1.151564,"4":1.151564,"5":1.151564,"6":1.145554,"7":1.121516,"8":1.121516,"9":1.121516,"10":1.124584,"11":1.124968,"12":1.127404,"13":1.125617,"14":1.125812},"CtsInSrc":{"0":45.0,"1":45.0,"2":45.0,"3":45.0,"4":45.0,"5":45.0,"6":45.0,"7":45.0,"8":45.0,"9":45.0,"10":45.0,"11":30.0,"12":30.0,"13":30.0,"14":30.0},"BGInSrc":{"0":0.0,"1":0.0,"2":0.654321,"3":0.0,"4":0.0,"5":0.654321,"6":0.654321,"7":0.0,"8":0.0,"9":0.0,"10":0.654321,"11":0.654321,"12":1.308642,"13":6.54321,"14":3.271605},"Exposure":{"0":1.147519,"1":1.403732,"2":1.204463,"3":1.606563,"4":1.567396,"5":2.069115,"6":2.051176,"7":2.353769,"8":2.698915,"9":4.698647,"10":4.497609,"11":5.333783,"12":5.913769,"13":70.359671,"14":46.929476},"Sigma":{"0":1000.0,"1":1000.0,"2":67.773585,"3":1000.0,"4":1000.0,"5":67.773585,"6":67.773585,"7":1000.0,"8":1000.0,"9":1000.0,"10":67.773585,"11":44.849057,"12":31.005965,"13":11.336467,"14":18.268253},"SNR":{"0":6.70765,"1":6.707583,"2":6.578738,"3":6.707367,"4":6.707249,"5":6.578351,"6":6.578151,"7":6.706669,"8":6.70626,"9":6.705711,"10":6.576377,"11":5.317951,"12":5.162855,"13":4.005417,"14":4.713219},"SYS_NEG":{"0":0.998085,"1":0.997972,"2":0.997782,"3":0.997645,"4":0.997485,"5":0.997236,"6":0.996992,"7":0.99681,"8":0.99641,"9":0.995935,"10":0.995362,"11":0.994862,"12":0.99428,"13":0.994866,"14":0.994854},"SYS_POS":{"0":1.001224,"1":1.001313,"2":1.001462,"3":1.00157,"4":1.001695,"5":1.00189,"6":1.002082,"7":1.002226,"8":1.002543,"9":1.002923,"10":1.003384,"11":1.003789,"12":1.004264,"13":1.003785,"14":1.003795}}