{"Time":{"0":226.741,"1":325.254,"2":427.089},"TimePos":{"0":38.371,"1":63.923,"2":33.968},"TimeNeg":{"0":-29.389,"1":-60.143,"2":-37.912},"Rate":{"0":1.190241,"1":0.5406089,"2":0.3985299},"RatePos":{"0":0.2242071,"1":0.1085395,"2":0.08838244},"RateNeg":{"0":-0.2242592,"1":-0.1085602,"2":-0.08839651},"FracExp":{"0":0.402384,"1":0.464206,"2":1.0},"BGrate":{"0":0.0253568,"1":0.03601312,"2":0.05770944},"BGerr":{"0":0.0253568,"1":0.02079219,"2":0.02355978},"CorrFact":{"0":1.107256,"1":1.114908,"2":1.108094},"CtsInSrc":{"0":30.0,"1":30.0,"2":30.0},"BGInSrc":{"0":0.691358,"1":2.074074,"2":4.148148},"Exposure":{"0":27.265196,"1":57.592173,"2":71.879887},"Sigma":{"0":42.392857,"1":23.320827,"2":15.26557},"SNR":{"0":5.307436,"1":4.979807,"2":4.508435},"SYS_NEG":{"0":0.99561,"1":0.995785,"2":0.995738},"SYS_POS":{"0":1.00166,"1":1.001556,"2":1.001584}}