{"Time":{"0":80.16,"1":89.989,"2":97.482,"3":104.841,"4":111.193,"5":116.689,"6":120.557,"7":126.488,"8":132.527,"9":138.898,"10":145.06,"11":152.456,"12":158.496,"13":164.242,"14":170.692,"15":178.351},"TimePos":{"0":5.359,"1":3.777,"2":4.074,"3":3.476,"4":3.471,"5":1.95,"6":2.241,"7":2.738,"8":2.976,"9":2.923,"10":3.875,"11":3.251,"12":2.831,"13":2.834,"14":4.219,"15":3.215},"TimeNeg":{"0":-3.994,"1":-4.471,"2":-3.715,"3":-3.285,"4":-2.877,"5":-2.024,"6":-1.919,"7":-3.69,"8":-3.301,"9":-3.395,"10":-3.24,"11":-3.52,"12":-2.789,"13":-2.915,"14":-3.616,"15":-3.441},"Rate":{"0":9.604001,"1":11.19069,"2":9.092118,"3":11.93179,"4":14.14122,"5":22.58548,"6":17.9323,"7":11.89908,"8":11.35399,"9":11.47243,"10":9.693168,"11":11.00622,"12":8.845393,"13":8.381668,"14":6.21619,"15":7.520468},"RatePos":{"0":2.286645,"1":2.607401,"2":2.220715,"3":2.715097,"4":3.106051,"5":4.3895,"6":3.307386,"7":2.279271,"8":2.204819,"9":2.108635,"10":1.906349,"11":2.064612,"12":1.920884,"13":1.786403,"14":1.350899,"15":1.64934},"RateNeg":{"0":-1.831381,"1":-2.094787,"2":-1.942112,"3":-2.402679,"4":-2.732093,"5":-4.354915,"6":-3.397068,"7":-2.281498,"8":-2.225601,"9":-2.164097,"10":-1.924098,"11":-2.086554,"12":-1.9361,"13":-1.814034,"14":-1.35926,"15":-1.652846},"FracExp":{"0":1.0,"1":1.0,"2":1.0,"3":1.0,"4":1.0,"5":1.0,"6":1.0,"7":1.0,"8":1.0,"9":1.0,"10":1.0,"11":1.0,"12":1.0,"13":1.0,"14":1.0,"15":1.0},"BGrate":{"0":0.1372812,"1":0.07783361,"2":0.4121038,"3":0.3798298,"4":0.0,"5":0.0,"6":0.3086721,"7":0.0,"8":0.2045574,"9":0.1016158,"10":0.1804646,"11":0.0,"12":0.0,"13":0.0,"14":0.0,"15":0.0},"BGerr":{"0":0.09707244,"1":0.07783361,"2":0.1842984,"3":0.1899149,"4":0.0,"5":0.0,"6":0.2182641,"7":0.0,"8":0.1446439,"9":0.1016158,"10":0.1276078,"11":0.0,"12":0.0,"13":0.0,"14":0.0,"15":0.0},"CorrFact":{"0":2.15321,"1":2.080826,"2":1.978717,"3":1.90108,"4":1.994824,"5":1.994824,"6":1.706263,"7":1.699705,"8":1.6302,"9":1.633956,"10":1.653175,"11":1.656148,"12":1.65711,"13":1.606017,"14":1.623516,"15":1.668458},"CtsInSrc":{"0":43.0,"1":45.0,"2":39.0,"3":45.0,"4":45.0,"5":45.0,"6":45.0,"7":45.0,"8":45.0,"9":45.0,"10":43.0,"11":45.0,"12":30.0,"13":30.0,"14":30.0,"15":30.0},"BGInSrc":{"0":1.283951,"1":0.641975,"2":3.209877,"3":2.567901,"4":0.0,"5":0.0,"6":1.283951,"7":0.0,"8":1.283951,"9":0.641975,"10":1.283951,"11":0.0,"12":0.0,"13":0.0,"14":0.0,"15":0.0},"Exposure":{"0":9.352708,"1":8.248048,"2":7.789,"3":6.760662,"4":6.347903,"5":3.974548,"6":4.159594,"7":6.427955,"8":6.276725,"9":6.317674,"10":7.114694,"11":6.771321,"12":5.620247,"13":5.74832,"14":7.835263,"15":6.655668},"Sigma":{"0":45.948343,"1":69.096154,"2":24.932158,"3":33.048077,"4":1000.0,"5":1000.0,"6":48.151252,"7":1000.0,"8":48.151252,"9":69.096154,"10":45.948343,"11":1000.0,"12":1000.0,"13":1000.0,"14":1000.0,"15":1000.0},"SNR":{"0":5.244132,"1":5.342161,"2":4.681562,"3":4.966037,"4":5.175965,"5":5.186205,"6":5.278759,"7":5.215468,"8":5.101541,"9":5.301254,"10":5.037771,"11":5.274833,"12":4.568666,"13":4.620459,"14":4.573215,"15":4.550011},"SYS_NEG":{"0":0.894267,"1":0.890635,"2":0.883504,"3":0.879004,"4":0.8771,"5":0.877701,"6":0.890872,"7":0.879414,"8":0.879811,"9":0.888181,"10":0.880755,"11":0.882875,"12":0.879268,"13":0.883776,"14":0.879664,"15":0.877649},"SYS_POS":{"0":1.177497,"1":1.176658,"2":1.166135,"3":1.160844,"4":1.161313,"5":1.124699,"6":1.100195,"7":1.120288,"8":1.11718,"9":1.103455,"10":1.116171,"11":1.113869,"12":1.117584,"13":1.109964,"14":1.117875,"15":1.121512}}