{"Time":{"0":206.307,"1":208.885,"2":211.614,"3":214.31,"4":217.652,"5":221.763,"6":225.651,"7":229.343,"8":232.706,"9":236.048,"10":240.479,"11":244.547,"12":249.375,"13":253.523,"14":258.112,"15":262.027,"16":265.499,"17":269.604,"18":273.502,"19":278.222,"20":284.548,"21":289.892,"22":294.105},"TimePos":{"0":1.14,"1":1.327,"2":1.217,"3":1.605,"4":1.641,"5":2.117,"6":1.822,"7":1.864,"8":1.559,"9":2.503,"10":1.85,"11":2.393,"12":2.095,"13":2.4,"14":1.851,"15":1.539,"16":2.399,"17":2.114,"18":1.669,"19":3.497,"20":2.981,"21":1.853,"22":2.683},"TimeNeg":{"0":-1.516,"1":-1.438,"2":-1.402,"3":-1.48,"4":-1.736,"5":-2.47,"6":-1.772,"7":-1.87,"8":-1.499,"9":-1.783,"10":-1.927,"11":-2.218,"12":-2.435,"13":-2.053,"14":-2.189,"15":-2.064,"16":-1.933,"17":-1.706,"18":-1.784,"19":-3.05,"20":-2.83,"21":-2.363,"22":-2.359},"Rate":{"0":19.06056,"1":18.31249,"2":19.05139,"3":16.4109,"4":14.99123,"5":10.87654,"6":14.09485,"7":13.18144,"8":16.09527,"9":11.32259,"10":13.25851,"11":11.01971,"12":10.73543,"13":9.231535,"14":8.526299,"15":9.484513,"16":11.91931,"17":8.970723,"18":9.811117,"19":4.949277,"20":5.831462,"21":8.034774,"22":6.717743},"RatePos":{"0":2.841475,"1":2.729924,"2":2.895631,"3":2.446413,"4":2.234775,"5":1.65312,"6":2.101151,"7":2.043012,"8":2.494638,"9":1.789897,"10":2.015193,"11":1.642776,"12":1.69711,"13":1.619043,"14":1.556733,"15":1.78288,"16":1.811689,"17":1.637873,"18":1.791305,"19":0.9582387,"20":1.064702,"21":1.466975,"22":1.226512},"RateNeg":{"0":-2.841614,"1":-2.730025,"2":-2.89571,"3":-2.446472,"4":-2.234828,"5":-1.653163,"6":-2.101219,"7":-2.043094,"8":-2.494757,"9":-1.789997,"10":-2.015339,"11":-1.64292,"12":-1.697258,"13":-1.61917,"14":-1.556845,"15":-1.783002,"16":-1.811882,"17":-1.637987,"18":-1.791422,"19":-0.9582966,"20":-1.06477,"21":-1.467061,"22":-1.226582},"FracExp":{"0":1.0,"1":1.0,"2":1.0,"3":1.0,"4":1.0,"5":1.0,"6":1.0,"7":1.0,"8":1.0,"9":1.0,"10":1.0,"11":1.0,"12":1.0,"13":1.0,"14":1.0,"15":1.0,"16":1.0,"17":1.0,"18":1.0,"19":1.0,"20":1.0,"21":1.0,"22":1.0},"BGrate":{"0":0.0,"1":0.0,"2":0.2498483,"3":0.0,"4":0.0,"5":0.1426605,"6":0.0,"7":0.3504322,"8":0.4278971,"9":0.4580057,"10":0.1732355,"11":0.0,"12":0.4333597,"13":0.5877376,"14":0.0,"15":0.1816179,"16":0.1510384,"17":0.0,"18":0.0,"19":0.1998796,"20":0.0,"21":0.0,"22":0.0},"BGerr":{"0":0.0,"1":0.0,"2":0.2498483,"3":0.0,"4":0.0,"5":0.1426605,"6":0.0,"7":0.247793,"8":0.3025689,"9":0.2644297,"10":0.1732355,"11":0.0,"12":0.2502003,"13":0.2938688,"14":0.0,"15":0.1816179,"16":0.1510384,"17":0.0,"18":0.0,"19":0.1413362,"20":0.0,"21":0.0,"22":0.0},"CorrFact":{"0":1.125096,"1":1.125096,"2":1.125096,"3":1.125045,"4":1.124933,"5":1.124933,"6":1.125653,"7":1.126638,"8":1.126638,"9":1.127573,"10":1.129269,"11":1.129269,"12":1.129902,"13":1.129916,"14":1.148309,"15":1.164402,"16":1.164402,"17":1.142202,"18":1.129349,"19":1.129388,"20":1.129478,"21":1.129287,"22":1.129036},"CtsInSrc":{"0":45.0,"1":45.0,"2":45.0,"3":45.0,"4":45.0,"5":45.0,"6":45.0,"7":45.0,"8":45.0,"9":45.0,"10":45.0,"11":45.0,"12":45.0,"13":39.0,"14":30.0,"15":30.0,"16":45.0,"17":30.0,"18":30.0,"19":30.0,"20":30.0,"21":30.0,"22":30.0},"BGInSrc":{"0":0.0,"1":0.0,"2":0.654321,"3":0.0,"4":0.0,"5":0.654321,"6":0.0,"7":1.308642,"8":1.308642,"9":1.962963,"10":0.654321,"11":0.0,"12":1.962963,"13":2.617284,"14":0.0,"15":0.654321,"16":0.654321,"17":0.0,"18":0.0,"19":1.308642,"20":0.0,"21":0.0,"22":0.0},"Exposure":{"0":2.656236,"1":2.764743,"2":2.618873,"3":3.084964,"4":3.376772,"5":4.58656,"6":3.593822,"7":3.734365,"8":3.05831,"9":4.285892,"10":3.77706,"11":4.611473,"12":4.529639,"13":4.45315,"14":4.040353,"15":3.602734,"16":4.33215,"17":3.819765,"18":3.453272,"19":6.547151,"20":5.810609,"21":4.216497,"22":5.042033},"Sigma":{"0":1000.0,"1":1000.0,"2":67.773585,"3":1000.0,"4":1000.0,"5":67.773585,"6":1000.0,"7":47.216055,"8":47.216055,"9":37.974397,"10":67.773585,"11":1000.0,"12":37.974397,"13":27.801887,"14":1000.0,"15":44.849057,"16":67.773585,"17":1000.0,"18":1000.0,"19":31.005965,"20":1000.0,"21":1000.0,"22":1000.0},"SNR":{"0":6.707653,"1":6.707812,"2":6.579176,"3":6.707988,"4":6.708004,"5":6.579228,"6":6.707937,"7":6.451708,"8":6.451638,"9":6.325481,"10":6.5788,"11":6.707394,"12":6.325161,"13":5.701398,"14":5.476651,"15":5.319408,"16":6.578412,"17":5.476676,"18":5.476719,"19":5.164661,"20":5.476737,"21":5.476784,"22":5.476799},"SYS_NEG":{"0":0.998089,"1":0.998388,"2":0.998642,"3":0.998803,"4":0.998849,"5":0.998785,"6":0.99867,"7":0.998459,"8":0.998297,"9":0.998097,"10":0.997882,"11":0.997683,"12":0.997521,"13":0.997349,"14":0.997356,"15":0.997348,"16":0.997314,"17":0.997414,"18":0.997517,"19":0.997453,"20":0.99756,"21":0.997682,"22":0.997721},"SYS_POS":{"0":1.00122,"1":1.00098,"2":1.000768,"3":1.000611,"4":1.000533,"5":1.000528,"6":1.00057,"7":1.00068,"8":1.000777,"9":1.000908,"10":1.001062,"11":1.001213,"12":1.001342,"13":1.001485,"14":1.001479,"15":1.001486,"16":1.001515,"17":1.00143,"18":1.001345,"19":1.001398,"20":1.001312,"21":1.001214,"22":1.001183}}