{"Time":{"0":128.052,"1":134.192,"2":143.255,"3":154.509,"4":166.034,"5":171.58,"6":179.219,"7":186.086,"8":191.935,"9":199.339,"10":208.013,"11":215.133,"12":221.209,"13":229.001,"14":238.645,"15":247.881,"16":263.023,"17":274.45},"TimePos":{"0":2.743,"1":4.481,"2":4.07,"3":7.675,"4":2.742,"5":3.418,"6":3.259,"7":2.739,"8":3.129,"9":5.155,"10":3.524,"11":3.385,"12":3.783,"13":4.937,"14":5.299,"15":4.661,"16":6.13,"17":5.617},"TimeNeg":{"0":-2.283,"1":-3.397,"2":-4.582,"3":-7.185,"4":-3.849,"5":-2.804,"6":-4.222,"7":-3.607,"8":-3.11,"9":-4.274,"10":-3.52,"11":-3.596,"12":-2.691,"13":-4.009,"14":-4.707,"15":-3.937,"16":-10.48,"17":-5.298},"Rate":{"0":7.719753,"1":5.259763,"2":5.772493,"3":3.092946,"4":7.322404,"5":8.00488,"6":6.371941,"7":7.987956,"8":8.777169,"9":5.497032,"10":7.229135,"11":7.52899,"12":7.928812,"13":5.876514,"14":5.480051,"15":6.365839,"16":3.0223,"17":4.711934},"RatePos":{"0":1.47319,"1":1.039486,"2":1.151273,"3":0.6757467,"4":1.459934,"5":1.563898,"6":1.350383,"7":1.575791,"8":1.619065,"9":1.066862,"10":1.397721,"11":1.414472,"12":1.533384,"13":1.104811,"14":1.010201,"15":1.213287,"16":0.6077247,"17":0.9146309},"RateNeg":{"0":-1.496608,"1":-1.062982,"2":-1.132027,"3":-0.6789369,"4":-1.435912,"5":-1.528377,"6":-1.324681,"7":-1.563535,"8":-1.62083,"9":-1.072332,"10":-1.407551,"11":-1.426125,"12":-1.54552,"13":-1.114065,"14":-1.014131,"15":-1.213152,"16":-0.6089103,"17":-0.9205502},"FracExp":{"0":1.0,"1":1.0,"2":1.0,"3":1.0,"4":1.0,"5":1.0,"6":1.0,"7":1.0,"8":1.0,"9":1.0,"10":1.0,"11":1.0,"12":1.0,"13":1.0,"14":1.0,"15":1.0,"16":1.0,"17":1.0},"BGrate":{"0":0.1277303,"1":0.08149002,"2":0.1484013,"3":0.2592226,"4":0.1947838,"5":0.1031851,"6":0.3432456,"7":0.2023203,"8":0.0,"9":0.1361648,"10":0.1822876,"11":0.09195659,"12":0.1983172,"13":0.07176547,"14":0.0,"15":0.07466117,"16":0.1159503,"17":0.1176324},"BGerr":{"0":0.1277303,"1":0.08149002,"2":0.1049355,"3":0.1058272,"4":0.137733,"5":0.1031851,"6":0.1716228,"7":0.1430621,"8":0.0,"9":0.09628307,"10":0.1288968,"11":0.09195659,"12":0.1402315,"13":0.07176547,"14":0.0,"15":0.07466117,"16":0.06694394,"17":0.08317865},"CorrFact":{"0":1.321603,"1":1.41141,"2":1.680673,"3":1.757633,"4":1.680832,"5":1.696404,"6":1.737745,"7":1.765305,"8":1.82548,"9":1.805041,"10":1.77318,"11":1.790381,"12":1.787604,"13":1.790588,"14":1.827744,"15":1.864457,"16":1.788133,"17":1.791001},"CtsInSrc":{"0":30.0,"1":30.0,"2":31.0,"3":30.0,"4":30.0,"5":30.0,"6":30.0,"7":30.0,"8":30.0,"9":30.0,"10":30.0,"11":30.0,"12":30.0,"13":30.0,"14":30.0,"15":30.0,"16":30.0,"17":30.0},"BGInSrc":{"0":0.641975,"1":0.641975,"2":1.283951,"3":3.851852,"4":1.283951,"5":0.641975,"6":2.567901,"7":1.283951,"8":0.0,"9":1.283951,"10":1.283951,"11":0.641975,"12":1.283951,"13":0.641975,"14":0.0,"15":0.641975,"16":1.925926,"17":1.283951},"Exposure":{"0":5.026022,"1":7.877962,"2":8.651885,"3":14.859247,"4":6.591669,"5":6.221589,"6":7.481236,"7":6.346129,"8":6.239416,"9":9.429386,"10":7.043542,"11":6.981286,"12":6.474226,"13":8.945462,"14":10.005806,"15":8.598516,"16":16.609924,"17":10.914943},"Sigma":{"0":45.730769,"1":45.730769,"2":32.730885,"3":16.628267,"4":31.62943,"5":45.730769,"6":21.365385,"7":31.62943,"8":1000.0,"9":31.62943,"10":31.62943,"11":45.730769,"12":31.62943,"13":45.730769,"14":1000.0,"15":45.730769,"16":25.247971,"17":31.62943},"SNR":{"0":5.158167,"1":4.948123,"2":5.099255,"3":4.555573,"4":5.09948,"5":5.237504,"6":4.810172,"7":5.108906,"8":5.415232,"9":5.126241,"10":5.135968,"11":5.279334,"12":5.130189,"13":5.274838,"14":5.40369,"15":5.247353,"16":4.963457,"17":5.118606},"SYS_NEG":{"0":0.952049,"1":0.925449,"2":0.95082,"3":0.973707,"4":0.967224,"5":0.965806,"6":0.965902,"7":0.969463,"8":0.972295,"9":0.974042,"10":0.976983,"11":0.975631,"12":0.975196,"13":0.974406,"14":0.969778,"15":0.967867,"16":0.969036,"17":0.971939},"SYS_POS":{"0":1.03365,"1":1.061419,"2":1.061135,"3":1.015479,"4":1.0487,"5":1.053698,"6":1.053443,"7":1.039185,"8":1.026332,"9":1.016927,"10":0.998525,"11":1.003152,"12":1.004565,"13":1.007772,"14":1.025465,"15":1.032258,"16":1.0283,"17":1.017267}}