{"Time":{"0":177.603,"1":180.379,"2":182.806,"3":185.201,"4":187.504,"5":189.957,"6":192.116,"7":194.366,"8":196.056,"9":198.217,"10":200.708,"11":203.406,"12":206.147,"13":208.772,"14":211.419,"15":214.27,"16":217.21,"17":219.706,"18":223.182,"19":226.85,"20":230.008,"21":233.714,"22":237.115,"23":240.653,"24":243.762,"25":246.794,"26":251.175,"27":255.399,"28":259.698,"29":262.932,"30":265.606,"31":268.425,"32":272.32,"33":276.489,"34":280.506,"35":284.376,"36":288.491,"37":293.269,"38":296.648,"39":300.462,"40":304.618,"41":309.341,"42":313.119,"43":317.312,"44":322.269,"45":326.56,"46":331.075,"47":335.213,"48":340.846,"49":344.933,"50":349.604,"51":353.742,"52":358.036,"53":361.464,"54":366.295,"55":370.688},"TimePos":{"0":0.869,"1":1.315,"2":1.071,"3":1.116,"4":1.151,"5":0.954,"6":1.271,"7":0.935,"8":1.005,"9":1.03,"10":1.443,"11":1.403,"12":1.348,"13":1.336,"14":1.382,"15":1.509,"16":1.362,"17":1.355,"18":2.015,"19":1.716,"20":1.744,"21":1.671,"22":1.839,"23":1.624,"24":1.536,"25":1.815,"26":2.118,"27":2.148,"28":1.746,"29":1.597,"30":1.234,"31":1.496,"32":2.337,"33":1.64,"34":1.75,"35":1.833,"36":2.62,"37":1.283,"38":2.147,"39":2.195,"40":2.657,"41":1.801,"42":1.999,"43":2.768,"44":1.95,"45":2.3,"46":2.076,"47":3.427,"48":1.806,"49":2.346,"50":1.771,"51":2.456,"52":1.861,"53":2.263,"54":2.077,"55":2.57},"TimeNeg":{"0":-0.773,"1":-1.907,"2":-1.112,"3":-1.324,"4":-1.187,"5":-1.302,"6":-1.205,"7":-0.979,"8":-0.755,"9":-1.156,"10":-1.46,"11":-1.255,"12":-1.338,"13":-1.277,"14":-1.31,"15":-1.47,"16":-1.431,"17":-1.134,"18":-2.121,"19":-1.652,"20":-1.442,"21":-1.962,"22":-1.73,"23":-1.7,"24":-1.485,"25":-1.496,"26":-2.566,"27":-2.105,"28":-2.15,"29":-1.488,"30":-1.077,"31":-1.585,"32":-2.399,"33":-1.831,"34":-2.377,"35":-2.12,"36":-2.282,"37":-2.158,"38":-2.096,"39":-1.667,"40":-1.961,"41":-2.065,"42":-1.977,"43":-2.194,"44":-2.189,"45":-2.342,"46":-2.215,"47":-2.061,"48":-2.206,"49":-2.282,"50":-2.324,"51":-2.367,"52":-1.837,"53":-1.567,"54":-2.568,"55":-2.316},"Rate":{"0":32.51257,"1":16.09782,"2":24.10864,"3":20.63941,"4":22.45664,"5":21.94662,"6":20.88528,"7":26.6339,"8":28.97629,"9":23.52176,"10":17.64623,"11":19.00117,"12":17.98372,"13":19.02385,"14":18.44743,"15":17.16291,"16":18.2998,"17":20.56207,"18":12.20442,"19":14.98954,"20":15.86109,"21":14.13445,"22":14.18287,"23":15.49976,"24":16.6365,"25":15.625,"26":10.91534,"27":12.22507,"28":12.96632,"29":16.30823,"30":22.94382,"31":16.95896,"32":11.07142,"33":15.39882,"34":12.94947,"35":8.775566,"36":10.60379,"37":15.09368,"38":12.03715,"39":13.61201,"40":11.24728,"41":9.119067,"42":8.676393,"43":9.625123,"44":12.56966,"45":7.368775,"46":11.98327,"47":9.592953,"48":8.837741,"49":7.494441,"50":8.589436,"51":6.958158,"52":9.20444,"53":9.436599,"54":7.614769,"55":7.358082},"RatePos":{"0":4.916036,"1":2.516706,"2":3.686586,"3":3.336015,"4":3.361577,"5":3.473279,"6":3.120121,"7":4.053287,"8":4.408605,"9":3.510643,"10":2.633542,"11":2.889644,"12":2.897049,"13":2.948455,"14":2.858911,"15":2.560747,"16":2.730265,"17":3.067857,"18":1.855734,"19":2.279209,"20":2.41212,"21":2.109495,"22":2.157611,"23":2.314075,"24":2.580368,"25":2.33348,"26":1.661411,"27":1.826319,"28":2.012776,"29":2.63128,"30":3.496769,"31":2.633707,"32":1.719295,"33":2.347011,"34":1.974961,"35":1.652066,"36":1.616716,"37":2.301871,"38":1.871088,"39":2.037291,"40":1.715194,"41":1.669748,"42":1.634073,"43":1.552857,"44":1.917757,"45":1.387924,"46":1.827214,"47":1.435951,"48":1.664723,"49":1.452271,"50":1.572553,"51":1.348433,"52":1.783705,"53":1.727511,"54":1.433595,"55":1.346424},"RateNeg":{"0":-4.996312,"1":-2.543511,"2":-3.710155,"3":-3.347806,"4":-3.372707,"5":-3.479384,"6":-3.124591,"7":-4.057907,"8":-4.412878,"9":-3.513446,"10":-2.635546,"11":-2.891657,"12":-2.898655,"13":-2.950257,"14":-2.860538,"15":-2.562304,"16":-2.731863,"17":-3.069692,"18":-1.856863,"19":-2.280588,"20":-2.413807,"21":-2.111131,"22":-2.159549,"23":-2.316369,"24":-2.583134,"25":-2.336252,"26":-1.663484,"27":-1.82891,"28":-2.016185,"29":-2.635625,"30":-3.504915,"31":-2.639186,"32":-1.722803,"33":-2.352613,"34":-1.981006,"35":-1.654773,"36":-1.621123,"37":-2.308794,"38":-1.876763,"39":-2.043657,"40":-1.720275,"41":-1.673678,"42":-1.637468,"43":-1.557647,"44":-1.924458,"45":-1.390949,"46":-1.832384,"47":-1.440651,"48":-1.668481,"49":-1.454808,"50":-1.576009,"51":-1.350877,"52":-1.786902,"53":-1.731152,"54":-1.435995,"55":-1.348649},"FracExp":{"0":1.0,"1":1.0,"2":1.0,"3":1.0,"4":1.0,"5":1.0,"6":1.0,"7":1.0,"8":1.0,"9":1.0,"10":1.0,"11":1.0,"12":1.0,"13":1.0,"14":1.0,"15":1.0,"16":1.0,"17":1.0,"18":1.0,"19":1.0,"20":1.0,"21":1.0,"22":1.0,"23":1.0,"24":1.0,"25":1.0,"26":1.0,"27":1.0,"28":1.0,"29":1.0,"30":1.0,"31":1.0,"32":1.0,"33":1.0,"34":1.0,"35":1.0,"36":1.0,"37":1.0,"38":1.0,"39":1.0,"40":1.0,"41":1.0,"42":1.0,"43":1.0,"44":1.0,"45":1.0,"46":1.0,"47":1.0,"48":1.0,"49":1.0,"50":1.0,"51":1.0,"52":1.0,"53":1.0,"54":1.0,"55":1.0},"BGrate":{"0":0.0,"1":0.3984975,"2":0.2940831,"3":1.052767,"4":0.0,"5":0.8537205,"6":0.0,"7":0.3353555,"8":0.3648492,"9":0.0,"10":0.0,"11":0.2415247,"12":0.9558693,"13":0.4912685,"14":0.4769833,"15":0.0,"16":0.0,"17":0.0,"18":0.1551993,"19":0.1906167,"20":0.2014733,"21":0.0,"22":0.1798794,"23":0.0,"24":0.4250177,"25":0.0,"26":0.1370448,"27":0.0,"28":0.3295329,"29":0.8323836,"30":0.2777798,"31":0.416673,"32":0.2711023,"33":0.1849513,"34":0.1555328,"35":0.162393,"36":0.1309762,"37":0.1865761,"38":0.3025892,"39":0.0,"40":0.1389976,"41":0.0,"42":0.1614491,"43":0.258757,"44":0.1551336,"45":0.1383045,"46":0.149601,"47":0.0,"48":0.1600177,"49":0.2774585,"50":0.0,"51":0.2662025,"52":0.3471264,"53":0.0,"54":0.1381991,"55":0.0},"BGerr":{"0":0.0,"1":0.2817803,"2":0.2940831,"3":0.5263835,"4":0.0,"5":0.4928958,"6":0.0,"7":0.3353555,"8":0.3648492,"9":0.0,"10":0.0,"11":0.2415247,"12":0.4779346,"13":0.3473793,"14":0.3372781,"15":0.0,"16":0.0,"17":0.0,"18":0.1551993,"19":0.1906167,"20":0.2014733,"21":0.0,"22":0.1798794,"23":0.0,"24":0.3005329,"25":0.0,"26":0.1370448,"27":0.0,"28":0.2330149,"29":0.4161918,"30":0.2777798,"31":0.2946323,"32":0.1916983,"33":0.1849513,"34":0.1555328,"35":0.162393,"36":0.1309762,"37":0.1865761,"38":0.2139629,"39":0.0,"40":0.1389976,"41":0.0,"42":0.1614491,"43":0.1829688,"44":0.1551336,"45":0.1383045,"46":0.149601,"47":0.0,"48":0.1600177,"49":0.1961928,"50":0.0,"51":0.1882336,"52":0.2454554,"53":0.0,"54":0.1381991,"55":0.0},"CorrFact":{"0":1.186448,"1":1.186448,"2":1.186448,"3":1.186448,"4":1.166695,"5":1.149411,"6":1.149411,"7":1.149411,"8":1.149411,"9":1.142915,"10":1.138583,"11":1.138583,"12":1.138583,"13":1.137331,"14":1.1359,"15":1.1359,"16":1.1359,"17":1.137306,"18":1.138082,"19":1.138082,"20":1.139362,"21":1.141114,"22":1.141114,"23":1.144714,"24":1.149641,"25":1.149641,"26":1.152711,"27":1.155648,"28":1.155648,"29":1.185679,"30":1.195394,"31":1.195394,"32":1.199437,"33":1.20497,"34":1.20497,"35":1.181678,"36":1.171696,"37":1.170807,"38":1.168363,"39":1.168363,"40":1.17108,"41":1.175155,"42":1.175155,"43":1.172997,"44":1.172637,"45":1.165066,"46":1.159276,"47":1.170041,"48":1.207716,"49":1.207716,"50":1.172608,"51":1.168707,"52":1.185587,"53":1.204877,"54":1.204877,"55":1.198264},"CtsInSrc":{"0":45.0,"1":45.0,"2":45.0,"3":45.0,"4":45.0,"5":45.0,"6":45.0,"7":45.0,"8":45.0,"9":45.0,"10":45.0,"11":45.0,"12":45.0,"13":45.0,"14":45.0,"15":45.0,"16":45.0,"17":45.0,"18":45.0,"19":45.0,"20":45.0,"21":45.0,"22":45.0,"23":45.0,"24":45.0,"25":45.0,"26":45.0,"27":45.0,"28":45.0,"29":45.0,"30":45.0,"31":45.0,"32":45.0,"33":45.0,"34":45.0,"35":30.0,"36":45.0,"37":45.0,"38":45.0,"39":45.0,"40":45.0,"41":30.0,"42":30.0,"43":42.0,"44":45.0,"45":30.0,"46":45.0,"47":45.0,"48":30.0,"49":30.0,"50":30.0,"51":30.0,"52":30.0,"53":30.0,"54":30.0,"55":30.0},"BGInSrc":{"0":0.0,"1":1.283951,"2":0.641975,"3":2.567901,"4":0.0,"5":1.925926,"6":0.0,"7":0.641975,"8":0.641975,"9":0.0,"10":0.0,"11":0.641975,"12":2.567901,"13":1.283951,"14":1.283951,"15":0.0,"16":0.0,"17":0.0,"18":0.641975,"19":0.641975,"20":0.641975,"21":0.0,"22":0.641975,"23":0.0,