{"Time":{"0":147.432,"1":150.721,"2":154.285,"3":157.324,"4":161.128,"5":164.5,"6":168.271,"7":172.41,"8":176.241,"9":179.853,"10":183.249,"11":187.925,"12":192.273,"13":196.434,"14":200.365,"15":204.743,"16":209.796,"17":215.515},"TimePos":{"0":1.581,"1":1.761,"2":1.613,"3":2.049,"4":1.325,"5":1.81,"6":1.912,"7":2.117,"8":1.652,"9":1.682,"10":2.42,"11":2.349,"12":2.419,"13":2.257,"14":2.387,"15":2.118,"16":2.064,"17":3.031},"TimeNeg":{"0":-2.02,"1":-1.708,"2":-1.803,"3":-1.426,"4":-1.755,"5":-2.047,"6":-1.961,"7":-2.227,"8":-1.714,"9":-1.959,"10":-1.713,"11":-2.257,"12":-1.998,"13":-1.742,"14":-1.673,"15":-1.991,"16":-2.935,"17":-3.655},"Rate":{"0":9.162074,"1":14.90043,"2":14.59307,"3":9.65737,"4":15.64441,"5":13.04947,"6":12.97242,"7":11.2321,"8":14.7112,"9":9.197487,"10":8.10473,"11":11.06115,"12":11.54868,"13":8.257794,"14":8.497686,"15":8.394623,"16":6.634988,"17":4.902252},"RatePos":{"0":1.721748,"1":2.197555,"2":2.217214,"3":1.763261,"4":2.469732,"5":1.945345,"6":1.933843,"7":1.739288,"8":2.234936,"9":1.679232,"10":1.479721,"11":1.648909,"12":1.754481,"13":1.596568,"14":1.551465,"15":1.532648,"16":1.246346,"17":0.9208618},"RateNeg":{"0":-1.722265,"1":-2.198081,"2":-2.217466,"3":-1.763351,"4":-2.469849,"5":-1.945419,"6":-1.933901,"7":-1.739328,"8":-2.234986,"9":-1.679258,"10":-1.479744,"11":-1.648948,"12":-1.754522,"13":-1.59659,"14":-1.551489,"15":-1.532672,"16":-1.246364,"17":-0.9208753},"FracExp":{"0":1.0,"1":1.0,"2":1.0,"3":1.0,"4":1.0,"5":1.0,"6":1.0,"7":1.0,"8":1.0,"9":1.0,"10":1.0,"11":1.0,"12":1.0,"13":1.0,"14":1.0,"15":1.0,"16":1.0,"17":1.0},"BGrate":{"0":0.1782804,"1":0.0,"2":0.1879365,"3":0.0,"4":0.6253697,"5":0.0,"6":0.0,"7":0.295525,"8":0.190719,"9":0.0,"10":0.0,"11":0.0,"12":0.1453232,"13":0.32103,"14":0.0,"15":0.0,"16":0.1284124,"17":0.09601867},"BGerr":{"0":0.1782804,"1":0.0,"2":0.1879365,"3":0.0,"4":0.3610574,"5":0.0,"6":0.0,"7":0.2089678,"8":0.190719,"9":0.0,"10":0.0,"11":0.0,"12":0.1453232,"13":0.2270025,"14":0.0,"15":0.0,"16":0.1284124,"17":0.09601867},"CorrFact":{"0":1.123781,"1":1.123781,"2":1.123781,"3":1.118526,"4":1.118526,"5":1.118526,"6":1.116532,"7":1.116282,"8":1.11635,"9":1.116535,"10":1.116535,"11":1.132209,"12":1.150121,"13":1.150117,"14":1.150005,"15":1.150005,"16":1.12986,"17":1.11643},"CtsInSrc":{"0":30.0,"1":46.0,"2":45.0,"3":30.0,"4":45.0,"5":45.0,"6":45.0,"7":45.0,"8":45.0,"9":30.0,"10":30.0,"11":45.0,"12":45.0,"13":30.0,"14":30.0,"15":30.0,"16":30.0,"17":30.0},"BGInSrc":{"0":0.641975,"1":0.0,"2":0.641975,"3":0.0,"4":1.925926,"5":0.0,"6":0.0,"7":1.283951,"8":0.641975,"9":0.0,"10":0.0,"11":0.0,"12":0.641975,"13":1.283951,"14":0.0,"15":0.0,"16":0.641975,"17":0.641975},"Exposure":{"0":3.60093,"1":3.46929,"2":3.415916,"3":3.474628,"4":3.07966,"5":3.857141,"6":3.873135,"7":4.344643,"8":3.36608,"9":3.64187,"10":4.132902,"11":4.606157,"12":4.417568,"13":3.999472,"14":4.059947,"15":4.109792,"16":4.999325,"17":6.685943},"Sigma":{"0":45.730769,"1":1000.0,"2":69.096154,"3":1000.0,"4":38.737982,"5":1000.0,"6":1000.0,"7":48.151252,"8":69.096154,"9":1000.0,"10":1000.0,"11":1000.0,"12":69.096154,"13":31.62943,"14":1000.0,"15":1000.0,"16":45.730769,"17":45.730769},"SNR":{"0":5.319782,"1":6.778838,"2":6.580969,"3":5.476715,"4":6.334156,"5":6.707797,"6":6.707901,"7":6.457724,"8":6.582232,"9":5.477115,"10":5.477116,"11":6.708004,"12":6.58224,"13":5.172143,"14":5.477117,"15":5.477117,"16":5.323476,"17":5.32347},"SYS_NEG":{"0":0.992905,"1":0.995267,"2":0.996798,"3":0.997506,"4":0.99799,"5":0.998357,"6":0.998584,"7":0.99877,"8":0.998821,"9":0.99884,"10":0.998847,"11":0.99885,"12":0.998846,"13":0.998842,"14":0.99885,"15":0.998853,"16":0.998851,"17":0.998821},"SYS_POS":{"0":1.005396,"1":1.003463,"2":1.002236,"3":1.001678,"4":1.001298,"5":1.001005,"6":1.000817,"7":1.000649,"8":1.000594,"9":1.000568,"10":1.000557,"11":1.000531,"12":1.000525,"13":1.000522,"14":1.000526,"15":1.000533,"16":1.000545,"17":1.000593}}