{"Time":{"0":113.772,"1":116.151,"2":119.224,"3":122.576,"4":126.196,"5":129.099,"6":132.201,"7":136.996,"8":140.768,"9":144.297,"10":148.792,"11":153.397,"12":157.318,"13":161.901,"14":166.056,"15":172.826,"16":179.737,"17":185.549,"18":194.516,"19":205.574,"20":218.502,"21":235.934,"22":254.613,"23":268.043,"24":284.986,"25":309.383,"26":342.66,"27":377.361,"28":420.911,"29":456.639,"30":515.847,"31":590.421,"32":686.471,"33":761.569,"34":830.462,"35":952.174,"36":1202.791,"37":1424.277,"38":1614.812,"39":1928.035},"TimePos":{"0":1.131,"1":1.432,"2":1.642,"3":1.871,"4":1.655,"5":1.107,"6":2.713,"7":1.54,"8":2.053,"9":1.879,"10":2.627,"11":1.637,"12":2.233,"13":1.959,"14":2.6,"15":3.463,"16":2.672,"17":3.026,"18":5.595,"19":6.452,"20":6.361,"21":7.325,"22":8.009,"23":5.986,"24":7.024,"25":15.377,"26":15.585,"27":26.874,"28":16.928,"29":24.369,"30":53.733,"31":19.459,"32":38.789,"33":23.786,"34":49.85,"35":80.111,"36":116.063,"37":86.4,"38":144.486,"39":220.093},"TimeNeg":{"0":-1.421,"1":-1.249,"2":-1.641,"3":-1.71,"4":-1.748,"5":-1.249,"6":-1.995,"7":-2.082,"8":-2.232,"9":-1.476,"10":-2.617,"11":-1.978,"12":-2.284,"13":-2.35,"14":-2.196,"15":-4.169,"16":-3.448,"17":-3.14,"18":-5.941,"19":-5.463,"20":-6.475,"21":-11.071,"22":-11.355,"23":-5.42,"24":-10.957,"25":-17.373,"26":-17.899,"27":-19.116,"28":-16.676,"29":-18.799,"30":-34.839,"31":-20.841,"32":-76.591,"33":-36.309,"34":-45.107,"35":-71.862,"36":-170.506,"37":-105.423,"38":-104.135,"39":-168.737},"Rate":{"0":19.08829,"1":18.16365,"2":14.83625,"3":13.59623,"4":14.3047,"5":20.32246,"6":9.948744,"7":8.98783,"8":7.40366,"9":9.454111,"10":6.370708,"11":8.990406,"12":6.463723,"13":7.343234,"14":6.257612,"15":4.252998,"16":5.170749,"17":5.132207,"18":2.814426,"19":2.725002,"20":2.338982,"21":1.587815,"22":1.592585,"23":2.846717,"24":1.714994,"25":0.9665025,"26":0.8479191,"27":0.7152399,"28":0.8449273,"29":0.8352956,"30":0.4339252,"31":0.7449974,"32":0.3777358,"33":0.5794141,"34":0.5370003,"35":0.2627803,"36":0.2106333,"37":0.3318105,"38":0.2730398,"39":0.2492635},"RatePos":{"0":2.845519,"1":2.707682,"2":2.211661,"3":2.02681,"4":2.132422,"5":3.100415,"6":1.517171,"7":1.699036,"8":1.449825,"9":1.851355,"10":1.163128,"11":1.699523,"12":1.360529,"13":1.388146,"14":1.270078,"15":0.7764883,"16":0.977465,"17":0.9701791,"18":0.513842,"19":0.4975155,"20":0.4747319,"21":0.3342142,"22":0.3118687,"23":0.5197376,"24":0.3358393,"25":0.1827051,"26":0.1852055,"27":0.1562253,"28":0.184552,"29":0.1635721,"30":0.09841973,"31":0.1512086,"32":0.07950842,"33":0.1314184,"34":0.1051583,"35":0.07948902,"36":0.05838907,"37":0.07247523,"38":0.07568863,"39":0.05444501},"RateNeg":{"0":-2.845518,"1":-2.707681,"2":-2.21166,"3":-2.026809,"4":-2.132421,"5":-3.100414,"6":-1.517171,"7":-1.699036,"8":-1.449824,"9":-1.851355,"10":-1.163128,"11":-1.699523,"12":-1.360528,"13":-1.388146,"14":-1.270077,"15":-0.7764882,"16":-0.9774648,"17":-0.9701789,"18":-0.5138419,"19":-0.4975154,"20":-0.4747318,"21":-0.3342141,"22":-0.3118686,"23":-0.5197375,"24":-0.3358393,"25":-0.1827051,"26":-0.1852055,"27":-0.1562252,"28":-0.184552,"29":-0.163572,"30":-0.09841971,"31":-0.1512086,"32":-0.0795084,"33":-0.1314184,"34":-0.1051583,"35":-0.07948901,"36":-0.05838907,"37":-0.07247522,"38":-0.07568862,"39":-0.05444501},"FracExp":{"0":1.0,"1":1.0,"2":1.0,"3":1.0,"4":1.0,"5":1.0,"6":1.0,"7":1.0,"8":1.0,"9":1.0,"10":1.0,"11":1.0,"12":1.0,"13":1.0,"14":1.0,"15":1.0,"16":1.0,"17":1.0,"18":1.0,"19":1.0,"20":1.0,"21":1.0,"22":1.0,"23":1.0,"24":1.0,"25":1.0,"26":1.0,"27":0.863163,"28":1.0,"29":0.855238,"30":0.717561,"31":1.0,"32":0.674712,"33":0.791996,"34":0.604786,"35":0.547705,"36":0.389381,"37":0.44611,"38":0.346233,"39":0.292957},"BGrate":{"0":0.0,"1":0.0,"2":0.0,"3":0.0,"4":0.0,"5":0.3197062,"6":0.0,"7":0.2079031,"8":0.35157,"9":0.4488795,"10":0.0,"11":0.2083107,"12":0.666862,"13":0.1747696,"14":0.4710222,"15":0.0,"16":0.1230498,"17":0.1221268,"18":0.0,"19":0.0,"20":0.1760044,"21":0.1637491,"22":0.07778225,"23":0.0,"24":0.08376203,"25":0.02299496,"26":0.1124518,"27":0.09485373,"28":0.112053,"29":0.04079671,"30":0.07109508,"31":0.05606012,"32":0.03869538,"33":0.09493593,"34":0.0262269,"35":0.1176179,"36":0.07423919,"37":0.04400213,"38":0.09623465,"39":0.03305606},"BGerr":{"0":0.0,"1":0.0,"2":0.0,"3":0.0,"4":0.0,"5":0.3197062,"6":0.0,"7":0.2079031,"8":0.2485976,"9":0.3174058,"10":0.0,"11":0.2083107,"12":0.333431,"13":0.1747696,"14":0.2719448,"15":0.0,"16":0.1230498,"17":0.1221268,"18":0.0,"19":0.0,"20":0.1016162,"21":0.08187455,"22":0.05500035,"23":0.0,"24":0.0592287,"25":0.02299496,"26":0.05028998,"27":0.04241988,"28":0.05011162,"29":0.02884763,"30":0.02902444,"31":0.03236633,"32":0.01934769,"33":0.03875743,"34":0.01854522,"35":0.03262135,"36":0.02238396,"37":0.01967835,"38":0.02901584,"39":0.01478312},"CorrFact":{"0":1.082208,"1":1.082208,"2":1.082208,"3":1.082071,"4":1.0819,"5":1.0819,"6":1.08917,"7":1.113163,"8":1.113163,"9":1.113307,"10":1.113403,"11":1.111303,"12":1.081898,"13":1.081898,"14":1.08197,"15":1.082025,"16":1.082025,"17":1.082076,"18":1.082224,"19":1.08226,"20":1.082309,"21":1.082332,"22":1.082297,"23":1.082318,"24":1.082279,"25":1.082269,"26":1.082253,"27":1.082277,"28":1.082273,"29":1.082279,"30":1.082298,"31":1.082303,"32":1.089604,"33":1.082255,"34":1.08231,"35":1.08229,"36":1.082307,"37":1.082324,"38":1.082309,"39":1.082302},"CtsInSrc":{"0":45.0,"1":45.0,"2":45.0,"3":45.0,"4":45.0,"5":45.0,"6":43.0,"7":30.0,"8":30.0,"9":30.0,"10":30.0,"11":30.0,"12":30.0,"13":30.0,"14":30.0,"15":30.0,"16":30.0,"17":30.0,"18":30.0,"19":30.0,"20":30.0,"21":30.0,"22":30.0,"23":30.0,"24":30.0,"25":30.0,"26":30.0,"27":30.0,"28":30.0,"29":30.0,"30":30.0,"31":30.0,"32":30.0,"33":30.0,"34":30.0,"35":30.0,"36":30.0,"37":30.0,"38":30.0,"39":30.0},"BGInSrc":{"0":0.0,"1":0.0,"2":0.0,"3":0.0,"4":0.0,"5":0.753086,"6":0.0,"7":0.753086,"8":1.506173,"9":1.506173,"10":0.0,"11":0.753086,"12":3.012346,"13":0.753086,"14":2.259259,"15":0.0,"16":0.753086,"17":0.753086,"18":0.0,"19":0.0,"20":2.259259,"21":3.012346,"22":1.506173,"23":0.0,"24":1.506173,"25":0.753086,"26":3.765432,"27":3.765432,"28":3.765432,"29":1.506173,"30":4.518519,"31":2.259259,"32":3.012346,"33":4.518519,"34":1.506173,"35":9.790123,"36":8.283951,"37":3.765432,"38":8.283951,"39":3.765432},"Exposure":{"0":2.551269,"1":2.681144,"2":3.282459,"3":3.581375,"4":3.403462,"5":2.355558,"6":4.707562,"7":3.622295,"8":4.284133,"9":3.355405,"10":5.243074,"11":3.615207,"12":4.517195,"13":4.309025,"14":4.796503,"15":7.632443,"16":6.120178,"17":6.166428,"18":11.535829,"19":11.914776,"20":12.836379,"21":18.396106,"22":19.363967,"23":11.405955,"24":17.98157,"25":32.750067,"26":33.484848,"27":39.69725,"28":33.604031,"29":36.918978,"30":63.555998,"31":40.300648,"32":77.847682,"33":47.59545,"34":57.428548,"35":83.236648,"36":111.584602,"37":85.573857,"38":86.080744,"39":113.910478},"Sigma":{"0":1000.0,"1":1000.0,"2":1000.0,"3":1000.0,"4":1000.0,"5":58.754098,"6":1000.0,"7":38.836066,"8":26.754139,"9":26.754139,"10":1000.0,"11":38.836066,"12":17.918033,"13":38.836066,"14":21.267312,"15":1000.0,"16":38.836066,"17":38.836066,"18":1000.0,"19":1000.0,"20":21.267312,"21":17.918033,"22":26.754139,"23":1000.0,"24":26.754139,"25":38.836066,"26":15.579162,"27":15.579162,"28":15.579162,"29":26.754139,"30":13.813516,"31":21.267312,"32":17.918033,"33":13.813516,"34":26.754139,"35":7.442985,"36":8.694401,"37":15.579162,"38":8.694401,"39":15.579162},"SNR":{"0":6.708196,"1":6.708196,"2":6.708196,"3":6.708196,"4":6.708196,"5":6.554758,"6":6.557432,"7":5.289959,"8":5.106591,"9":5.106591,"10":5.477222,"11":5.289959,"12":4.750892,"13":5.289959,"14":4.926953,"15":5.477221,"16":5.289959,"17":5.289959,"18":5.477221,"19":5.477221,"20":4.926953,"21":4.750891,"22":5.106591,"23":5.477221,"24":5.106591,"25":5.289959,"26":4.578261,"27":4.578261,"28":4.578261,"29":5.106591,"30":4.408926,"31":4.926953,"32":4.750892,"33":4.408926,"34":5.106591,"35":3.305869,"36":3.607409,"37":4.578261,"38":3.607409,"39":4.578261},"SYS_NEG":{"0":0.999767,"1":0.999769,"2":0.999771,