{"Time":{"0":84.569,"1":89.435,"2":95.137,"3":101.835,"4":109.81},"TimePos":{"0":2.054,"1":2.538,"2":2.849,"3":3.713,"4":3.886},"TimeNeg":{"0":-1.666,"1":-2.812,"2":-3.164,"3":-3.848,"4":-4.262},"Rate":{"0":9.743644,"1":6.159531,"2":5.352438,"3":4.451314,"4":4.169746},"RatePos":{"0":1.696167,"1":1.124581,"2":1.043602,"3":0.8126999,"4":0.7489119},"RateNeg":{"0":-1.696163,"1":-1.124578,"2":-1.043601,"3":-0.8126987,"4":-0.7489111},"FracExp":{"0":1.0,"1":1.0,"2":1.0,"3":1.0,"4":1.0},"BGrate":{"0":0.0,"1":0.0,"2":0.2381492,"3":0.0,"4":0.0},"BGerr":{"0":0.0,"1":0.0,"2":0.1683969,"3":0.0,"4":0.0},"CorrFact":{"0":1.098424,"1":1.098424,"2":1.126671,"3":1.121926,"4":1.096025},"CtsInSrc":{"0":33.0,"1":30.0,"2":30.0,"3":30.0,"4":31.0},"BGInSrc":{"0":0.0,"1":0.0,"2":1.432099,"3":0.0,"4":0.0},"Exposure":{"0":3.720167,"1":5.349874,"2":6.013451,"3":7.561317,"4":8.148406},"Sigma":{"0":1000.0,"1":1000.0,"2":28.211122,"3":1000.0,"4":1000.0},"SNR":{"0":5.744521,"1":5.477191,"2":5.128818,"3":5.477201,"4":5.567744},"SYS_NEG":{"0":0.999341,"1":0.999356,"2":0.999413,"3":0.999448,"4":0.999515},"SYS_POS":{"0":1.000774,"1":1.000754,"2":1.00068,"3":1.000634,"4":1.000546}}