{"Time":{"0":125.798,"1":129.467,"2":133.07,"3":136.545,"4":140.719,"5":144.108,"6":148.263,"7":151.741,"8":155.577,"9":159.82,"10":164.49,"11":169.638,"12":173.974,"13":177.405,"14":181.068,"15":184.903,"16":188.948,"17":193.396,"18":198.076,"19":201.866,"20":205.702,"21":209.916,"22":213.647,"23":218.127,"24":223.045,"25":227.283,"26":232.211,"27":237.007,"28":241.461,"29":245.644,"30":250.498,"31":254.951,"32":259.771,"33":264.812,"34":270.155,"35":275.699},"TimePos":{"0":1.548,"1":1.586,"2":1.813,"3":2.519,"4":1.425,"5":2.21,"6":1.861,"7":1.697,"8":1.918,"9":2.603,"10":2.548,"11":2.068,"12":1.354,"13":1.863,"14":1.631,"15":1.818,"16":2.168,"17":1.656,"18":1.774,"19":1.631,"20":1.976,"21":1.597,"22":2.418,"23":2.516,"24":2.175,"25":2.624,"26":1.951,"27":2.991,"28":2.088,"29":2.423,"30":1.952,"31":2.323,"32":2.62,"33":2.438,"34":2.24,"35":3.411},"TimeNeg":{"0":-1.712,"1":-2.122,"2":-2.017,"3":-1.662,"4":-1.655,"5":-1.964,"6":-1.945,"7":-1.617,"8":-2.139,"9":-2.326,"10":-2.067,"11":-2.6,"12":-2.268,"13":-2.076,"14":-1.801,"15":-2.204,"16":-2.226,"17":-2.28,"18":-3.025,"19":-2.016,"20":-2.205,"21":-2.237,"22":-2.135,"23":-2.062,"24":-2.402,"25":-2.062,"26":-2.305,"27":-2.845,"28":-1.463,"29":-2.096,"30":-2.43,"31":-2.502,"32":-2.496,"33":-2.42,"34":-2.905,"35":-3.303},"Rate":{"0":15.4508,"1":13.17265,"2":12.56193,"3":11.70142,"4":16.63913,"5":12.12575,"6":13.6191,"7":15.63683,"8":12.2138,"9":10.38595,"10":11.25928,"11":11.10432,"12":8.893055,"13":13.33868,"14":15.50484,"15":13.22826,"16":11.59102,"17":8.678868,"18":6.782776,"19":9.319197,"20":8.129511,"21":8.844285,"22":9.918812,"23":9.204019,"24":10.67076,"25":10.50984,"26":7.771101,"27":5.535301,"28":9.521724,"29":7.478503,"30":7.711447,"31":6.996427,"32":6.59745,"33":6.792249,"34":6.56277,"35":4.918648},"RatePos":{"0":2.30333,"1":2.045527,"2":1.99159,"3":1.85539,"4":2.481926,"5":1.846131,"6":2.032552,"7":2.334362,"8":1.938839,"9":1.582391,"10":1.681488,"11":1.658105,"12":1.782892,"13":1.990686,"14":2.313735,"15":1.973675,"16":1.76457,"17":1.585194,"18":1.317249,"19":1.701887,"20":1.484567,"21":1.615072,"22":1.56872,"23":1.529705,"24":1.705555,"25":1.632237,"26":1.462923,"27":1.074778,"28":1.738626,"29":1.365527,"30":1.408063,"31":1.277493,"32":1.204635,"33":1.278624,"34":1.198326,"35":0.9259304},"RateNeg":{"0":-2.303847,"1":-2.046235,"2":-1.992636,"3":-1.856745,"4":-2.484889,"5":-1.848589,"6":-2.035898,"7":-2.338711,"8":-1.942202,"9":-1.585372,"10":-1.685085,"11":-1.661476,"12":-1.78462,"13":-1.993953,"14":-2.317351,"15":-1.976492,"16":-1.76679,"17":-1.586469,"18":-1.318094,"19":-1.702978,"20":-1.485447,"21":-1.616,"22":-1.5699,"23":-1.530574,"24":-1.706627,"25":-1.633281,"26":-1.4635,"27":-1.075193,"28":-1.739379,"29":-1.366089,"30":-1.408646,"31":-1.277999,"32":-1.205093,"33":-1.279067,"34":-1.198831,"35":-0.9262673},"FracExp":{"0":1.0,"1":1.0,"2":1.0,"3":1.0,"4":1.0,"5":1.0,"6":1.0,"7":1.0,"8":1.0,"9":1.0,"10":1.0,"11":1.0,"12":1.0,"13":1.0,"14":1.0,"15":1.0,"16":1.0,"17":1.0,"18":1.0,"19":1.0,"20":1.0,"21":1.0,"22":1.0,"23":1.0,"24":1.0,"25":1.0,"26":1.0,"27":1.0,"28":1.0,"29":1.0,"30":1.0,"31":1.0,"32":1.0,"33":1.0,"34":1.0,"35":1.0},"BGrate":{"0":0.0,"1":0.3662721,"2":0.5318024,"3":0.4872171,"4":0.0,"5":0.1626839,"6":0.0,"7":0.0,"8":0.5021755,"9":0.137782,"10":0.0,"11":0.0,"12":0.562362,"13":0.0,"14":0.0,"15":0.0,"16":0.1545158,"17":0.0,"18":0.283023,"19":0.0,"20":0.0,"21":0.0,"22":0.0,"23":0.1483311,"24":0.593322,"25":0.2897901,"26":0.1595555,"27":0.2327155,"28":0.0,"29":0.0,"30":0.0,"31":0.0,"32":0.0,"33":0.1397492,"34":0.0,"35":0.1011273},"BGerr":{"0":0.0,"1":0.2589935,"2":0.3070363,"3":0.2812949,"4":0.0,"5":0.1626839,"6":0.0,"7":0.0,"8":0.2899312,"9":0.137782,"10":0.0,"11":0.0,"12":0.3246798,"13":0.0,"14":0.0,"15":0.0,"16":0.1545158,"17":0.0,"18":0.2001275,"19":0.0,"20":0.0,"21":0.0,"22":0.0,"23":0.1483311,"24":0.296661,"25":0.2049126,"26":0.1595555,"27":0.1645547,"28":0.0,"29":0.0,"30":0.0,"31":0.0,"32":0.0,"33":0.1397492,"34":0.0,"35":0.1011273},"CorrFact":{"0":1.119109,"1":1.119109,"2":1.119981,"3":1.13873,"4":1.13873,"5":1.141911,"6":1.151741,"7":1.151741,"8":1.153188,"9":1.154841,"10":1.154714,"11":1.151995,"12":1.151995,"13":1.167579,"14":1.182485,"15":1.182485,"16":1.149257,"17":1.138506,"18":1.136293,"19":1.132973,"20":1.132973,"21":1.130297,"22":1.12896,"23":1.128937,"24":1.128537,"25":1.128537,"26":1.127898,"27":1.12777,"28":1.127096,"29":1.126507,"30":1.126382,"31":1.125257,"32":1.125257,"33":1.125546,"34":1.125567,"35":1.126358},"CtsInSrc":{"0":45.0,"1":45.0,"2":45.0,"3":45.0,"4":45.0,"5":45.0,"6":45.0,"7":45.0,"8":45.0,"9":45.0,"10":45.0,"11":45.0,"12":30.0,"13":45.0,"14":45.0,"15":45.0,"16":45.0,"17":30.0,"18":30.0,"19":30.0,"20":30.0,"21":30.0,"22":40.0,"23":38.0,"24":46.0,"25":45.0,"26":30.0,"27":30.0,"28":30.0,"29":30.0,"30":30.0,"31":30.0,"32":30.0,"33":30.0,"34":30.0,"35":30.0},"BGInSrc":{"0":0.0,"1":1.358025,"2":2.037037,"3":2.037037,"4":0.0,"5":0.679012,"6":0.0,"7":0.0,"8":2.037037,"9":0.679012,"10":0.0,"11":0.0,"12":2.037037,"13":0.0,"14":0.0,"15":0.0,"16":0.679012,"17":0.0,"18":1.358025,"19":0.0,"20":0.0,"21":0.0,"22":0.0,"23":0.679012,"24":2.716049,"25":1.358025,"26":0.679012,"27":1.358025,"28":0.0,"29":0.0,"30":0.0,"31":0.0,"32":0.0,"33":0.679012,"34":0.0,"35":0.679012},"Exposure":{"0":3.259372,"1":3.707693,"2":3.830439,"3":4.180963,"4":3.07966,"5":4.173815,"6":3.805563,"7":3.314505,"8":4.056424,"9":4.928165,"10":4.615052,"11":4.668433,"12":3.622288,"13":3.939001,"14":3.431949,"15":4.022586,"16":4.394453,"17":3.935443,"18":4.798283,"19":3.647223,"20":4.180963,"21":3.833993,"22":4.552802,"23":4.577681,"24":4.577699,"25":4.686235,"26":4.255649,"27":5.835557,"28":3.551131,"29":4.518978,"30":4.381985,"31":4.824994,"32":5.116783,"33":4.858791,"34":5.145236,"35":6.714429},"Sigma":{"0":1000.0,"1":45.447681,"2":36.530526,"3":36.530526,"4":1000.0,"5":65.272727,"6":1000.0,"7":1000.0,"8":36.530526,"9":65.272727,"10":1000.0,"11":1000.0,"12":23.776334,"13":1000.0,"14":1000.0,"15":1000.0,"16":65.272727,"17":1000.0,"18":29.82705,"19":1000.0,"20":1000.0,"21":1000.0,"22":1000.0,"23":54.963636,"24":31.872727,"25":45.447681,"26":43.181818,"27":29.82705,"28":1000.0,"29":1000.0,"30":1000.0,"31":1000.0,"32":1000.0,"33":43.181818,"34":1000.0,"35":43.181818},"SNR":{"0":6.706524,"1":6.437503,"2":6.304178,"3":6.302116,"4":6.696125,"5":6.559461,"6":6.689482,"7":6.68609,"8":6.288635,"9":6.551113,"10":6.681727,"11":6.683411,"12":4.983166,"13":6.689565,"14":6.690761,"15":6.6928,"16":6.560496,"17":5.470556,"18":5.145898,"19":5.472296,"20":5.472772,"21":5.472949,"22":6.318117,"23":6.013444,"24":6.252547,"25":6.434804,"26":5.309944,"27":5.148195,"28":5.47421,"29":5.474389,"30":5.47437,"31":5.474517,"32":5.474637,"33":5.310315,"34":5.474307,"35":5.310182},"SYS_NEG":{"0":0.996663,"1":0.995579,"2":0.99425,"3":0.992962,"4":0.991042,"5":0.990079,"6":0.988839,"7":0.987866,"8":0.987446,"9":0.987443,"10":0.986716,"11":0.987148,"12":0.988379,"13":0.988864,"14":0.989229,"15":0.98988,"16":0.990456,"17":0.990982,"18":0.991589,"19":0.992248,"20":0.992633,"21":0.992781,"22":0.99286,"23":0.993626,"24":0.993535,"25":0.993691,"26":0.99406,"27":0.993913,"28":0.993939,"29":0.994122,"30":0.994102,"31":0.994256,"32":0.994385,"33":0.994493,"34":0.994037,"35":0.994334},"SYS_POS":{"0":1.00108,"1":1.001687,"2":1.00258,"3":1.003574,"4":1.005204,"5":1.006055,"6":1.007153,"7":1.008008,"8":1.008373,"9":1.008375,"10":1.008996,"11":1.008629,"12":1.007559,"13":1.00713,"14":1.006809,"15":1.006231,"16":1.00572,"17":1.005256,"18":1.004727,"19":1.004162,"20":1.003839,"21":1.003716,"22":1.003651,"23":1.003044,"24":1.003112,"25":1.002992,"26":1.002712,"27":1.002823,"28":1.002802,"29":1.002666,"30":1.002681,"31":1.002569,"32":1.002475,"33":1.002398,"34":1.00273,"35":1.002511}}