{"Time":{"0":69.463,"1":70.224,"2":70.9947,"3":71.9368,"4":73.067,"5":74.019,"6":75.106,"7":75.9642,"8":76.7594,"9":77.5785,"10":78.5965,"11":79.3734,"12":80.3419,"13":81.1007,"14":81.7935,"15":82.4694,"16":83.2073,"17":83.8505,"18":84.6394,"19":85.3342,"20":86.0645,"21":86.6956,"22":87.3473,"23":88.0611,"24":88.8287,"25":89.6465,"26":90.4837,"27":91.4089,"28":92.1815,"29":92.9201,"30":93.6968,"31":94.4181,"32":95.343,"33":96.311,"34":97.2793,"35":98.264,"36":99.2044,"37":100.325,"38":101.411,"39":102.442,"40":103.552,"41":104.6411,"42":105.72,"43":106.917,"44":108.19,"45":109.731,"46":111.238,"47":113.183,"48":115.382,"49":117.563,"50":120.244,"51":122.856,"52":125.842,"53":128.415,"54":131.721,"55":135.107,"56":138.815,"57":142.407,"58":146.691,"59":151.181,"60":156.253,"61":160.875,"62":164.419,"63":170.401,"64":178.889},"TimePos":{"0":0.4219,"1":0.3637,"2":0.4131,"3":0.4708,"4":0.401,"5":0.527,"6":0.497,"7":0.4092,"8":0.3398,"9":0.478,"10":0.3939,"11":0.4621,"12":0.3904,"13":0.3681,"14":0.298,"15":0.3551,"16":0.2808,"17":0.4043,"18":0.4071,"19":0.3029,"20":0.3519,"21":0.3684,"22":0.3447,"23":0.3195,"24":0.3595,"25":0.3815,"26":0.4908,"27":0.3609,"28":0.364,"29":0.3833,"30":0.3147,"31":0.4278,"32":0.521,"33":0.4706,"34":0.4754,"35":0.523,"36":0.4647,"37":0.506,"38":0.58,"39":0.579,"40":0.693,"41":0.5664,"42":0.612,"43":0.516,"44":0.855,"45":0.623,"46":0.967,"47":1.153,"48":0.988,"49":1.449,"50":1.21,"51":1.374,"52":1.209,"53":1.56,"54":2.004,"55":1.427,"56":1.765,"57":2.133,"58":2.338,"59":2.504,"60":2.409,"61":1.935,"62":2.504,"63":3.257,"64":6.742},"TimeNeg":{"0":-0.5637,"1":-0.3391,"2":-0.4071,"3":-0.529,"4":-0.659,"5":-0.551,"6":-0.56,"7":-0.3612,"8":-0.3861,"9":-0.4792,"10":-0.5401,"11":-0.3829,"12":-0.5063,"13":-0.3685,"14":-0.3247,"15":-0.3779,"16":-0.3828,"17":-0.3624,"18":-0.3846,"19":-0.2877,"20":-0.4274,"21":-0.2792,"22":-0.2833,"23":-0.369,"24":-0.4482,"25":-0.4582,"26":-0.4557,"27":-0.4344,"28":-0.4117,"29":-0.3746,"30":-0.3934,"31":-0.4066,"32":-0.497,"33":-0.4474,"34":-0.4977,"35":-0.509,"36":-0.4178,"37":-0.656,"38":-0.58,"39":-0.451,"40":-0.531,"41":-0.3961,"42":-0.513,"43":-0.585,"44":-0.757,"45":-0.686,"46":-0.883,"47":-0.978,"48":-1.046,"49":-1.193,"50":-1.232,"51":-1.401,"52":-1.612,"53":-1.363,"54":-1.746,"55":-1.382,"56":-2.281,"57":-1.827,"58":-2.151,"59":-2.152,"60":-2.568,"61":-2.214,"62":-1.609,"63":-3.477,"64":-5.232},"Rate":{"0":60.12894,"1":86.95659,"2":73.38357,"3":56.50683,"4":55.02179,"5":55.82433,"6":56.95159,"7":79.3267,"8":84.18592,"9":61.91685,"10":65.42338,"11":69.85474,"12":64.69228,"13":77.56754,"14":91.75015,"15":79.13663,"16":89.35354,"17":72.23705,"18":72.16366,"19":96.72397,"20":73.31581,"21":85.51751,"22":92.36354,"23":82.97816,"24":70.73331,"25":65.95127,"26":59.2105,"27":69.16871,"28":72.51266,"29":72.58006,"30":78.87469,"31":65.92412,"32":54.88129,"33":58.08359,"34":56.52465,"35":53.30761,"36":63.29177,"37":46.56384,"38":45.30292,"39":52.62644,"40":42.25389,"41":56.32377,"42":48.95337,"43":49.98059,"44":33.11762,"45":40.13323,"46":28.69362,"47":25.08978,"48":26.6997,"49":20.24089,"50":21.89172,"51":18.97409,"52":18.37314,"53":18.57658,"54":14.31854,"55":19.77378,"56":13.5232,"57":13.28292,"58":11.66512,"59":11.42105,"60":10.38294,"61":8.502052,"62":8.380667,"63":4.758205,"64":2.545178},"RatePos":{"0":9.980854,"1":13.94954,"2":12.03435,"3":9.988776,"4":9.345201,"5":9.095126,"6":9.252352,"7":12.69453,"8":13.35857,"9":10.11998,"10":10.33472,"11":11.16277,"12":10.07239,"13":12.37167,"14":14.62113,"15":12.3373,"16":13.70782,"17":11.88864,"18":11.39253,"19":15.15456,"20":11.47233,"21":13.90717,"22":14.18478,"23":12.96017,"24":11.01075,"25":10.68722,"26":9.083589,"27":10.77821,"28":11.14428,"29":11.25406,"30":11.98014,"31":10.20308,"32":8.314495,"33":9.350224,"34":8.733586,"35":8.218453,"36":9.581043,"37":7.339313,"38":7.267486,"39":8.10899,"40":6.913844,"41":8.669162,"42":7.390902,"43":7.545875,"44":5.194554,"45":6.432809,"46":4.501314,"47":3.855639,"48":4.0223,"49":3.106732,"50":3.355803,"51":2.967902,"52":2.935165,"53":2.792847,"54":2.194401,"55":2.970705,"56":2.072864,"57":2.119673,"58":1.824048,"59":1.749209,"60":1.65791,"61":1.608491,"62":1.634747,"63":1.020494,"64":0.5833741},"RateNeg":{"0":-10.45097,"1":-14.65844,"2":-12.63689,"3":-10.42834,"4":-9.780637,"5":-9.536765,"6":-9.694285,"7":-13.33173,"8":-13.99299,"9":-10.54072,"10":-10.80756,"11":-11.62136,"12":-10.45846,"13":-12.86806,"14":-15.20112,"15":-12.81988,"16":-14.20206,"17":-12.28778,"18":-11.7771,"19":-15.58085,"20":-11.78296,"21":-14.25032,"22":-14.58879,"23":-13.2902,"24":-11.25844,"25":-10.91698,"26":-9.333946,"27":-11.0307,"28":-11.38082,"29":-11.46537,"30":-12.20077,"31":-10.37598,"32":-8.446272,"33":-9.492018,"34":-8.866715,"35":-8.325238,"36":-9.725078,"37":-7.447256,"38":-7.351811,"39":-8.209792,"40":-6.986547,"41":-8.767087,"42":-7.481925,"43":-7.638686,"44":-5.244883,"45":-6.501908,"46":-4.545614,"47":-3.892916,"48":-4.062807,"49":-3.132941,"50":-3.379806,"51":-2.988339,"52":-2.956656,"53":-2.815196,"54":-2.209598,"55":-2.99237,"56":-2.087573,"57":-2.132898,"58":-1.836029,"59":-1.760226,"60":-1.669255,"61":-1.616185,"62":-1.642,"63":-1.024252,"64":-0.585539},"FracExp":{"0":1.0,"1":1.0,"2":1.0,"3":1.0,"4":1.0,"5":1.0,"6":1.0,"7":1.0,"8":1.0,"9":1.0,"10":1.0,"11":1.0,"12":1.0,"13":1.0,"14":1.0,"15":1.0,"16":1.0,"17":1.0,"18":1.0,"19":1.0,"20":1.0,"21":1.0,"22":1.0,"23":1.0,"24":1.0,"25":1.0,"26":1.0,"27":1.0,"28":1.0,"29":1.0,"30":1.0,"31":1.0,"32":1.0,"33":1.0,"34":1.0,"35":1.0,"36":1.0,"37":1.0,"38":1.0,"39":1.0,"40":1.0,"41":1.0,"42":1.0,"43":1.0,"44":1.0,"45":1.0,"46":1.0,"47":1.0,"48":1.0,"49":1.0,"50":1.0,"51":1.0,"52":1.0,"53":1.0,"54":1.0,"55":1.0,"56":1.0,"57":1.0,"58":1.0,"59":1.0,"60":1.0,"61":1.0,"62":1.0,"63":1.0,"64":1.0},"BGrate":{"0":1.377817,"1":0.0,"2":0.8278884,"3":3.395537,"4":1.921074,"5":0.6297911,"6":0.6425084,"7":0.0,"8":0.0,"9":1.418786,"10":0.0,"11":0.8034852,"12":0.0,"13":0.9218862,"14":1.090446,"15":0.0,"16":0.0,"17":2.657014,"18":0.8576614,"19":1.149559,"20":0.8713546,"21":3.145494,"22":0.0,"23":0.9861912,"24":0.8406618,"25":2.425811,"26":0.0,"27":0.8538106,"28":0.8753379,"29":0.89592,"30":0.0,"31":0.8137598,"32":0.0,"33":2.218921,"34":0.6977338,"35":0.658023,"36":0.0,"37":1.168946,"38":1.756074,"39":0.65915,"40":2.218916,"41":0.7054593,"42":0.0,"43":0.0,"44":0.8425086,"45":1.555682,"46":0.7339501,"47":0.3185785,"48":0.0,"49":0.2570095,"50":0.277971,"51":0.4893021,"52":0.7219259,"53":0.0,"54":0.1810508,"55":0.0,"56":0.1678352,"57":0.5143603,"58":0.3025421,"59":0.1458369,"60":0.4093576,"61":0.1636608,"62":0.3301527,"63":0.5041677,"64":0.3969683},"BGerr":{"0":0.9742638,"1":0.0,"2":0.8278884,"3":1.51853,"4":1.109133,"5":0.6297911,"6":0.6425084,"7":0.0,"8":0.0,"9":1.003233,"10":0.0,"11":0.8034852,"12":0.0,"13":0.9218862,"14":1.090446,"15":0.0,"16":0.0,"17":1.534028,"18":0.8576614,"19":1.149559,"20":0.8713546,"21":1.816052,"22":0.0,"23":0.9861912,"24":0.8406618,"25":1.400543,"26":0.0,"27":0.8538106,"28":0.8753379,"29":0.89592,"30":0.0,"31":0.8137598,"32":0.0,"33":1.281094,"34":0.6977338,"35":0.658023,"36":0.0,"37":0.8265697,"38":1.01387,"39":0.65915,"40":1.109458,"41":0.7054593,"42":0.0,"43":0.0,"44":0.5957435,"45":0.8981734,"46":0.5189811,"47":0.3185785,"48":0.0,"49":0.2570095,"50":0.277971,"51":0.3459888,"52":0.4168041,"53":0.0,"54":0.1810508,"55":0.0,"56":0.1678352,"57":0.2969661,"58":0.2139296,"59":0.1458369,"60":0.2363427,"61":0.1636608,"62":0.2334532,"63":0.2254706,"64":0.1500399},"CorrFact":{"0":1.357986,"1":1.357986,"2":1.357986,"3":1.357986,"4":1.357986,"5":1.357986,"6":1.357986,"7":1.357986,"8":1.357986,"9":1.357986,"10":1.357986,"11":1.331945,"12":1.289053,"13":1.289053,"14":1.289053,"15":1.289053,"16":1.289053,"17":1.289053,"18":1.289053,"19":1.289053,"20":1.289053,"21":1.289053,"22":1.289053,"23":1.289053,"24":1.289053,"25":1.289053,"26":1.245387,"27":1.241127,"28":1.241127,"29":1.241127,"30":1.241127,"31":1.241127,"32":1.241127,"33":1.241127,"34":1.241127,"35":1.241127,"36":1.241127,