{"Time":{"0":65.226,"1":69.393,"2":74.587,"3":79.537,"4":83.039,"5":88.518,"6":93.755,"7":98.306,"8":104.278,"9":110.622,"10":115.952,"11":123.498,"12":130.158,"13":135.01,"14":140.467,"15":147.617,"16":154.998,"17":162.739,"18":171.318,"19":180.392,"20":189.413,"21":196.75,"22":204.173},"TimePos":{"0":1.681,"1":3.015,"2":2.764,"3":2.032,"4":2.33,"5":2.848,"6":1.941,"7":2.998,"8":3.462,"9":2.356,"10":4.189,"11":3.446,"12":2.827,"13":2.385,"14":3.086,"15":3.862,"16":3.682,"17":4.202,"18":4.678,"19":4.226,"20":3.999,"21":2.774,"22":4.522},"TimeNeg":{"0":-2.052,"1":-2.486,"2":-2.18,"3":-2.186,"4":-1.469,"5":-3.149,"6":-2.389,"7":-2.61,"8":-2.974,"9":-2.881,"10":-2.974,"11":-3.357,"12":-3.213,"13":-2.026,"14":-3.071,"15":-4.064,"16":-3.52,"17":-4.059,"18":-4.376,"19":-4.397,"20":-4.795,"21":-3.337,"22":-4.649},"Rate":{"0":9.717928,"1":9.32642,"2":9.21369,"3":7.867196,"4":8.923995,"5":5.584798,"6":7.543123,"7":5.523078,"8":5.053505,"9":6.350067,"10":4.467083,"11":4.798397,"12":5.253796,"13":7.555768,"14":5.424579,"15":4.114151,"16":4.527543,"17":3.870274,"18":3.725411,"19":3.863671,"20":3.541492,"21":5.487855,"22":3.575695},"RatePos":{"0":1.86878,"1":1.568473,"2":1.498131,"3":1.485958,"4":1.630767,"5":1.020079,"6":1.423193,"7":1.113811,"8":0.9533473,"9":1.159475,"10":0.8710481,"11":0.9356688,"12":1.024494,"13":1.379697,"14":0.9905486,"15":0.7762102,"16":0.8542549,"17":0.7805764,"18":0.7029655,"19":0.7291048,"20":0.7143524,"21":1.002408,"22":0.6747962},"RateNeg":{"0":-1.867551,"1":-1.567364,"2":-1.496894,"3":-1.485379,"4":-1.630301,"5":-1.019932,"6":-1.423079,"7":-1.113753,"8":-0.9533113,"9":-1.159435,"10":-0.8710222,"11":-0.9356352,"12":-1.024449,"13":-1.379625,"14":-0.9904933,"15":-0.7761561,"16":-0.8541785,"17":-0.7805095,"18":-0.7028842,"19":-0.7290043,"20":-0.7142636,"21":-1.002253,"22":-0.6746923},"FracExp":{"0":1.0,"1":1.0,"2":1.0,"3":1.0,"4":1.0,"5":1.0,"6":1.0,"7":1.0,"8":1.0,"9":1.0,"10":1.0,"11":1.0,"12":1.0,"13":1.0,"14":1.0,"15":1.0,"16":1.0,"17":1.0,"18":1.0,"19":1.0,"20":1.0,"21":1.0,"22":1.0},"BGrate":{"0":0.1918366,"1":0.6508259,"2":0.1448266,"3":0.1697475,"4":0.0,"5":0.0,"6":0.1653545,"7":0.3830638,"8":0.111242,"9":0.0,"10":0.1999366,"11":0.2104986,"12":0.2370973,"13":0.0,"14":0.0,"15":0.09034179,"16":0.09942518,"17":0.2600514,"18":0.07908679,"19":0.08303558,"20":0.2442684,"21":0.0,"22":0.07807427},"BGerr":{"0":0.1918366,"1":0.2910582,"2":0.1448266,"3":0.1697475,"4":0.0,"5":0.0,"6":0.1653545,"7":0.221162,"8":0.111242,"9":0.0,"10":0.1413765,"11":0.148845,"12":0.1676531,"13":0.0,"14":0.0,"15":0.09034179,"16":0.09942518,"17":0.1501407,"18":0.07908679,"19":0.08303558,"20":0.1410284,"21":0.0,"22":0.07807427},"CorrFact":{"0":1.23867,"1":1.23867,"2":1.159613,"3":1.133261,"4":1.129905,"5":1.116483,"6":1.115446,"7":1.112039,"8":1.110804,"9":1.10867,"10":1.120022,"11":1.142725,"12":1.110814,"13":1.110814,"14":1.113402,"15":1.113538,"16":1.113473,"17":1.14787,"18":1.151817,"19":1.137756,"20":1.118225,"21":1.117932,"22":1.119865},"CtsInSrc":{"0":30.0,"1":45.0,"2":40.0,"3":30.0,"4":30.0,"5":30.0,"6":30.0,"7":30.0,"8":30.0,"9":30.0,"10":30.0,"11":30.0,"12":30.0,"13":30.0,"14":30.0,"15":30.0,"16":30.0,"17":30.0,"18":30.0,"19":30.0,"20":30.0,"21":30.0,"22":30.0},"BGInSrc":{"0":0.716049,"1":3.580247,"2":0.716049,"3":0.716049,"4":0.0,"5":0.0,"6":0.716049,"7":2.148148,"8":0.716049,"9":0.0,"10":1.432099,"11":1.432099,"12":1.432099,"13":0.0,"14":0.0,"15":0.716049,"16":0.716049,"17":2.148148,"18":0.716049,"19":0.716049,"20":2.148148,"21":0.0,"22":0.716049},"Exposure":{"0":3.732601,"1":5.501082,"2":4.944185,"3":4.218321,"4":3.798429,"5":5.997439,"6":4.330391,"7":5.607808,"8":6.436864,"9":5.237756,"10":7.162764,"11":6.803366,"12":6.04013,"13":4.410459,"14":6.157541,"15":7.926004,"16":7.201892,"17":8.260476,"18":9.053969,"19":8.623404,"20":8.794212,"21":6.111308,"22":9.171387},"Sigma":{"0":40.896552,"1":25.868993,"2":54.862069,"3":40.896552,"4":1000.0,"5":1000.0,"6":40.896552,"7":22.456935,"8":40.896552,"9":1000.0,"10":28.211122,"11":28.211122,"12":28.211122,"13":1000.0,"14":1000.0,"15":40.896552,"16":40.896552,"17":22.456935,"18":40.896552,"19":40.896552,"20":22.456935,"21":1000.0,"22":40.896552},"SNR":{"0":5.203567,"1":5.950384,"2":6.155205,"3":5.296422,"4":5.473832,"5":5.475655,"6":5.300565,"7":4.958979,"8":5.301002,"9":5.476866,"10":5.128553,"11":5.128491,"12":5.128413,"13":5.476682,"14":5.476644,"15":5.300675,"16":5.300465,"17":4.95865,"18":5.300178,"19":5.299928,"20":4.958243,"21":5.475521,"22":5.299741},"SYS_NEG":{"0":0.963254,"1":0.977225,"2":0.988056,"3":0.991834,"4":0.99357,"5":0.995627,"6":0.996687,"7":0.997147,"8":0.99774,"9":0.997907,"10":0.997931,"11":0.997721,"12":0.997479,"13":0.997427,"14":0.997339,"15":0.996918,"16":0.99649,"17":0.99632,"18":0.995977,"19":0.995581,"20":0.995504,"21":0.995444,"22":0.995305},"SYS_POS":{"0":1.037402,"1":1.023635,"2":1.013649,"3":1.00972,"4":1.007772,"5":1.005357,"6":1.004084,"7":1.003523,"8":1.002792,"9":1.002586,"10":1.002556,"11":1.002816,"12":1.003115,"13":1.003179,"14":1.003287,"15":1.003803,"16":1.004323,"17":1.004529,"18":1.004941,"19":1.005417,"20":1.005508,"21":1.00558,"22":1.005745}}