{"Time":{"0":148.812,"1":153.432,"2":158.442,"3":164.594,"4":169.26,"5":174.935,"6":180.814,"7":187.711,"8":195.606},"TimePos":{"0":2.113,"1":2.069,"2":3.429,"3":2.357,"4":3.033,"5":2.65,"6":3.245,"7":3.628,"8":5.588},"TimeNeg":{"0":-2.438,"1":-2.507,"2":-2.942,"3":-2.722,"4":-2.309,"5":-2.641,"6":-3.229,"7":-3.652,"8":-4.267},"Rate":{"0":10.76574,"1":6.967667,"2":5.122731,"3":6.423519,"4":6.104668,"5":6.163213,"6":4.915807,"7":4.264643,"8":3.150527},"RatePos":{"0":1.604864,"1":1.314312,"2":0.9352793,"3":1.17277,"4":1.114556,"5":1.125245,"6":0.9272698,"7":0.8315031,"8":0.6142772},"RateNeg":{"0":-1.604865,"1":-1.314313,"2":-0.9352794,"3":-1.17277,"4":-1.114556,"5":-1.125245,"6":-0.92727,"7":-0.8315032,"8":-0.6142773},"FracExp":{"0":1.0,"1":1.0,"2":1.0,"3":1.0,"4":1.0,"5":1.0,"6":1.0,"7":1.0,"8":1.0},"BGrate":{"0":0.0,"1":0.1564833,"2":0.0,"3":0.0,"4":0.0,"5":0.0,"6":0.1106003,"7":0.1967139,"8":0.1453241},"BGerr":{"0":0.0,"1":0.1564833,"2":0.0,"3":0.0,"4":0.0,"5":0.0,"6":0.1106003,"7":0.1390977,"8":0.1027597},"CorrFact":{"0":1.088762,"1":1.088762,"2":1.087895,"3":1.08758,"4":1.087173,"5":1.086998,"6":1.086805,"7":1.086782,"8":1.086777},"CtsInSrc":{"0":45.0,"1":30.0,"2":30.0,"3":30.0,"4":30.0,"5":30.0,"6":30.0,"7":30.0,"8":30.0},"BGInSrc":{"0":0.0,"1":0.716049,"2":0.0,"3":0.0,"4":0.0,"5":0.0,"6":0.716049,"7":1.432099,"8":1.432099},"Exposure":{"0":4.550943,"1":4.575885,"2":6.370987,"3":5.079365,"4":5.342663,"5":5.291063,"6":6.474206,"7":7.280111,"8":9.854517},"Sigma":{"0":1000.0,"1":40.896552,"2":1000.0,"3":1000.0,"4":1000.0,"5":1000.0,"6":40.896552,"7":28.211122,"8":28.211122},"SNR":{"0":6.708193,"1":5.301377,"2":5.477219,"3":5.477219,"4":5.477219,"5":5.477219,"6":5.301376,"7":5.128836,"8":5.128835},"SYS_NEG":{"0":0.999729,"1":0.99973,"2":0.999726,"3":0.999719,"4":0.999715,"5":0.999711,"6":0.999708,"7":0.999706,"8":0.999705},"SYS_POS":{"0":1.000254,"1":1.000249,"2":1.000251,"3":1.000256,"4":1.00026,"5":1.000263,"6":1.000266,"7":1.000268,"8":1.000268}}