{"Time":{"0":102.022,"1":108.217},"TimePos":{"0":3.241,"1":2.752},"TimeNeg":{"0":-3.34,"1":-2.954},"Rate":{"0":4.857667,"1":5.386407},"RatePos":{"0":0.9545544,"1":1.098995},"RateNeg":{"0":-0.9545538,"1":-1.098995},"FracExp":{"0":1.0,"1":1.0},"BGrate":{"0":0.2376761,"1":0.4111992},"BGerr":{"0":0.1680624,"1":0.237406},"CorrFact":{"0":1.124192,"1":1.111342},"CtsInSrc":{"0":30.0,"1":30.0},"BGInSrc":{"0":1.564103,"1":2.346154},"Exposure":{"0":6.580816,"1":5.705639},"Sigma":{"0":25.710866,"1":20.415484},"SNR":{"0":5.08894,"1":4.901213},"SYS_NEG":{"0":0.999608,"1":0.999599},"SYS_POS":{"0":1.000452,"1":1.000463}}