{"Time":{"0":211.982,"1":215.748,"2":220.494,"3":225.257,"4":231.419,"5":238.024,"6":243.516,"7":248.698,"8":254.814,"9":259.893,"10":266.168,"11":272.053,"12":277.899,"13":285.878,"14":292.094,"15":297.715,"16":303.711},"TimePos":{"0":1.641,"1":2.559,"2":2.125,"3":2.088,"4":4.332,"5":3.014,"6":2.587,"7":3.197,"8":2.294,"9":3.378,"10":3.325,"11":2.86,"12":4.384,"13":2.785,"14":2.372,"15":2.035,"16":3.803},"TimeNeg":{"0":-3.105,"1":-2.125,"2":-2.186,"3":-2.639,"4":-4.074,"5":-2.272,"6":-2.479,"7":-2.596,"8":-2.919,"9":-2.785,"10":-2.897,"11":-2.56,"12":-2.986,"13":-3.595,"14":-3.431,"15":-3.249,"16":-3.961},"Rate":{"0":6.540899,"1":6.794005,"2":7.562927,"3":6.567632,"4":3.785887,"5":6.021117,"6":6.283555,"7":5.359919,"8":6.10556,"9":5.038063,"10":5.240725,"11":5.440509,"12":4.213423,"13":4.988675,"14":5.215978,"15":5.728523,"16":4.099151},"RatePos":{"0":1.275319,"1":1.281555,"2":1.380797,"3":1.280531,"4":0.7141329,"5":1.135765,"6":1.185269,"7":1.045056,"8":1.151693,"9":0.9823016,"10":0.9568223,"11":1.135056,"12":0.8215165,"13":0.9410151,"14":1.051721,"15":1.155068,"16":0.773224},"RateNeg":{"0":-1.275319,"1":-1.281555,"2":-1.380797,"3":-1.280531,"4":-0.7141331,"5":-1.135765,"6":-1.185269,"7":-1.045056,"8":-1.151694,"9":-0.9823018,"10":-0.9568226,"11":-1.135057,"12":-0.8215167,"13":-0.9410153,"14":-1.051721,"15":-1.155068,"16":-0.7732242},"FracExp":{"0":1.0,"1":1.0,"2":1.0,"3":1.0,"4":1.0,"5":1.0,"6":1.0,"7":1.0,"8":1.0,"9":1.0,"10":1.0,"11":1.0,"12":1.0,"13":1.0,"14":1.0,"15":1.0,"16":1.0},"BGrate":{"0":0.3017045,"1":0.1528583,"2":0.0,"3":0.3029556,"4":0.08517983,"5":0.135468,"6":0.1413678,"7":0.2472206,"8":0.1373637,"9":0.2323757,"10":0.0,"11":0.5283581,"12":0.1943381,"13":0.112235,"14":0.3701489,"15":0.4065406,"16":0.09222604},"BGerr":{"0":0.2133373,"1":0.1528583,"2":0.0,"3":0.2142219,"4":0.08517983,"5":0.135468,"6":0.1413678,"7":0.1748113,"8":0.1373637,"9":0.1643144,"10":0.0,"11":0.264179,"12":0.1374178,"13":0.112235,"14":0.2137056,"15":0.2347163,"16":0.09222604},"CorrFact":{"0":1.086802,"1":1.086802,"2":1.086748,"3":1.086737,"4":1.086786,"5":1.08681,"6":1.086847,"7":1.086847,"8":1.086843,"9":1.086845,"10":1.086854,"11":1.086855,"12":1.086855,"13":1.086852,"14":1.086849,"15":1.086798,"16":1.08681},"CtsInSrc":{"0":30.0,"1":30.0,"2":30.0,"3":30.0,"4":30.0,"5":30.0,"6":30.0,"7":30.0,"8":30.0,"9":30.0,"10":30.0,"11":30.0,"12":30.0,"13":30.0,"14":30.0,"15":30.0,"16":30.0},"BGInSrc":{"0":1.432099,"1":0.716049,"2":0.0,"3":1.432099,"4":0.716049,"5":0.716049,"6":0.716049,"7":1.432099,"8":0.716049,"9":1.432099,"10":0.0,"11":2.864198,"12":1.432099,"13":0.716049,"14":2.148148,"15":2.148148,"16":0.716049},"Exposure":{"0":4.746693,"1":4.684401,"2":4.310823,"3":4.727092,"4":8.406325,"5":5.285745,"6":5.065153,"7":5.792798,"8":5.212801,"9":6.162859,"10":6.221588,"11":5.42094,"12":7.369109,"13":6.379912,"14":5.80347,"15":5.28397,"16":7.76407},"Sigma":{"0":28.211122,"1":40.896552,"2":1000.0,"3":28.211122,"4":40.896552,"5":40.896552,"6":40.896552,"7":28.211122,"8":40.896552,"9":28.211122,"10":1000.0,"11":18.948276,"12":28.211122,"13":40.896552,"14":22.456935,"15":22.456935,"16":40.896552},"SNR":{"0":5.128834,"1":5.301374,"2":5.477217,"3":5.128834,"4":5.301375,"5":5.301375,"6":5.301375,"7":5.128834,"8":5.301375,"9":5.128834,"10":5.477217,"11":4.793161,"12":5.128834,"13":5.301375,"14":4.959469,"15":4.959469,"16":5.301375},"SYS_NEG":{"0":0.999666,"1":0.999666,"2":0.999671,"3":0.99967,"4":0.999672,"5":0.999673,"6":0.999676,"7":0.999676,"8":0.999677,"9":0.999676,"10":0.999677,"11":0.999678,"12":0.999677,"13":0.999679,"14":0.999678,"15":0.999677,"16":0.999677},"SYS_POS":{"0":1.000302,"1":1.000301,"2":1.000297,"3":1.000298,"4":1.000296,"5":1.000295,"6":1.000293,"7":1.000293,"8":1.000292,"9":1.000293,"10":1.000292,"11":1.000291,"12":1.000292,"13":1.00029,"14":1.000292,"15":1.000292,"16":1.000292}}