{"Time":{"0":142.54,"1":149.057,"2":156.624},"TimePos":{"0":3.545,"1":3.815,"2":5.197},"TimeNeg":{"0":-2.179,"1":-2.972,"2":-3.752},"Rate":{"0":11.71299,"1":6.88963,"2":6.536963},"RatePos":{"0":1.874149,"1":1.497795,"2":1.629735},"RateNeg":{"0":-1.963385,"1":-1.518422,"2":-1.542392},"FracExp":{"0":1.0,"1":1.0,"2":1.0},"BGrate":{"0":0.0,"1":0.09640285,"2":0.1462332},"BGerr":{"0":0.0,"1":0.09640285,"2":0.1034025},"CorrFact":{"0":1.489757,"1":1.593502,"2":2.038918},"CtsInSrc":{"0":45.0,"1":30.0,"2":30.0},"BGInSrc":{"0":0.0,"1":0.654321,"2":1.308642},"Exposure":{"0":5.723479,"1":6.787361,"2":8.949005},"Sigma":{"0":1000.0,"1":44.849057,"2":31.005965},"SNR":{"0":5.965712,"1":4.537361,"2":4.238199},"SYS_NEG":{"0":0.923346,"1":0.884938,"2":0.865135},"SYS_POS":{"0":1.058135,"1":1.109218,"2":1.157074}}