{"Time":{"0":121.623,"1":126.858,"2":132.937,"3":142.754,"4":1129.389,"5":1135.218,"6":1140.528,"7":1144.805,"8":1149.432,"9":1154.519,"10":1158.904,"11":1163.655,"12":1169.499,"13":1174.692,"14":1178.984,"15":1183.081,"16":1188.409,"17":1193.617,"18":1199.207,"19":1205.986,"20":1211.734,"21":1217.897,"22":1224.635,"23":1230.554,"24":1237.652,"25":1244.157,"26":1250.081,"27":1256.611,"28":1262.545,"29":1268.924,"30":1277.457,"31":1287.115,"32":1293.128,"33":1300.474,"34":1307.141,"35":1314.852},"TimePos":{"0":2.362,"1":2.903,"2":3.881,"3":5.295,"4":1.988,"5":3.19,"6":2.145,"7":2.445,"8":2.768,"9":1.871,"10":2.462,"11":2.504,"12":2.78,"13":2.242,"14":1.777,"15":2.284,"16":2.398,"17":2.451,"18":3.633,"19":2.818,"20":3.088,"21":3.712,"22":2.723,"23":3.916,"24":3.398,"25":2.942,"26":3.269,"27":2.593,"28":2.908,"29":3.928,"30":5.343,"31":3.278,"32":3.71,"33":3.317,"34":3.499,"35":5.269},"TimeNeg":{"0":-2.447,"1":-2.872,"2":-3.176,"3":-5.936,"4":-3.059,"5":-3.841,"6":-2.12,"7":-2.132,"8":-2.181,"9":-2.319,"10":-2.514,"11":-2.289,"12":-3.339,"13":-2.414,"14":-2.05,"15":-2.32,"16":-3.044,"17":-2.81,"18":-3.139,"19":-3.146,"20":-2.931,"21":-3.075,"22":-3.026,"23":-3.196,"24":-3.181,"25":-3.107,"26":-2.982,"27":-3.26,"28":-3.341,"29":-3.471,"30":-4.606,"31":-4.314,"32":-2.736,"33":-3.636,"34":-3.35,"35":-4.212},"Rate":{"0":26.41898,"1":21.69072,"2":17.92417,"3":11.27898,"4":20.98068,"5":15.08652,"6":22.38567,"7":21.46673,"8":21.74976,"9":24.86158,"10":21.27075,"11":22.42668,"12":15.92531,"13":20.18348,"14":26.53894,"15":22.01636,"16":18.35506,"17":19.34485,"18":15.48539,"19":16.87748,"20":16.81072,"21":15.12247,"22":15.88771,"23":13.2811,"24":14.49203,"25":15.94415,"26":15.44363,"27":15.75425,"28":16.02022,"29":14.25425,"30":10.03667,"31":13.14629,"32":15.21103,"33":9.722599,"34":9.262721,"35":10.56765},"RatePos":{"0":3.949976,"1":3.315027,"2":2.756378,"3":1.718392,"4":4.912444,"5":3.40298,"6":5.236019,"7":4.948733,"8":4.941644,"9":5.801806,"10":4.962092,"11":5.149145,"12":3.761313,"13":4.770445,"14":6.035186,"15":5.043987,"16":4.305902,"17":4.595096,"18":3.575801,"19":3.898818,"20":3.935856,"21":3.56193,"22":3.842614,"23":3.107733,"24":3.412444,"25":3.721705,"26":3.580063,"27":3.798207,"28":3.689198,"29":3.288623,"30":2.34547,"31":3.004073,"32":3.52998,"33":2.463011,"34":2.453158,"35":2.436379},"RateNeg":{"0":-3.977146,"1":-3.332801,"2":-2.761723,"3":-1.72966,"4":-3.848245,"5":-2.636351,"6":-4.078878,"7":-3.816832,"8":-3.796178,"9":-4.533576,"10":-3.8596,"11":-3.977626,"12":-2.947287,"13":-3.739625,"14":-4.622017,"15":-3.878082,"16":-3.35763,"17":-3.614088,"18":-2.764412,"19":-3.014292,"20":-3.075049,"21":-2.800046,"22":-3.06223,"23":-2.426008,"24":-2.669535,"25":-2.897423,"26":-2.777183,"27":-3.012491,"28":-2.841731,"29":-2.541734,"30":-1.825517,"31":-2.308768,"32":-2.734143,"33":-2.007585,"34":-2.042312,"35":-1.882765},"FracExp":{"0":1.0,"1":1.0,"2":1.0,"3":1.0,"4":1.0,"5":1.0,"6":1.0,"7":1.0,"8":1.0,"9":1.0,"10":1.0,"11":1.0,"12":1.0,"13":1.0,"14":1.0,"15":1.0,"16":1.0,"17":1.0,"18":1.0,"19":1.0,"20":1.0,"21":1.0,"22":1.0,"23":1.0,"24":1.0,"25":1.0,"26":1.0,"27":1.0,"28":1.0,"29":1.0,"30":1.0,"31":1.0,"32":1.0,"33":1.0,"34":1.0,"35":1.0},"BGrate":{"0":0.0,"1":0.1111639,"2":0.09096141,"3":0.05715794,"4":0.381569,"5":0.09130498,"6":0.3010758,"7":0.0,"8":0.0,"9":0.4596662,"10":0.2580173,"11":0.1339417,"12":0.3147681,"13":0.4136602,"14":0.0,"15":0.0,"16":0.2359183,"17":0.4881131,"18":0.09480581,"19":0.1076511,"20":0.3199857,"21":0.3783362,"22":0.5583868,"23":0.180512,"24":0.2927295,"25":0.1061289,"26":0.0,"27":0.5483849,"28":0.0,"29":0.08676074,"30":0.1290531,"31":0.0,"32":0.09959644,"33":0.0,"34":0.2811725,"35":0.06771205},"BGerr":{"0":0.0,"1":0.1111639,"2":0.09096141,"3":0.05715794,"4":0.2202989,"5":0.09130498,"6":0.2128927,"7":0.0,"8":0.0,"9":0.2653884,"10":0.1824458,"11":0.1339417,"12":0.1817315,"13":0.2388268,"14":0.0,"15":0.0,"16":0.1668194,"17":0.2440566,"18":0.09480581,"19":0.1076511,"20":0.1847438,"21":0.1891681,"22":0.2497182,"23":0.1276413,"24":0.1690074,"25":0.1061289,"26":0.0,"27":0.2452452,"28":0.0,"29":0.08676074,"30":0.09125434,"31":0.0,"32":0.09959644,"33":0.0,"34":0.162335,"35":0.06771205},"CorrFact":{"0":2.82331,"1":2.823944,"2":2.851859,"3":2.855875,"4":2.4585,"5":2.391337,"6":2.183743,"7":2.183743,"8":2.392236,"9":2.418298,"10":2.42126,"11":2.423234,"12":2.262147,"13":2.181604,"14":2.207876,"15":2.252693,"16":2.285081,"17":2.398439,"18":2.363923,"19":2.269003,"20":2.34898,"21":2.41896,"22":2.185449,"23":2.160904,"24":2.213534,"25":2.174271,"26":2.145579,"27":2.206617,"28":2.224416,"29":2.377757,"30":2.284171,"31":2.217745,"32":2.210349,"33":2.253319,"34":2.259955,"35":2.2587},"CtsInSrc":{"0":45.0,"1":45.0,"2":45.0,"3":45.0,"4":45.0,"5":45.0,"6":45.0,"7":45.0,"8":45.0,"9":45.0,"10":45.0,"11":45.0,"12":45.0,"13":45.0,"14":46.0,"15":45.0,"16":45.0,"17":45.0,"18":45.0,"19":45.0,"20":45.0,"21":45.0,"22":45.0,"23":45.0,"24":45.0,"25":45.0,"26":45.0,"27":45.0,"28":45.0,"29":45.0,"30":45.0,"31":45.0,"32":45.0,"33":30.0,"34":30.0,"35":45.0},"BGInSrc":{"0":0.0,"1":0.641975,"2":0.641975,"3":0.641975,"4":1.925926,"5":0.641975,"6":1.283951,"7":0.0,"8":0.0,"9":1.925926,"10":1.283951,"11":0.641975,"12":1.925926,"13":1.925926,"14":0.0,"15":0.0,"16":1.283951,"17":2.567901,"18":0.641975,"19":0.641975,"20":1.925926,"21":2.567901,"22":3.209877,"23":1.283951,"24":1.925926,"25":0.641975,"26":0.0,"27":3.209877,"28":0.0,"29":0.641975,"30":1.283951,"31":0.0,"32":0.641975,"33":0.0,"34":1.925926,"35":0.641975},"Exposure":{"0":4.809002,"1":5.775032,"2":7.057666,"3":11.231604,"4":5.047386,"5":7.03111,"6":4.264543,"7":4.57771,"8":4.949509,"9":4.189836,"10":4.976218,"11":4.792946,"12":6.118555,"13":4.655817,"14":3.826916,"15":4.604357,"16":5.442353,"17":5.260873,"18":6.771476,"19":5.96348,"20":6.018788,"21":6.787353,"22":5.748482,"23":7.112827,"24":6.579201,"25":6.049014,"26":6.251835,"27":5.853328,"28":6.248276,"29":7.399376,"30":9.949008,"31":7.591387,"32":6.445765,"33":6.952828,"34":6.849623,"35":9.480962},"Sigma":{"0":1000.0,"1":69.096154,"2":69.096154,"3":69.096154,"4":38.737982,"5":69.096154,"6":48.151252,"7":1000.0,"8":1000.0,"9":38.737982,"10":48.151252,"11":69.096154,"12":38.737982,"13":38.737982,"14":1000.0,"15":1000.0,"16":48.151252,"17":33.048077,"18":69.096154,"19":69.096154,"20":38.737982,"21":33.048077,"22":29.111885,"23":48.151252,"24":38.737982,"25":69.096154,"26":1000.0,"27":29.111885,"28":1000.0,"29":69.096154,"30":48.151252,"31":1000.0,"32":69.096154,"33":1000.0,"34":25.247971,"35":69.096154},"SNR":{"0":6.642699,"1":6.508254,"2":6.490215,"3":6.52092,"4":5.452012,"5":5.7225,"6":5.488192,"7":5.624227,"8":5.729383,"9":5.483878,"10":5.511128,"11":5.638208,"12":5.40338,"13":5.397193,"14":5.741853,"15":5.677126,"16":5.466671,"17":5.352623,"18":5.601694,"19":5.599151,"20":5.466812,"21":5.400794,"22":5.188281,"23":5.474469,"24":5.42867,"25":5.502873,"26":5.560899,"27":5.229643,"28":5.637485,"29":5.608083,"30":5.497988,"31":5.69407,"32":5.563362,"33":4.842933,"34":4.535409,"35":5.612833},"SYS_NEG":{"0":0.979013,"1":0.976998,"2":0.9743,"3":0.979084,"4":0.906608,"5":0.913643,"6":0.903968,"7":0.903091,"8":0.909217,"9":0.908719,"10":0.905414,"11":0.908471,"12":0.903406,"13":0.903,"14":0.907304,"15":0.906165,"16":0.902614,"17":0.905161,"18":0.906251,"19":0.906096,"20":0.907587,"21":0.908487,"22":0.898993,"23":0.903104,"24":0.905068,"25":0.900281,"26":0.899424,"27":0.901933,"28":0.90386,"29":0.906639,"30":0.904585,"31":0.907153,"32":0.903929,"33":0.903546,"34":0.905225,"35":0.906927},"SYS_POS":{"0":1.011483,"1":1.016672,"2":1.023847,"3":1.011491,"4":1.172922,"5":1.166732,"6":1.175304,"7":1.175847,"8":1.171463,"9":1.171868,"10":1.174478,"11":1.172152,"12":1.175678,"13":1.175906,"14":1.173135,"15":1.173969,"16":1.176222,"17":1.174684,"18":1.173902,"19":1.174025,"20":1.172903,"21":1.171958,"22":1.177622,"23":1.175432,"24":1.174717,"25":1.177217,"26":1.177527,"27":1.176572,"28":1.175523,"29":1.173633,"30":1.175023,"31":1.173191,"32":1.17543,"33":1.175619,