{"Time":{"0":72.2878,"1":72.9246,"2":73.5383,"3":74.0589,"4":74.8587,"5":75.4164,"6":75.9789,"7":76.5174,"8":77.2264,"9":77.9453,"10":78.706,"11":79.4096,"12":80.1745,"13":80.9975,"14":81.6965,"15":82.5137,"16":83.526,"17":84.4963,"18":85.3535,"19":86.1315,"20":86.8914,"21":87.7485,"22":88.6134,"23":89.3975,"24":90.3837,"25":91.494,"26":92.578,"27":93.595,"28":94.823,"29":95.6493,"30":96.882,"31":97.926,"32":99.14,"33":100.148,"34":101.414,"35":102.675,"36":104.056,"37":105.438,"38":106.904,"39":108.663,"40":110.101,"41":111.788,"42":113.043,"43":114.54,"44":116.313,"45":118.507,"46":120.83,"47":123.02,"48":125.466,"49":128.63,"50":131.318,"51":134.956,"52":138.524,"53":142.029,"54":146.226,"55":150.387,"56":153.866,"57":158.163,"58":162.673,"59":166.781,"60":173.649,"61":179.349},"TimePos":{"0":0.317,"1":0.3153,"2":0.2372,"3":0.3587,"4":0.3204,"5":0.2983,"6":0.2606,"7":0.3821,"8":0.3048,"9":0.4576,"10":0.3249,"11":0.3596,"12":0.3882,"13":0.3072,"14":0.407,"15":0.4278,"16":0.513,"17":0.4217,"18":0.3811,"19":0.3877,"20":0.343,"21":0.4253,"22":0.3967,"23":0.4665,"24":0.4748,"25":0.557,"26":0.3656,"27":0.648,"28":0.427,"29":0.5821,"30":0.548,"31":0.526,"32":0.49,"33":0.523,"34":0.592,"35":0.665,"36":0.722,"37":0.58,"38":0.885,"39":0.764,"40":0.885,"41":0.569,"42":0.869,"43":0.723,"44":1.095,"45":1.107,"46":0.944,"47":1.17,"48":1.516,"49":1.152,"50":1.832,"51":1.978,"52":1.81,"53":1.987,"54":1.881,"55":1.705,"56":2.193,"57":2.341,"58":2.069,"59":3.152,"60":2.612,"61":2.78},"TimeNeg":{"0":-0.3128,"1":-0.3199,"2":-0.2984,"3":-0.2835,"4":-0.4411,"5":-0.2372,"6":-0.2642,"7":-0.2779,"8":-0.3268,"9":-0.4141,"10":-0.3031,"11":-0.3787,"12":-0.4053,"13":-0.4347,"14":-0.3918,"15":-0.4102,"16":-0.584,"17":-0.4571,"18":-0.4355,"19":-0.3969,"20":-0.3722,"21":-0.5141,"22":-0.4395,"23":-0.3875,"24":-0.5198,"25":-0.635,"26":-0.5275,"27":-0.651,"28":-0.58,"29":-0.4,"30":-0.651,"31":-0.495,"32":-0.688,"33":-0.518,"34":-0.744,"35":-0.669,"36":-0.716,"37":-0.66,"38":-0.885,"39":-0.874,"40":-0.674,"41":-0.803,"42":-0.686,"43":-0.627,"44":-1.05,"45":-1.099,"46":-1.216,"47":-1.246,"48":-1.276,"49":-1.649,"50":-1.536,"51":-1.806,"52":-1.59,"53":-1.696,"54":-2.21,"55":-2.28,"56":-1.774,"57":-2.103,"58":-2.169,"59":-2.039,"60":-3.716,"61":-3.088},"Rate":{"0":79.34401,"1":78.67668,"2":90.49708,"3":76.62991,"4":65.62433,"5":91.90683,"6":92.33927,"7":74.56592,"8":77.92652,"9":55.59203,"10":79.56727,"11":66.65745,"12":62.97589,"13":67.35678,"14":62.55546,"15":58.9928,"16":45.91598,"17":56.483,"18":61.72014,"19":64.24078,"20":70.47244,"21":53.6546,"22":60.27566,"23":59.02233,"24":49.91491,"25":42.28303,"26":54.73032,"27":39.5106,"28":52.10527,"29":52.62056,"30":43.75541,"31":50.60359,"32":44.54839,"33":50.41304,"34":38.08399,"35":38.13541,"36":35.8308,"37":40.5998,"38":28.4407,"39":30.72618,"40":32.79871,"41":37.26591,"42":32.87382,"43":37.86704,"44":23.83762,"45":23.18379,"46":22.96593,"47":21.16943,"48":18.31403,"49":18.24964,"50":15.17417,"51":13.48366,"52":14.9349,"53":13.57965,"54":12.21745,"55":7.904163,"56":12.19862,"57":9.534543,"58":7.967143,"59":6.355281,"60":5.209483,"61":5.352662},"RatePos":{"0":11.82797,"1":11.72849,"2":14.05217,"3":11.65766,"4":9.782766,"5":13.98174,"6":14.33824,"7":11.34369,"8":11.85497,"9":8.632272,"10":11.86138,"11":10.14063,"12":9.388061,"13":10.04123,"14":9.325514,"15":8.974811,"16":6.845044,"17":8.593106,"18":9.201242,"19":9.577137,"20":10.5062,"21":7.999027,"22":8.986185,"23":8.799681,"24":7.594474,"25":6.304069,"26":8.499598,"27":6.011712,"28":7.768989,"29":8.006709,"30":6.524237,"31":7.70005,"32":6.6429,"33":7.517364,"34":5.915396,"35":5.923732,"36":5.343497,"37":6.179228,"38":4.328741,"39":4.676437,"40":4.891907,"41":5.558842,"42":4.903715,"43":5.647891,"44":3.55563,"45":3.458213,"46":3.568135,"47":3.157524,"48":2.73149,"49":2.72183,"50":2.263032,"51":2.010894,"52":2.227066,"53":2.066412,"54":1.859067,"55":1.583697,"56":1.934095,"57":1.600685,"58":1.454747,"59":1.196369,"60":0.9806763,"61":1.072414},"RateNeg":{"0":-11.82882,"1":-11.72937,"2":-14.05324,"3":-11.65868,"4":-9.783675,"5":-13.98299,"6":-14.33949,"7":-11.34484,"8":-11.85645,"9":-8.633526,"10":-11.86336,"11":-10.14213,"12":-9.389728,"13":-10.04353,"14":-9.327862,"15":-8.977237,"16":-6.847103,"17":-8.595906,"18":-9.204583,"19":-9.580988,"20":-10.51054,"21":-8.002539,"22":-8.990307,"23":-8.80458,"24":-7.598626,"25":-6.307709,"26":-8.50443,"27":-6.015475,"28":-7.774435,"29":-8.012182,"30":-6.529183,"31":-7.705704,"32":-6.648559,"33":-7.523696,"34":-5.920282,"35":-5.929056,"36":-5.348726,"37":-6.185535,"38":-4.333277,"39":-4.681169,"40":-4.897339,"41":-5.565656,"42":-4.909751,"43":-5.65421,"44":-3.55984,"45":-3.462411,"46":-3.572115,"47":-3.161145,"48":-2.734486,"49":-2.724757,"50":-2.265347,"51":-2.012925,"52":-2.228997,"53":-2.068042,"54":-1.860445,"55":-1.584322,"56":-1.935308,"57":-1.601579,"58":-1.455339,"59":-1.19679,"60":-0.9810257,"61":-1.072719},"FracExp":{"0":1.0,"1":1.0,"2":1.0,"3":1.0,"4":1.0,"5":1.0,"6":1.0,"7":1.0,"8":1.0,"9":1.0,"10":1.0,"11":1.0,"12":1.0,"13":1.0,"14":1.0,"15":1.0,"16":1.0,"17":1.0,"18":1.0,"19":1.0,"20":1.0,"21":1.0,"22":1.0,"23":1.0,"24":1.0,"25":1.0,"26":1.0,"27":1.0,"28":1.0,"29":1.0,"30":1.0,"31":1.0,"32":1.0,"33":1.0,"34":1.0,"35":1.0,"36":1.0,"37":1.0,"38":1.0,"39":1.0,"40":1.0,"41":1.0,"42":1.0,"43":1.0,"44":1.0,"45":1.0,"46":1.0,"47":1.0,"48":1.0,"49":1.0,"50":1.0,"51":1.0,"52":1.0,"53":1.0,"54":1.0,"55":1.0,"56":1.0,"57":1.0,"58":1.0,"59":1.0,"60":1.0,"61":1.0},"BGrate":{"0":0.0,"1":0.0,"2":2.535905,"3":1.057211,"4":0.0,"5":1.267976,"6":2.587527,"7":1.028736,"8":1.0751,"9":1.557797,"10":0.0,"11":0.9196278,"12":0.0,"13":0.0,"14":0.0,"15":0.8103095,"16":0.0,"17":0.77259,"18":0.0,"19":0.0,"20":0.0,"21":0.0,"22":0.0,"23":0.0,"24":0.6827499,"25":0.0,"26":1.520528,"27":0.5228144,"28":0.0,"29":0.691414,"30":0.0,"31":0.6649119,"32":0.0,"33":0.0,"34":1.016389,"35":1.017762,"36":0.0,"37":0.5475646,"38":0.3835762,"39":0.4144003,"40":0.0,"41":0.0,"42":0.0,"43":0.0,"44":0.0,"45":0.0,"46":0.6287632,"47":0.0,"48":0.0,"49":0.0,"50":0.0,"51":0.0,"52":0.0,"53":0.1843756,"54":0.1660103,"55":0.5111473,"56":0.5134404,"57":0.3055723,"58":0.0,"59":0.1307944,"60":0.1072975,"61":0.3471718},"BGerr":{"0":0.0,"1":0.0,"2":1.793156,"3":1.057211,"4":0.0,"5":1.267976,"6":1.829658,"7":1.028736,"8":1.0751,"9":1.101529,"10":0.0,"11":0.9196278,"12":0.0,"13":0.0,"14":0.0,"15":0.8103095,"16":0.0,"17":0.77259,"18":0.0,"19":0.0,"20":0.0,"21":0.0,"22":0.0,"23":0.0,"24":0.6827499,"25":0.0,"26":1.075175,"27":0.5228144,"28":0.0,"29":0.691414,"30":0.0,"31":0.6649119,"32":0.0,"33":0.0,"34":0.7186959,"35":0.7196662,"36":0.0,"37":0.5475646,"38":0.3835762,"39":0.4144003,"40":0.0,"41":0.0,"42":0.0,"43":0.0,"44":0.0,"45":0.0,"46":0.4446027,"47":0.0,"48":0.0,"49":0.0,"50":0.0,"51":0.0,"52":0.0,"53":0.1843756,"54":0.1660103,"55":0.295111,"56":0.2964349,"57":0.2160723,"58":0.0,"59":0.1307944,"60":0.1072975,"61":0.2004397},"CorrFact":{"0":1.110465,"1":1.110465,"2":1.110465,"3":1.110465,"4":1.110465,"5":1.110465,"6":1.110465,"7":1.110465,"8":1.110465,"9":1.110465,"10":1.110465,"11":1.110465,"12":1.110465,"13":1.110465,"14":1.110465,"15":1.115363,"16":1.120049,"17":1.120049,"18":1.120049,"19":1.120049,"20":1.120049,"21":1.120049,"22":1.120049,"23":1.120049,"24":1.120049,"25":1.120049,"26":1.120049,"27":1.157802,"28":1.165965,"29":1.165965,"30":1.165965,"31":1.165965,"32":1.165965,"33":1.165965,"34":1.165965,"35":1.165965,"36":1.144616,"37":1.135944,"38":1.135944,"39":1.135944,"40":1.135944,"41":1.135944,"42":1.135944,"43":1.136298,"44":1.136581,"45":1.136581,"46":1.136581,"47":1.136581,"48":1.13605,"49":1.135661,"50":1.135661,"51":1.13388,"52":1.128375,"53":1.128375,"54":1.127493,"55":1.126485,"56":1.126485,"57":1.125696,"58":1.125459,"59":1.125239,"60":1.124357,"61":1.123159},"CtsInSrc":{"0":45.0,"1":45.0,"2":45.0,"3":45.0,"4":45.0,"5":45.0,"6":45.0,"7":45.0,"8":45.0,"9":45.0,"10":45.0,"11":45.0,"12":45.0,"13":45.0,"14":45.0,"15":45.0,"16":45.0,"17":45.0,"18":45.0,"19":45.0,"20":45.0,"21":45.0,