{"Time":{"0":102.848,"1":108.793,"2":114.251,"3":120.339,"4":125.74,"5":131.725,"6":140.421,"7":162.97,"8":222.969,"9":407.718,"10":624.798,"11":836.215,"12":4236.792,"13":4337.021,"14":4428.186,"15":4533.897,"16":4637.108,"17":4775.576,"18":4897.629,"19":4977.713,"20":5090.504,"21":5233.49,"22":5410.17,"23":5588.758,"24":5754.701,"25":5876.558,"26":5996.29,"27":6113.525,"28":6243.801,"29":6386.249,"30":6501.948,"31":6615.772},"TimePos":{"0":3.386,"1":2.862,"2":3.126,"3":2.93,"4":2.334,"5":4.907,"6":3.08,"7":6.396,"8":55.166,"9":146.977,"10":86.055,"11":57.556,"12":54.807,"13":48.271,"14":50.485,"15":54.613,"16":59.279,"17":53.561,"18":42.942,"19":33.195,"20":87.725,"21":71.276,"22":86.601,"23":101.528,"24":44.535,"25":65.503,"26":57.357,"27":66.663,"28":63.969,"29":76.942,"30":36.05,"31":80.068},"TimeNeg":{"0":-16.284,"1":-2.559,"2":-2.596,"3":-2.962,"4":-2.471,"5":-3.651,"6":-3.789,"7":-19.468,"8":-53.603,"9":-129.583,"10":-70.103,"11":-125.362,"12":-65.694,"13":-45.421,"14":-42.895,"15":-55.226,"16":-48.598,"17":-79.189,"18":-68.493,"19":-37.141,"20":-79.597,"21":-55.261,"22":-105.404,"23":-91.988,"24":-64.415,"25":-77.322,"26":-54.229,"27":-59.877,"28":-63.612,"29":-78.479,"30":-38.757,"31":-77.775},"Rate":{"0":5.140298,"1":5.996469,"2":5.683359,"3":5.385052,"4":6.439791,"5":3.523665,"6":4.504132,"7":2.638774,"8":1.203905,"9":0.2883399,"10":0.3625147,"11":0.4416293,"12":0.1564886,"13":0.2826922,"14":0.3177423,"15":0.2122782,"16":0.237823,"17":0.1702638,"18":0.216236,"19":0.3647694,"20":0.1253692,"21":0.1534524,"22":0.08803543,"23":0.08582014,"24":0.2498059,"25":0.1147796,"26":0.2299205,"27":0.1335759,"28":0.1460779,"29":0.1249283,"30":0.3125911,"31":0.09840311},"RatePos":{"0":1.075574,"1":1.094803,"2":1.037637,"3":1.01651,"4":1.257414,"5":0.7120419,"6":0.8794633,"7":0.4981085,"8":0.2350707,"9":0.07850311,"10":0.1119964,"11":0.1155173,"12":0.05728075,"13":0.06801496,"14":0.06629075,"15":0.05962275,"16":0.0594005,"17":0.0498267,"18":0.05835045,"19":0.09110762,"20":0.03996409,"21":0.0535598,"22":0.03649282,"23":0.03577014,"24":0.05793976,"25":0.04475967,"26":0.0574267,"27":0.05537046,"28":0.05347004,"29":0.04360398,"30":0.08779774,"31":0.04028816},"RateNeg":{"0":-1.075574,"1":-1.094803,"2":-1.037638,"3":-1.016511,"4":-1.257415,"5":-0.7120423,"6":-0.8794637,"7":-0.4981087,"8":-0.2350708,"9":-0.07850313,"10":-0.1119964,"11":-0.1155174,"12":-0.05728075,"13":-0.06801497,"14":-0.06629077,"15":-0.05962276,"16":-0.05940051,"17":-0.0498267,"18":-0.05835046,"19":-0.09110763,"20":-0.03996409,"21":-0.05355981,"22":-0.03269775,"23":-0.0320016,"24":-0.05793977,"25":-0.03961251,"26":-0.05742671,"27":-0.04961221,"28":-0.05347005,"29":-0.04360398,"30":-0.08779775,"31":-0.03566052},"FracExp":{"0":0.290249,"1":1.0,"2":1.0,"3":1.0,"4":1.0,"5":1.0,"6":1.0,"7":0.464728,"8":0.236178,"9":0.298907,"10":0.379039,"11":0.304834,"12":1.0,"13":1.0,"14":1.0,"15":1.0,"16":1.0,"17":1.0,"18":1.0,"19":1.0,"20":1.0,"21":1.0,"22":1.0,"23":1.0,"24":1.0,"25":1.0,"26":1.0,"27":1.0,"28":1.0,"29":1.0,"30":1.0,"31":1.0},"BGrate":{"0":0.5103292,"1":0.0,"2":0.0,"3":0.1236143,"4":0.3031551,"5":0.2553511,"6":0.2120749,"7":0.06059909,"8":0.05670889,"9":0.09692482,"10":0.1722848,"11":0.1306309,"12":0.1069601,"13":0.06114059,"14":0.0306728,"15":0.07822861,"16":0.05973873,"17":0.07012195,"18":0.07068257,"19":0.09162383,"20":0.0641923,"21":0.09620008,"22":0.1118798,"23":0.1073063,"24":0.04600587,"25":0.1052832,"26":0.05775271,"27":0.1697598,"28":0.101025,"29":0.0783217,"30":0.1148635,"31":0.09980263},"BGerr":{"0":0.2551646,"1":0.0,"2":0.0,"3":0.1236143,"4":0.214363,"5":0.147427,"6":0.1499596,"7":0.06059909,"8":0.04009924,"9":0.02922393,"10":0.04604505,"11":0.04130913,"12":0.02521074,"13":0.02161646,"14":0.0153364,"15":0.02258265,"16":0.01991291,"17":0.01944833,"18":0.0213116,"19":0.03054128,"20":0.01657438,"21":0.02333195,"22":0.02042637,"23":0.01992628,"24":0.01738858,"25":0.02297467,"26":0.0192509,"27":0.03099376,"28":0.02381181,"29":0.0189958,"30":0.03315825,"31":0.02127799},"CorrFact":{"0":1.083461,"1":1.083558,"2":1.083944,"3":1.08403,"4":1.084179,"5":1.084099,"6":1.083967,"7":1.083569,"8":1.083516,"9":1.084053,"10":1.083563,"11":1.084042,"12":1.102042,"13":1.091236,"14":1.093407,"15":1.089181,"16":1.089156,"17":1.09236,"18":1.089177,"19":1.089186,"20":1.089188,"21":1.089201,"22":1.089196,"23":1.09009,"24":1.089193,"25":1.095593,"26":1.089174,"27":1.089165,"28":1.089164,"29":1.089152,"30":1.092332,"31":1.090207},"CtsInSrc":{"0":30.0,"1":30.0,"2":30.0,"3":30.0,"4":30.0,"5":30.0,"6":30.0,"7":30.0,"8":30.0,"9":30.0,"10":30.0,"11":30.0,"12":30.0,"13":30.0,"14":30.0,"15":30.0,"16":30.0,"17":30.0,"18":30.0,"19":30.0,"20":30.0,"21":30.0,"22":37.0,"23":36.0,"24":30.0,"25":30.0,"26":30.0,"27":37.0,"28":30.0,"29":30.0,"30":30.0,"31":30.0},"BGInSrc":{"0":2.91358,"1":0.0,"2":0.0,"3":0.728395,"4":1.45679,"5":2.185185,"6":1.45679,"7":0.728395,"8":1.45679,"9":8.012346,"10":10.197531,"11":7.283951,"12":12.888889,"13":5.728395,"14":2.864198,"15":8.592593,"16":6.444444,"17":9.308642,"18":7.876543,"19":6.444444,"20":10.740741,"21":12.17284,"22":21.481481,"23":20.765432,"24":5.012346,"25":15.037037,"26":6.444444,"27":21.481481,"28":12.888889,"29":12.17284,"30":8.592593,"31":15.753086},"Exposure":{"0":5.709218,"1":5.420979,"2":5.721673,"3":5.89248,"4":4.805429,"5":8.557571,"6":6.869225,"7":12.019901,"8":25.688921,"9":82.665575,"10":59.189959,"11":55.759772,"12":120.501839,"13":93.692179,"14":93.37907,"15":109.839516,"16":107.87715,"17":132.749333,"18":111.435436,"19":70.335897,"20":167.321323,"21":126.53669,"22":192.004969,"23":193.515509,"24":108.95013,"25":142.824706,"26":111.586871,"27":126.54043,"28":127.581231,"29":155.42103,"30":74.806959,"31":157.84239},"Sigma":{"0":18.59322,"1":1000.0,"2":1000.0,"3":40.186441,"4":27.708998,"5":22.046952,"6":27.708998,"7":40.186441,"8":27.708998,"9":9.101554,"10":7.265882,"11":9.862018,"12":5.632471,"13":11.984241,"14":18.948276,"15":8.630391,"16":10.965517,"17":8.014461,"18":9.315661,"19":10.965517,"20":6.94466,"21":6.038301,"22":3.142342,"23":3.133199,"24":13.189657,"25":3.476141,"26":10.965517,"27":3.142342,"28":5.632471,"29":6.038301,"30":8.630391,"31":3.279229},"SNR":{"0":4.779119,"1":5.477211,"2":5.47721,"3":5.297586,"4":5.121453,"5":4.948674,"6":5.121453,"7":5.297587,"8":5.121455,"9":3.672973,"10":3.236843,"11":3.823055,"12":2.731958,"13":4.156323,"14":4.79316,"15":3.560355,"16":4.00372,"17":3.41712,"18":3.705816,"19":4.00372,"20":3.137047,"21":2.865067,"22":2.6924,"23":2.681745,"24":4.311475,"25":2.897559,"26":4.00372,"27":2.6924,"28":2.731958,"29":2.865067,"30":3.560355,"31":2.759441},"SYS_NEG":{"0":0.999585,"1":0.999573,"2":0.999566,"3":0.999562,"4":0.999562,"5":0.999565,"6":0.999571,"7":0.999588,"8":0.999603,"9":0.999604,"10":0.999603,"11":0.999604,"12":0.999661,"13":0.99966,"14":0.999659,"15":0.999658,"16":0.999658,"17":0.999657,"18":0.999657,"19":0.999657,"20":0.999656,"21":0.999655,"22":0.999656,"23":0.999656,"24":0.999656,"25":0.999657,"26":0.999658,"27":0.999658,"28":0.999658,"29":0.999658,"30":0.999659,"31":0.999659},"SYS_POS":{"0":1.00037,"1":1.000381,"2":1.000386,"3":1.00039,"4":1.00039,"5":1.000388,"6":1.000383,"7":1.000368,"8":1.000355,"9":1.000354,"10":1.000355,"11":1.000354,"12":1.000305,"13":1.000307,"14":1.000308,"15":1.000308,"16":1.000308,"17":1.000309,"18":1.000309,"19":1.000309,"20":1.00031,"21":1.00031,"22":1.00031,"23":1.00031,"24":1.00031,"25":1.000309,"26":1.000308,"27":1.000308,"28":1.000308,"29":1.000308,"30":1.000308,"31":1.000307}}