{"Time":{"0":2820.573},"TimePos":{"0":2.883},"TimeNeg":{"0":-3.739},"Rate":{"0":5.682062},"RatePos":{"0":1.081186},"RateNeg":{"0":-1.082296},"FracExp":{"0":1.0},"BGrate":{"0":0.09694672},"BGerr":{"0":0.09694672},"CorrFact":{"0":1.281635},"CtsInSrc":{"0":30.0},"BGInSrc":{"0":0.641975},"Exposure":{"0":6.621939},"Sigma":{"0":45.730769},"SNR":{"0":5.250008},"SYS_NEG":{"0":0.968443},"SYS_POS":{"0":1.030356}}