{"Time":{"0":107.045,"1":112.111,"2":117.392,"3":121.56,"4":128.188,"5":135.444,"6":144.532},"TimePos":{"0":2.73,"1":3.177,"2":1.496,"3":2.523,"4":3.6,"5":3.792,"6":4.772},"TimeNeg":{"0":-2.134,"1":-2.336,"2":-2.103,"3":-2.672,"4":-4.106,"5":-3.656,"6":-5.296},"Rate":{"0":9.454703,"1":6.019873,"2":9.211261,"3":6.229315,"4":4.200488,"5":4.452554,"6":3.079641},"RatePos":{"0":1.509422,"1":1.099185,"2":1.681904,"3":1.175123,"4":0.7923946,"5":0.8129793,"6":0.6209991},"RateNeg":{"0":-1.509339,"1":-1.099146,"2":-1.681847,"3":-1.175093,"4":-0.7923753,"5":-0.8129595,"6":-0.620986},"FracExp":{"0":1.0,"1":1.0,"2":1.0,"3":1.0,"4":1.0,"5":1.0,"6":1.0},"BGrate":{"0":0.2944206,"1":0.0,"2":0.0,"3":0.1378332,"4":0.09292842,"5":0.0,"6":0.2133623},"BGerr":{"0":0.2081868,"1":0.0,"2":0.0,"3":0.1378332,"4":0.09292842,"5":0.0,"6":0.1231848},"CorrFact":{"0":1.106355,"1":1.106355,"2":1.105096,"3":1.105096,"4":1.10526,"5":1.105334,"6":1.11325},"CtsInSrc":{"0":43.0,"1":30.0,"2":30.0,"3":30.0,"4":30.0,"5":30.0,"6":30.0},"BGInSrc":{"0":1.432099,"1":0.0,"2":0.0,"3":0.716049,"4":0.716049,"5":0.0,"6":2.148148},"Exposure":{"0":4.864125,"1":5.513514,"2":3.599167,"3":5.195044,"4":7.705386,"5":7.447412,"6":10.068078},"Sigma":{"0":41.048768,"1":1000.0,"2":1000.0,"3":40.896552,"4":40.896552,"5":1000.0,"6":22.456935},"SNR":{"0":6.264134,"1":5.476861,"2":5.476872,"3":5.301124,"4":5.301135,"5":5.47697,"6":4.959276},"SYS_NEG":{"0":0.997698,"1":0.997894,"2":0.997925,"3":0.998137,"4":0.998177,"5":0.998235,"6":0.998189},"SYS_POS":{"0":1.002844,"1":1.002602,"2":1.002563,"3":1.002299,"4":1.00225,"5":1.002177,"6":1.002234}}