{"Time":{"0":68.718,"1":73.464,"2":165.827,"3":168.783,"4":171.732,"5":175.383,"6":178.58,"7":182.006,"8":185.933,"9":189.819,"10":193.053,"11":196.991,"12":201.223,"13":206.011,"14":210.919,"15":217.254,"16":224.395,"17":231.124,"18":236.749,"19":242.164,"20":247.92,"21":254.325,"22":260.734,"23":267.205,"24":274.807},"TimePos":{"0":2.146,"1":2.149,"2":1.742,"3":1.407,"4":1.836,"5":1.558,"6":1.21,"7":1.577,"8":1.971,"9":1.749,"10":1.781,"11":2.038,"12":2.389,"13":2.642,"14":2.77,"15":3.689,"16":3.739,"17":2.765,"18":2.428,"19":3.144,"20":3.04,"21":3.334,"22":2.844,"23":3.583,"24":5.115},"TimeNeg":{"0":-1.827,"1":-2.601,"2":-1.675,"3":-1.214,"4":-1.543,"5":-1.815,"6":-1.639,"7":-2.216,"8":-2.35,"9":-1.914,"10":-1.486,"11":-2.157,"12":-2.194,"13":-2.398,"14":-2.266,"15":-3.565,"16":-3.453,"17":-2.991,"18":-2.859,"19":-2.987,"20":-2.612,"21":-3.365,"22":-3.075,"23":-3.628,"24":-4.019},"Rate":{"0":8.943461,"1":7.319641,"2":19.03931,"3":24.47569,"4":19.7974,"5":22.06627,"6":26.51028,"7":19.91901,"8":17.28799,"9":20.39455,"10":22.74437,"11":18.88196,"12":17.03752,"13":14.93101,"14":15.34938,"15":10.35441,"16":10.87666,"17":13.29855,"18":8.970748,"19":8.150464,"20":8.931959,"21":7.426001,"22":8.223111,"23":6.432382,"24":5.048735},"RatePos":{"0":1.642119,"1":1.397346,"2":3.393122,"3":4.22644,"4":3.483622,"5":3.934215,"6":4.308669,"7":3.256843,"8":2.850591,"9":3.364151,"10":3.791722,"11":3.026653,"12":2.819473,"13":2.460052,"14":2.413024,"15":1.753113,"16":1.692664,"17":2.107808,"18":1.850217,"19":1.572051,"20":1.71769,"21":1.445371,"22":1.64951,"23":1.396181,"24":1.086378},"RateNeg":{"0":-1.640922,"1":-1.396525,"2":-3.032341,"3":-3.944413,"4":-3.30935,"5":-3.56284,"6":-4.133186,"7":-3.114792,"8":-2.741305,"9":-3.233898,"10":-3.662036,"11":-2.927022,"12":-2.69546,"13":-2.42267,"14":-2.391906,"15":-1.697848,"16":-1.668444,"17":-2.077957,"18":-1.821542,"19":-1.531355,"20":-1.676029,"21":-1.424441,"22":-1.623525,"23":-1.354465,"24":-1.060505},"FracExp":{"0":1.0,"1":1.0,"2":1.0,"3":1.0,"4":1.0,"5":1.0,"6":1.0,"7":1.0,"8":1.0,"9":1.0,"10":1.0,"11":1.0,"12":1.0,"13":1.0,"14":1.0,"15":1.0,"16":1.0,"17":1.0,"18":1.0,"19":1.0,"20":1.0,"21":1.0,"22":1.0,"23":1.0,"24":1.0},"BGrate":{"0":0.0,"1":0.1351458,"2":0.0,"3":0.2449683,"4":0.1900148,"5":0.1903165,"6":0.0,"7":0.0,"8":0.1485547,"9":0.1752491,"10":0.3930723,"11":0.0,"12":0.1400773,"13":0.3821102,"14":0.1274597,"15":0.265518,"16":0.0,"17":0.111542,"18":0.3642373,"19":0.0,"20":0.0,"21":0.09584031,"22":0.2169147,"23":0.3561204,"24":0.2811365},"BGerr":{"0":0.0,"1":0.1351458,"2":0.0,"3":0.2449683,"4":0.1900148,"5":0.1903165,"6":0.0,"7":0.0,"8":0.1485547,"9":0.1752491,"10":0.2779441,"11":0.0,"12":0.1400773,"13":0.2206114,"14":0.1274597,"15":0.1532969,"16":0.0,"17":0.111542,"18":0.2102925,"19":0.0,"20":0.0,"21":0.09584031,"22":0.1533819,"23":0.1780602,"24":0.1405683},"CorrFact":{"0":1.184347,"1":1.184347,"2":1.44601,"3":1.44601,"4":1.50788,"5":1.678025,"6":1.678025,"7":1.678992,"8":1.684242,"9":1.684242,"10":1.699452,"11":1.760292,"12":1.760292,"13":1.747126,"14":1.742867,"15":1.743632,"16":1.738138,"17":1.725487,"18":1.689579,"19":1.665639,"20":1.682854,"21":1.694331,"22":1.695004,"23":1.690808,"24":1.681065},"CtsInSrc":{"0":30.0,"1":30.0,"2":45.0,"3":45.0,"4":45.0,"5":45.0,"6":45.0,"7":45.0,"8":45.0,"9":45.0,"10":45.0,"11":45.0,"12":45.0,"13":45.0,"14":45.0,"15":45.0,"16":45.0,"17":45.0,"18":30.0,"19":30.0,"20":30.0,"21":30.0,"22":30.0,"23":30.0,"24":30.0},"BGInSrc":{"0":0.0,"1":0.641975,"2":0.0,"3":0.641975,"4":0.641975,"5":0.641975,"6":0.0,"7":0.0,"8":0.641975,"9":0.641975,"10":1.283951,"11":0.0,"12":0.641975,"13":1.925926,"14":0.641975,"15":1.925926,"16":0.0,"17":0.641975,"18":1.925926,"19":0.0,"20":0.0,"21":0.641975,"22":1.283951,"23":2.567901,"24":2.567901},"Exposure":{"0":3.972779,"1":4.750243,"2":3.417689,"3":2.620647,"4":3.378554,"5":3.373198,"6":2.848372,"7":3.793093,"8":4.321475,"9":3.663215,"10":3.266449,"11":4.195176,"12":4.583008,"13":5.040237,"14":5.036694,"15":7.253467,"16":7.191197,"17":5.755456,"18":5.287559,"19":6.130839,"20":5.652246,"21":6.698385,"22":5.919149,"23":7.210768,"24":9.134001},"Sigma":{"0":1000.0,"1":45.730769,"2":1000.0,"3":69.096154,"4":69.096154,"5":69.096154,"6":1000.0,"7":1000.0,"8":69.096154,"9":69.096154,"10":48.151252,"11":1000.0,"12":69.096154,"13":38.737982,"14":69.096154,"15":38.737982,"16":1000.0,"17":69.096154,"18":25.247971,"19":1000.0,"20":1000.0,"21":45.730769,"22":31.62943,"23":21.365385,"24":21.365385},"SNR":{"0":5.450268,"1":5.241327,"2":6.27875,"3":6.205153,"4":5.982263,"5":6.193449,"6":6.414005,"7":6.394973,"8":6.306483,"9":6.306491,"10":6.210853,"11":6.450911,"12":6.320819,"13":6.16304,"14":6.417216,"15":6.098547,"16":6.519042,"17":6.399819,"18":4.92481,"19":5.322385,"20":5.32924,"21":5.213274,"22":5.064974,"23":4.749021,"24":4.760692},"SYS_NEG":{"0":0.981819,"1":0.966592,"2":0.94393,"3":0.946224,"4":0.930263,"5":0.945318,"6":0.954334,"7":0.952775,"8":0.954569,"9":0.95457,"10":0.95589,"11":0.957479,"12":0.955841,"13":0.962486,"14":0.965306,"15":0.955648,"16":0.963829,"17":0.96345,"18":0.96002,"19":0.955641,"20":0.956676,"21":0.961155,"22":0.96,"23":0.952221,"24":0.954549},"SYS_POS":{"0":1.019486,"1":1.034043,"2":1.097668,"3":1.082089,"4":1.08879,"5":1.093317,"6":1.064755,"7":1.067167,"8":1.064099,"9":1.064266,"10":1.06176,"11":1.058922,"12":1.065621,"13":1.047181,"14":1.040427,"15":1.061204,"16":1.044682,"17":1.045193,"18":1.053914,"19":1.0622,"20":1.060408,"21":1.050972,"22":1.053458,"23":1.071107,"24":1.065153}}