{"Time":{"0":79.47,"1":80.797,"2":82.1,"3":83.348,"4":84.962,"5":86.374,"6":87.5376,"7":88.566,"8":89.6015,"9":90.659,"10":92.071,"11":93.243,"12":94.457,"13":95.6374,"14":96.848,"15":98.051,"16":99.188,"17":100.42,"18":101.884,"19":103.44,"20":105.098,"21":106.604,"22":108.03,"23":109.64,"24":111.597,"25":113.659,"26":115.932,"27":118.004,"28":120.564,"29":123.057,"30":125.551,"31":128.48,"32":131.52,"33":133.8,"34":137.344,"35":140.975,"36":144.632,"37":148.719,"38":153.047,"39":156.42,"40":160.487,"41":165.021,"42":168.477,"43":173.45,"44":179.309,"45":185.386,"46":191.507,"47":198.344},"TimePos":{"0":0.672,"1":0.595,"2":0.536,"3":0.832,"4":0.708,"5":0.639,"6":0.4643,"7":0.546,"8":0.4286,"9":0.814,"10":0.571,"11":0.527,"12":0.69,"13":0.5058,"14":0.501,"15":0.552,"16":0.453,"17":0.619,"18":0.698,"19":0.836,"20":0.654,"21":0.669,"22":0.834,"23":0.883,"24":0.952,"25":1.112,"26":1.168,"27":1.218,"28":1.042,"29":1.22,"30":1.392,"31":1.447,"32":1.081,"33":1.468,"34":1.694,"35":2.029,"36":1.844,"37":2.49,"38":1.594,"39":1.548,"40":1.787,"41":1.981,"42":2.001,"43":2.894,"44":3.086,"45":3.122,"46":3.344,"47":4.052},"TimeNeg":{"0":-0.584,"1":-0.656,"2":-0.708,"3":-0.712,"4":-0.781,"5":-0.704,"6":-0.5249,"7":-0.564,"8":-0.4894,"9":-0.628,"10":-0.598,"11":-0.601,"12":-0.687,"13":-0.4905,"14":-0.705,"15":-0.702,"16":-0.584,"17":-0.779,"18":-0.845,"19":-0.858,"20":-0.823,"21":-0.852,"22":-0.756,"23":-0.776,"24":-1.075,"25":-1.111,"26":-1.161,"27":-0.905,"28":-1.342,"29":-1.451,"30":-1.275,"31":-1.537,"32":-1.593,"33":-1.199,"34":-2.076,"35":-1.937,"36":-1.629,"37":-2.242,"38":-1.838,"39":-1.779,"40":-2.519,"41":-2.748,"42":-1.475,"43":-2.971,"44":-2.965,"45":-2.991,"46":-2.998,"47":-3.493},"Rate":{"0":37.60544,"1":38.4741,"2":38.69427,"3":31.16046,"4":32.90953,"5":35.8249,"6":48.64585,"7":44.14346,"8":54.60291,"9":32.76361,"10":41.96045,"11":42.69773,"12":35.61782,"13":49.22949,"14":39.926,"15":39.10368,"16":47.28661,"17":35.86316,"18":32.74374,"19":29.82011,"20":34.20374,"21":33.20321,"22":31.75476,"23":30.46036,"24":24.25956,"25":22.09502,"26":20.32017,"27":22.71387,"28":20.59493,"29":18.39142,"30":18.08296,"31":16.16355,"32":18.03529,"33":18.4168,"34":13.02826,"35":12.3852,"36":14.14159,"37":6.918382,"38":9.539395,"39":9.838849,"40":7.602736,"41":6.54673,"42":9.160761,"43":5.580464,"44":5.409721,"45":5.354597,"46":5.160834,"47":4.102469},"RatePos":{"0":5.901042,"1":5.883759,"2":5.91743,"3":4.765302,"4":4.905895,"5":5.478626,"6":7.439306,"7":6.580564,"8":8.050819,"9":5.141267,"10":6.255141,"11":6.529679,"12":5.309631,"13":7.338757,"14":6.105805,"15":5.82928,"16":7.04913,"17":5.34621,"18":4.88119,"19":4.445359,"20":5.09884,"21":4.949688,"22":4.733764,"23":4.540806,"24":3.616436,"25":3.293763,"26":3.18865,"27":3.473595,"28":3.070143,"29":2.74166,"30":2.765399,"31":2.471866,"32":2.75811,"33":2.745445,"34":1.94216,"35":1.846297,"36":2.108127,"37":1.263127,"38":1.74166,"39":1.796333,"40":1.388073,"41":1.291364,"42":1.737987,"43":1.018856,"44":0.9876821,"45":0.9776177,"46":0.9422413,"47":0.8092249},"RateNeg":{"0":-5.901034,"1":-5.883751,"2":-5.917421,"3":-4.765294,"4":-4.905887,"5":-5.478617,"6":-7.439294,"7":-6.580552,"8":-8.050804,"9":-5.141259,"10":-6.255129,"11":-6.529667,"12":-5.309621,"13":-7.338742,"14":-6.105794,"15":-5.829268,"16":-7.049115,"17":-5.346198,"18":-4.881179,"19":-4.445349,"20":-5.098828,"21":-4.949676,"22":-4.733753,"23":-4.540795,"24":-3.616427,"25":-3.293755,"26":-3.188642,"27":-3.473587,"28":-3.070135,"29":-2.741652,"30":-2.765392,"31":-2.47186,"32":-2.758102,"33":-2.745437,"34":-1.942154,"35":-1.846292,"36":-2.108121,"37":-1.263125,"38":-1.741657,"39":-1.796329,"40":-1.388071,"41":-1.291362,"42":-1.737985,"43":-1.018854,"44":-0.9876804,"45":-0.977616,"46":-0.9422397,"47":-0.8092237},"FracExp":{"0":1.0,"1":1.0,"2":1.0,"3":1.0,"4":1.0,"5":1.0,"6":1.0,"7":1.0,"8":1.0,"9":1.0,"10":1.0,"11":1.0,"12":1.0,"13":1.0,"14":1.0,"15":1.0,"16":1.0,"17":1.0,"18":1.0,"19":1.0,"20":1.0,"21":1.0,"22":1.0,"23":1.0,"24":1.0,"25":1.0,"26":1.0,"27":1.0,"28":1.0,"29":1.0,"30":1.0,"31":1.0,"32":1.0,"33":1.0,"34":1.0,"35":1.0,"36":1.0,"37":1.0,"38":1.0,"39":1.0,"40":1.0,"41":1.0,"42":1.0,"43":1.0,"44":1.0,"45":1.0,"46":1.0,"47":1.0},"BGrate":{"0":1.295047,"1":0.6502866,"2":0.6540079,"3":0.526672,"4":0.0,"5":0.60551,"6":0.8222087,"7":0.0,"8":0.0,"9":1.127366,"10":0.0,"11":0.7210734,"12":0.0,"13":0.0,"14":0.6742647,"15":0.0,"16":0.0,"17":0.0,"18":0.0,"19":0.0,"20":0.0,"21":0.0,"22":0.0,"23":0.0,"24":0.0,"25":0.0,"26":0.6984803,"27":0.3831948,"28":0.0,"29":0.0,"30":0.304972,"31":0.2726008,"32":0.3041638,"33":0.0,"34":0.0,"35":0.0,"36":0.0,"37":0.0,"38":0.0,"39":0.0,"40":0.0,"41":0.343983,"42":0.2339581,"43":0.0,"44":0.0,"45":0.0,"46":0.0,"47":0.2155882},"BGerr":{"0":0.9157363,"1":0.6502866,"2":0.6540079,"3":0.526672,"4":0.0,"5":0.60551,"6":0.8222087,"7":0.0,"8":0.0,"9":0.7971679,"10":0.0,"11":0.7210734,"12":0.0,"13":0.0,"14":0.6742647,"15":0.0,"16":0.0,"17":0.0,"18":0.0,"19":0.0,"20":0.0,"21":0.0,"22":0.0,"23":0.0,"24":0.0,"25":0.0,"26":0.4939002,"27":0.3831948,"28":0.0,"29":0.0,"30":0.304972,"31":0.2726008,"32":0.3041638,"33":0.0,"34":0.0,"35":0.0,"36":0.0,"37":0.0,"38":0.0,"39":0.0,"40":0.0,"41":0.2432327,"42":0.2339581,"43":0.0,"44":0.0,"45":0.0,"46":0.0,"47":0.1524439},"CorrFact":{"0":1.089033,"1":1.089033,"2":1.089033,"3":1.089033,"4":1.089033,"5":1.089033,"6":1.089033,"7":1.089033,"8":1.089723,"9":1.08994,"10":1.08994,"11":1.08994,"12":1.08994,"13":1.08994,"14":1.08994,"15":1.08994,"16":1.08994,"17":1.114454,"18":1.122385,"19":1.122385,"20":1.122385,"21":1.122385,"22":1.122385,"23":1.122385,"24":1.092453,"25":1.091061,"26":1.091061,"27":1.091061,"28":1.091091,"29":1.091407,"30":1.091407,"31":1.091407,"32":1.091423,"33":1.09147,"34":1.09147,"35":1.091456,"36":1.091369,"37":1.091369,"38":1.091284,"39":1.091115,"40":1.091115,"41":1.091128,"42":1.091133,"43":1.091125,"44":1.091105,"45":1.091103,"46":1.091101,"47":1.090959},"CtsInSrc":{"0":45.0,"1":45.0,"2":45.0,"3":45.0,"4":45.0,"5":45.0,"6":45.0,"7":45.0,"8":46.0,"9":45.0,"10":45.0,"11":45.0,"12":45.0,"13":45.0,"14":45.0,"15":45.0,"16":45.0,"17":45.0,"18":45.0,"19":45.0,"20":45.0,"21":45.0,"22":45.0,"23":45.0,"24":45.0,"25":45.0,"26":45.0,"27":45.0,"28":45.0,"29":45.0,"30":45.0,"31":45.0,"32":45.0,"33":45.0,"34":45.0,"35":45.0,"36":45.0,"37":30.0,"38":30.0,"39":30.0,"40":30.0,"41":30.0,"42":30.0,"43":30.0,"44":30.0,"45":30.0,"46":30.0,"47":30.0},"BGInSrc":{"0":1.626667,"1":0.813333,"2":0.813333,"3":0.813333,"4":0.0,"5":0.813333,"6":0.813333,"7":0.0,"8":0.0,"9":1.626667,"10":0.0,"11":0.813333,"12":0.0,"13":0.0,"14":0.813333,"15":0.0,"16":0.0,"17":0.0,"18":0.0,"19":0.0,"20":0.0,"21":0.0,"22":0.0,"23":0.0,"24":0.0,"25":0.0,"26":1.626667,"27":0.813333,"28":0.0,"29":0.0,"30":0.813333,"31":0.813333,"32":0.813333,"33":0.0,"34":0.0,"35":0.0,"36":0.0,"37":0.0,"38":0.0,"39":0.0,"40":0.0,"41":1.626667,"42":0.813333,"43":0.0,"44":0.0,"45":0.0,"46":0.0,"47":1.626667},"Exposure":{"0":1.256068,"1":1.250731,"2":1.243614,"3":1.544288,"4":1.489127,"5":1.34322,"6":0.989205,"7":1.110164,"8":0.918033,"9":1.442892,"10":1.168894,"11":1.127948,"12":1.377044,"13":0.996299,"14":1.206252,"15":1.254289,"16":1.037235,"17":1.398383,"18":1.542504,"19":1.693734,"20":1.476661,"21":1.521159,"22":1.590544,"23":1.658133,"24":2.026433,"25":2.222117,"26":2.328865,"27":2.122506,"28":2.384039,"29":2.670449,"30":2.666912,"31":2.983606,"32":2.673998,"33":2.66692,"34":3.76997,"35":3.965662,"36":3.472848,"37":4.732474,"38":3.431929,"39":3.326959,"40":4.305483,"41":4.728916,"42":3.476406,"43":5.865777,"44":6.050799,"45":6.113081,"46":6.342585,"47":7.545249},"Sigma":{"0":37.708498,"1":54.327869,"2":54.327869,"3":54.327869,"4":1000.0,"5":54.327869,"6":54.327869,"7":1000.0,"8":1000.0,"9":37.708498,"10":1000.0,"11":54.327869,"12":1000.0,"13":1000.0,"14":54.327869,"15":1000.0,"16":1000.0,"17":1000.0,"18":1000.0,"19":1000.0,"20":1000.0,"21":1000.0,"22":1000.0,"23":1000.0,"24":1000.0,"25":1000.0,"26":37.708498,"27":54.327869,"28":1000.0,"29":1000.0,