{"Time":{"0":65.029,"1":68.283,"2":72.495},"TimePos":{"0":1.942,"1":1.903,"2":4.335},"TimeNeg":{"0":-1.938,"1":-1.312,"2":-2.309},"Rate":{"0":18.17191,"1":22.6027,"2":10.99206},"RatePos":{"0":3.335675,"1":4.152238,"2":2.148341},"RateNeg":{"0":-3.441227,"1":-4.236998,"2":-2.144995},"FracExp":{"0":1.0,"1":1.0,"2":1.0},"BGrate":{"0":0.3436188,"1":0.0,"2":0.1003528},"BGerr":{"0":0.2429752,"1":0.0,"2":0.1003528},"CorrFact":{"0":1.614777,"1":1.614777,"2":1.64713},"CtsInSrc":{"0":45.0,"1":45.0,"2":45.0},"BGInSrc":{"0":1.333333,"1":0.0,"2":0.666667},"Exposure":{"0":3.880269,"1":3.214879,"2":6.64323},"Sigma":{"0":46.315494,"1":1000.0,"2":66.5},"SNR":{"0":5.28065,"1":5.334604,"2":5.124513},"SYS_NEG":{"0":0.891395,"1":0.886346,"2":0.877697},"SYS_POS":{"0":1.098127,"1":1.107357,"2":1.122788}}