{"Time":{"0":98.82,"1":106.674},"TimePos":{"0":4.453,"1":2.439},"TimeNeg":{"0":-4.064,"1":-3.402},"Rate":{"0":3.849813,"1":5.610888},"RatePos":{"0":0.7028785,"1":1.024405},"RateNeg":{"0":-0.7028782,"1":-1.024405},"FracExp":{"0":1.0,"1":1.0},"BGrate":{"0":0.0,"1":0.0},"BGerr":{"0":0.0,"1":0.0},"CorrFact":{"0":1.092924,"1":1.092413},"CtsInSrc":{"0":30.0,"1":30.0},"BGInSrc":{"0":0.0,"1":0.0},"Exposure":{"0":8.516706,"1":5.840854},"Sigma":{"0":1000.0,"1":1000.0},"SNR":{"0":5.477212,"1":5.477216},"SYS_NEG":{"0":0.999597,"1":0.999665},"SYS_POS":{"0":1.000437,"1":1.000346}}