{"Time":{"0":74.162,"1":91.312,"2":93.626,"3":94.5347,"4":95.596,"5":97.091,"6":98.681,"7":100.177,"8":102.119,"9":104.316,"10":107.687,"11":111.891,"12":115.307,"13":118.994,"14":125.468},"TimePos":{"0":4.571,"1":1.614,"2":0.516,"3":0.3734,"4":0.7,"5":0.812,"6":0.737,"7":0.883,"8":1.018,"9":1.594,"10":1.915,"11":1.547,"12":1.766,"13":3.306,"14":3.528},"TimeNeg":{"0":-4.357,"1":-12.58,"2":-0.7,"3":-0.3934,"4":-0.687,"5":-0.795,"6":-0.779,"7":-0.759,"8":-1.058,"9":-1.179,"10":-1.777,"11":-2.288,"12":-1.869,"13":-1.921,"14":-3.168},"Rate":{"0":3.800917,"1":21.60824,"2":40.51734,"3":67.56261,"4":36.52109,"5":30.19634,"6":32.95784,"7":30.86328,"8":24.60014,"9":18.80593,"10":14.12945,"11":8.475396,"12":9.086146,"13":6.318266,"14":5.039713},"RatePos":{"0":0.6940067,"1":3.282786,"2":6.274172,"3":9.961766,"4":5.444326,"5":4.766905,"6":5.007005,"7":4.600876,"8":3.667212,"9":2.803451,"10":2.106315,"11":1.687279,"12":1.706783,"13":1.186852,"14":0.9201257},"RateNeg":{"0":-0.6940657,"1":-3.282907,"2":-6.274386,"3":-9.962122,"4":-5.444491,"5":-4.767036,"6":-5.007141,"7":-4.600995,"8":-3.667306,"9":-2.803522,"10":-2.106367,"11":-1.687301,"12":-1.706808,"13":-1.186869,"14":-0.9201398},"FracExp":{"0":1.0,"1":0.162951,"2":1.0,"3":1.0,"4":1.0,"5":1.0,"6":1.0,"7":1.0,"8":1.0,"9":1.0,"10":1.0,"11":1.0,"12":1.0,"13":1.0,"14":1.0},"BGrate":{"0":0.0,"1":0.2775648,"2":1.056608,"3":0.0,"4":0.0,"5":1.198791,"6":0.4235165,"7":0.0,"8":0.0,"9":0.0,"10":0.0,"11":0.5020908,"12":0.1766207,"13":0.1228173,"14":0.0},"BGerr":{"0":0.0,"1":0.2775648,"2":0.7471345,"3":0.0,"4":0.0,"5":0.6921223,"6":0.4235165,"7":0.0,"8":0.0,"9":0.0,"10":0.0,"11":0.2898823,"12":0.1766207,"13":0.1228173,"14":0.0},"CorrFact":{"0":1.131111,"1":1.126681,"2":1.126249,"3":1.126249,"4":1.126249,"5":1.126249,"6":1.126249,"7":1.126249,"8":1.135023,"9":1.159149,"10":1.159149,"11":1.158009,"12":1.124941,"13":1.124941,"14":1.124974},"CtsInSrc":{"0":30.0,"1":45.0,"2":45.0,"3":46.0,"4":45.0,"5":45.0,"6":45.0,"7":45.0,"8":45.0,"9":45.0,"10":45.0,"11":30.0,"12":30.0,"13":30.0,"14":30.0},"BGInSrc":{"0":0.0,"1":0.641975,"2":1.283951,"3":0.0,"4":0.0,"5":1.925926,"6":0.641975,"7":0.0,"8":0.0,"9":0.0,"10":0.0,"11":1.925926,"12":0.641975,"13":0.641975,"14":0.0},"Exposure":{"0":8.927671,"1":2.312885,"2":1.215163,"3":0.766807,"4":1.387725,"5":1.606557,"6":1.515821,"7":1.64212,"8":2.076249,"9":2.773684,"10":3.691701,"11":3.835812,"12":3.634769,"13":5.227074,"14":6.696658},"Sigma":{"0":1000.0,"1":69.096154,"2":48.151252,"3":1000.0,"4":1000.0,"5":38.737982,"6":69.096154,"7":1000.0,"8":1000.0,"9":1000.0,"10":1000.0,"11":25.247971,"12":45.730769,"13":45.730769,"14":1000.0},"SNR":{"0":5.476307,"1":6.582045,"2":6.457578,"3":6.78195,"4":6.707898,"5":6.334406,"6":6.582166,"7":6.707957,"8":6.70796,"9":6.707967,"10":6.707972,"11":5.023049,"12":5.323474,"13":5.323475,"14":5.477116},"SYS_NEG":{"0":0.996656,"1":0.998357,"2":0.99839,"3":0.998439,"4":0.998576,"5":0.99856,"6":0.99864,"7":0.99872,"8":0.998728,"9":0.998746,"10":0.998759,"11":0.998827,"12":0.99884,"13":0.998846,"14":0.998847},"SYS_POS":{"0":1.00235,"1":1.001004,"2":1.000979,"3":1.000939,"4":1.000825,"5":1.000839,"6":1.00077,"7":1.000698,"8":1.00069,"9":1.000673,"10":1.00066,"11":1.000586,"12":1.000569,"13":1.000558,"14":1.000556}}