{"Time":{"0":152.436,"1":154.549,"2":156.62,"3":158.825,"4":161.295,"5":163.9,"6":166.865,"7":169.138,"8":172.388,"9":175.962,"10":179.198,"11":183.146,"12":186.792,"13":191.36,"14":195.539,"15":199.092,"16":203.049,"17":207.178,"18":210.818,"19":214.895,"20":218.896,"21":222.021,"22":227.926,"23":232.745,"24":237.541,"25":243.646,"26":248.581,"27":256.02,"28":263.953},"TimePos":{"0":1.069,"1":0.979,"2":1.047,"3":1.13,"4":1.319,"5":1.483,"6":0.886,"7":1.368,"8":1.538,"9":1.748,"10":2.115,"11":1.928,"12":2.235,"13":1.839,"14":1.729,"15":2.153,"16":2.424,"17":1.884,"18":1.724,"19":2.059,"20":1.599,"21":2.59,"22":2.623,"23":1.851,"24":2.947,"25":2.829,"26":3.386,"27":3.775,"28":4.519},"TimeNeg":{"0":-1.105,"1":-1.044,"2":-1.092,"3":-1.158,"4":-1.34,"5":-1.286,"6":-1.482,"7":-1.388,"8":-1.882,"9":-2.036,"10":-1.488,"11":-1.833,"12":-1.719,"13":-2.333,"14":-2.34,"15":-1.824,"16":-1.805,"17":-1.705,"18":-1.756,"19":-2.353,"20":-1.942,"21":-1.527,"22":-3.314,"23":-2.197,"24":-2.946,"25":-3.158,"26":-2.106,"27":-4.053,"28":-4.158},"Rate":{"0":22.096,"1":24.67204,"2":22.8318,"3":21.34086,"4":17.61221,"5":18.11265,"6":20.8319,"7":17.90033,"8":14.44316,"9":12.86075,"10":13.50861,"11":12.72512,"12":11.70215,"13":11.4657,"14":11.56314,"15":12.22806,"16":9.964432,"17":9.032509,"18":9.314216,"19":7.349556,"20":9.163488,"21":9.265231,"22":5.607764,"23":7.848324,"24":5.273901,"25":5.418925,"26":5.337733,"27":4.186122,"28":3.560956},"RatePos":{"0":3.367753,"1":3.637697,"2":3.403568,"3":3.181311,"4":2.807853,"5":2.700078,"6":3.175087,"7":2.728273,"8":2.153061,"9":1.91717,"10":2.013748,"11":1.939495,"12":1.865634,"13":1.747541,"14":1.802283,"15":1.822854,"16":1.595588,"17":1.649104,"18":1.700537,"19":1.34184,"20":1.673018,"21":1.587668,"22":1.023834,"23":1.532438,"24":1.029765,"25":0.9893567,"26":1.116885,"27":0.776502,"28":0.6953007},"RateNeg":{"0":-3.367753,"1":-3.637696,"2":-3.403567,"3":-3.18131,"4":-2.807852,"5":-2.700077,"6":-3.175087,"7":-2.728272,"8":-2.153061,"9":-1.91717,"10":-2.013747,"11":-1.939495,"12":-1.865633,"13":-1.747541,"14":-1.802283,"15":-1.822853,"16":-1.595588,"17":-1.649104,"18":-1.700536,"19":-1.34184,"20":-1.673017,"21":-1.587667,"22":-1.023834,"23":-1.532438,"24":-1.029765,"25":-0.9893565,"26":-1.116885,"27":-0.7765019,"28":-0.6953007},"FracExp":{"0":1.0,"1":1.0,"2":1.0,"3":1.0,"4":1.0,"5":1.0,"6":1.0,"7":1.0,"8":1.0,"9":1.0,"10":1.0,"11":1.0,"12":1.0,"13":1.0,"14":1.0,"15":1.0,"16":1.0,"17":1.0,"18":1.0,"19":1.0,"20":1.0,"21":1.0,"22":1.0,"23":1.0,"24":1.0,"25":1.0,"26":1.0,"27":1.0,"28":1.0},"BGrate":{"0":0.3350537,"1":0.0,"2":0.0,"3":0.0,"4":0.8215649,"5":0.0,"6":0.307598,"7":0.2643113,"8":0.0,"9":0.0,"10":0.0,"11":0.1936675,"12":0.5527608,"13":0.1745901,"14":0.3580355,"15":0.0,"16":0.0,"17":0.0,"18":0.0,"19":0.0,"20":0.0,"21":0.1769291,"22":0.0,"23":0.3599241,"24":0.2472296,"25":0.0,"26":0.5304996,"27":0.09304836,"28":0.1678955},"BGerr":{"0":0.3350537,"1":0.0,"2":0.0,"3":0.0,"4":0.4743307,"5":0.0,"6":0.307598,"7":0.2643113,"8":0.0,"9":0.0,"10":0.0,"11":0.1936675,"12":0.3191366,"13":0.1745901,"14":0.2531693,"15":0.0,"16":0.0,"17":0.0,"18":0.0,"19":0.0,"20":0.0,"21":0.1769291,"22":0.0,"23":0.2545048,"24":0.1748177,"25":0.0,"26":0.2652498,"27":0.09304836,"28":0.1187201},"CorrFact":{"0":1.085028,"1":1.085028,"2":1.085028,"3":1.085028,"4":1.094123,"5":1.114262,"6":1.114262,"7":1.114262,"8":1.097516,"9":1.081499,"10":1.081499,"11":1.081053,"12":1.080495,"13":1.080495,"14":1.080504,"15":1.080504,"16":1.080497,"17":1.080432,"18":1.080432,"19":1.080931,"20":1.081431,"21":1.081431,"22":1.109762,"23":1.11291,"24":1.088744,"25":1.081389,"26":1.082299,"27":1.082517,"28":1.082485},"CtsInSrc":{"0":45.0,"1":46.0,"2":45.0,"3":45.0,"4":45.0,"5":45.0,"6":45.0,"7":45.0,"8":45.0,"9":45.0,"10":45.0,"11":45.0,"12":45.0,"13":45.0,"14":45.0,"15":45.0,"16":39.0,"17":30.0,"18":30.0,"19":30.0,"20":30.0,"21":36.0,"22":30.0,"23":30.0,"24":30.0,"25":30.0,"26":30.0,"27":31.0,"28":30.0},"BGInSrc":{"0":0.728395,"1":0.0,"2":0.0,"3":0.0,"4":2.185185,"5":0.0,"6":0.728395,"7":0.728395,"8":0.0,"9":0.0,"10":0.0,"11":0.728395,"12":2.185185,"13":0.728395,"14":1.45679,"15":0.0,"16":0.0,"17":0.0,"18":0.0,"19":0.0,"20":0.0,"21":0.728395,"22":0.0,"23":1.45679,"24":1.45679,"25":0.0,"26":2.91358,"27":0.728395,"28":1.45679},"Exposure":{"0":2.173965,"1":2.02299,"2":2.13852,"3":2.287924,"4":2.659784,"5":2.768329,"6":2.368009,"7":2.755823,"8":3.419491,"9":3.784185,"10":3.6027,"11":3.76106,"12":3.95322,"13":4.17203,"14":4.068842,"15":3.976322,"16":4.22898,"17":3.588478,"18":3.479945,"19":4.412231,"20":3.540455,"21":4.116875,"22":5.936924,"23":4.047493,"24":5.892459,"25":5.986734,"26":5.492144,"27":7.828134,"28":8.676765},"Sigma":{"0":60.779661,"1":1000.0,"2":1000.0,"3":1000.0,"4":33.936453,"5":1000.0,"6":60.779661,"7":60.779661,"8":1000.0,"9":1000.0,"10":1000.0,"11":60.779661,"12":33.936453,"13":60.779661,"14":42.270604,"15":1000.0,"16":1000.0,"17":1000.0,"18":1000.0,"19":1000.0,"20":1000.0,"21":48.423729,"22":1000.0,"23":27.708998,"24":27.708998,"25":1000.0,"26":18.59322,"27":41.559322,"28":27.708998},"SNR":{"0":6.561051,"1":6.782324,"2":6.708198,"3":6.708198,"4":6.272484,"5":6.708198,"6":6.561051,"7":6.561051,"8":6.708198,"9":6.708198,"10":6.708197,"11":6.56105,"12":6.272483,"13":6.56105,"14":6.415829,"15":6.708197,"16":6.244993,"17":5.477222,"18":5.477222,"19":5.477222,"20":5.477222,"21":5.835751,"22":5.477222,"23":5.121463,"24":5.121463,"25":5.477222,"26":4.779126,"27":5.391,"28":5.121463},"SYS_NEG":{"0":0.999808,"1":0.999807,"2":0.999806,"3":0.999804,"4":0.999802,"5":0.9998,"6":0.999799,"7":0.999797,"8":0.999795,"9":0.999794,"10":0.999793,"11":0.999792,"12":0.999791,"13":0.99979,"14":0.99979,"15":0.99979,"16":0.99979,"17":0.999791,"18":0.999791,"19":0.999791,"20":0.999792,"21":0.999792,"22":0.999793,"23":0.999794,"24":0.999794,"25":0.999795,"26":0.999796,"27":0.999796,"28":0.999797},"SYS_POS":{"0":1.000212,"1":1.000213,"2":1.000216,"3":1.000218,"4":1.00022,"5":1.000223,"6":1.000225,"7":1.000227,"8":1.000229,"9":1.00023,"10":1.000232,"11":1.000233,"12":1.000234,"13":1.000235,"14":1.000235,"15":1.000235,"16":1.000235,"17":1.000235,"18":1.000234,"19":1.000234,"20":1.000233,"21":1.000232,"22":1.000232,"23":1.000231,"24":1.00023,"25":1.000229,"26":1.000228,"27":1.000228,"28":1.000227}}