{"Time":{"0":125.817,"1":129.578,"2":132.537,"3":136.064,"4":140.078,"5":143.722,"6":147.621,"7":151.822,"8":156.403,"9":161.658,"10":166.384,"11":172.302,"12":177.938,"13":182.539},"TimePos":{"0":2.052,"1":1.46,"2":1.732,"3":1.639,"4":1.994,"5":1.616,"6":2.42,"7":2.35,"8":2.046,"9":1.85,"10":2.73,"11":2.702,"12":2.033,"13":3.118},"TimeNeg":{"0":-1.607,"1":-1.709,"2":-1.499,"3":-1.795,"4":-2.375,"5":-1.65,"6":-2.282,"7":-1.781,"8":-2.231,"9":-3.209,"10":-2.875,"11":-3.187,"12":-2.934,"13":-2.568},"Rate":{"0":13.11714,"1":15.40249,"2":15.10547,"3":13.51702,"4":10.98844,"5":9.717936,"6":10.22582,"7":7.695335,"8":7.43223,"9":6.440232,"10":5.671952,"11":5.267097,"12":6.683529,"13":5.761224},"RatePos":{"0":1.999949,"1":2.296071,"2":2.251793,"3":2.157273,"4":1.675389,"5":1.835377,"6":1.559114,"7":1.453378,"8":1.403687,"9":1.175821,"10":1.071233,"11":1.029535,"12":1.220241,"13":1.088093},"RateNeg":{"0":-1.999948,"1":-2.29607,"2":-2.251793,"3":-2.157273,"4":-1.675389,"5":-1.835376,"6":-1.559113,"7":-1.453378,"8":-1.403687,"9":-1.175821,"10":-1.071232,"11":-1.029535,"12":-1.220241,"13":-1.088093},"FracExp":{"0":1.0,"1":1.0,"2":1.0,"3":1.0,"4":1.0,"5":1.0,"6":1.0,"7":1.0,"8":1.0,"9":1.0,"10":1.0,"11":1.0,"12":1.0,"13":1.0},"BGrate":{"0":0.2015208,"1":0.0,"2":0.0,"3":0.6443548,"4":0.1687818,"5":0.2257815,"6":0.1568402,"7":0.1785242,"8":0.1724341,"9":0.0,"10":0.1315565,"11":0.2504715,"12":0.0,"13":0.1297035},"BGerr":{"0":0.2015208,"1":0.0,"2":0.0,"3":0.3720184,"4":0.1687818,"5":0.2257815,"6":0.1568402,"7":0.1785242,"8":0.1724341,"9":0.0,"10":0.1315565,"11":0.1771101,"12":0.0,"13":0.1297035},"CorrFact":{"0":1.084539,"1":1.084539,"2":1.084539,"3":1.084731,"4":1.084767,"5":1.084767,"6":1.086342,"7":1.086378,"8":1.086292,"9":1.086216,"10":1.086603,"11":1.087375,"12":1.106634,"13":1.119473},"CtsInSrc":{"0":45.0,"1":45.0,"2":45.0,"3":45.0,"4":45.0,"5":30.0,"6":45.0,"7":30.0,"8":30.0,"9":30.0,"10":30.0,"11":30.0,"12":30.0,"13":30.0},"BGInSrc":{"0":0.7375,"1":0.0,"2":0.0,"3":2.2125,"4":0.7375,"5":0.7375,"6":0.7375,"7":0.7375,"8":0.7375,"9":0.0,"10":0.7375,"11":1.475,"12":0.0,"13":0.7375},"Exposure":{"0":3.659672,"1":3.168596,"2":3.230901,"3":3.433667,"4":4.369546,"5":3.266433,"6":4.702237,"7":4.131092,"8":4.276995,"9":5.059831,"10":5.605955,"11":5.888894,"12":4.967288,"13":5.686043},"Sigma":{"0":60.016949,"1":1000.0,"2":1000.0,"3":33.496101,"4":60.016949,"5":39.677966,"6":60.016949,"7":39.677966,"8":39.677966,"9":1000.0,"10":39.677966,"11":27.349452,"12":1000.0,"13":39.677966},"SNR":{"0":6.558739,"1":6.708197,"2":6.708197,"3":6.26579,"4":6.558739,"5":5.294791,"6":6.558739,"7":5.294791,"8":5.294792,"9":5.477222,"10":5.294792,"11":5.115998,"12":5.477222,"13":5.294792},"SYS_NEG":{"0":0.999786,"1":0.999785,"2":0.999785,"3":0.999786,"4":0.999786,"5":0.999787,"6":0.999787,"7":0.999787,"8":0.999789,"9":0.99979,"10":0.999791,"11":0.999792,"12":0.999792,"13":0.999792},"SYS_POS":{"0":1.00024,"1":1.000241,"2":1.000241,"3":1.000241,"4":1.00024,"5":1.000239,"6":1.000239,"7":1.000239,"8":1.000237,"9":1.000235,"10":1.000235,"11":1.000233,"12":1.000233,"13":1.000233}}