{"Time":{"0":83.084,"1":83.8727,"2":84.7382,"3":85.695,"4":86.6435,"5":87.5978,"6":88.5665,"7":89.649,"8":90.77,"9":91.799,"10":93.002,"11":93.9962,"12":95.094,"13":96.491,"14":97.801,"15":99.297,"16":101.033,"17":102.552,"18":103.904,"19":105.62,"20":107.418,"21":109.083,"22":111.019,"23":113.281,"24":115.584,"25":117.92,"26":119.842,"27":121.739,"28":124.692,"29":128.285,"30":131.351,"31":134.111,"32":137.336,"33":139.983,"34":142.645,"35":145.718,"36":148.583,"37":152.018,"38":154.337,"39":155.988,"40":157.588,"41":158.8186,"42":160.063,"43":161.211,"44":162.469,"45":163.486,"46":164.634,"47":165.738,"48":166.7119,"49":167.579,"50":168.695,"51":169.797,"52":170.959,"53":171.966,"54":173.045,"55":174.323,"56":175.34,"57":176.597},"TimePos":{"0":0.4179,"1":0.3711,"2":0.4486,"3":0.531,"4":0.4683,"5":0.4694,"6":0.4383,"7":0.555,"8":0.505,"9":0.616,"10":0.604,"11":0.4883,"12":0.781,"13":0.703,"14":0.593,"15":0.998,"16":0.836,"17":0.595,"18":0.887,"19":0.979,"20":0.821,"21":0.802,"22":1.322,"23":1.114,"24":1.289,"25":0.949,"26":0.982,"27":1.185,"28":1.937,"29":1.711,"30":1.501,"31":1.325,"32":1.311,"33":1.257,"34":1.326,"35":1.512,"36":1.687,"37":1.361,"38":0.96,"39":0.764,"40":0.782,"41":0.4082,"42":0.65,"43":0.564,"44":0.528,"45":0.562,"46":0.477,"47":0.595,"48":0.3271,"49":0.556,"50":0.555,"51":0.56,"52":0.476,"53":0.531,"54":0.588,"55":0.576,"56":0.5234,"57":0.496},"TimeNeg":{"0":-0.3008,"1":-0.3708,"2":-0.4944,"3":-0.508,"4":-0.4177,"5":-0.486,"6":-0.4993,"7":-0.644,"8":-0.566,"9":-0.524,"10":-0.586,"11":-0.3906,"12":-0.61,"13":-0.615,"14":-0.606,"15":-0.904,"16":-0.738,"17":-0.682,"18":-0.756,"19":-0.829,"20":-0.819,"21":-0.844,"22":-1.135,"23":-0.939,"24":-1.189,"25":-1.047,"26":-0.973,"27":-0.914,"28":-1.769,"29":-1.656,"30":-1.355,"31":-1.26,"32":-1.9,"33":-1.335,"34":-1.405,"35":-1.747,"36":-1.353,"37":-1.747,"38":-0.958,"39":-0.692,"40":-0.836,"41":-0.4493,"42":-0.836,"43":-0.498,"44":-0.695,"45":-0.489,"46":-0.586,"47":-0.627,"48":-0.3792,"49":-0.54,"50":-0.56,"51":-0.546,"52":-0.602,"53":-0.531,"54":-0.548,"55":-0.69,"56":-0.4408,"57":-0.733},"Rate":{"0":70.08178,"1":68.93643,"2":54.2382,"3":48.48028,"4":57.72345,"5":51.10816,"6":54.547,"7":42.65072,"8":47.03068,"9":44.17006,"10":42.91348,"11":57.77216,"12":35.39423,"13":38.51521,"14":42.34341,"15":26.69723,"16":32.24851,"17":39.74854,"18":30.37509,"19":27.55657,"20":29.90045,"21":30.73096,"22":20.27309,"23":24.63269,"24":20.54388,"25":26.00042,"26":26.54365,"27":24.72239,"28":13.95492,"29":14.94768,"30":17.62081,"31":19.1704,"32":15.44761,"33":19.43251,"34":17.61023,"35":15.59582,"36":16.61739,"37":15.75013,"38":26.75401,"39":35.79846,"40":32.15229,"41":59.65097,"42":34.43371,"43":48.89825,"44":41.21053,"45":49.3948,"46":48.89905,"47":42.49238,"48":73.53054,"49":47.31551,"50":45.45183,"51":45.81696,"52":46.31704,"53":47.73562,"54":44.66869,"55":40.02548,"56":52.58042,"57":40.61932},"RatePos":{"0":10.66693,"1":10.28155,"2":8.089292,"3":7.378945,"4":8.609744,"5":8.105603,"6":8.13633,"7":6.361531,"8":7.15709,"9":6.721544,"10":6.399064,"11":8.614914,"12":5.497355,"13":5.742675,"14":6.313489,"15":3.980644,"16":4.807903,"17":5.926078,"18":4.621401,"19":4.192761,"20":4.6433,"21":4.58164,"22":3.084405,"23":3.672544,"24":3.125594,"25":3.876212,"26":3.957263,"27":3.685733,"28":2.098955,"29":2.228441,"30":2.626925,"31":2.916618,"32":2.350253,"33":2.897084,"34":2.7918,"35":2.325162,"36":2.580595,"37":2.549641,"38":4.070517,"39":5.337263,"40":4.793654,"41":9.076551,"42":5.23903,"43":7.290492,"44":6.399687,"45":7.364233,"46":7.290295,"47":6.335076,"48":10.96284,"49":7.054586,"50":6.776504,"51":6.831104,"52":7.047497,"53":7.117368,"54":6.660038,"55":5.967726,"56":7.839586,"57":6.180428},"RateNeg":{"0":-10.67844,"1":-10.29268,"2":-8.097963,"3":-7.386818,"4":-8.619637,"5":-8.113712,"6":-8.146037,"7":-6.368799,"8":-7.16334,"9":-6.727125,"10":-6.404452,"11":-8.622431,"12":-5.501549,"13":-5.746668,"14":-6.317929,"15":-3.983491,"16":-4.810454,"17":-5.929229,"18":-4.623634,"19":-4.195195,"20":-4.645433,"21":-4.58405,"22":-3.085824,"23":-3.674663,"24":-3.126996,"25":-3.877833,"26":-3.959097,"27":-3.687423,"28":-2.099784,"29":-2.229376,"30":-2.627923,"31":-2.917903,"32":-2.351356,"33":-2.898392,"34":-2.792903,"35":-2.326381,"36":-2.581892,"37":-2.550766,"38":-4.072599,"39":-5.340332,"40":-4.796412,"41":-9.08292,"42":-5.241885,"43":-7.295002,"44":-6.402669,"45":-7.368153,"46":-7.294122,"47":-6.338266,"48":-10.9692,"49":-7.05909,"50":-6.7804,"51":-6.835366,"52":-7.05219,"53":-7.122184,"54":-6.664449,"55":-5.971646,"56":-7.844628,"57":-6.184332},"FracExp":{"0":1.0,"1":1.0,"2":1.0,"3":1.0,"4":1.0,"5":1.0,"6":1.0,"7":1.0,"8":1.0,"9":1.0,"10":1.0,"11":1.0,"12":1.0,"13":1.0,"14":1.0,"15":1.0,"16":1.0,"17":1.0,"18":1.0,"19":1.0,"20":1.0,"21":1.0,"22":1.0,"23":1.0,"24":1.0,"25":1.0,"26":1.0,"27":1.0,"28":1.0,"29":1.0,"30":1.0,"31":1.0,"32":1.0,"33":1.0,"34":1.0,"35":1.0,"36":1.0,"37":1.0,"38":1.0,"39":1.0,"40":1.0,"41":1.0,"42":1.0,"43":1.0,"44":1.0,"45":1.0,"46":1.0,"47":1.0,"48":1.0,"49":1.0,"50":1.0,"51":1.0,"52":1.0,"53":1.0,"54":1.0,"55":1.0,"56":1.0,"57":1.0},"BGrate":{"0":0.9447051,"1":0.0,"2":0.0,"3":0.6535161,"4":0.0,"5":2.132151,"6":0.0,"7":0.0,"8":0.6339753,"9":0.5954141,"10":0.0,"11":0.0,"12":0.9760995,"13":0.0,"14":0.0,"15":0.0,"16":0.0,"17":0.0,"18":0.4130443,"19":0.3756478,"20":0.8278819,"21":0.0,"22":0.2763602,"23":0.0,"24":0.2739809,"25":0.0,"26":0.0,"27":0.0,"28":0.1832239,"29":0.0,"30":0.0,"31":0.2626679,"32":0.2114418,"33":0.0,"34":0.745912,"35":0.0,"36":0.4466413,"37":0.8738543,"38":0.3540381,"39":0.0,"40":0.0,"41":0.791812,"42":0.4570759,"43":0.0,"44":1.111086,"45":0.0,"46":0.0,"47":0.0,"48":0.0,"49":0.0,"50":0.0,"51":0.0,"52":0.6297911,"53":0.0,"54":0.0,"55":0.0,"56":0.0,"57":0.5523169},"BGerr":{"0":0.9447051,"1":0.0,"2":0.0,"3":0.6535161,"4":0.0,"5":1.230998,"6":0.0,"7":0.0,"8":0.6339753,"9":0.5954141,"10":0.0,"11":0.0,"12":0.6902066,"13":0.0,"14":0.0,"15":0.0,"16":0.0,"17":0.0,"18":0.4130443,"19":0.3756478,"20":0.5854009,"21":0.0,"22":0.2763602,"23":0.0,"24":0.2739809,"25":0.0,"26":0.0,"27":0.0,"28":0.1832239,"29":0.0,"30":0.0,"31":0.2626679,"32":0.2114418,"33":0.0,"34":0.4306525,"35":0.0,"36":0.3158231,"37":0.4369272,"38":0.3540381,"39":0.0,"40":0.0,"41":0.791812,"42":0.4570759,"43":0.0,"44":0.7856567,"45":0.0,"46":0.0,"47":0.0,"48":0.0,"49":0.0,"50":0.0,"51":0.0,"52":0.6297911,"53":0.0,"54":0.0,"55":0.0,"56":0.0,"57":0.5523169},"CorrFact":{"0":1.13652,"1":1.13652,"2":1.13652,"3":1.13652,"4":1.13652,"5":1.13652,"6":1.13652,"7":1.13652,"8":1.13652,"9":1.13652,"10":1.135067,"11":1.128344,"12":1.128344,"13":1.128344,"14":1.128344,"15":1.128344,"16":1.128344,"17":1.128344,"18":1.126651,"19":1.123861,"20":1.123861,"21":1.123861,"22":1.123861,"23":1.123861,"24":1.148763,"25":1.15335,"26":1.15335,"27":1.15335,"28":1.1411,"29":1.11813,"30":1.11813,"31":1.11813,"32":1.11928,"33":1.119392,"34":1.119392,"35":1.129615,"36":1.157729,"37":1.157729,"38":1.157729,"39":1.157729,"40":1.155505,"41":1.154154,"42":1.154154,"43":1.154154,"44":1.154154,"45":1.154154,"46":1.154154,"47":1.154154,"48":1.154154,"49":1.152324,"50":1.126711,"51":1.126711,"52":1.126711,"53":1.126711,"54":1.126711,"55":1.126711,"56":1.126711,"57":1.126711},"CtsInSrc":{"0":45.0,"1":45.0,"2":45.0,"3":45.0,"4":45.0,"5":45.0,"6":45.0,"7":45.0,"8":45.0,"9":45.0,"10":45.0,"11":45.0,"12":45.0,"13":45.0,"14":45.0,"15":45.0,"16":45.0,"17":45.0,"18":45.0,"19":45.0,"20":45.0,"21":45.0,"22":45.0,"23":45.0,"24":45.0,"25":45.0,"26":45.0,"27":45.0,"28":46.0,"29":45.0,"30":45.0,"31":45.0,"32":45.0,"33":45.0,"34":45.0,"35":45.0,"36":45.0,"37":45.0,"38":45.0,"39":45.0,"40":45.0,"41":45.0,"42":45.0,"43":45.0,"44":45.0,"45":45.0,"46":45.0,"47":45.0,"48":45.0,"49":45.0,"50":45.0,"51":45.0,"52":45.0,"53":45.0,"54":45.0,"55":45.0,"56":45.0,"57":45.0},"BGInSrc":{"0":0.679012,"1":0.0,"2":0.0,"3":0.679012,"4":0.0,"5":2.037037,"6":0.0,"7":0.0,"8":0.679012,"9":0.679012,"10":0.0,"11":0.0,"12":1.358025,"13":0.0,"14":0.0,"15":0.0,"16":0.0,"17":0.0,"18":0.679012,