{"Time":{"0":137.934,"1":141.03,"2":144.051,"3":147.795,"4":152.153,"5":155.686,"6":159.552,"7":163.197,"8":167.111,"9":170.679,"10":174.003,"11":177.873,"12":181.014,"13":185.313,"14":189.298,"15":193.399,"16":198.306,"17":204.013,"18":208.79,"19":212.633,"20":217.545,"21":222.073,"22":227.337},"TimePos":{"0":1.488,"1":1.552,"2":1.961,"3":2.183,"4":1.687,"5":1.956,"6":2.045,"7":2.245,"8":1.69,"9":1.531,"10":2.033,"11":1.563,"12":2.05,"13":1.508,"14":2.29,"15":1.93,"16":2.04,"17":2.76,"18":1.484,"19":2.465,"20":2.011,"21":3.27,"22":2.95},"TimeNeg":{"0":-1.622,"1":-1.608,"2":-1.469,"3":-1.783,"4":-2.176,"5":-1.846,"6":-1.91,"7":-1.599,"8":-1.669,"9":-1.878,"10":-1.794,"11":-1.837,"12":-1.578,"13":-2.249,"14":-2.476,"15":-1.811,"16":-2.977,"17":-3.666,"18":-2.017,"19":-2.36,"20":-2.446,"21":-2.518,"22":-1.994},"Rate":{"0":16.19776,"1":15.94225,"2":14.68552,"3":12.51526,"4":12.85266,"5":13.26156,"6":12.38381,"7":12.94102,"8":9.954059,"9":9.605822,"10":8.359132,"11":9.188444,"12":9.936576,"13":9.883895,"14":6.871542,"15":8.748941,"16":6.223704,"17":4.976125,"18":8.702162,"19":6.782491,"20":7.342646,"21":5.749575,"22":6.491055},"RatePos":{"0":2.414623,"1":2.376533,"2":2.18919,"3":1.904814,"4":1.956166,"5":1.976919,"6":1.924717,"7":1.969613,"8":1.817356,"9":1.753776,"10":1.574559,"11":1.78643,"12":1.729737,"13":1.695075,"14":1.254567,"15":1.597332,"16":1.210021,"17":0.9373223,"18":1.747106,"19":1.238309,"20":1.340579,"21":1.049725,"22":1.262},"RateNeg":{"0":-2.414622,"1":-2.376533,"2":-2.18919,"3":-1.904813,"4":-1.956166,"5":-1.976918,"6":-1.924716,"7":-1.969613,"8":-1.817355,"9":-1.753776,"10":-1.574558,"11":-1.786429,"12":-1.729737,"13":-1.695075,"14":-1.254567,"15":-1.597332,"16":-1.210021,"17":-0.9373222,"18":-1.747105,"19":-1.238309,"20":-1.340578,"21":-1.049725,"22":-1.261999},"FracExp":{"0":1.0,"1":1.0,"2":1.0,"3":1.0,"4":1.0,"5":1.0,"6":1.0,"7":1.0,"8":1.0,"9":1.0,"10":1.0,"11":1.0,"12":1.0,"13":1.0,"14":1.0,"15":1.0,"16":1.0,"17":1.0,"18":1.0,"19":1.0,"20":1.0,"21":1.0,"22":1.0},"BGrate":{"0":0.0,"1":0.0,"2":0.0,"3":0.1743358,"4":0.1789937,"5":0.0,"6":0.3496136,"7":0.1798219,"8":0.0,"9":0.0,"10":0.1806576,"11":0.4066937,"12":0.0,"13":0.0,"14":0.0,"15":0.0,"16":0.2755987,"17":0.1075845,"18":0.5923727,"19":0.0,"20":0.0,"21":0.0,"22":0.2796659},"BGerr":{"0":0.0,"1":0.0,"2":0.0,"3":0.1743358,"4":0.1789937,"5":0.0,"6":0.2472141,"7":0.1798219,"8":0.0,"9":0.0,"10":0.1806576,"11":0.2875758,"12":0.0,"13":0.0,"14":0.0,"15":0.0,"16":0.1948777,"17":0.1075845,"18":0.3420065,"19":0.0,"20":0.0,"21":0.0,"22":0.1977536},"CorrFact":{"0":1.119404,"1":1.119404,"2":1.119404,"3":1.120128,"4":1.120392,"5":1.120447,"6":1.122898,"7":1.122898,"8":1.114517,"9":1.091471,"10":1.091471,"11":1.091639,"12":1.092313,"13":1.092313,"14":1.091723,"15":1.091132,"16":1.09113,"17":1.09106,"18":1.09106,"19":1.090848,"20":1.090795,"21":1.109189,"22":1.121451},"CtsInSrc":{"0":45.0,"1":45.0,"2":45.0,"3":45.0,"4":45.0,"5":45.0,"6":45.0,"7":45.0,"8":30.0,"9":30.0,"10":30.0,"11":30.0,"12":33.0,"13":34.0,"14":30.0,"15":30.0,"16":30.0,"17":30.0,"18":30.0,"19":30.0,"20":30.0,"21":30.0,"22":30.0},"BGInSrc":{"0":0.0,"1":0.0,"2":0.0,"3":0.691358,"4":0.691358,"5":0.0,"6":1.382716,"7":0.691358,"8":0.0,"9":0.0,"10":0.691358,"11":1.382716,"12":0.0,"13":0.0,"14":0.0,"15":0.0,"16":1.382716,"17":0.691358,"18":2.074074,"19":0.0,"20":0.0,"21":0.0,"22":1.382716},"Exposure":{"0":3.109885,"1":3.159728,"2":3.430126,"3":3.965668,"4":3.862471,"5":3.801977,"6":3.954984,"7":3.844681,"8":3.358984,"9":3.408779,"10":3.826896,"11":3.399896,"12":3.62764,"13":3.75749,"14":4.766278,"15":3.741478,"16":5.017136,"17":6.426185,"18":3.501299,"19":4.824989,"20":4.456685,"21":5.7875,"22":4.944172},"Sigma":{"0":1000.0,"1":1000.0,"2":1000.0,"3":64.089286,"4":64.089286,"5":1000.0,"6":44.610862,"7":64.089286,"8":1000.0,"9":1000.0,"10":42.392857,"11":29.26917,"12":1000.0,"13":1000.0,"14":1000.0,"15":1000.0,"16":29.26917,"17":42.392857,"18":23.320827,"19":1000.0,"20":1000.0,"21":1000.0,"22":29.26917},"SNR":{"0":6.708197,"1":6.708197,"2":6.708197,"3":6.570334,"4":6.570334,"5":6.708197,"6":6.434093,"7":6.570335,"8":5.477222,"9":5.477222,"10":5.308874,"11":5.143469,"12":5.744559,"13":5.830948,"14":5.477222,"15":5.477222,"16":5.143469,"17":5.308874,"18":4.980902,"19":5.477222,"20":5.477222,"21":5.477222,"22":5.143469},"SYS_NEG":{"0":0.999782,"1":0.999783,"2":0.999784,"3":0.999787,"4":0.99979,"5":0.999792,"6":0.999795,"7":0.999797,"8":0.999799,"9":0.999799,"10":0.999799,"11":0.9998,"12":0.9998,"13":0.9998,"14":0.9998,"15":0.9998,"16":0.999799,"17":0.999799,"18":0.999798,"19":0.999797,"20":0.999796,"21":0.999796,"22":0.999795},"SYS_POS":{"0":1.000245,"1":1.000244,"2":1.000243,"3":1.000239,"4":1.000235,"5":1.000233,"6":1.000229,"7":1.000227,"8":1.000225,"9":1.000224,"10":1.000224,"11":1.000223,"12":1.000223,"13":1.000223,"14":1.000223,"15":1.000223,"16":1.000224,"17":1.000225,"18":1.000226,"19":1.000226,"20":1.000228,"21":1.000228,"22":1.00023}}