{"Time":{"0":126.328,"1":202.638,"2":209.746,"3":746.019,"4":748.255,"5":750.38,"6":752.639,"7":754.768,"8":757.603,"9":760.226,"10":762.984,"11":766.08,"12":769.099,"13":772.425,"14":775.275,"15":778.035,"16":780.864,"17":784.423,"18":789.292,"19":793.691,"20":798.376,"21":803.152,"22":807.933,"23":812.592},"TimePos":{"0":3.727,"1":3.701,"2":4.085,"3":1.271,"4":1.09,"5":1.162,"6":1.083,"7":1.318,"8":1.057,"9":1.278,"10":1.44,"11":1.417,"12":1.613,"13":1.684,"14":1.49,"15":1.466,"16":1.13,"17":2.579,"18":2.161,"19":1.957,"20":2.278,"21":2.296,"22":2.829,"23":2.177},"TimeNeg":{"0":-3.665,"1":-2.759,"2":-3.407,"3":-1.492,"4":-0.965,"5":-1.035,"6":-1.097,"7":-1.047,"8":-1.517,"9":-1.565,"10":-1.481,"11":-1.655,"12":-1.602,"13":-1.712,"14":-1.166,"15":-1.27,"16":-1.363,"17":-2.43,"18":-2.29,"19":-2.238,"20":-2.727,"21":-2.499,"22":-2.485,"23":-1.83},"Rate":{"0":4.823963,"1":4.563621,"2":4.583357,"3":18.20053,"4":24.82601,"5":23.21828,"6":23.40761,"7":21.2449,"8":18.9161,"9":17.3842,"10":17.1667,"11":15.86459,"12":15.62255,"13":14.78771,"14":18.91177,"15":18.69873,"16":20.5271,"17":9.762201,"18":11.11139,"19":11.96181,"20":6.786858,"21":10.86183,"22":6.545738,"23":7.558457},"RatePos":{"0":0.8815813,"1":1.060102,"2":0.8889712,"3":2.766485,"4":3.702838,"5":3.462263,"6":3.490214,"7":3.228552,"8":2.987932,"9":2.693512,"10":2.608918,"11":2.505986,"12":2.375495,"13":2.247596,"14":2.87421,"15":2.788647,"16":3.061773,"17":1.489483,"18":1.720801,"19":1.817947,"20":1.275615,"21":1.651244,"22":1.195552,"23":1.597837},"RateNeg":{"0":-0.8821801,"1":-1.060783,"2":-0.8916108,"3":-2.76759,"4":-3.704347,"5":-3.463178,"6":-3.490943,"7":-3.229415,"8":-2.989243,"9":-2.694679,"10":-2.609696,"11":-2.507121,"12":-2.376953,"13":-2.248409,"14":-2.87512,"15":-2.789599,"16":-3.063095,"17":-1.490058,"18":-1.721022,"19":-1.818516,"20":-1.276128,"21":-1.652048,"22":-1.195901,"23":-1.598095},"FracExp":{"0":1.0,"1":1.0,"2":1.0,"3":1.0,"4":1.0,"5":1.0,"6":1.0,"7":1.0,"8":1.0,"9":1.0,"10":1.0,"11":1.0,"12":1.0,"13":1.0,"14":1.0,"15":1.0,"16":1.0,"17":1.0,"18":1.0,"19":1.0,"20":1.0,"21":1.0,"22":1.0,"23":1.0},"BGrate":{"0":0.0,"1":0.7950119,"2":0.1713782,"3":0.2323492,"4":0.0,"5":0.0,"6":0.0,"7":0.2715117,"8":0.748099,"9":0.4516126,"10":0.219754,"11":0.6268141,"12":0.1996891,"13":0.189018,"14":0.241687,"15":0.0,"16":0.0,"17":0.0,"18":0.288438,"19":0.1530271,"20":0.1282744,"21":0.1338909,"22":0.0,"23":0.8011457},"BGerr":{"0":0.0,"1":0.2810792,"2":0.1211827,"3":0.2323492,"4":0.0,"5":0.0,"6":0.0,"7":0.2715117,"8":0.4319152,"9":0.3193383,"10":0.219754,"11":0.3618913,"12":0.1996891,"13":0.189018,"14":0.241687,"15":0.0,"16":0.0,"17":0.0,"18":0.2039564,"19":0.1530271,"20":0.1282744,"21":0.1338909,"22":0.0,"23":0.3582833},"CorrFact":{"0":1.188669,"1":1.185686,"2":1.195781,"3":1.133676,"4":1.133676,"5":1.133676,"6":1.133676,"7":1.132432,"8":1.130567,"9":1.130567,"10":1.130567,"11":1.131654,"12":1.132254,"13":1.132254,"14":1.132465,"15":1.13701,"16":1.13701,"17":1.13701,"18":1.131419,"19":1.131292,"20":1.156965,"21":1.174081,"22":1.159523,"23":1.130408},"CtsInSrc":{"0":30.0,"1":30.0,"2":30.0,"3":45.0,"4":45.0,"5":45.0,"6":45.0,"7":45.0,"8":45.0,"9":45.0,"10":45.0,"11":45.0,"12":45.0,"13":45.0,"14":45.0,"15":45.0,"16":45.0,"17":43.0,"18":45.0,"19":45.0,"20":30.0,"21":45.0,"22":30.0,"23":30.0},"BGInSrc":{"0":0.0,"1":5.135802,"2":1.283951,"3":0.641975,"4":0.0,"5":0.0,"6":0.0,"7":0.641975,"8":1.925926,"9":1.283951,"10":0.641975,"11":1.925926,"12":0.641975,"13":0.641975,"14":0.641975,"15":0.0,"16":0.0,"17":0.0,"18":1.283951,"19":0.641975,"20":0.641975,"21":0.641975,"22":0.0,"23":3.209877},"Exposure":{"0":7.392279,"1":6.460032,"2":7.491911,"3":2.762977,"4":2.054919,"5":2.19721,"6":2.179438,"7":2.364448,"8":2.574427,"9":2.843035,"10":2.921336,"11":3.072563,"12":3.214874,"13":3.396371,"14":2.656226,"15":2.736306,"16":2.492582,"17":5.00824,"18":4.451392,"19":4.195174,"20":5.004704,"21":4.794765,"22":5.314251,"23":4.006608},"Sigma":{"0":1000.0,"1":13.693395,"2":31.62943,"3":69.096154,"4":1000.0,"5":1000.0,"6":1000.0,"7":69.096154,"8":38.737982,"9":48.151252,"10":69.096154,"11":38.737982,"12":69.096154,"13":69.096154,"14":69.096154,"15":1000.0,"16":1000.0,"17":1000.0,"18":48.151252,"19":69.096154,"20":45.730769,"21":69.096154,"22":1000.0,"23":18.662567},"SNR":{"0":5.46823,"1":4.302124,"2":5.140536,"3":6.57631,"4":6.701857,"5":6.704328,"6":6.705238,"7":6.578561,"8":6.328057,"9":6.451308,"10":6.578045,"11":6.32781,"12":6.572514,"13":6.576964,"14":6.57773,"15":6.703018,"16":6.701423,"17":6.551559,"18":6.456278,"19":6.577786,"20":5.31832,"21":6.574763,"22":5.473479,"23":4.729667},"SYS_NEG":{"0":0.989523,"1":0.986921,"2":0.978495,"3":0.993444,"4":0.993511,"5":0.99493,"6":0.995565,"7":0.994789,"8":0.992782,"9":0.992983,"10":0.994452,"11":0.992647,"12":0.991652,"13":0.993805,"14":0.994256,"15":0.994135,"16":0.993292,"17":0.993538,"18":0.996499,"19":0.994291,"20":0.991648,"21":0.992661,"22":0.993243,"23":0.994299},"SYS_POS":{"0":1.008024,"1":1.010084,"2":1.01545,"3":1.004951,"4":1.004896,"5":1.003735,"6":1.00322,"7":1.003849,"8":1.005497,"9":1.005331,"10":1.004124,"11":1.005608,"12":1.006427,"13":1.004654,"14":1.004284,"15":1.004383,"16":1.005077,"17":1.004878,"18":1.002473,"19":1.004258,"20":1.00643,"21":1.005597,"22":1.005117,"23":1.004249}}