{"Time":{"0":107.54,"1":108.701,"2":110.2},"TimePos":{"0":0.398,"1":0.614,"2":0.787},"TimeNeg":{"0":-0.4827,"1":-0.763,"2":-0.885},"Rate":{"0":56.23652,"1":35.4232,"2":29.1665},"RatePos":{"0":8.383253,"1":5.38888,"2":4.437057},"RateNeg":{"0":-8.383272,"1":-5.388892,"2":-4.437067},"FracExp":{"0":1.0,"1":1.0,"2":1.0},"BGrate":{"0":0.0,"1":0.4931113,"2":0.4060144},"BGerr":{"0":0.0,"1":0.4931113,"2":0.4060144},"CorrFact":{"0":1.100553,"1":1.100553,"2":1.100553},"CtsInSrc":{"0":45.0,"1":45.0,"2":45.0},"BGInSrc":{"0":0.0,"1":0.679012,"2":0.679012},"Exposure":{"0":0.880654,"1":1.376996,"2":1.672385},"Sigma":{"0":1000.0,"1":65.272727,"2":65.272727},"SNR":{"0":6.708183,"1":6.573373,"2":6.573374},"SYS_NEG":{"0":0.99963,"1":0.999618,"2":0.999624},"SYS_POS":{"0":1.000191,"1":1.000191,"2":1.000191}}