{"Time":{"0":78.333,"1":82.246,"2":86.138,"3":90.947},"TimePos":{"0":2.21,"1":1.973,"2":1.904,"3":2.806},"TimeNeg":{"0":-2.486,"1":-1.703,"2":-1.919,"3":-2.905},"Rate":{"0":11.5357,"1":9.525972,"2":9.574329,"3":6.252947},"RatePos":{"0":1.761457,"1":1.856311,"2":1.758898,"3":1.185171},"RateNeg":{"0":-1.767777,"1":-1.862753,"2":-1.769282,"3":-1.193076},"FracExp":{"0":1.0,"1":1.0,"2":1.0,"3":1.0},"BGrate":{"0":0.1445667,"1":0.3694625,"2":0.0,"3":0.1188957},"BGerr":{"0":0.1445667,"1":0.2612494,"2":0.0,"3":0.1188957},"CorrFact":{"0":1.222485,"1":1.222485,"2":1.220201,"3":1.217917},"CtsInSrc":{"0":45.0,"1":30.0,"2":30.0,"3":30.0},"BGInSrc":{"0":0.679012,"1":1.358025,"2":0.0,"3":0.679012},"Exposure":{"0":4.696879,"1":3.675677,"2":3.823353,"3":5.710993},"Sigma":{"0":65.272727,"1":29.82705,"2":1000.0,"3":43.181818},"SNR":{"0":6.525537,"1":5.113922,"2":5.41142,"3":5.241028},"SYS_NEG":{"0":0.981542,"1":0.976666,"2":0.971441,"3":0.968789},"SYS_POS":{"0":1.013156,"1":1.016747,"2":1.020395,"3":1.02221}}