{"Time":{"0":119.26,"1":122.966,"2":126.818,"3":130.836,"4":134.899,"5":139.019,"6":143.262,"7":148.027,"8":151.847,"9":155.865,"10":159.677,"11":164.677,"12":168.777,"13":172.473,"14":176.362,"15":180.541,"16":184.198,"17":188.795,"18":193.136,"19":196.795,"20":201.677,"21":206.155,"22":210.199,"23":214.541,"24":219.148,"25":223.738,"26":228.535,"27":233.673,"28":238.947,"29":244.044,"30":249.246,"31":254.763,"32":261.602,"33":267.278,"34":271.973},"TimePos":{"0":1.735,"1":1.58,"2":2.018,"3":2.139,"4":1.598,"5":2.189,"6":2.671,"7":2.497,"8":2.093,"9":1.624,"10":2.683,"11":2.397,"12":2.048,"13":2.024,"14":2.312,"15":1.631,"16":2.463,"17":2.477,"18":2.082,"19":1.98,"20":1.924,"21":2.14,"22":1.983,"23":2.128,"24":2.188,"25":2.28,"26":2.467,"27":2.568,"28":2.181,"29":2.471,"30":2.888,"31":3.941,"32":2.762,"33":2.21,"34":3.031},"TimeNeg":{"0":-1.709,"1":-1.971,"2":-2.272,"3":-2.001,"4":-1.923,"5":-2.522,"6":-2.055,"7":-2.094,"8":-1.323,"9":-1.924,"10":-2.188,"11":-2.318,"12":-1.702,"13":-1.648,"14":-1.865,"15":-1.867,"16":-2.026,"17":-2.134,"18":-1.864,"19":-1.577,"20":-2.903,"21":-2.554,"22":-1.905,"23":-2.359,"24":-2.479,"25":-2.403,"26":-2.517,"27":-2.671,"28":-2.706,"29":-2.916,"30":-2.73,"31":-2.629,"32":-2.898,"33":-2.914,"34":-2.486},"Rate":{"0":9.720777,"1":9.541188,"2":11.54211,"3":11.96118,"4":9.512026,"5":10.56092,"6":10.95258,"7":11.19006,"8":9.80414,"9":13.95857,"10":9.413677,"11":10.35322,"12":8.740588,"13":9.233964,"14":8.021393,"15":9.693556,"16":11.03376,"17":7.108166,"18":8.697958,"19":9.501139,"20":7.097885,"21":6.988626,"22":8.622113,"23":7.469393,"24":10.77247,"25":7.15704,"26":6.437317,"27":6.396402,"28":7.086304,"29":6.221383,"30":5.7101,"31":4.883039,"32":5.796237,"33":6.541169,"34":6.074687},"RatePos":{"0":1.774784,"1":1.761492,"2":1.753487,"3":1.817151,"4":1.736659,"5":1.635352,"6":1.632724,"7":1.668127,"8":1.789991,"9":2.120594,"10":1.524348,"11":1.603192,"12":1.641873,"13":1.70477,"14":1.46451,"15":1.789626,"16":1.676264,"17":1.335236,"18":1.588039,"19":1.784749,"20":1.295908,"21":1.312787,"22":1.574197,"23":1.363734,"24":1.605903,"25":1.306711,"26":1.244607,"27":1.167837,"28":1.272758,"29":1.135884,"30":1.104006,"31":0.9440996,"32":1.088803,"33":1.194269,"34":1.109101},"RateNeg":{"0":-1.774823,"1":-1.761522,"2":-1.753528,"3":-1.817192,"4":-1.736685,"5":-1.635387,"6":-1.632762,"7":-1.668165,"8":-1.790018,"9":-2.120641,"10":-1.524377,"11":-1.603226,"12":-1.641897,"13":-1.704797,"14":-1.464536,"15":-1.78966,"16":-1.676307,"17":-1.335261,"18":-1.588072,"19":-1.784787,"20":-1.295938,"21":-1.312816,"22":-1.574234,"23":-1.363764,"24":-1.605964,"25":-1.306745,"26":-1.244634,"27":-1.167868,"28":-1.272791,"29":-1.135915,"30":-1.104032,"31":-0.9441212,"32":-1.08883,"33":-1.194302,"34":-1.109132},"FracExp":{"0":1.0,"1":1.0,"2":1.0,"3":1.0,"4":1.0,"5":1.0,"6":1.0,"7":1.0,"8":1.0,"9":1.0,"10":1.0,"11":1.0,"12":1.0,"13":1.0,"14":1.0,"15":1.0,"16":1.0,"17":1.0,"18":1.0,"19":1.0,"20":1.0,"21":1.0,"22":1.0,"23":1.0,"24":1.0,"25":1.0,"26":1.0,"27":1.0,"28":1.0,"29":1.0,"30":1.0,"31":1.0,"32":1.0,"33":1.0,"34":1.0},"BGrate":{"0":0.0,"1":0.1807825,"2":0.1496642,"3":0.1550665,"4":0.0,"5":0.2725381,"6":0.0,"7":0.0,"8":0.0,"9":0.1809628,"10":0.3953676,"11":0.2723319,"12":0.171176,"13":0.1748246,"14":0.0,"15":0.1835389,"16":0.1430204,"17":0.1392122,"18":0.0,"19":0.1805086,"20":0.0,"21":0.1367845,"22":0.0,"23":0.0,"24":0.0,"25":0.0,"26":0.2576503,"27":0.0,"28":0.0,"29":0.0,"30":0.2285235,"31":0.1954184,"32":0.1134358,"33":0.0,"34":0.0},"BGerr":{"0":0.0,"1":0.1807825,"2":0.1496642,"3":0.1550665,"4":0.0,"5":0.1927135,"6":0.0,"7":0.0,"8":0.0,"9":0.1809628,"10":0.2282656,"11":0.1925677,"12":0.171176,"13":0.1748246,"14":0.0,"15":0.1835389,"16":0.1430204,"17":0.1392122,"18":0.0,"19":0.1805086,"20":0.0,"21":0.1367845,"22":0.0,"23":0.0,"24":0.0,"25":0.0,"26":0.1821863,"27":0.0,"28":0.0,"29":0.0,"30":0.1615905,"31":0.1381817,"32":0.1134358,"33":0.0,"34":0.0},"CorrFact":{"0":1.116069,"1":1.116069,"2":1.116126,"3":1.116355,"4":1.116355,"5":1.138104,"6":1.150103,"7":1.141851,"8":1.116343,"9":1.116343,"10":1.116426,"11":1.116566,"12":1.116578,"13":1.116942,"14":1.116942,"15":1.116863,"16":1.116534,"17":1.116534,"18":1.144094,"19":1.150984,"20":1.141986,"21":1.11724,"22":1.11724,"23":1.117159,"24":1.117135,"25":1.117129,"26":1.117115,"27":1.11713,"28":1.117181,"29":1.117188,"30":1.117214,"31":1.117245,"32":1.117346,"33":1.117208,"34":1.117138},"CtsInSrc":{"0":30.0,"1":31.0,"2":45.0,"3":45.0,"4":30.0,"5":45.0,"6":45.0,"7":45.0,"8":30.0,"9":45.0,"10":43.0,"11":45.0,"12":30.0,"13":31.0,"14":30.0,"15":31.0,"16":45.0,"17":30.0,"18":30.0,"19":30.0,"20":30.0,"21":30.0,"22":30.0,"23":30.0,"24":45.0,"25":30.0,"26":30.0,"27":30.0,"28":31.0,"29":30.0,"30":30.0,"31":30.0,"32":30.0,"33":30.0,"34":30.0},"BGInSrc":{"0":0.0,"1":0.641975,"2":0.641975,"3":0.641975,"4":0.0,"5":1.283951,"6":0.0,"7":0.0,"8":0.0,"9":0.641975,"10":1.925926,"11":1.283951,"12":0.641975,"13":0.641975,"14":0.0,"15":0.641975,"16":0.641975,"17":0.641975,"18":0.0,"19":0.641975,"20":0.0,"21":0.641975,"22":0.0,"23":0.0,"24":0.0,"25":0.0,"26":1.283951,"27":0.0,"28":0.0,"29":0.0,"30":1.283951,"31":1.283951,"32":0.641975,"33":0.0,"34":0.0},"Exposure":{"0":3.444382,"1":3.551093,"2":4.289437,"3":4.14,"4":3.520873,"5":4.711087,"6":4.725341,"7":4.591869,"8":3.415934,"9":3.547553,"10":4.871228,"11":4.714655,"12":3.750381,"13":3.672111,"14":4.17736,"15":3.497761,"16":4.488698,"17":4.611488,"18":3.946078,"19":3.556481,"20":4.82673,"21":4.693334,"22":3.887353,"23":4.486948,"24":4.666622,"25":4.682643,"26":4.983307,"27":5.239493,"28":4.887259,"29":5.387171,"30":5.618462,"31":6.570266,"32":5.659372,"33":5.12389,"34":5.517017},"Sigma":{"0":1000.0,"1":47.288462,"2":69.096154,"3":69.096154,"4":1000.0,"5":48.151252,"6":1000.0,"7":1000.0,"8":1000.0,"9":69.096154,"10":36.939314,"11":48.151252,"12":45.730769,"13":47.288462,"14":1000.0,"15":47.288462,"16":69.096154,"17":45.730769,"18":1000.0,"19":45.730769,"20":1000.0,"21":45.730769,"22":1000.0,"23":1000.0,"24":1000.0,"25":1000.0,"26":31.62943,"27":1000.0,"28":1000.0,"29":1000.0,"30":31.62943,"31":31.62943,"32":45.730769,"33":1000.0,"34":1000.0},"SNR":{"0":5.477042,"1":5.416446,"2":6.58222,"3":6.582233,"4":5.477115,"5":6.457747,"6":6.708005,"7":6.708005,"8":5.477117,"9":6.582241,"10":6.175425,"11":6.45774,"12":5.323468,"13":5.416461,"14":5.477088,"15":5.416422,"16":6.582185,"17":5.323428,"18":5.477057,"19":5.323403,"20":5.477026,"21":5.323385,"22":5.47702,"23":5.477043,"24":6.707792,"25":5.476997,"26":5.172054,"27":5.476991,"28":5.567529,"29":5.47698,"30":5.172042,"31":5.172046,"32":5.323361,"33":5.47698,"34":5.476974},"SYS_NEG":{"0":0.998503,"1":0.998722,"2":0.998785,"3":0.998823,"4":0.998842,"5":0.998844,"6":0.998851,"7":0.998851,"8":0.998852,"9":0.998849,"10":0.998844,"11":0.99882,"12":0.998807,"13":0.998798,"14":0.998705,"15":0.998612,"16":0.998689,"17":0.998601,"18":0.998566,"19":0.998488,"20":0.99844,"21":0.998411,"22":0.998418,"23":0.998511,"24":0.998348,"25":0.998332,"26":0.998378,"27":0.99831,"28":0.99835,"29":0.998269,"30":0.998327,"31":0.998345,"32":0.998316,"33":0.998269,"34":0.99825},"SYS_POS":{"0":1.000886,"1":1.000696,"2":1.000634,"3":1.00059,"4":1.000565,"5":1.000562,"6":1.000543,"7":1.000547,"8":1.000543,"9":1.00055,"10":1.00056,"11":1.000595,"12":1.000611,"13":1.00062,"14":1.000712,"15":1.000794,"16":1.000727,"17":1.000803,"18":1.000834,"19":1.000899,"20":1.000939,"21":1.000963,"22":1.000956,"23":1.00088,"24":1.001013,"25":1.001026,"26":1.000989,"27":1.001044,"28":1.001012,"29":1.001077,"30":1.00103,"31":1.001016,"32":1.001039,"33":1.001077,"34":1.001092}}