{"Time":{"0":88.853,"1":92.662,"2":97.148,"3":103.088,"4":109.117,"5":115.109,"6":122.202,"7":129.873,"8":136.989,"9":145.519},"TimePos":{"0":1.855,"1":1.692,"2":2.371,"3":2.686,"4":3.64,"5":3.158,"6":3.493,"7":4.154,"8":2.962,"9":3.888},"TimeNeg":{"0":-1.769,"1":-1.954,"2":-2.794,"3":-3.569,"4":-3.343,"5":-2.352,"6":-3.934,"7":-4.178,"8":-2.962,"9":-5.568},"Rate":{"0":8.995784,"1":8.942781,"2":6.311744,"3":4.340211,"4":4.331089,"5":5.62768,"6":4.383509,"7":3.628168,"8":5.36478,"9":3.443697},"RatePos":{"0":1.6424,"1":1.632723,"2":1.152363,"3":1.006665,"4":0.8732969,"5":1.097263,"6":0.8003169,"7":0.7315638,"8":1.01196,"9":0.6287313},"RateNeg":{"0":-1.642401,"1":-1.632724,"2":-1.152364,"3":-1.006665,"4":-0.8732972,"5":-1.097264,"6":-0.8003172,"7":-0.7315641,"8":-1.011961,"9":-0.6287316},"FracExp":{"0":1.0,"1":1.0,"2":1.0,"3":1.0,"4":1.0,"5":1.0,"6":1.0,"7":1.0,"8":1.0,"9":1.0},"BGrate":{"0":0.0,"1":0.0,"2":0.0,"3":0.8012852,"4":0.3076219,"5":0.2599111,"6":0.0,"7":0.2578295,"8":0.1208625,"9":0.0},"BGerr":{"0":0.0,"1":0.0,"2":0.0,"3":0.3028573,"4":0.1776056,"5":0.1837849,"6":0.0,"7":0.1488579,"8":0.1208625,"9":0.0},"CorrFact":{"0":1.086714,"1":1.086714,"2":1.086632,"3":1.086524,"4":1.0859,"5":1.085424,"6":1.085334,"7":1.085338,"8":1.085359,"9":1.085464},"CtsInSrc":{"0":30.0,"1":30.0,"2":30.0,"3":30.0,"4":30.0,"5":30.0,"6":30.0,"7":30.0,"8":30.0,"9":30.0},"BGInSrc":{"0":0.0,"1":0.0,"2":0.0,"3":5.012346,"4":2.148148,"5":1.432099,"6":0.0,"7":2.148148,"8":0.716049,"9":0.0},"Exposure":{"0":3.624079,"1":3.645559,"2":5.164809,"3":6.255383,"4":6.983079,"5":5.509957,"6":7.427846,"7":8.331662,"8":5.924494,"9":9.456089},"Sigma":{"0":1000.0,"1":1000.0,"2":1000.0,"3":13.189657,"4":22.456935,"5":28.211122,"6":1000.0,"7":22.456935,"8":40.896552,"9":1000.0},"SNR":{"0":5.477216,"1":5.477216,"2":5.477215,"3":4.311475,"4":4.959468,"5":5.128832,"6":5.477214,"7":4.959467,"8":5.301372,"9":5.477214},"SYS_NEG":{"0":0.99966,"1":0.999654,"2":0.999647,"3":0.99964,"4":0.999635,"5":0.999631,"6":0.999627,"7":0.999626,"8":0.999625,"9":0.999624},"SYS_POS":{"0":1.000307,"1":1.000312,"2":1.000317,"3":1.000323,"4":1.000328,"5":1.000332,"6":1.000335,"7":1.000336,"8":1.000336,"9":1.000337}}