{"Time":{"0":97.863,"1":104.887,"2":113.156},"TimePos":{"0":2.59,"1":4.055,"2":4.635},"TimeNeg":{"0":-2.435,"1":-4.434,"2":-4.213},"Rate":{"0":6.837255,"1":4.07746,"2":3.930793},"RatePos":{"0":1.301892,"1":0.7724423,"2":0.7435354},"RateNeg":{"0":-1.301383,"1":-0.7719056,"2":-0.743025},"FracExp":{"0":1.0,"1":1.0,"2":1.0},"BGrate":{"0":0.1400604,"1":0.0828879,"2":0.07953593},"BGerr":{"0":0.1400604,"1":0.0828879,"2":0.07953593},"CorrFact":{"0":1.172583,"1":1.181614,"2":1.187118},"CtsInSrc":{"0":30.0,"1":30.0,"2":30.0},"BGInSrc":{"0":0.703704,"1":0.703704,"2":0.703704},"Exposure":{"0":5.024287,"1":8.489824,"2":8.847621},"Sigma":{"0":41.631579,"1":41.631579,"2":41.631579},"SNR":{"0":5.253837,"1":5.28233,"2":5.290257},"SYS_NEG":{"0":0.973593,"1":0.982463,"2":0.98585},"SYS_POS":{"0":1.026938,"1":1.018905,"2":1.01579}}