{"Time":{"0":1607.011,"1":1613.043,"2":1618.298,"3":1623.888,"4":1628.328,"5":1634.147,"6":1639.116,"7":1645.532,"8":1651.64,"9":1656.033,"10":1661.161,"11":1665.585,"12":1671.567,"13":1678.061,"14":1684.015,"15":1689.125,"16":1694.487,"17":1701.343,"18":1708.662,"19":1714.351,"20":1721.216,"21":1728.981,"22":1735.187,"23":1739.659,"24":1744.524,"25":1750.248,"26":1758.106,"27":1764.093,"28":1770.662,"29":1775.913,"30":1781.828,"31":1788.312,"32":1793.595,"33":1799.317},"TimePos":{"0":2.823,"1":1.604,"2":3.043,"3":1.698,"4":2.948,"5":2.331,"6":2.963,"7":2.917,"8":2.133,"9":2.629,"10":2.001,"11":2.357,"12":3.554,"13":2.139,"14":3.229,"15":2.187,"16":2.926,"17":3.965,"18":2.644,"19":3.102,"20":5.438,"21":3.159,"22":1.908,"23":2.743,"24":3.072,"25":4.539,"26":3.148,"27":2.637,"28":3.033,"29":2.66,"30":3.697,"31":2.288,"32":3.752,"33":2.446},"TimeNeg":{"0":-3.632,"1":-3.209,"2":-3.651,"3":-2.547,"4":-2.741,"5":-2.871,"6":-2.638,"7":-3.454,"8":-3.191,"9":-2.26,"10":-2.499,"11":-2.424,"12":-3.625,"13":-2.941,"14":-3.815,"15":-1.882,"16":-3.174,"17":-3.929,"18":-3.355,"19":-3.045,"20":-3.762,"21":-2.328,"22":-3.047,"23":-2.564,"24":-2.122,"25":-2.653,"26":-3.319,"27":-2.839,"28":-3.932,"29":-2.218,"30":-3.254,"31":-2.788,"32":-2.995,"33":-1.97},"Rate":{"0":5.271334,"1":6.843008,"2":4.941104,"3":7.793468,"4":5.681933,"5":6.215141,"6":5.501899,"7":4.955925,"8":5.930682,"9":6.768183,"10":7.351816,"11":6.442321,"12":4.294059,"13":6.518501,"14":4.700126,"15":8.133977,"16":5.174035,"17":4.191906,"18":5.388837,"19":5.259448,"20":3.513227,"21":5.889157,"22":6.366535,"23":6.105633,"24":6.405743,"25":4.7086,"26":5.117761,"27":5.901586,"28":4.638024,"29":6.778635,"30":4.647971,"31":6.216994,"32":4.677464,"33":7.318806},"RatePos":{"0":0.9624102,"1":1.288976,"2":0.9021187,"3":1.422887,"4":1.070271,"5":1.170708,"6":1.104599,"7":0.9635377,"8":1.153051,"9":1.235696,"10":1.342253,"11":1.293404,"12":0.8621048,"13":1.190111,"14":0.8581223,"15":1.485055,"16":1.005943,"17":0.7653343,"18":1.015062,"19":0.9906901,"20":0.6617651,"21":1.109305,"22":1.23779,"23":1.150081,"24":1.206611,"25":0.8596694,"26":0.9343717,"27":1.111646,"28":0.8736362,"29":1.237605,"30":0.8755099,"31":1.208716,"32":0.9093988,"33":1.378599},"RateNeg":{"0":-0.9624155,"1":-1.288983,"2":-0.9021247,"3":-1.422897,"4":-1.070278,"5":-1.170716,"6":-1.104606,"7":-0.9635433,"8":-1.153058,"9":-1.235705,"10":-1.342262,"11":-1.293411,"12":-0.8621101,"13":-1.190121,"14":-0.8581286,"15":-1.485066,"16":-1.005949,"17":-0.7653396,"18":-1.015069,"19":-0.9906968,"20":-0.6617691,"21":-1.109312,"22":-1.237797,"23":-1.150087,"24":-1.206618,"25":-0.8596747,"26":-0.9343786,"27":-1.111653,"28":-0.8736409,"29":-1.237611,"30":-0.875515,"31":-1.208723,"32":-0.9094037,"33":-1.378607},"FracExp":{"0":1.0,"1":1.0,"2":1.0,"3":1.0,"4":1.0,"5":1.0,"6":1.0,"7":1.0,"8":1.0,"9":1.0,"10":1.0,"11":1.0,"12":1.0,"13":1.0,"14":1.0,"15":1.0,"16":1.0,"17":1.0,"18":1.0,"19":1.0,"20":1.0,"21":1.0,"22":1.0,"23":1.0,"24":1.0,"25":1.0,"26":1.0,"27":1.0,"28":1.0,"29":1.0,"30":1.0,"31":1.0,"32":1.0,"33":1.0},"BGrate":{"0":0.0,"1":0.1436543,"2":0.0,"3":0.0,"4":0.1215115,"5":0.132898,"6":0.3703236,"7":0.2170313,"8":0.2597546,"9":0.0,"10":0.0,"11":0.4338585,"12":0.2889172,"13":0.0,"14":0.0,"15":0.0,"16":0.2266507,"17":0.0,"18":0.1152414,"19":0.1124729,"20":0.07514861,"21":0.1260028,"22":0.2790614,"23":0.1302694,"24":0.1331258,"25":0.0,"26":0.0,"27":0.1262489,"28":0.09925737,"29":0.0,"30":0.0994609,"31":0.2724109,"32":0.2049539,"33":0.156565},"BGerr":{"0":0.0,"1":0.1436543,"2":0.0,"3":0.0,"4":0.1215115,"5":0.132898,"6":0.2138065,"7":0.1534643,"8":0.1836742,"9":0.0,"10":0.0,"11":0.2504883,"12":0.1668064,"13":0.0,"14":0.0,"15":0.0,"16":0.1602663,"17":0.0,"18":0.1152414,"19":0.1124729,"20":0.07514861,"21":0.1260028,"22":0.1973262,"23":0.1302694,"24":0.1331258,"25":0.0,"26":0.0,"27":0.1262489,"28":0.09925737,"29":0.0,"30":0.0994609,"31":0.1926236,"32":0.1449243,"33":0.156565},"CorrFact":{"0":1.134159,"1":1.123662,"2":1.102667,"3":1.102775,"4":1.103026,"5":1.103164,"6":1.103438,"7":1.103334,"8":1.103179,"9":1.102997,"10":1.102632,"11":1.102836,"12":1.103853,"13":1.103675,"14":1.103519,"15":1.103209,"16":1.103003,"17":1.10303,"18":1.103047,"19":1.103061,"20":1.102789,"21":1.102504,"22":1.102321,"23":1.105594,"24":1.135049,"25":1.128688,"26":1.103245,"27":1.102677,"28":1.102243,"29":1.102288,"30":1.102347,"31":1.102708,"32":1.102704,"33":1.102689},"CtsInSrc":{"0":30.0,"1":30.0,"2":30.0,"3":30.0,"4":30.0,"5":30.0,"6":30.0,"7":30.0,"8":30.0,"9":30.0,"10":30.0,"11":30.0,"12":30.0,"13":30.0,"14":30.0,"15":30.0,"16":30.0,"17":30.0,"18":30.0,"19":30.0,"20":30.0,"21":30.0,"22":30.0,"23":30.0,"24":30.0,"25":30.0,"26":30.0,"27":30.0,"28":30.0,"29":30.0,"30":30.0,"31":30.0,"32":30.0,"33":30.0},"BGInSrc":{"0":0.0,"1":0.691358,"2":0.0,"3":0.0,"4":0.691358,"5":0.691358,"6":2.074074,"7":1.382716,"8":1.382716,"9":0.0,"10":0.0,"11":2.074074,"12":2.074074,"13":0.0,"14":0.0,"15":0.0,"16":1.382716,"17":0.0,"18":0.691358,"19":0.691358,"20":0.691358,"21":0.691358,"22":1.382716,"23":0.691358,"24":0.691358,"25":0.0,"26":0.0,"27":0.691358,"28":0.691358,"29":0.0,"30":0.691358,"31":1.382716,"32":1.382716,"33":0.691358},"Exposure":{"0":6.454681,"1":4.81265,"2":6.694863,"3":4.244997,"4":5.689649,"5":5.202171,"6":5.600707,"7":6.371046,"8":5.323163,"9":4.889038,"10":4.499429,"11":4.780531,"12":7.178783,"13":5.079426,"14":7.043548,"15":4.068893,"16":6.100647,"17":7.893996,"18":5.999218,"19":6.146886,"20":9.199878,"21":5.486847,"22":4.954881,"23":5.30714,"24":5.19327,"25":7.191236,"26":6.467153,"27":5.47615,"28":6.965307,"29":4.878364,"30":6.951053,"31":5.075848,"32":6.746473,"33":4.41579},"Sigma":{"0":1000.0,"1":42.392857,"2":1000.0,"3":1000.0,"4":42.392857,"5":42.392857,"6":23.320827,"7":29.26917,"8":29.26917,"9":1000.0,"10":1000.0,"11":23.320827,"12":23.320827,"13":1000.0,"14":1000.0,"15":1000.0,"16":29.26917,"17":1000.0,"18":42.392857,"19":42.392857,"20":42.392857,"21":42.392857,"22":29.26917,"23":42.392857,"24":42.392857,"25":1000.0,"26":1000.0,"27":42.392857,"28":42.392857,"29":1000.0,"30":42.392857,"31":29.26917,"32":29.26917,"33":42.392857},"SNR":{"0":5.477192,"1":5.308843,"2":5.477185,"3":5.477185,"4":5.308838,"5":5.308836,"6":4.980872,"7":5.143438,"8":5.143438,"9":5.477183,"10":5.477184,"11":4.980877,"12":4.980871,"13":5.477176,"14":5.477181,"15":5.477183,"16":5.143437,"17":5.477184,"18":5.308838,"19":5.308837,"20":5.308841,"21":5.308839,"22":5.143441,"23":5.308842,"24":5.30884,"25":5.477188,"26":5.477181,"27":5.308839,"28":5.308844,"29":5.477192,"30":5.308842,"31":5.143438,"32":5.14344,"33":5.308843},"SYS_NEG":{"0":0.999357,"1":0.999328,"2":0.999299,"3":0.999295,"4":0.999281,"5":0.999265,"6":0.99927,"7":0.9993,"8":0.999297,"9":0.999279,"10":0.999289,"11":0.99933,"12":0.999263,"13":0.999221,"14":0.999263,"15":0.999282,"16":0.999285,"17":0.999288,"18":0.99928,"19":0.999276,"20":0.999311,"21":0.999295,"22":0.999328,"23":0.999321,"24":0.9993,"25":0.999319,"26":0.999263,"27":0.999291,"28":0.999342,"29":0.999359,"30":0.999319,"31":0.9993,"32":0.999325,"33":0.999325},"SYS_POS":{"0":1.000213,"1":1.000217,"2":1.00022,"3":1.000221,"4":1.000223,"5":1.000225,"6":1.000224,"7":1.00022,"8":1.000221,"9":1.000223,"10":1.000222,"11":1.000217,"12":1.000225,"13":1.000231,"14":1.000225,"15":1.000223,"16":1.000222,"17":1.000222,"18":1.000223,"19":1.000223,"20":1.000219,"21":1.000221,"22":1.000217,"23":1.000218,"24":1.00022,"25":1.000218,"26":1.000225,"27":1.000221,"28":1.000215,"29":1.000213,"30":1.000218,"31":1.00022,"32":1.000217,"33":1.000217}}