{"Time":{"0":156.835,"1":158.545,"2":160.162,"3":161.974,"4":163.699,"5":165.33,"6":167.565,"7":169.783,"8":172.47,"9":174.302,"10":176.21,"11":178.276,"12":180.372,"13":182.194,"14":184.366,"15":186.316,"16":188.187,"17":190.127,"18":192.522,"19":195.092,"20":196.806,"21":199.203,"22":202.031,"23":204.43,"24":207.271,"25":209.931,"26":212.596,"27":215.337,"28":217.786,"29":220.68,"30":223.515,"31":225.992,"32":228.171,"33":230.831,"34":233.537},"TimePos":{"0":0.877,"1":0.781,"2":0.946,"3":0.741,"4":0.737,"5":1.291,"6":0.784,"7":1.467,"8":0.916,"9":1.043,"10":0.998,"11":1.104,"12":0.778,"13":0.893,"14":1.093,"15":0.839,"16":0.812,"17":1.071,"18":1.272,"19":0.795,"20":0.822,"21":1.689,"22":1.222,"23":1.596,"24":1.374,"25":1.177,"26":1.541,"27":0.962,"28":1.399,"29":1.269,"30":1.423,"31":1.2,"32":1.019,"33":1.569,"34":0.916},"TimeNeg":{"0":-0.925,"1":-0.833,"2":-0.836,"3":-0.866,"4":-0.984,"5":-0.894,"6":-0.945,"7":-1.433,"8":-1.221,"9":-0.916,"10":-0.865,"11":-1.068,"12":-0.992,"13":-1.044,"14":-1.278,"15":-0.857,"16":-1.032,"17":-1.127,"18":-1.325,"19":-1.298,"20":-0.92,"21":-1.574,"22":-1.139,"23":-1.178,"24":-1.245,"25":-1.286,"26":-1.488,"27":-1.2,"28":-1.487,"29":-1.496,"30":-1.566,"31":-1.054,"32":-0.979,"33":-1.64,"34":-1.137},"Rate":{"0":33.13073,"1":36.35083,"2":33.49395,"3":36.51291,"4":33.48465,"5":27.00116,"6":36.29469,"7":21.64324,"8":29.37399,"9":32.04225,"10":33.02622,"11":28.15547,"12":34.55068,"13":31.56797,"14":25.78959,"15":34.80325,"16":33.15577,"17":26.37126,"18":22.72198,"19":26.15011,"20":32.03089,"21":17.76548,"22":25.92621,"23":22.06836,"24":23.37241,"25":23.5178,"26":19.81927,"27":27.78012,"28":20.80901,"29":21.02007,"30":19.36151,"31":26.14118,"32":30.02159,"33":18.36079,"34":29.21811},"RatePos":{"0":4.987364,"1":5.609123,"2":5.047401,"3":5.64589,"4":5.30318,"5":4.170927,"6":5.485992,"7":3.274659,"8":4.447386,"9":4.848708,"10":5.122429,"11":4.275052,"12":5.236539,"13":4.783068,"14":3.90729,"15":5.541463,"16":5.02661,"17":4.300513,"18":3.612547,"19":4.592853,"20":5.480987,"21":2.897014,"22":3.934606,"23":3.344561,"24":3.548606,"25":3.838469,"26":3.077077,"27":4.312635,"28":3.225582,"29":3.342791,"30":3.079459,"31":4.054657,"32":4.538339,"33":2.843721,"34":4.415876},"RateNeg":{"0":-5.024228,"1":-5.651112,"2":-5.089369,"3":-5.698524,"4":-5.348457,"5":-4.206096,"6":-5.546272,"7":-3.313569,"8":-4.502977,"9":-4.906914,"10":-5.184278,"11":-4.339605,"12":-5.306882,"13":-4.846038,"14":-3.958497,"15":-5.615511,"16":-5.09549,"17":-4.353455,"18":-3.655955,"19":-4.638377,"20":-5.534434,"21":-2.932584,"22":-3.992218,"23":-3.389358,"24":-3.602009,"25":-3.88876,"26":-3.11704,"27":-4.368252,"28":-3.262778,"29":-3.383715,"30":-3.117554,"31":-4.103715,"32":-4.588696,"33":-2.874382,"34":-4.463955},"FracExp":{"0":1.0,"1":1.0,"2":1.0,"3":1.0,"4":1.0,"5":1.0,"6":1.0,"7":1.0,"8":1.0,"9":1.0,"10":1.0,"11":1.0,"12":1.0,"13":1.0,"14":1.0,"15":1.0,"16":1.0,"17":1.0,"18":1.0,"19":1.0,"20":1.0,"21":1.0,"22":1.0,"23":1.0,"24":1.0,"25":1.0,"26":1.0,"27":1.0,"28":1.0,"29":1.0,"30":1.0,"31":1.0,"32":1.0,"33":1.0,"34":1.0},"BGrate":{"0":0.0,"1":0.4909341,"2":0.0,"3":0.493123,"4":0.9209538,"5":0.3626012,"6":0.0,"7":0.0,"8":0.0,"9":0.0,"10":0.4252887,"11":0.0,"12":0.0,"13":0.0,"14":0.0,"15":0.9344859,"16":0.0,"17":1.081645,"18":0.6099738,"19":2.271823,"20":2.274172,"21":0.7283749,"22":0.0,"23":0.0,"24":0.0,"25":0.9652014,"26":0.2614664,"27":0.3664902,"28":0.2745236,"29":0.5730766,"30":0.5300958,"31":0.3514447,"32":0.0,"33":0.2468298,"34":0.0},"BGerr":{"0":0.0,"1":0.4909341,"2":0.0,"3":0.493123,"4":0.6512127,"5":0.3626012,"6":0.0,"7":0.0,"8":0.0,"9":0.0,"10":0.4252887,"11":0.0,"12":0.0,"13":0.0,"14":0.0,"15":0.6607813,"16":0.0,"17":0.6244883,"18":0.4313166,"19":0.9274679,"20":1.01704,"21":0.4205275,"22":0.0,"23":0.0,"24":0.0,"25":0.5572593,"26":0.2614664,"27":0.3664902,"28":0.2745236,"29":0.4052264,"30":0.3748343,"31":0.3514447,"32":0.0,"33":0.2468298,"34":0.0},"CorrFact":{"0":1.326879,"1":1.326879,"2":1.326879,"3":1.326879,"4":1.326879,"5":1.334423,"6":1.394768,"7":1.394768,"8":1.394768,"9":1.394768,"10":1.391603,"11":1.35916,"12":1.35916,"13":1.35916,"14":1.35916,"15":1.35916,"16":1.359343,"17":1.359435,"18":1.359435,"19":1.359435,"20":1.359435,"21":1.359986,"22":1.36021,"23":1.36021,"24":1.36021,"25":1.358599,"26":1.358351,"27":1.358351,"28":1.358351,"29":1.338582,"30":1.332933,"31":1.332933,"32":1.332933,"33":1.333012,"34":1.333064},"CtsInSrc":{"0":45.0,"1":45.0,"2":45.0,"3":45.0,"4":45.0,"5":45.0,"6":45.0,"7":45.0,"8":45.0,"9":45.0,"10":45.0,"11":45.0,"12":45.0,"13":45.0,"14":45.0,"15":45.0,"16":45.0,"17":45.0,"18":45.0,"19":45.0,"20":45.0,"21":45.0,"22":45.0,"23":45.0,"24":45.0,"25":45.0,"26":45.0,"27":45.0,"28":45.0,"29":45.0,"30":45.0,"31":45.0,"32":45.0,"33":45.0,"34":45.0},"BGInSrc":{"0":0.0,"1":0.792208,"2":0.0,"3":0.792208,"4":1.584416,"5":0.792208,"6":0.0,"7":0.0,"8":0.0,"9":0.0,"10":0.792208,"11":0.0,"12":0.0,"13":0.0,"14":0.0,"15":1.584416,"16":0.0,"17":2.376623,"18":1.584416,"19":4.753247,"20":3.961039,"21":2.376623,"22":0.0,"23":0.0,"24":0.0,"25":2.376623,"26":0.792208,"27":0.792208,"28":0.792208,"29":1.584416,"30":1.584416,"31":0.792208,"32":0.0,"33":0.792208,"34":0.0},"Exposure":{"0":1.802241,"1":1.613674,"2":1.782697,"3":1.606512,"4":1.720407,"5":2.184791,"6":1.729304,"7":2.899961,"8":2.136739,"9":1.958806,"10":1.862753,"11":2.172302,"12":1.770217,"13":1.937476,"14":2.371585,"15":1.695494,"16":1.844942,"17":2.19723,"18":2.597514,"19":2.092261,"20":1.74175,"21":3.262912,"22":2.36091,"23":2.773629,"24":2.618876,"25":2.462308,"26":3.029864,"27":2.161607,"28":2.885755,"29":2.764754,"30":2.988923,"31":2.254146,"32":1.997962,"33":3.20953,"34":2.053106},"Sigma":{"0":1000.0,"1":55.803279,"2":1000.0,"3":55.803279,"4":38.75177,"5":55.803279,"6":1000.0,"7":1000.0,"8":1000.0,"9":1000.0,"10":55.803279,"11":1000.0,"12":1000.0,"13":1000.0,"14":1000.0,"15":38.75177,"16":1000.0,"17":31.063337,"18":38.75177,"19":20.740352,"20":23.167131,"21":31.063337,"22":1000.0,"23":1000.0,"24":1000.0,"25":31.063337,"26":55.803279,"27":55.803279,"28":55.803279,"29":38.75177,"30":38.75177,"31":55.803279,"32":1000.0,"33":55.803279,"34":1000.0},"SNR":{"0":6.594193,"1":6.432509,"2":6.58116,"3":6.407433,"4":6.26062,"5":6.419529,"6":6.54398,"7":6.531702,"8":6.523237,"9":6.530021,"10":6.370456,"11":6.488027,"12":6.510542,"13":6.514181,"14":6.514995,"15":6.1977,"16":6.506885,"17":6.057547,"18":6.21506,"19":5.637771,"20":5.787563,"21":6.05796,"22":6.494187,"23":6.511073,"24":6.488715,"25":6.047634,"26":6.358363,"27":6.35955,"28":6.377696,"29":6.212126,"30":6.210481,"31":6.370124,"32":6.542509,"33":6.387734,"34":6.545341},"SYS_NEG":{"0":0.97216,"1":0.971347,"2":0.970568,"3":0.968211,"4":0.968799,"5":0.969688,"6":0.966394,"7":0.965111,"8":0.96425,"9":0.964939,"10":0.964026,"11":0.960836,"12":0.962989,"13":0.963347,"14":0.963427,"15":0.961345,"16":0.962632,"17":0.961965,"18":0.963272,"19":0.963176,"20":0.964331,"21":0.962014,"22":0.961415,"23":0.963041,"24":0.9609,"25":0.960807,"26":0.962745,"27":0.962869,"28":0.964812,"29":0.96294,"30":0.962756,"31":0.963991,"32":0.966238,"33":0.965927,"34":0.966539},"SYS_POS":{"0":1.020948,"1":1.021521,"2":1.022069,"3":1.02372,"4":1.023311,"5":1.022687,"6":1.02499,"7":1.025884,"8":1.026485,"9":1.026004,"10":1.026639,"11":1.028851,"12":1.027359,"13":1.027111,"14":1.027055,"15":1.028498,"16":1.027607,"17":1.028069,"18":1.027163,"19":1.02723,"20":1.026428,"21":1.028035,"22":1.02845,"23":1.027324,"24":1.028806,"25":1.02887,"26":1.027527,"27":1.027442,"28":1.026093,"29":1.027393,"30":1.02752,"31":1.026664,"32":1.025098,"33":1.025316,"34":1.024891}}