{"Time":{"0":119.801},"TimePos":{"0":5.748},"TimeNeg":{"0":-5.393},"Rate":{"0":2.626419},"RatePos":{"0":0.5581326},"RateNeg":{"0":-0.5581319},"FracExp":{"0":1.0},"BGrate":{"0":0.2844343},"BGerr":{"0":0.1422172},"CorrFact":{"0":1.09054},"CtsInSrc":{"0":30.0},"BGInSrc":{"0":3.168831},"Exposure":{"0":11.140817},"Sigma":{"0":16.934426},"SNR":{"0":4.705732},"SYS_NEG":{"0":0.999451},"SYS_POS":{"0":1.000637}}