{"Time":{"0":83.194,"1":87.561,"2":91.898,"3":96.923,"4":101.848,"5":106.721,"6":112.827,"7":119.159,"8":126.455},"TimePos":{"0":1.939,"1":2.114,"2":2.175,"3":3.224,"4":1.622,"5":3.641,"6":3.094,"7":3.655,"8":4.096},"TimeNeg":{"0":-1.765,"1":-2.428,"2":-2.223,"3":-2.85,"4":-1.701,"5":-3.251,"6":-2.464,"7":-3.239,"8":-3.64},"Rate":{"0":9.954573,"1":7.162969,"2":7.066358,"3":5.362311,"4":9.359893,"5":4.62409,"6":5.335884,"7":4.730047,"8":4.120169},"RatePos":{"0":1.707197,"1":1.307774,"2":1.371916,"3":0.9790203,"4":1.8172,"5":0.8704032,"6":1.103608,"7":0.863585,"8":0.7755489},"RateNeg":{"0":-1.707196,"1":-1.307774,"2":-1.371916,"3":-0.9790202,"4":-1.8172,"5":-0.8704031,"6":-1.103608,"7":-0.8635849,"8":-0.7755488},"FracExp":{"0":1.0,"1":1.0,"2":1.0,"3":1.0,"4":1.0,"5":1.0,"6":1.0,"7":1.0,"8":1.0},"BGrate":{"0":0.0,"1":0.0,"2":0.3087811,"3":0.0,"4":0.4086217,"5":0.09851704,"6":0.4886744,"7":0.0,"8":0.08777683},"BGerr":{"0":0.0,"1":0.0,"2":0.2183412,"3":0.0,"4":0.2889391,"5":0.09851704,"6":0.2443372,"7":0.0,"8":0.08777683},"CorrFact":{"0":1.084502,"1":1.084502,"2":1.08505,"3":1.085675,"4":1.086061,"5":1.086961,"6":1.086969,"7":1.086981,"8":1.087012},"CtsInSrc":{"0":34.0,"1":30.0,"2":30.0,"3":30.0,"4":30.0,"5":30.0,"6":30.0,"7":30.0,"8":30.0},"BGInSrc":{"0":0.0,"1":0.0,"2":1.358025,"3":0.0,"4":1.358025,"5":0.679012,"6":2.716049,"7":0.0,"8":0.679012},"Exposure":{"0":3.704135,"1":4.542122,"2":4.398018,"3":6.073921,"4":3.323428,"5":6.892334,"6":5.557994,"7":6.894106,"8":7.735667},"Sigma":{"0":1000.0,"1":1000.0,"2":29.82705,"3":1000.0,"4":29.82705,"5":43.181818,"6":20.090909,"7":1000.0,"8":43.181818},"SNR":{"0":5.830947,"1":5.477222,"2":5.150722,"3":5.477222,"4":5.150722,"5":5.312585,"6":4.834946,"7":5.477222,"8":5.312585},"SYS_NEG":{"0":0.999789,"1":0.999792,"2":0.999795,"3":0.999797,"4":0.999799,"5":0.9998,"6":0.999802,"7":0.999802,"8":0.999802},"SYS_POS":{"0":1.000237,"1":1.000233,"2":1.000229,"3":1.000227,"4":1.000224,"5":1.000222,"6":1.00022,"7":1.00022,"8":1.00022}}