{"Time":{"0":159.984,"1":161.234,"2":162.779,"3":164.078,"4":165.828,"5":167.628,"6":169.393,"7":171.6,"8":173.878,"9":176.23,"10":178.693,"11":181.981,"12":185.308,"13":189.008,"14":192.464,"15":196.481,"16":200.228,"17":203.922,"18":208.241,"19":212.235,"20":217.889,"21":224.295,"22":229.991,"23":235.511},"TimePos":{"0":0.528,"1":0.703,"2":0.738,"3":0.793,"4":0.893,"5":0.751,"6":1.107,"7":1.201,"8":0.937,"9":1.432,"10":1.267,"11":1.551,"12":1.806,"13":1.968,"14":1.548,"15":1.937,"16":1.699,"17":2.2,"18":1.85,"19":2.241,"20":3.286,"21":3.087,"22":1.994,"23":2.469},"TimeNeg":{"0":-0.586,"1":-0.722,"2":-0.842,"3":-0.561,"4":-0.957,"5":-0.907,"6":-1.014,"7":-1.099,"8":-1.077,"9":-1.416,"10":-1.03,"11":-2.021,"12":-1.775,"13":-1.895,"14":-1.488,"15":-2.469,"16":-1.81,"17":-1.995,"18":-2.119,"19":-2.144,"20":-3.413,"21":-3.12,"22":-2.609,"23":-3.526},"Rate":{"0":44.97506,"1":35.14924,"2":31.90842,"3":36.99664,"4":27.07156,"5":29.72819,"6":23.66225,"7":21.93467,"8":24.65561,"9":17.43303,"10":21.96858,"11":13.95392,"12":13.704,"13":13.1243,"14":16.73266,"15":7.685204,"16":9.653231,"17":9.500128,"18":8.537283,"19":7.169022,"20":4.809789,"21":5.419611,"22":7.39848,"23":5.665847},"RatePos":{"0":6.707605,"1":5.242484,"2":4.808466,"3":5.518578,"4":4.038378,"5":4.532259,"6":3.530609,"7":3.272879,"8":3.760152,"9":2.659129,"10":3.279357,"11":2.129035,"12":2.137644,"13":1.960452,"14":2.499656,"15":1.405181,"16":1.765144,"17":1.62977,"18":1.561185,"19":1.447368,"20":0.9390359,"21":1.023773,"22":1.397454,"23":1.035805},"RateNeg":{"0":-6.706546,"1":-5.241556,"2":-4.807501,"3":-5.517423,"4":-4.037448,"5":-4.531132,"6":-3.529545,"7":-3.271881,"8":-3.758843,"9":-2.658068,"10":-3.277944,"11":-2.128023,"12":-2.136522,"13":-1.95926,"14":-2.498088,"15":-1.404575,"16":-1.764354,"17":-1.628948,"18":-1.560464,"19":-1.446832,"20":-0.9386725,"21":-1.023345,"22":-1.3969,"23":-1.035395},"FracExp":{"0":1.0,"1":1.0,"2":1.0,"3":1.0,"4":1.0,"5":1.0,"6":1.0,"7":1.0,"8":1.0,"9":1.0,"10":1.0,"11":1.0,"12":1.0,"13":1.0,"14":1.0,"15":1.0,"16":1.0,"17":1.0,"18":1.0,"19":1.0,"20":1.0,"21":1.0,"22":1.0,"23":1.0},"BGrate":{"0":0.0,"1":0.0,"2":0.4532752,"3":0.0,"4":0.0,"5":0.4318401,"6":0.0,"7":0.0,"8":0.3555405,"9":0.2513889,"10":0.0,"11":0.2004355,"12":0.3998748,"13":0.0,"14":0.0,"15":0.0,"16":0.0,"17":0.1706841,"18":0.0,"19":0.4898262,"20":0.2137981,"21":0.115355,"22":0.155575,"23":0.0},"BGerr":{"0":0.0,"1":0.0,"2":0.4532752,"3":0.0,"4":0.0,"5":0.4318401,"6":0.0,"7":0.0,"8":0.3555405,"9":0.2513889,"10":0.0,"11":0.2004355,"12":0.2827542,"13":0.0,"14":0.0,"15":0.0,"16":0.0,"17":0.1706841,"18":0.0,"19":0.2828013,"20":0.1511781,"21":0.115355,"22":0.155575,"23":0.0},"CorrFact":{"0":1.11312,"1":1.11312,"2":1.11312,"3":1.11312,"4":1.11312,"5":1.11312,"6":1.115121,"7":1.121304,"8":1.121304,"9":1.121304,"10":1.121304,"11":1.125688,"12":1.126496,"13":1.126496,"14":1.128598,"15":1.128921,"16":1.128921,"17":1.129541,"18":1.129541,"19":1.128829,"20":1.12776,"21":1.148802,"22":1.162829,"23":1.132337},"CtsInSrc":{"0":45.0,"1":45.0,"2":46.0,"3":45.0,"4":45.0,"5":45.0,"6":45.0,"7":45.0,"8":45.0,"9":45.0,"10":45.0,"11":45.0,"12":45.0,"13":45.0,"14":45.0,"15":30.0,"16":30.0,"17":36.0,"18":30.0,"19":30.0,"20":30.0,"21":30.0,"22":30.0,"23":30.0},"BGInSrc":{"0":0.0,"1":0.0,"2":0.716049,"3":0.0,"4":0.0,"5":0.716049,"6":0.0,"7":0.0,"8":0.716049,"9":0.716049,"10":0.0,"11":0.716049,"12":1.432099,"13":0.0,"14":0.0,"15":0.0,"16":0.0,"17":0.716049,"18":0.0,"19":2.148148,"20":1.432099,"21":0.716049,"22":0.716049,"23":0.0},"Exposure":{"0":1.113737,"1":1.425078,"2":1.579723,"3":1.353918,"4":1.850296,"5":1.658135,"6":2.120695,"7":2.300407,"8":2.013974,"9":2.848373,"10":2.296856,"11":3.572468,"12":3.581368,"13":3.862478,"14":3.035197,"15":4.406862,"16":3.508425,"17":4.195173,"18":3.969207,"19":4.385532,"20":6.69837,"21":6.207355,"22":4.602599,"23":5.995591},"Sigma":{"0":1000.0,"1":1000.0,"2":63.241379,"3":1000.0,"4":1000.0,"5":61.844828,"6":1000.0,"7":1000.0,"8":61.844828,"9":61.844828,"10":1000.0,"11":61.844828,"12":43.02379,"13":1000.0,"14":1000.0,"15":1000.0,"16":1000.0,"17":49.275862,"18":1000.0,"19":22.456935,"20":28.211122,"21":40.896552,"22":40.896552,"23":1000.0},"SNR":{"0":6.706144,"1":6.705879,"2":6.637216,"3":6.705421,"4":6.705117,"5":6.560874,"6":6.704051,"7":6.703993,"8":6.559361,"9":6.558533,"10":6.70194,"11":6.55722,"12":6.414162,"13":6.698599,"14":6.698186,"15":5.47155,"16":5.471254,"17":5.832063,"18":5.470989,"19":4.95498,"20":5.124033,"21":5.295978,"22":5.296356,"23":5.472162},"SYS_NEG":{"0":0.996305,"1":0.996074,"2":0.995755,"3":0.995704,"4":0.995476,"5":0.99517,"6":0.994752,"7":0.994716,"8":0.994164,"9":0.993681,"10":0.993553,"11":0.992983,"12":0.992319,"13":0.992014,"14":0.991844,"15":0.991682,"16":0.991468,"17":0.991512,"18":0.99128,"19":0.991408,"20":0.991551,"21":0.991476,"22":0.99178,"23":0.992144},"SYS_POS":{"0":1.004547,"1":1.004825,"2":1.005209,"3":1.005269,"4":1.005542,"5":1.005906,"6":1.0064,"7":1.006442,"8":1.007088,"9":1.007647,"10":1.007795,"11":1.008446,"12":1.009195,"13":1.009534,"14":1.009722,"15":1.0099,"16":1.010135,"17":1.010087,"18":1.010339,"19":1.010198,"20":1.010044,"21":1.010126,"22":1.009791,"23":1.00939}}