{"Time":{"0":108.192,"1":115.307,"2":122.143,"3":128.578,"4":135.837,"5":142.163,"6":148.006,"7":155.569,"8":162.893},"TimePos":{"0":3.601,"1":3.557,"2":3.683,"3":4.143,"4":3.202,"5":2.729,"6":4.049,"7":2.71,"8":5.543},"TimeNeg":{"0":-2.583,"1":-3.513,"2":-3.279,"3":-2.753,"4":-3.116,"5":-3.124,"6":-3.114,"7":-3.513,"8":-4.614},"Rate":{"0":13.15127,"1":11.52318,"2":11.36795,"3":11.32637,"4":7.847754,"5":8.109996,"6":6.739247,"7":7.357258,"8":4.562798},"RatePos":{"0":2.195717,"1":1.780745,"2":1.776841,"3":1.802803,"4":1.575216,"5":1.702008,"6":1.388414,"7":1.585423,"8":0.9667622},"RateNeg":{"0":-2.111695,"1":-1.787384,"2":-1.770249,"3":-1.772297,"4":-1.551439,"5":-1.634356,"6":-1.332662,"7":-1.543294,"8":-0.9389345},"FracExp":{"0":1.0,"1":1.0,"2":1.0,"3":1.0,"4":1.0,"5":1.0,"6":1.0,"7":1.0,"8":1.0},"BGrate":{"0":0.2076158,"1":0.09079905,"2":0.09221499,"3":0.09309501,"4":0.2032313,"5":0.2193534,"6":0.08962692,"7":0.3094658,"8":0.1264087},"BGerr":{"0":0.1468066,"1":0.09079905,"2":0.09221499,"3":0.09309501,"4":0.1437062,"5":0.1551063,"6":0.08962692,"7":0.1786702,"8":0.08938448},"CorrFact":{"0":1.860435,"1":1.836696,"2":1.784131,"3":1.760802,"4":1.726547,"5":1.653103,"6":1.644237,"7":1.630938,"8":1.613904},"CtsInSrc":{"0":45.0,"1":45.0,"2":45.0,"3":45.0,"4":30.0,"5":30.0,"6":30.0,"7":30.0,"8":30.0},"BGInSrc":{"0":1.283951,"1":0.641975,"2":0.641975,"3":0.641975,"4":1.283951,"5":1.283951,"6":0.641975,"7":1.925926,"8":1.283951},"Exposure":{"0":6.184262,"1":7.070286,"2":6.961724,"3":6.895915,"4":6.317683,"5":5.853343,"6":7.162751,"7":6.223389,"8":10.157135},"Sigma":{"0":48.151252,"1":69.096154,"2":69.096154,"3":69.096154,"4":31.62943,"5":31.62943,"6":45.730769,"7":25.247971,"8":31.62943},"SNR":{"0":6.227824,"1":6.446954,"2":6.421667,"3":6.390785,"4":5.05837,"5":4.962197,"6":5.056982,"7":4.767242,"8":4.859549},"SYS_NEG":{"0":0.957519,"1":0.968692,"2":0.965794,"3":0.962517,"4":0.958747,"5":0.943154,"6":0.938207,"7":0.933902,"8":0.929536},"SYS_POS":{"0":1.062427,"1":1.028316,"2":1.036755,"3":1.047488,"4":1.053934,"5":1.081628,"6":1.084609,"7":1.082487,"8":1.086674}}