{"Time":{"0":184.295,"1":189.537,"2":193.296,"3":199.299},"TimePos":{"0":2.441,"1":1.836,"2":2.019,"3":3.177},"TimeNeg":{"0":-2.099,"1":-2.8,"2":-1.924,"3":-3.984},"Rate":{"0":7.200849,"1":6.860467,"2":8.470608,"3":4.571761},"RatePos":{"0":1.314699,"1":1.301575,"2":1.546527,"3":0.8673595},"RateNeg":{"0":-1.314702,"1":-1.301578,"2":-1.546531,"3":-0.8673616},"FracExp":{"0":1.0,"1":1.0,"2":1.0,"3":1.0},"BGrate":{"0":0.0,"1":0.1754228,"2":0.0,"3":0.113578},"BGerr":{"0":0.0,"1":0.1754228,"2":0.0,"3":0.113578},"CorrFact":{"0":1.089812,"1":1.089812,"2":1.11319,"3":1.121691},"CtsInSrc":{"0":30.0,"1":30.0,"2":30.0,"3":30.0},"BGInSrc":{"0":0.0,"1":0.813333,"2":0.0,"3":0.813333},"Exposure":{"0":4.540348,"1":4.636416,"2":3.94254,"3":7.161012},"Sigma":{"0":1000.0,"1":35.885246,"2":1000.0,"3":35.885246},"SNR":{"0":5.47717,"1":5.270885,"2":5.477168,"3":5.270882},"SYS_NEG":{"0":0.999179,"1":0.999166,"2":0.99916,"3":0.999143},"SYS_POS":{"0":1.000716,"1":1.000726,"2":1.000732,"3":1.000746}}